market_id,market_slug,market_name,question,description,category,tags,event_slug,event_title,volume,liquidity,closed,close_time,clob_token_ids,market_url,relevance_score,primary_topic,country_or_region,event_family,information_structure,hard_rejected,classification_reason,rejection_reason
567689,zelenskyy-out-as-ukraine-president-before-2027,Zelenskyy out as Ukraine president by end of 2026?,Zelenskyy out as Ukraine president by end of 2026?,"This market will resolve to “Yes” if Volodymyr Zelenskyy ceases to be President of Ukraine for any period of time between market creation and the specified date (ET). Otherwise, this market will resolve to “No”.

An announcement of Volodymyr Zelenskyy's resignation/removal before this market's end date will immediately resolve this market to ""Yes"", regardless of when the announced resignation/removal goes into effect.

The resolution source for this market will be official information from Volodymyr Zelenskyy and the government of Ukraine; however, a consensus of credible reporting may also be used.",,,zelenskyy-out-as-ukraine-president-before-2027,Zelenskyy out as Ukraine president by end of 2026?,3227083.749430999,109548.3801,False,2027-01-01T04:59:00Z,"[""108187737663325442737199857734058032845728149267925579081973309839049299838520"", ""12238337804021350373072513606997115174826680613156170611182546081135779794915""]",https://polymarket.com/market/zelenskyy-out-as-ukraine-president-before-2027,20.0,other,russia_ukraine,zelenskyy-out-as-ukraine-president-before-2027,public_or_macro_driven,False,no relevance rule matched,relevance score 20.0 < 60.0
568695,will-sung-jae-im-win-the-2026-masters-tournament,Will Sung-Jae Im win the 2026 Masters tournament?,Will Sung-Jae Im win the 2026 Masters tournament?,"This polymarket will resolve according to the player who wins the 2026 Masters Tournament.

If this player is eliminated from contention for The Masters based on the official rules of the tournament, the relevant market will resolve to ""No"".

In the event of a tie, this market will resolve according to the official winner as determined by The Masters official tournament rules.

If no winner is announced by December 31, 2026, this market will resolve to ""Other"".

The primary resolution sources will be the official results published by the PGA TOUR website and The Masters website. A consensus of credible reporting may also be used.",,,the-masters-winner-2026,The Masters 2026: Winner ,156023.195246,363317.29527,False,2026-04-13T00:00:00Z,"[""40774280038971372724174457035121000748756395696333205645831548131363721049199"", ""94692526625152259727103083399620908042854782723119629694276733811586106020383""]",https://polymarket.com/market/will-sung-jae-im-win-the-2026-masters-tournament,75.0,elections,unknown,the-masters-winner-2026,public_or_macro_driven,False,matched elections keywords,already resolved (close_time 2026-04-13 is in the past)
573656,will-bitcoin-hit-150k-by-december-31-2026,"Will Bitcoin hit $150k by December 31, 2026?","Will Bitcoin hit $150k by December 31, 2026?","This market will immediately resolve to ""Yes"" if any Binance 1 minute candle for Bitcoin (BTC/USDT) has a final ""High"" price equal to or greater than the price specified in the title by 11:59PM ET on the date specified in the title. Otherwise, this market will resolve to ""No.""

The resolution source for this market is Binance, specifically the BTC/USDT ""High"" prices available at https://www.binance.com/en/trade/BTC_USDT, with the chart settings on ""1m"" for one-minute candles selected on the top bar.

Please note that the outcome of this market depends solely on the price data from the Binance BTC/USDT trading pair. Prices from other exchanges, different trading pairs, or spot markets will not be considered for the resolution of this market.",,,when-will-bitcoin-hit-150k,When will Bitcoin hit $150k?,2848271.349164001,79667.39642,False,2027-01-01T05:00:00Z,"[""93694900555669388759405753550770573998169287228984912881955464376232163096213"", ""55119388124180116303253993098894090042427725500010038140578121972388485050538""]",https://polymarket.com/market/will-bitcoin-hit-150k-by-december-31-2026,0.0,crypto,unknown,when-will-bitcoin-hit-150k,public_or_macro_driven,True,matched crypto keywords; hard-reject penalty,hard reject (keyword or topic)
609655,us-recession-by-end-of-2026,US recession by end of 2026?,US recession by end of 2026?,"This market will resolve to “Yes” if either of the following conditions is met:

1.  The seasonally adjusted annualized percent change in quarterly U.S. real GDP from the previous quarter is less than 0.0 for two consecutive quarters between Q2 2025 and Q4 2026 (inclusive), as reported by the Bureau of Economic Analysis (BEA). 

2.  The National Bureau of Economic Research (NBER) publicly announces that a recession has occurred in the United States, at any point during 2025 or 2026, with the announcement made by the time the BEA releases the advance estimate for Q4 2026.

Otherwise, this market will resolve to ""No"". 

Note that advance estimates will be considered. For example, if upon release, the advance estimate for Q3 2025 was negative, and the Q2 2025's most recent, up-to-date estimate was also negative, this market would resolve to ""Yes"". If on December 31, 2026 the latest estimate for quarterly GDP in Q3 2025 was negative, this market will stay open until the Advance estimate of Q4 2026 is published, at which point it will resolve to ""Yes"" if Q4 2026 was negative or if the NBER declares a recession by then.

This market will remain open until either i) one of the specified conditions is met; or ii) the GDP advance estimate for Q4 2026 is released. If the GDP advance estimate for Q4 2026 has not been released by June 30, 2027, 11:59 PM ET, this market will resolve based on the available releases at that time.

The resolution source will be the official announcements from the NBER and the BEA’s estimate of seasonally adjusted annualized percent change in quarterly US real GDP from previous quarters as released by the Bureau of Economic Analysis (BEA), https://www.bea.gov/data/gdp/gross-domestic-product",,,us-recession-by-end-of-2026,US recession by end of 2026?,2010935.8579890013,39361.2267,False,2027-01-31T00:00:00Z,"[""100379208559626151022751801118534484742123694725746262280150222742563282755057"", ""113732820231608904682346496304917888352004831436510840986547065248348999143469""]",https://polymarket.com/market/us-recession-by-end-of-2026,20.0,other,united_states,us-recession-by-end-of-2026,public_or_macro_driven,False,no relevance rule matched,relevance score 20.0 < 60.0
618454,opensea-fdv-above-500m-one-day-after-launch-221-468-166-873-514-375-468-384,Opensea FDV above $500M one day after launch?,Opensea FDV above $500M one day after launch?,"This market will resolve to ""Yes"" if the Fully Diluted Valuation of Opensea's token is greater than the value specified in the title 1 day after launch. Otherwise, the market will resolve to ""No.""

The token must be actively, publicly transferable and tradable to be considered a launch.

""1 day after launch"" is defined as 4:00 PM ET on the calendar day following launch. The resolution source for this market is the most liquid price source available. If Opensea doesn't launch a token by December 31, 2026, 11:59 PM ET, this market will resolve to ""No"".",,,opensea-fdv-above-one-day-after-launch,Opensea FDV above ___ one day after launch?,2276409.562250999,18053.44371,False,2027-01-01T05:00:00Z,"[""42645635688384173938505005153732536262139883933750646945028210271328873690888"", ""91676177432668319691663213694187810112009835951397620031461215327421238319426""]",https://polymarket.com/market/opensea-fdv-above-500m-one-day-after-launch-221-468-166-873-514-375-468-384,20.0,other,unknown,opensea-fdv-above-one-day-after-launch,public_or_macro_driven,False,no relevance rule matched,relevance score 20.0 < 60.0
618455,opensea-fdv-above-1b-one-day-after-launch-426-422-754-756-879-328-494,Opensea FDV above $1B one day after launch?,Opensea FDV above $1B one day after launch?,"This market will resolve to ""Yes"" if the Fully Diluted Valuation of Opensea's token is greater than the value specified in the title 1 day after launch. Otherwise, the market will resolve to ""No.""

The token must be actively, publicly transferable and tradable to be considered a launch.

""1 day after launch"" is defined as 4:00 PM ET on the calendar day following launch. The resolution source for this market is the most liquid price source available. If Opensea doesn't launch a token by December 31, 2026, 11:59 PM ET, this market will resolve to ""No"".",,,opensea-fdv-above-one-day-after-launch,Opensea FDV above ___ one day after launch?,2108709.596523,24325.472,False,2027-01-01T05:00:00Z,"[""55736535775539231856682158017890031261644294952589300517957218393676136917293"", ""71718402031669298364238907670733752499185585238670546354636156779359681992646""]",https://polymarket.com/market/opensea-fdv-above-1b-one-day-after-launch-426-422-754-756-879-328-494,20.0,other,unknown,opensea-fdv-above-one-day-after-launch,public_or_macro_driven,False,no relevance rule matched,relevance score 20.0 < 60.0
618456,opensea-fdv-above-3b-one-day-after-launch-786-419-967-433-241-436,Opensea FDV above $3B one day after launch?,Opensea FDV above $3B one day after launch?,"This market will resolve to ""Yes"" if the Fully Diluted Valuation of Opensea's token is greater than the value specified in the title 1 day after launch. Otherwise, the market will resolve to ""No.""

The token must be actively, publicly transferable and tradable to be considered a launch.

""1 day after launch"" is defined as 4:00 PM ET on the calendar day following launch. The resolution source for this market is the most liquid price source available. If Opensea doesn't launch a token by December 31, 2026, 11:59 PM ET, this market will resolve to ""No"".",,,opensea-fdv-above-one-day-after-launch,Opensea FDV above ___ one day after launch?,827187.8214149998,25359.84797,False,2027-01-01T05:00:00Z,"[""10354824396290237452261900772542438328647475212250295212595180489652143431127"", ""83261092708741880503037907376981005952477099100574431635229306895516342056435""]",https://polymarket.com/market/opensea-fdv-above-3b-one-day-after-launch-786-419-967-433-241-436,20.0,other,unknown,opensea-fdv-above-one-day-after-launch,public_or_macro_driven,False,no relevance rule matched,relevance score 20.0 < 60.0
620682,opensea-fdv-above-5b-one-day-after-launch-919-666-825-992-543-333,Opensea FDV above $5B one day after launch?,Opensea FDV above $5B one day after launch?,"This market will resolve to ""Yes"" if the Fully Diluted Valuation of Opensea's token is greater than the value specified in the title 1 day after launch. Otherwise, the market will resolve to ""No.""

The token must be actively, publicly transferable and tradable to be considered a launch.

""1 day after launch"" is defined as 4:00 PM ET on the calendar day following launch. The resolution source for this market is the most liquid price source available. If Opensea doesn't launch a token by December 31, 2026, 11:59 PM ET, this market will resolve to ""No"".",,,opensea-fdv-above-one-day-after-launch,Opensea FDV above ___ one day after launch?,493041.4580080001,18173.292,False,2027-01-01T05:00:00Z,"[""48038385638420877977396364502718350116889021443391903481044114768441218972760"", ""7742946842895540103245705204391121242771062476077199058127347573343705347619""]",https://polymarket.com/market/opensea-fdv-above-5b-one-day-after-launch-919-666-825-992-543-333,20.0,other,unknown,opensea-fdv-above-one-day-after-launch,public_or_macro_driven,False,no relevance rule matched,relevance score 20.0 < 60.0
629466,will-an-independent-win-the-michigan-governor-race-in-2026,Will an independent win the Michigan governor race in 2026?,Will an independent win the Michigan governor race in 2026?,"This market will resolve according to the winner of the 2026 Michigan gubernatorial election.

A candidate shall be considered to represent a party in the event that he or she is the nominee of the party in question. Candidates other than the Democratic or Republican nominee (e.g., Greens, Libertarian, independent) may be added at a later date.

Candidates who run as independents will not be encompassed by the “Democrat” or “Republican” options regardless of any affiliation they may have with the party.

The resolution source for this market is the Associated Press, Fox News, and NBC. This market will resolve once all three sources call the race for the same candidate. If all three sources haven’t called the race in this state for the same candidate, this market will resolve based on the official certification.",,,michigan-governor-winner-2026,Michigan Governor Election Winner,752.971581,9319.242,False,,"[""34943144357771122375283559286014961426824813487508159555960762936802327664238"", ""50675713631634884582250834823721765666681383935493555065299676085297173217320""]",https://polymarket.com/market/will-an-independent-win-the-michigan-governor-race-in-2026,75.0,elections,europe,michigan-governor-winner-2026,public_or_macro_driven,False,matched elections keywords,volume 752.972 < 1000
630707,will-person-a-win-the-idaho-senate-race-in-2026,Will Todd Achilles win the Idaho Senate race in 2026?,Will Todd Achilles win the Idaho Senate race in 2026?,"This market will resolve according to the winner of the 2026 midterm Idaho U.S. Senate election, inclusive of any run-offs.

A candidate shall be considered to represent a party in the event that he or she is the nominee of the party in question. Candidates other than the Democratic or Republican nominee (e.g., Greens, Libertarian, independent) may be added at a later date.

Candidates who run as independents will not be encompassed by the “Democrat” or “Republican” options regardless of any affiliation they may have with the party.

The resolution source for this market is the Associated Press, Fox News, and NBC. This market will resolve once all three sources call the race for the same candidate. If all three sources haven’t called the race in this state for the same candidate, this market will resolve based on the official certification.",,,idaho-senate-election-winner,Idaho Senate Election Winner,477.16181900000004,2390.33441,False,,"[""109865291951183941149765892685776097643915392898762342965012269207177841238467"", ""57925461341104910435866398583612621937921844618146243318901522652628878376322""]",https://polymarket.com/market/will-person-a-win-the-idaho-senate-race-in-2026,75.0,elections,united_states,idaho-senate-election-winner,public_or_macro_driven,False,matched elections keywords,volume 477.162 < 1000
637002,will-donald-trump-win-the-nobel-peace-prize-in-2026-382,Will Donald Trump win the Nobel Peace Prize in 2026?,Will Donald Trump win the Nobel Peace Prize in 2026?,"This market will resolve according to the winner of the 2026 Nobel Peace Prize, as announced by the Norwegian Nobel Committee.

If multiple listed individuals or entities jointly receive the prize, the market will resolve to a single winner. If Donald Trump, Volodymyr Zelenskyy,  Benjamin Netanyahu, Vladimir Putin, or Elon Musk are among the recipients, the market will resolve to the highest-ranked among them in that exact order of precedence. If none of those five are among the winners and the prize is awarded jointly to at least one listed individual and at least one listed organization, the market will resolve in favor of the individual. If no prioritized individuals are among the winners and all listed recipients are of the same type (all individuals or all organizations), the market will resolve to the person whose last name, or the entity’s name, comes first in alphabetical order as listed in this market.

If no official announcement regarding the 2026 Nobel Peace Prize has been made by March 31, 2027, 11:59 PM ET, this market will resolve to ""Other.""

The resolution source for this market will be the first official announcement from the Norwegian Nobel Committee.",,,nobel-peace-prize-winner-2026-139,Nobel Peace Prize Winner 2026,4979754.236001999,373299.77348,False,2026-10-10T00:00:00Z,"[""96308556109755835434254900303426519652053230974356832970824534225192181988516"", ""75648553599758807820760400986240186978327005811004242427218252697572451485336""]",https://polymarket.com/market/will-donald-trump-win-the-nobel-peace-prize-in-2026-382,20.0,other,united_states,nobel-peace-prize-winner-2026-139,public_or_macro_driven,False,no relevance rule matched,relevance score 20.0 < 60.0
637003,will-pope-leo-xiv-win-the-nobel-peace-prize-in-2026-698,Will Pope Leo XIV win the Nobel Peace Prize in 2026?,Will Pope Leo XIV win the Nobel Peace Prize in 2026?,"This market will resolve according to the winner of the 2026 Nobel Peace Prize, as announced by the Norwegian Nobel Committee.

If multiple listed individuals or entities jointly receive the prize, the market will resolve to a single winner. If Donald Trump, Volodymyr Zelenskyy,  Benjamin Netanyahu, Vladimir Putin, or Elon Musk are among the recipients, the market will resolve to the highest-ranked among them in that exact order of precedence. If none of those five are among the winners and the prize is awarded jointly to at least one listed individual and at least one listed organization, the market will resolve in favor of the individual. If no prioritized individuals are among the winners and all listed recipients are of the same type (all individuals or all organizations), the market will resolve to the person whose last name, or the entity’s name, comes first in alphabetical order as listed in this market.

If no official announcement regarding the 2026 Nobel Peace Prize has been made by March 31, 2027, 11:59 PM ET, this market will resolve to ""Other.""

The resolution source for this market will be the first official announcement from the Norwegian Nobel Committee.",,,nobel-peace-prize-winner-2026-139,Nobel Peace Prize Winner 2026,823573.8533989999,62176.53525,False,2026-10-10T00:00:00Z,"[""113237755645921715758233944722306063215233909018006486973579082721270649678448"", ""95174951397252701626356005587736778177787845584080929573568339678125892550453""]",https://polymarket.com/market/will-pope-leo-xiv-win-the-nobel-peace-prize-in-2026-698,20.0,other,united_states,nobel-peace-prize-winner-2026-139,public_or_macro_driven,False,no relevance rule matched,relevance score 20.0 < 60.0
637004,will-yulia-navalnaya-win-the-nobel-peace-prize-in-2026-261,Will Yulia Navalnaya win the Nobel Peace Prize in 2026?,Will Yulia Navalnaya win the Nobel Peace Prize in 2026?,"This market will resolve according to the winner of the 2026 Nobel Peace Prize, as announced by the Norwegian Nobel Committee.

If multiple listed individuals or entities jointly receive the prize, the market will resolve to a single winner. If Donald Trump, Volodymyr Zelenskyy,  Benjamin Netanyahu, Vladimir Putin, or Elon Musk are among the recipients, the market will resolve to the highest-ranked among them in that exact order of precedence. If none of those five are among the winners and the prize is awarded jointly to at least one listed individual and at least one listed organization, the market will resolve in favor of the individual. If no prioritized individuals are among the winners and all listed recipients are of the same type (all individuals or all organizations), the market will resolve to the person whose last name, or the entity’s name, comes first in alphabetical order as listed in this market.

If no official announcement regarding the 2026 Nobel Peace Prize has been made by March 31, 2027, 11:59 PM ET, this market will resolve to ""Other.""

The resolution source for this market will be the first official announcement from the Norwegian Nobel Committee.",,,nobel-peace-prize-winner-2026-139,Nobel Peace Prize Winner 2026,299720.6059350002,75004.318,False,2026-10-10T00:00:00Z,"[""3494130919441794744300504897798612438496650716124466384425423765833752918969"", ""28096161697269491739201577018265114286225290564353204301878588204336630210171""]",https://polymarket.com/market/will-yulia-navalnaya-win-the-nobel-peace-prize-in-2026-261,20.0,other,united_states,nobel-peace-prize-winner-2026-139,public_or_macro_driven,False,no relevance rule matched,relevance score 20.0 < 60.0
637005,will-julian-assange-win-the-nobel-peace-prize-in-2026-899,Will Julian Assange win the Nobel Peace Prize in 2026?,Will Julian Assange win the Nobel Peace Prize in 2026?,"This market will resolve according to the winner of the 2026 Nobel Peace Prize, as announced by the Norwegian Nobel Committee.

If multiple listed individuals or entities jointly receive the prize, the market will resolve to a single winner. If Donald Trump, Volodymyr Zelenskyy,  Benjamin Netanyahu, Vladimir Putin, or Elon Musk are among the recipients, the market will resolve to the highest-ranked among them in that exact order of precedence. If none of those five are among the winners and the prize is awarded jointly to at least one listed individual and at least one listed organization, the market will resolve in favor of the individual. If no prioritized individuals are among the winners and all listed recipients are of the same type (all individuals or all organizations), the market will resolve to the person whose last name, or the entity’s name, comes first in alphabetical order as listed in this market.

If no official announcement regarding the 2026 Nobel Peace Prize has been made by March 31, 2027, 11:59 PM ET, this market will resolve to ""Other.""

The resolution source for this market will be the first official announcement from the Norwegian Nobel Committee.",,,nobel-peace-prize-winner-2026-139,Nobel Peace Prize Winner 2026,857345.395462,54713.95872,False,2026-10-10T00:00:00Z,"[""2514203837854735205913781359327052377275050226163878960745268210971566855346"", ""112167985448024082869173908935600668305426586702085278841767559334167398447501""]",https://polymarket.com/market/will-julian-assange-win-the-nobel-peace-prize-in-2026-899,20.0,other,united_states,nobel-peace-prize-winner-2026-139,public_or_macro_driven,False,no relevance rule matched,relevance score 20.0 < 60.0
637006,will-greta-thunberg-win-the-nobel-peace-prize-in-2026-767,Will Greta Thunberg win the Nobel Peace Prize in 2026?,Will Greta Thunberg win the Nobel Peace Prize in 2026?,"This market will resolve according to the winner of the 2026 Nobel Peace Prize, as announced by the Norwegian Nobel Committee.

If multiple listed individuals or entities jointly receive the prize, the market will resolve to a single winner. If Donald Trump, Volodymyr Zelenskyy,  Benjamin Netanyahu, Vladimir Putin, or Elon Musk are among the recipients, the market will resolve to the highest-ranked among them in that exact order of precedence. If none of those five are among the winners and the prize is awarded jointly to at least one listed individual and at least one listed organization, the market will resolve in favor of the individual. If no prioritized individuals are among the winners and all listed recipients are of the same type (all individuals or all organizations), the market will resolve to the person whose last name, or the entity’s name, comes first in alphabetical order as listed in this market.

If no official announcement regarding the 2026 Nobel Peace Prize has been made by March 31, 2027, 11:59 PM ET, this market will resolve to ""Other.""

The resolution source for this market will be the first official announcement from the Norwegian Nobel Committee.",,,nobel-peace-prize-winner-2026-139,Nobel Peace Prize Winner 2026,1474529.1639729994,70338.70416,False,2026-10-10T00:00:00Z,"[""110720206167890822616321575705807171983245849150110799188723045022216595670551"", ""88258427153334602839061103957324557393993316504272753015676420313968562088509""]",https://polymarket.com/market/will-greta-thunberg-win-the-nobel-peace-prize-in-2026-767,20.0,other,united_states,nobel-peace-prize-winner-2026-139,public_or_macro_driven,False,no relevance rule matched,relevance score 20.0 < 60.0
637007,will-elon-musk-win-the-nobel-peace-prize-in-2026-756,Will Elon Musk win the Nobel Peace Prize in 2026?,Will Elon Musk win the Nobel Peace Prize in 2026?,"This market will resolve according to the winner of the 2026 Nobel Peace Prize, as announced by the Norwegian Nobel Committee.

If multiple listed individuals or entities jointly receive the prize, the market will resolve to a single winner. If Donald Trump, Volodymyr Zelenskyy,  Benjamin Netanyahu, Vladimir Putin, or Elon Musk are among the recipients, the market will resolve to the highest-ranked among them in that exact order of precedence. If none of those five are among the winners and the prize is awarded jointly to at least one listed individual and at least one listed organization, the market will resolve in favor of the individual. If no prioritized individuals are among the winners and all listed recipients are of the same type (all individuals or all organizations), the market will resolve to the person whose last name, or the entity’s name, comes first in alphabetical order as listed in this market.

If no official announcement regarding the 2026 Nobel Peace Prize has been made by March 31, 2027, 11:59 PM ET, this market will resolve to ""Other.""

The resolution source for this market will be the first official announcement from the Norwegian Nobel Committee.",,,nobel-peace-prize-winner-2026-139,Nobel Peace Prize Winner 2026,1197730.838828,107396.05826,False,2026-10-10T00:00:00Z,"[""75607128808577269329357564425293012652006155264327001987967114873720422847762"", ""12399441569018704651613633276106609828289317349737964099492012443734276929050""]",https://polymarket.com/market/will-elon-musk-win-the-nobel-peace-prize-in-2026-756,20.0,other,united_states,nobel-peace-prize-winner-2026-139,public_or_macro_driven,False,no relevance rule matched,relevance score 20.0 < 60.0
637008,will-unrwa-win-the-nobel-peace-prize-in-2026-983,Will UNRWA win the Nobel Peace Prize in 2026?,Will UNRWA win the Nobel Peace Prize in 2026?,"This market will resolve according to the winner of the 2026 Nobel Peace Prize, as announced by the Norwegian Nobel Committee.

If multiple listed individuals or entities jointly receive the prize, the market will resolve to a single winner. If Donald Trump, Volodymyr Zelenskyy,  Benjamin Netanyahu, Vladimir Putin, or Elon Musk are among the recipients, the market will resolve to the highest-ranked among them in that exact order of precedence. If none of those five are among the winners and the prize is awarded jointly to at least one listed individual and at least one listed organization, the market will resolve in favor of the individual. If no prioritized individuals are among the winners and all listed recipients are of the same type (all individuals or all organizations), the market will resolve to the person whose last name, or the entity’s name, comes first in alphabetical order as listed in this market.

If no official announcement regarding the 2026 Nobel Peace Prize has been made by March 31, 2027, 11:59 PM ET, this market will resolve to ""Other.""

The resolution source for this market will be the first official announcement from the Norwegian Nobel Committee.",,,nobel-peace-prize-winner-2026-139,Nobel Peace Prize Winner 2026,2055254.493217999,63069.30677,False,2026-10-10T00:00:00Z,"[""44648805494496128018486302258584216672381875589441286537181971476979030040822"", ""100774842773502634308392264835606396497542279688738306742145099064280129552022""]",https://polymarket.com/market/will-unrwa-win-the-nobel-peace-prize-in-2026-983,20.0,other,united_states,nobel-peace-prize-winner-2026-139,public_or_macro_driven,False,no relevance rule matched,relevance score 20.0 < 60.0
637010,will-antnio-guterres-win-the-nobel-peace-prize-in-2026-623,Will António Guterres win the Nobel Peace Prize in 2026?,Will António Guterres win the Nobel Peace Prize in 2026?,"This market will resolve according to the winner of the 2026 Nobel Peace Prize, as announced by the Norwegian Nobel Committee.

If multiple listed individuals or entities jointly receive the prize, the market will resolve to a single winner. If Donald Trump, Volodymyr Zelenskyy,  Benjamin Netanyahu, Vladimir Putin, or Elon Musk are among the recipients, the market will resolve to the highest-ranked among them in that exact order of precedence. If none of those five are among the winners and the prize is awarded jointly to at least one listed individual and at least one listed organization, the market will resolve in favor of the individual. If no prioritized individuals are among the winners and all listed recipients are of the same type (all individuals or all organizations), the market will resolve to the person whose last name, or the entity’s name, comes first in alphabetical order as listed in this market.

If no official announcement regarding the 2026 Nobel Peace Prize has been made by March 31, 2027, 11:59 PM ET, this market will resolve to ""Other.""

The resolution source for this market will be the first official announcement from the Norwegian Nobel Committee.",,,nobel-peace-prize-winner-2026-139,Nobel Peace Prize Winner 2026,642233.5465400004,60352.45565,False,2026-10-10T00:00:00Z,"[""23342261653888694132200522593527487238848562692306851598440649086435121500976"", ""74898968531597218741457817445756371218150329069760332671745694661596010747348""]",https://polymarket.com/market/will-antnio-guterres-win-the-nobel-peace-prize-in-2026-623,20.0,other,united_states,nobel-peace-prize-winner-2026-139,public_or_macro_driven,False,no relevance rule matched,relevance score 20.0 < 60.0
637011,will-volodymyr-zelensky-win-the-nobel-peace-prize-in-2026-637,Will Volodymyr Zelenskyy win the Nobel Peace Prize in 2026?,Will Volodymyr Zelenskyy win the Nobel Peace Prize in 2026?,"This market will resolve according to the winner of the 2026 Nobel Peace Prize, as announced by the Norwegian Nobel Committee.

If multiple listed individuals or entities jointly receive the prize, the market will resolve to a single winner. If Donald Trump, Volodymyr Zelenskyy,  Benjamin Netanyahu, Vladimir Putin, or Elon Musk are among the recipients, the market will resolve to the highest-ranked among them in that exact order of precedence. If none of those five are among the winners and the prize is awarded jointly to at least one listed individual and at least one listed organization, the market will resolve in favor of the individual. If no prioritized individuals are among the winners and all listed recipients are of the same type (all individuals or all organizations), the market will resolve to the person whose last name, or the entity’s name, comes first in alphabetical order as listed in this market.

If no official announcement regarding the 2026 Nobel Peace Prize has been made by March 31, 2027, 11:59 PM ET, this market will resolve to ""Other.""

The resolution source for this market will be the first official announcement from the Norwegian Nobel Committee.",,,nobel-peace-prize-winner-2026-139,Nobel Peace Prize Winner 2026,825327.9299170004,73277.84961,False,2026-10-10T00:00:00Z,"[""69233785052194635705851216099911823720821171641039286350179421202360326472771"", ""8338529888438948644585537691079019147027137862127077274522691678941032005403""]",https://polymarket.com/market/will-volodymyr-zelensky-win-the-nobel-peace-prize-in-2026-637,20.0,other,united_states,nobel-peace-prize-winner-2026-139,public_or_macro_driven,False,no relevance rule matched,relevance score 20.0 < 60.0
637012,will-tamim-bin-hamad-al-thani-win-the-nobel-peace-prize-in-2026-755,Will Tamim bin Hamad Al Thani win the Nobel Peace Prize in 2026?,Will Tamim bin Hamad Al Thani win the Nobel Peace Prize in 2026?,"This market will resolve according to the winner of the 2026 Nobel Peace Prize, as announced by the Norwegian Nobel Committee.

If multiple listed individuals or entities jointly receive the prize, the market will resolve to a single winner. If Donald Trump, Volodymyr Zelenskyy,  Benjamin Netanyahu, Vladimir Putin, or Elon Musk are among the recipients, the market will resolve to the highest-ranked among them in that exact order of precedence. If none of those five are among the winners and the prize is awarded jointly to at least one listed individual and at least one listed organization, the market will resolve in favor of the individual. If no prioritized individuals are among the winners and all listed recipients are of the same type (all individuals or all organizations), the market will resolve to the person whose last name, or the entity’s name, comes first in alphabetical order as listed in this market.

If no official announcement regarding the 2026 Nobel Peace Prize has been made by March 31, 2027, 11:59 PM ET, this market will resolve to ""Other.""

The resolution source for this market will be the first official announcement from the Norwegian Nobel Committee.",,,nobel-peace-prize-winner-2026-139,Nobel Peace Prize Winner 2026,790790.60424,92134.15435,False,2026-10-10T00:00:00Z,"[""38629843016683821271278712298908281184814663635088376266062295059246738422381"", ""5589769935476462129484153271836175288080453728912236522871901218697147752772""]",https://polymarket.com/market/will-tamim-bin-hamad-al-thani-win-the-nobel-peace-prize-in-2026-755,20.0,other,united_states,nobel-peace-prize-winner-2026-139,public_or_macro_driven,False,no relevance rule matched,relevance score 20.0 < 60.0
637013,will-vladimir-putin-win-the-nobel-peace-prize-in-2026-126,Will Vladimir Putin win the Nobel Peace Prize in 2026?,Will Vladimir Putin win the Nobel Peace Prize in 2026?,"This market will resolve according to the winner of the 2026 Nobel Peace Prize, as announced by the Norwegian Nobel Committee.

If multiple listed individuals or entities jointly receive the prize, the market will resolve to a single winner. If Donald Trump, Volodymyr Zelenskyy,  Benjamin Netanyahu, Vladimir Putin, or Elon Musk are among the recipients, the market will resolve to the highest-ranked among them in that exact order of precedence. If none of those five are among the winners and the prize is awarded jointly to at least one listed individual and at least one listed organization, the market will resolve in favor of the individual. If no prioritized individuals are among the winners and all listed recipients are of the same type (all individuals or all organizations), the market will resolve to the person whose last name, or the entity’s name, comes first in alphabetical order as listed in this market.

If no official announcement regarding the 2026 Nobel Peace Prize has been made by March 31, 2027, 11:59 PM ET, this market will resolve to ""Other.""

The resolution source for this market will be the first official announcement from the Norwegian Nobel Committee.",,,nobel-peace-prize-winner-2026-139,Nobel Peace Prize Winner 2026,922579.3341039999,97870.81056,False,2026-10-10T00:00:00Z,"[""3072654272549368438022392135276167382428661847959009954134234860002162565563"", ""113985315011147639722353242178466700648968151094441125067915688418671668934701""]",https://polymarket.com/market/will-vladimir-putin-win-the-nobel-peace-prize-in-2026-126,20.0,other,united_states,nobel-peace-prize-winner-2026-139,public_or_macro_driven,False,no relevance rule matched,relevance score 20.0 < 60.0
637014,will-khaled-mashal-win-the-nobel-peace-prize-in-2026-787,Will Khaled Mashal win the Nobel Peace Prize in 2026?,Will Khaled Mashal win the Nobel Peace Prize in 2026?,"This market will resolve according to the winner of the 2026 Nobel Peace Prize, as announced by the Norwegian Nobel Committee.

If multiple listed individuals or entities jointly receive the prize, the market will resolve to a single winner. If Donald Trump, Volodymyr Zelenskyy,  Benjamin Netanyahu, Vladimir Putin, or Elon Musk are among the recipients, the market will resolve to the highest-ranked among them in that exact order of precedence. If none of those five are among the winners and the prize is awarded jointly to at least one listed individual and at least one listed organization, the market will resolve in favor of the individual. If no prioritized individuals are among the winners and all listed recipients are of the same type (all individuals or all organizations), the market will resolve to the person whose last name, or the entity’s name, comes first in alphabetical order as listed in this market.

If no official announcement regarding the 2026 Nobel Peace Prize has been made by March 31, 2027, 11:59 PM ET, this market will resolve to ""Other.""

The resolution source for this market will be the first official announcement from the Norwegian Nobel Committee.",,,nobel-peace-prize-winner-2026-139,Nobel Peace Prize Winner 2026,880875.1912650001,70554.47699,False,2026-10-10T00:00:00Z,"[""4817558919700430121831697879056774909752184660255737582917693916506064447935"", ""87180602681563575283368867567629117475002741678602916739029207915550777119916""]",https://polymarket.com/market/will-khaled-mashal-win-the-nobel-peace-prize-in-2026-787,20.0,other,united_states,nobel-peace-prize-winner-2026-139,public_or_macro_driven,False,no relevance rule matched,relevance score 20.0 < 60.0
637015,will-benjamin-netanyahu-win-the-nobel-peace-prize-in-2026,Will Benjamin Netanyahu win the Nobel Peace Prize in 2026?,Will Benjamin Netanyahu win the Nobel Peace Prize in 2026?,"This market will resolve according to the winner of the 2026 Nobel Peace Prize, as announced by the Norwegian Nobel Committee.

If multiple listed individuals or entities jointly receive the prize, the market will resolve to a single winner. If Donald Trump, Volodymyr Zelenskyy,  Benjamin Netanyahu, Vladimir Putin, or Elon Musk are among the recipients, the market will resolve to the highest-ranked among them in that exact order of precedence. If none of those five are among the winners and the prize is awarded jointly to at least one listed individual and at least one listed organization, the market will resolve in favor of the individual. If no prioritized individuals are among the winners and all listed recipients are of the same type (all individuals or all organizations), the market will resolve to the person whose last name, or the entity’s name, comes first in alphabetical order as listed in this market.

If no official announcement regarding the 2026 Nobel Peace Prize has been made by March 31, 2027, 11:59 PM ET, this market will resolve to ""Other.""

The resolution source for this market will be the first official announcement from the Norwegian Nobel Committee.",,,nobel-peace-prize-winner-2026-139,Nobel Peace Prize Winner 2026,712466.7182640003,80852.64156,False,2026-10-10T00:00:00Z,"[""8075661047254567797432306525558519998052391236898258911573171689963344650999"", ""112058520838328908682687058357533850521842794205200289227549070997672330839618""]",https://polymarket.com/market/will-benjamin-netanyahu-win-the-nobel-peace-prize-in-2026,20.0,other,united_states,nobel-peace-prize-winner-2026-139,public_or_macro_driven,False,no relevance rule matched,relevance score 20.0 < 60.0
637016,will-recep-tayyip-erdoan-win-the-nobel-peace-prize-in-2026,Will Recep Tayyip Erdoğan win the Nobel Peace Prize in 2026?,Will Recep Tayyip Erdoğan win the Nobel Peace Prize in 2026?,"This market will resolve according to the winner of the 2026 Nobel Peace Prize, as announced by the Norwegian Nobel Committee.

If multiple listed individuals or entities jointly receive the prize, the market will resolve to a single winner. If Donald Trump, Volodymyr Zelenskyy,  Benjamin Netanyahu, Vladimir Putin, or Elon Musk are among the recipients, the market will resolve to the highest-ranked among them in that exact order of precedence. If none of those five are among the winners and the prize is awarded jointly to at least one listed individual and at least one listed organization, the market will resolve in favor of the individual. If no prioritized individuals are among the winners and all listed recipients are of the same type (all individuals or all organizations), the market will resolve to the person whose last name, or the entity’s name, comes first in alphabetical order as listed in this market.

If no official announcement regarding the 2026 Nobel Peace Prize has been made by March 31, 2027, 11:59 PM ET, this market will resolve to ""Other.""

The resolution source for this market will be the first official announcement from the Norwegian Nobel Committee.",,,nobel-peace-prize-winner-2026-139,Nobel Peace Prize Winner 2026,1067970.2896760001,54163.02207,False,2026-10-10T00:00:00Z,"[""85146181675473345857517501170400200068194836865848336579180316943778562621184"", ""95932030235748967242599691240359532539860303333387793931050103786551928194397""]",https://polymarket.com/market/will-recep-tayyip-erdoan-win-the-nobel-peace-prize-in-2026,20.0,other,united_states,nobel-peace-prize-winner-2026-139,public_or_macro_driven,False,no relevance rule matched,relevance score 20.0 < 60.0
637017,will-xi-jinping-win-the-nobel-peace-prize-in-2026,Will Xi Jinping win the Nobel Peace Prize in 2026?,Will Xi Jinping win the Nobel Peace Prize in 2026?,"This market will resolve according to the winner of the 2026 Nobel Peace Prize, as announced by the Norwegian Nobel Committee.

If multiple listed individuals or entities jointly receive the prize, the market will resolve to a single winner. If Donald Trump, Volodymyr Zelenskyy,  Benjamin Netanyahu, Vladimir Putin, or Elon Musk are among the recipients, the market will resolve to the highest-ranked among them in that exact order of precedence. If none of those five are among the winners and the prize is awarded jointly to at least one listed individual and at least one listed organization, the market will resolve in favor of the individual. If no prioritized individuals are among the winners and all listed recipients are of the same type (all individuals or all organizations), the market will resolve to the person whose last name, or the entity’s name, comes first in alphabetical order as listed in this market.

If no official announcement regarding the 2026 Nobel Peace Prize has been made by March 31, 2027, 11:59 PM ET, this market will resolve to ""Other.""

The resolution source for this market will be the first official announcement from the Norwegian Nobel Committee.",,,nobel-peace-prize-winner-2026-139,Nobel Peace Prize Winner 2026,1436393.601005001,83631.83264,False,2026-10-10T00:00:00Z,"[""43017540324415003826064618020596028072344969424808059974990020921868559630137"", ""53191751382453576965267402331097248438966776523725261860140290292986323884318""]",https://polymarket.com/market/will-xi-jinping-win-the-nobel-peace-prize-in-2026,20.0,other,united_states,nobel-peace-prize-winner-2026-139,public_or_macro_driven,False,no relevance rule matched,relevance score 20.0 < 60.0
637018,will-ahmed-al-sharaa-win-the-nobel-peace-prize-in-2026,Will Ahmed al-Sharaa win the Nobel Peace Prize in 2026?,Will Ahmed al-Sharaa win the Nobel Peace Prize in 2026?,"This market will resolve according to the winner of the 2026 Nobel Peace Prize, as announced by the Norwegian Nobel Committee.

If multiple listed individuals or entities jointly receive the prize, the market will resolve to a single winner. If Donald Trump, Volodymyr Zelenskyy,  Benjamin Netanyahu, Vladimir Putin, or Elon Musk are among the recipients, the market will resolve to the highest-ranked among them in that exact order of precedence. If none of those five are among the winners and the prize is awarded jointly to at least one listed individual and at least one listed organization, the market will resolve in favor of the individual. If no prioritized individuals are among the winners and all listed recipients are of the same type (all individuals or all organizations), the market will resolve to the person whose last name, or the entity’s name, comes first in alphabetical order as listed in this market.

If no official announcement regarding the 2026 Nobel Peace Prize has been made by March 31, 2027, 11:59 PM ET, this market will resolve to ""Other.""

The resolution source for this market will be the first official announcement from the Norwegian Nobel Committee.",,,nobel-peace-prize-winner-2026-139,Nobel Peace Prize Winner 2026,1274858.0851530002,54801.28092,False,2026-10-10T00:00:00Z,"[""29384252153498040908016173010534270095096285030713208216637067996773126537603"", ""46197450022186203692773393723350125064749764592137974055513793856533004524452""]",https://polymarket.com/market/will-ahmed-al-sharaa-win-the-nobel-peace-prize-in-2026,20.0,other,united_states,nobel-peace-prize-winner-2026-139,public_or_macro_driven,False,no relevance rule matched,relevance score 20.0 < 60.0
637019,will-charlie-kirk-win-the-nobel-peace-prize-in-2026,Will Charlie Kirk win the Nobel Peace Prize in 2026?,Will Charlie Kirk win the Nobel Peace Prize in 2026?,"This market will resolve according to the winner of the 2026 Nobel Peace Prize, as announced by the Norwegian Nobel Committee.

If multiple listed individuals or entities jointly receive the prize, the market will resolve to a single winner. If Donald Trump, Volodymyr Zelenskyy,  Benjamin Netanyahu, Vladimir Putin, or Elon Musk are among the recipients, the market will resolve to the highest-ranked among them in that exact order of precedence. If none of those five are among the winners and the prize is awarded jointly to at least one listed individual and at least one listed organization, the market will resolve in favor of the individual. If no prioritized individuals are among the winners and all listed recipients are of the same type (all individuals or all organizations), the market will resolve to the person whose last name, or the entity’s name, comes first in alphabetical order as listed in this market.

If no official announcement regarding the 2026 Nobel Peace Prize has been made by March 31, 2027, 11:59 PM ET, this market will resolve to ""Other.""

The resolution source for this market will be the first official announcement from the Norwegian Nobel Committee.",,,nobel-peace-prize-winner-2026-139,Nobel Peace Prize Winner 2026,1280823.0556759997,81713.82705,False,2026-10-10T00:00:00Z,"[""41901357708237118584313729261027657874621373325486663648640954008517926947624"", ""107916695552123881373896612045522214231652174566866222064470731766327560477162""]",https://polymarket.com/market/will-charlie-kirk-win-the-nobel-peace-prize-in-2026,20.0,other,united_states,nobel-peace-prize-winner-2026-139,public_or_macro_driven,False,no relevance rule matched,relevance score 20.0 < 60.0
637020,will-mohammed-bin-salman-win-the-nobel-peace-prize-in-2026,Will Mohammed bin Salman win the Nobel Peace Prize in 2026?,Will Mohammed bin Salman win the Nobel Peace Prize in 2026?,"This market will resolve according to the winner of the 2026 Nobel Peace Prize, as announced by the Norwegian Nobel Committee.

If multiple listed individuals or entities jointly receive the prize, the market will resolve to a single winner. If Donald Trump, Volodymyr Zelenskyy,  Benjamin Netanyahu, Vladimir Putin, or Elon Musk are among the recipients, the market will resolve to the highest-ranked among them in that exact order of precedence. If none of those five are among the winners and the prize is awarded jointly to at least one listed individual and at least one listed organization, the market will resolve in favor of the individual. If no prioritized individuals are among the winners and all listed recipients are of the same type (all individuals or all organizations), the market will resolve to the person whose last name, or the entity’s name, comes first in alphabetical order as listed in this market.

If no official announcement regarding the 2026 Nobel Peace Prize has been made by March 31, 2027, 11:59 PM ET, this market will resolve to ""Other.""

The resolution source for this market will be the first official announcement from the Norwegian Nobel Committee.",,,nobel-peace-prize-winner-2026-139,Nobel Peace Prize Winner 2026,1193411.006545,100403.73176,False,2026-10-10T00:00:00Z,"[""99055846750090671053174250706531692511641252423756205459914574198871664904532"", ""99569292711324733780517452708294994018768004149545080530428877556903437821239""]",https://polymarket.com/market/will-mohammed-bin-salman-win-the-nobel-peace-prize-in-2026,20.0,other,united_states,nobel-peace-prize-winner-2026-139,public_or_macro_driven,False,no relevance rule matched,relevance score 20.0 < 60.0
637021,will-narendra-modi-win-the-nobel-peace-prize-in-2026,Will Narendra Modi win the Nobel Peace Prize in 2026?,Will Narendra Modi win the Nobel Peace Prize in 2026?,"This market will resolve according to the winner of the 2026 Nobel Peace Prize, as announced by the Norwegian Nobel Committee.

If multiple listed individuals or entities jointly receive the prize, the market will resolve to a single winner. If Donald Trump, Volodymyr Zelenskyy,  Benjamin Netanyahu, Vladimir Putin, or Elon Musk are among the recipients, the market will resolve to the highest-ranked among them in that exact order of precedence. If none of those five are among the winners and the prize is awarded jointly to at least one listed individual and at least one listed organization, the market will resolve in favor of the individual. If no prioritized individuals are among the winners and all listed recipients are of the same type (all individuals or all organizations), the market will resolve to the person whose last name, or the entity’s name, comes first in alphabetical order as listed in this market.

If no official announcement regarding the 2026 Nobel Peace Prize has been made by March 31, 2027, 11:59 PM ET, this market will resolve to ""Other.""

The resolution source for this market will be the first official announcement from the Norwegian Nobel Committee.",,,nobel-peace-prize-winner-2026-139,Nobel Peace Prize Winner 2026,689249.7461160001,80617.53975,False,2026-10-10T00:00:00Z,"[""95036065107529622997025744213041265776694292492123977042470465876649211394600"", ""62116206887522199306412248927926622780699787095863900215476866802754406552079""]",https://polymarket.com/market/will-narendra-modi-win-the-nobel-peace-prize-in-2026,20.0,other,united_states,nobel-peace-prize-winner-2026-139,public_or_macro_driven,False,no relevance rule matched,relevance score 20.0 < 60.0
637022,will-sudans-emergency-response-rooms-win-the-nobel-peace-prize-in-2026,Will Sudan's Emergency Response Rooms win the Nobel Peace Prize in 2026?,Will Sudan's Emergency Response Rooms win the Nobel Peace Prize in 2026?,"This market will resolve according to the winner of the 2026 Nobel Peace Prize, as announced by the Norwegian Nobel Committee.

If multiple listed individuals or entities jointly receive the prize, the market will resolve to a single winner. If Donald Trump, Volodymyr Zelenskyy,  Benjamin Netanyahu, Vladimir Putin, or Elon Musk are among the recipients, the market will resolve to the highest-ranked among them in that exact order of precedence. If none of those five are among the winners and the prize is awarded jointly to at least one listed individual and at least one listed organization, the market will resolve in favor of the individual. If no prioritized individuals are among the winners and all listed recipients are of the same type (all individuals or all organizations), the market will resolve to the person whose last name, or the entity’s name, comes first in alphabetical order as listed in this market.

If no official announcement regarding the 2026 Nobel Peace Prize has been made by March 31, 2027, 11:59 PM ET, this market will resolve to ""Other.""

The resolution source for this market will be the first official announcement from the Norwegian Nobel Committee.",,,nobel-peace-prize-winner-2026-139,Nobel Peace Prize Winner 2026,24261.371537999996,15883.44976,False,2026-10-10T00:00:00Z,"[""113860439310209834379650305681784267754566328071884567820308690850948160355731"", ""42071576944649653386808436328659912686152449101731792166671109971516856047741""]",https://polymarket.com/market/will-sudans-emergency-response-rooms-win-the-nobel-peace-prize-in-2026,20.0,other,united_states,nobel-peace-prize-winner-2026-139,public_or_macro_driven,False,no relevance rule matched,relevance score 20.0 < 60.0
637023,will-sviatlana-tsikhanouskaya-win-the-nobel-peace-prize-in-2026,Will Sviatlana Tsikhanouskaya win the Nobel Peace Prize in 2026?,Will Sviatlana Tsikhanouskaya win the Nobel Peace Prize in 2026?,"This market will resolve according to the winner of the 2026 Nobel Peace Prize, as announced by the Norwegian Nobel Committee.

If multiple listed individuals or entities jointly receive the prize, the market will resolve to a single winner. If Donald Trump, Volodymyr Zelenskyy,  Benjamin Netanyahu, Vladimir Putin, or Elon Musk are among the recipients, the market will resolve to the highest-ranked among them in that exact order of precedence. If none of those five are among the winners and the prize is awarded jointly to at least one listed individual and at least one listed organization, the market will resolve in favor of the individual. If no prioritized individuals are among the winners and all listed recipients are of the same type (all individuals or all organizations), the market will resolve to the person whose last name, or the entity’s name, comes first in alphabetical order as listed in this market.

If no official announcement regarding the 2026 Nobel Peace Prize has been made by March 31, 2027, 11:59 PM ET, this market will resolve to ""Other.""

The resolution source for this market will be the first official announcement from the Norwegian Nobel Committee.",,,nobel-peace-prize-winner-2026-139,Nobel Peace Prize Winner 2026,2839.2303,8165.95195,False,2026-10-10T00:00:00Z,"[""52998917295525562696356890315650820379426837163994507286031921657410394704248"", ""84404069030412981656053602867848211842884034387082688377410789782110691719734""]",https://polymarket.com/market/will-sviatlana-tsikhanouskaya-win-the-nobel-peace-prize-in-2026,20.0,other,united_states,nobel-peace-prize-winner-2026-139,public_or_macro_driven,False,no relevance rule matched,relevance score 20.0 < 60.0
637024,will-chow-hang-tung-win-the-nobel-peace-prize-in-2026,Will Chow Hang-tung win the Nobel Peace Prize in 2026?,Will Chow Hang-tung win the Nobel Peace Prize in 2026?,"This market will resolve according to the winner of the 2026 Nobel Peace Prize, as announced by the Norwegian Nobel Committee.

If multiple listed individuals or entities jointly receive the prize, the market will resolve to a single winner. If Donald Trump, Volodymyr Zelenskyy,  Benjamin Netanyahu, Vladimir Putin, or Elon Musk are among the recipients, the market will resolve to the highest-ranked among them in that exact order of precedence. If none of those five are among the winners and the prize is awarded jointly to at least one listed individual and at least one listed organization, the market will resolve in favor of the individual. If no prioritized individuals are among the winners and all listed recipients are of the same type (all individuals or all organizations), the market will resolve to the person whose last name, or the entity’s name, comes first in alphabetical order as listed in this market.

If no official announcement regarding the 2026 Nobel Peace Prize has been made by March 31, 2027, 11:59 PM ET, this market will resolve to ""Other.""

The resolution source for this market will be the first official announcement from the Norwegian Nobel Committee.",,,nobel-peace-prize-winner-2026-139,Nobel Peace Prize Winner 2026,14288.496836,15860.16724,False,2026-10-10T00:00:00Z,"[""105947906922563655180714590395599065906628938535396764846938514485565718401515"", ""106969539109555331977875241289513347798702437361045747075299297161876783231041""]",https://polymarket.com/market/will-chow-hang-tung-win-the-nobel-peace-prize-in-2026,20.0,other,united_states,nobel-peace-prize-winner-2026-139,public_or_macro_driven,False,no relevance rule matched,relevance score 20.0 < 60.0
637025,will-committee-to-protect-journalists-win-the-nobel-peace-prize-in-2026,Will Committee to Protect Journalists win the Nobel Peace Prize in 2026?,Will Committee to Protect Journalists win the Nobel Peace Prize in 2026?,"This market will resolve according to the winner of the 2026 Nobel Peace Prize, as announced by the Norwegian Nobel Committee.

If multiple listed individuals or entities jointly receive the prize, the market will resolve to a single winner. If Donald Trump, Volodymyr Zelenskyy,  Benjamin Netanyahu, Vladimir Putin, or Elon Musk are among the recipients, the market will resolve to the highest-ranked among them in that exact order of precedence. If none of those five are among the winners and the prize is awarded jointly to at least one listed individual and at least one listed organization, the market will resolve in favor of the individual. If no prioritized individuals are among the winners and all listed recipients are of the same type (all individuals or all organizations), the market will resolve to the person whose last name, or the entity’s name, comes first in alphabetical order as listed in this market.

If no official announcement regarding the 2026 Nobel Peace Prize has been made by March 31, 2027, 11:59 PM ET, this market will resolve to ""Other.""

The resolution source for this market will be the first official announcement from the Norwegian Nobel Committee.",,,nobel-peace-prize-winner-2026-139,Nobel Peace Prize Winner 2026,6507.686675999999,15863.2309,False,2026-10-10T00:00:00Z,"[""2982941198819724769049162464851645519419973475826729269890970699176428607783"", ""32106064879271189181878414354685466104982610448029149207642349069617565880763""]",https://polymarket.com/market/will-committee-to-protect-journalists-win-the-nobel-peace-prize-in-2026,20.0,other,united_states,nobel-peace-prize-winner-2026-139,public_or_macro_driven,False,no relevance rule matched,relevance score 20.0 < 60.0
637026,will-reporters-without-borders-win-the-nobel-peace-prize-in-2026,Will Reporters Without Borders win the Nobel Peace Prize in 2026?,Will Reporters Without Borders win the Nobel Peace Prize in 2026?,"This market will resolve according to the winner of the 2026 Nobel Peace Prize, as announced by the Norwegian Nobel Committee.

If multiple listed individuals or entities jointly receive the prize, the market will resolve to a single winner. If Donald Trump, Volodymyr Zelenskyy,  Benjamin Netanyahu, Vladimir Putin, or Elon Musk are among the recipients, the market will resolve to the highest-ranked among them in that exact order of precedence. If none of those five are among the winners and the prize is awarded jointly to at least one listed individual and at least one listed organization, the market will resolve in favor of the individual. If no prioritized individuals are among the winners and all listed recipients are of the same type (all individuals or all organizations), the market will resolve to the person whose last name, or the entity’s name, comes first in alphabetical order as listed in this market.

If no official announcement regarding the 2026 Nobel Peace Prize has been made by March 31, 2027, 11:59 PM ET, this market will resolve to ""Other.""

The resolution source for this market will be the first official announcement from the Norwegian Nobel Committee.",,,nobel-peace-prize-winner-2026-139,Nobel Peace Prize Winner 2026,3298.948572,5381.92879,False,2026-10-10T00:00:00Z,"[""55907292921576518193024634812422407522345920977239996383752595092335920572514"", ""51508351872380199628352200429867498855678252297635058409202376784894643830413""]",https://polymarket.com/market/will-reporters-without-borders-win-the-nobel-peace-prize-in-2026,20.0,other,united_states,nobel-peace-prize-winner-2026-139,public_or_macro_driven,False,no relevance rule matched,relevance score 20.0 < 60.0
637027,will-unhcr-win-the-nobel-peace-prize-in-2026,Will UNHCR win the Nobel Peace Prize in 2026?,Will UNHCR win the Nobel Peace Prize in 2026?,"This market will resolve according to the winner of the 2026 Nobel Peace Prize, as announced by the Norwegian Nobel Committee.

If multiple listed individuals or entities jointly receive the prize, the market will resolve to a single winner. If Donald Trump, Volodymyr Zelenskyy,  Benjamin Netanyahu, Vladimir Putin, or Elon Musk are among the recipients, the market will resolve to the highest-ranked among them in that exact order of precedence. If none of those five are among the winners and the prize is awarded jointly to at least one listed individual and at least one listed organization, the market will resolve in favor of the individual. If no prioritized individuals are among the winners and all listed recipients are of the same type (all individuals or all organizations), the market will resolve to the person whose last name, or the entity’s name, comes first in alphabetical order as listed in this market.

If no official announcement regarding the 2026 Nobel Peace Prize has been made by March 31, 2027, 11:59 PM ET, this market will resolve to ""Other.""

The resolution source for this market will be the first official announcement from the Norwegian Nobel Committee.",,,nobel-peace-prize-winner-2026-139,Nobel Peace Prize Winner 2026,4005.4829999999997,5249.11822,False,2026-10-10T00:00:00Z,"[""54247550831029564350002152938863811265299643305071795946150069669421486031284"", ""35302044482214191662485764938121616651128805538887935187129367803249488229995""]",https://polymarket.com/market/will-unhcr-win-the-nobel-peace-prize-in-2026,20.0,other,united_states,nobel-peace-prize-winner-2026-139,public_or_macro_driven,False,no relevance rule matched,relevance score 20.0 < 60.0
637028,will-icrc-win-the-nobel-peace-prize-in-2026,Will ICRC win the Nobel Peace Prize in 2026?,Will ICRC win the Nobel Peace Prize in 2026?,"This market will resolve according to the winner of the 2026 Nobel Peace Prize, as announced by the Norwegian Nobel Committee.

If multiple listed individuals or entities jointly receive the prize, the market will resolve to a single winner. If Donald Trump, Volodymyr Zelenskyy,  Benjamin Netanyahu, Vladimir Putin, or Elon Musk are among the recipients, the market will resolve to the highest-ranked among them in that exact order of precedence. If none of those five are among the winners and the prize is awarded jointly to at least one listed individual and at least one listed organization, the market will resolve in favor of the individual. If no prioritized individuals are among the winners and all listed recipients are of the same type (all individuals or all organizations), the market will resolve to the person whose last name, or the entity’s name, comes first in alphabetical order as listed in this market.

If no official announcement regarding the 2026 Nobel Peace Prize has been made by March 31, 2027, 11:59 PM ET, this market will resolve to ""Other.""

The resolution source for this market will be the first official announcement from the Norwegian Nobel Committee.",,,nobel-peace-prize-winner-2026-139,Nobel Peace Prize Winner 2026,3489.821112,6569.26356,False,2026-10-10T00:00:00Z,"[""31180366200606632801642139644517069563457285339230600860347358065810036367119"", ""33515942967954711223002094064383691008195973281202075564563502260936732691014""]",https://polymarket.com/market/will-icrc-win-the-nobel-peace-prize-in-2026,20.0,other,united_states,nobel-peace-prize-winner-2026-139,public_or_macro_driven,False,no relevance rule matched,relevance score 20.0 < 60.0
637029,will-hussam-abu-safiya-win-the-nobel-peace-prize-in-2026,Will Hussam Abu Safiya win the Nobel Peace Prize in 2026?,Will Hussam Abu Safiya win the Nobel Peace Prize in 2026?,"This market will resolve according to the winner of the 2026 Nobel Peace Prize, as announced by the Norwegian Nobel Committee.

If multiple listed individuals or entities jointly receive the prize, the market will resolve to a single winner. If Donald Trump, Volodymyr Zelenskyy,  Benjamin Netanyahu, Vladimir Putin, or Elon Musk are among the recipients, the market will resolve to the highest-ranked among them in that exact order of precedence. If none of those five are among the winners and the prize is awarded jointly to at least one listed individual and at least one listed organization, the market will resolve in favor of the individual. If no prioritized individuals are among the winners and all listed recipients are of the same type (all individuals or all organizations), the market will resolve to the person whose last name, or the entity’s name, comes first in alphabetical order as listed in this market.

If no official announcement regarding the 2026 Nobel Peace Prize has been made by March 31, 2027, 11:59 PM ET, this market will resolve to ""Other.""

The resolution source for this market will be the first official announcement from the Norwegian Nobel Committee.",,,nobel-peace-prize-winner-2026-139,Nobel Peace Prize Winner 2026,4374.825025,4285.25497,False,2026-10-10T00:00:00Z,"[""82798421466165992494821245891026337862326886523854683483843043437091963896080"", ""17475765036795375126818207648712053639135212850470329577936951161408532865668""]",https://polymarket.com/market/will-hussam-abu-safiya-win-the-nobel-peace-prize-in-2026,20.0,other,united_states,nobel-peace-prize-winner-2026-139,public_or_macro_driven,False,no relevance rule matched,relevance score 20.0 < 60.0
637030,will-world-central-kitchen-win-the-nobel-peace-prize-in-2026,Will World Central Kitchen win the Nobel Peace Prize in 2026?,Will World Central Kitchen win the Nobel Peace Prize in 2026?,"This market will resolve according to the winner of the 2026 Nobel Peace Prize, as announced by the Norwegian Nobel Committee.

If multiple listed individuals or entities jointly receive the prize, the market will resolve to a single winner. If Donald Trump, Volodymyr Zelenskyy,  Benjamin Netanyahu, Vladimir Putin, or Elon Musk are among the recipients, the market will resolve to the highest-ranked among them in that exact order of precedence. If none of those five are among the winners and the prize is awarded jointly to at least one listed individual and at least one listed organization, the market will resolve in favor of the individual. If no prioritized individuals are among the winners and all listed recipients are of the same type (all individuals or all organizations), the market will resolve to the person whose last name, or the entity’s name, comes first in alphabetical order as listed in this market.

If no official announcement regarding the 2026 Nobel Peace Prize has been made by March 31, 2027, 11:59 PM ET, this market will resolve to ""Other.""

The resolution source for this market will be the first official announcement from the Norwegian Nobel Committee.",,,nobel-peace-prize-winner-2026-139,Nobel Peace Prize Winner 2026,3313.6571350000004,6290.63808,False,2026-10-10T00:00:00Z,"[""65230882958279043225849720898081993097020681980630835391300802401158523376950"", ""109538999230450187634819660726895899192741766284384012191762370007754006261254""]",https://polymarket.com/market/will-world-central-kitchen-win-the-nobel-peace-prize-in-2026,20.0,other,united_states,nobel-peace-prize-winner-2026-139,public_or_macro_driven,False,no relevance rule matched,relevance score 20.0 < 60.0
637031,will-save-the-children-win-the-nobel-peace-prize-in-2026,Will Save the Children win the Nobel Peace Prize in 2026?,Will Save the Children win the Nobel Peace Prize in 2026?,"This market will resolve according to the winner of the 2026 Nobel Peace Prize, as announced by the Norwegian Nobel Committee.

If multiple listed individuals or entities jointly receive the prize, the market will resolve to a single winner. If Donald Trump, Volodymyr Zelenskyy,  Benjamin Netanyahu, Vladimir Putin, or Elon Musk are among the recipients, the market will resolve to the highest-ranked among them in that exact order of precedence. If none of those five are among the winners and the prize is awarded jointly to at least one listed individual and at least one listed organization, the market will resolve in favor of the individual. If no prioritized individuals are among the winners and all listed recipients are of the same type (all individuals or all organizations), the market will resolve to the person whose last name, or the entity’s name, comes first in alphabetical order as listed in this market.

If no official announcement regarding the 2026 Nobel Peace Prize has been made by March 31, 2027, 11:59 PM ET, this market will resolve to ""Other.""

The resolution source for this market will be the first official announcement from the Norwegian Nobel Committee.",,,nobel-peace-prize-winner-2026-139,Nobel Peace Prize Winner 2026,9906.314022000002,17490.79425,False,2026-10-10T00:00:00Z,"[""39583919934610440332558769763360781409192681900400811815062781481701623629139"", ""114185423859871247373899716459096165725443923891377637507451681876635535545783""]",https://polymarket.com/market/will-save-the-children-win-the-nobel-peace-prize-in-2026,20.0,other,united_states,nobel-peace-prize-winner-2026-139,public_or_macro_driven,False,no relevance rule matched,relevance score 20.0 < 60.0
637032,will-sara-al-saqqa-win-the-nobel-peace-prize-in-2026,Will Sara Al-Saqqa win the Nobel Peace Prize in 2026?,Will Sara Al-Saqqa win the Nobel Peace Prize in 2026?,"This market will resolve according to the winner of the 2026 Nobel Peace Prize, as announced by the Norwegian Nobel Committee.

If multiple listed individuals or entities jointly receive the prize, the market will resolve to a single winner. If Donald Trump, Volodymyr Zelenskyy,  Benjamin Netanyahu, Vladimir Putin, or Elon Musk are among the recipients, the market will resolve to the highest-ranked among them in that exact order of precedence. If none of those five are among the winners and the prize is awarded jointly to at least one listed individual and at least one listed organization, the market will resolve in favor of the individual. If no prioritized individuals are among the winners and all listed recipients are of the same type (all individuals or all organizations), the market will resolve to the person whose last name, or the entity’s name, comes first in alphabetical order as listed in this market.

If no official announcement regarding the 2026 Nobel Peace Prize has been made by March 31, 2027, 11:59 PM ET, this market will resolve to ""Other.""

The resolution source for this market will be the first official announcement from the Norwegian Nobel Committee.",,,nobel-peace-prize-winner-2026-139,Nobel Peace Prize Winner 2026,3761.834,5482.0096,False,2026-10-10T00:00:00Z,"[""88930210059810515665564138375145474408818453750714066900582048033060855911539"", ""22631878991377292745737064814929008113974307349341485315710378493567114688678""]",https://polymarket.com/market/will-sara-al-saqqa-win-the-nobel-peace-prize-in-2026,20.0,other,united_states,nobel-peace-prize-winner-2026-139,public_or_macro_driven,False,no relevance rule matched,relevance score 20.0 < 60.0
637456,ink-fdv-above-500m-one-day-after-launch-253-778,Ink FDV above $500M one day after launch?,Ink FDV above $500M one day after launch?,"This market will resolve to ""Yes"" if the Fully Diluted Valuation of Ink's token is greater than the value specified in the title 1 day after launch. Otherwise, the market will resolve to ""No.""

The token must be actively, publicly transferable and tradable to be considered a launch.

""1 day after launch"" is defined as 4:00 PM ET on the calendar day following launch. The resolution source for this market is the most liquid price source available. If Ink (http://inkonchain.com/) doesn't launch a token by December 31, 2026, 11:59 PM ET, this market will resolve to ""No"".",,,ink-fdv-above-one-day-after-launch,Ink FDV above ___ one day after launch?,344755.6042480001,16294.2146,False,2027-01-01T05:00:00Z,"[""111038777903810500955184501816954346973829614534020117303301259782775956752807"", ""108830332357648093614878097095693133437816733704835183274262063910374798976168""]",https://polymarket.com/market/ink-fdv-above-500m-one-day-after-launch-253-778,20.0,other,unknown,ink-fdv-above-one-day-after-launch,public_or_macro_driven,False,no relevance rule matched,relevance score 20.0 < 60.0
637457,ink-fdv-above-1b-one-day-after-launch-289-587-241,Ink FDV above $1B one day after launch?,Ink FDV above $1B one day after launch?,"This market will resolve to ""Yes"" if the Fully Diluted Valuation of Ink's token is greater than the value specified in the title 1 day after launch. Otherwise, the market will resolve to ""No.""

The token must be actively, publicly transferable and tradable to be considered a launch.

""1 day after launch"" is defined as 4:00 PM ET on the calendar day following launch. The resolution source for this market is the most liquid price source available. If Ink (http://inkonchain.com/) doesn't launch a token by December 31, 2026, 11:59 PM ET, this market will resolve to ""No"".",,,ink-fdv-above-one-day-after-launch,Ink FDV above ___ one day after launch?,245307.69474800004,15099.6174,False,2027-01-01T05:00:00Z,"[""1669403929476904842828383184875082532297077185996813535692439685266884704967"", ""20044115650716430426965705049717303626014883755010628726585624665838456945972""]",https://polymarket.com/market/ink-fdv-above-1b-one-day-after-launch-289-587-241,20.0,other,unknown,ink-fdv-above-one-day-after-launch,public_or_macro_driven,False,no relevance rule matched,relevance score 20.0 < 60.0
648383,billionaire-one-time-wealth-tax-passes-in-california-election-2026,Billionaire one-time wealth tax passes in California election 2026?,Billionaire one-time wealth tax passes in California election 2026?,"A one-time wealth tax on billionaires has been proposed to potentially appear on California's ballot for the November 3, 2026 general election. You can read more about that here: https://6abc.com/post/california-union-proposes-taxing-billionaires-offset-medicaid-cuts-low-income-people/18066430/

This market will resolve to ""Yes"" if any proposition containing a one-time tax targeting individuals, households, or family units with wealth, assets, or net worth of at least $1 billion (USD or equivalent) passes in the named election. Otherwise, this market will resolve to ""No"".

If no qualifying ballot initiative is certified to appear on the official statewide California ballot as a proposition to be voted on in the stated election by June 25, 2026, 11:59 PM ET (the official cutoff date for new initiatives to be approved), or if all qualifying propositions/initiatives are removed from the ballot or amended before the election such that the main threshold drops below $1 billion, this market will resolve ""No"".

The primary resolution source for this market will be official information from the Government of the State of California, however a consensus of credible reporting may also be used.",,,billionaire-one-time-wealth-tax-passes-in-california-election-2026,Billionaire one-time wealth tax passes in California election 2026?,3790499.230756,53065.4165,False,2026-06-26T03:59:00Z,"[""38487155026041533062980821872238023790862908049855818921747904019478875496931"", ""7330556727383706468662351173040823924339817877848787483691015397124505109410""]",https://polymarket.com/market/billionaire-one-time-wealth-tax-passes-in-california-election-2026,75.0,elections,unknown,billionaire-one-time-wealth-tax-passes-in-california-election-2026,public_or_macro_driven,False,matched elections keywords,already resolved (close_time 2026-06-26 is in the past)
651395,will-ari-leave-openai-by-december-31-2026,"Will Ari Weinstein leave OpenAI by December 31, 2026?","Will Ari Weinstein leave OpenAI by December 31, 2026?","This market will resolve to ""Yes"" if Ari Weinstein ceases any employment or formal contractual involvement with OpenAI, for any length of time by December 31, 2026, 11:59 PM ET. Otherwise, this market will resolve to “No”.

This includes any termination, suspension, or withdrawal of his contractual or partnership obligations with OpenAI.

An official announcement of Ari’s departure from OpenAI (e.g., a statement from OpenAI or Ari indicating he will no longer be engaged with OpenAI) will qualify, regardless of when the announced departure takes effect.

The resolution source for this market will be a consensus of credible reporting.",,,will-ari-leave-openai-by-december-31-2026,"Will Ari Weinstein leave OpenAI by December 31, 2026?",11835.037398,269.03519,False,2027-01-01T04:59:00Z,"[""20622838391940429819873792223789849493273117599734129087725440960996613818069"", ""106772470598389023253324409790798286734997744630208218904860155239025342452839""]",https://polymarket.com/market/will-ari-leave-openai-by-december-31-2026,20.0,other,unknown,will-ari-leave-openai-by-december-31-2026,public_or_macro_driven,False,no relevance rule matched,relevance score 20.0 < 60.0
651400,will-conrad-leave-openai-by-december-31-2026,"Will Conrad Kramer leave OpenAI by December 31, 2026?","Will Conrad Kramer leave OpenAI by December 31, 2026?","This market will resolve to ""Yes"" if Conrad Kramer ceases any employment or formal contractual involvement with OpenAI, for any length of time by December 31, 2026, 11:59 PM ET. Otherwise, this market will resolve to “No”.

This includes any termination, suspension, or withdrawal of his contractual or partnership obligations with OpenAI.

An official announcement of Conrad’s departure from OpenAI (e.g., a statement from OpenAI or Conrad indicating he will no longer be engaged with OpenAI) will qualify, regardless of when the announced departure takes effect.

The resolution source for this market will be a consensus of credible reporting.",,,will-conrad-leave-openai-by-december-31-2026,"Will Conrad Kramer leave OpenAI by December 31, 2026?",5707.162016999998,1.3562,False,2026-12-31T00:00:00Z,"[""29874563369040433575118862419770749480563086667350654739557445346608098986844"", ""111323618240382392771582999962158332851276152255675942803764996958191189161182""]",https://polymarket.com/market/will-conrad-leave-openai-by-december-31-2026,20.0,other,unknown,will-conrad-leave-openai-by-december-31-2026,public_or_macro_driven,False,no relevance rule matched,relevance score 20.0 < 60.0
665205,us-national-bitcoin-reserve-before-2027,US national Bitcoin reserve before 2027?,US national Bitcoin reserve before 2027?,"This market will resolve to ""Yes"" if the US government holds any amount of Bitcoin in its reserves at any point by December 31, 2026, 11:59 PM ET. Otherwise, this market will resolve to ""No"".

Note that the US government confiscating Bitcoin does not count as holding Bitcoin reserves.

The primary resolution source for this market will be official information from the US government and/or the US federal reserve, however a consensus of credible reporting will also be used.",,,us-national-bitcoin-reserve-before-2027,US national Bitcoin reserve before 2027?,63966.34498200002,3048.6709,False,2027-01-01T04:59:00Z,"[""115563279943088574368475763566308524191598627607680105838058505260056381768939"", ""30455770425041126193569940063234142577691408508440512817158696601142733755169""]",https://polymarket.com/market/us-national-bitcoin-reserve-before-2027,25.0,elections,unknown,us-national-bitcoin-reserve-before-2027,public_or_macro_driven,True,matched elections keywords; hard-reject penalty,hard reject (keyword or topic)
665258,will-china-unban-bitcoin-by-2027,Will China unban Bitcoin by 2027?,Will China unban Bitcoin by 2027?,"This market will resolve to ""Yes"" if the government of the People's Republic of China (PRC) explicitly announces that Chinese citizens will be allowed to legally buy Bitcoin with yuan (renminbi) from inside China by December 31, 2026, 11:59 PM ET. Otherwise, this market will resolve to ""No"".

For this market to resolve to ""Yes"" it is only necessary that the PRC announces this change will take place. Whether it actually does will have no bearing on the resolution of this market.

The primary resolution source for this market will be official information from the PRC, however a consensus of credible reporting will also be used.",,,will-china-unban-bitcoin-by-2027,Will China unban Bitcoin by 2027?,1085771.9084639996,20796.15825,False,2027-01-01T04:59:00Z,"[""91810646921497227084241579668235102205462718984593674693010693975258849328842"", ""51080463689161030375818291005097816690283354390568417705958874093502264623871""]",https://polymarket.com/market/will-china-unban-bitcoin-by-2027,25.0,elections,china_taiwan,will-china-unban-bitcoin-by-2027,public_or_macro_driven,True,matched elections keywords; hard-reject penalty,hard reject (keyword or topic)
665263,will-donald-trump-visit-saudi-arabia-in-2026,Will Donald Trump visit Saudi Arabia in 2026?,Will Donald Trump visit Saudi Arabia in 2026?,"If U.S. President Donald Trump visits a listed country between January 1 and December 31, 2026 11:59 PM ET, the relevant market will resolve to ""Yes"". Otherwise, this market will resolve to ""No"".

For the purpose of this market, a ""visit"" is defined as Trump physically entering the terrestrial or maritime territory of the listed country. Whether or not Trump enters the country's airspace during the timeframe of this market will have no bearing on a positive resolution.

The primary resolution source for this information will be official information from government of the United States of America, official information from Trump or released by his verified social media accounts (e.g. https://twitter.com/POTUS), however, a consensus of credible reporting will also be used.",,,which-countries-will-donald-trump-visit-in-2026,Which countries will Donald Trump visit in 2026?,842.369331,790.6941,False,2027-01-01T04:59:00Z,"[""98958316908671280985410943834693562833778446454499354254876277510277360020516"", ""11272214191603541172656467050516705715276285235791385530896243499800816425667""]",https://polymarket.com/market/will-donald-trump-visit-saudi-arabia-in-2026,75.0,elections,united_states,which-countries-will-donald-trump-visit-in-2026,public_or_macro_driven,False,matched elections keywords,volume 842.369 < 1000
616904,will-2-fed-rate-cuts-happen-in-2026,Will 2 Fed rate cuts happen in 2026?,Will 2 Fed rate cuts happen in 2026?,"This market will resolve according to the exact amount of cuts of 25 basis points in 2026 by the Fed (including any cuts made during the December meeting).

Emergency rate cuts outside of scheduled FOMC meetings will also count toward the total number of cuts in 2026. This market will remain open until December 31, 2026, 11:59 PM ET, to account for any such emergency actions.

For example, if the Fed cuts rates by 50 bps after a meeting, it would be considered 2 cuts (of 25 bps each).

This market will resolve early to ""No"" if the specified number of cuts becomes impossible — i.e., if more cuts have already occurred than the strike in question.

Note that cuts between 1–24 bps (inclusive) will also be considered 1 rate cut.

The resolution source for this market will be FOMC statements after meetings scheduled in 2026 according to the official calendar: https://www.federalreserve.gov/monetarypolicy/fomccalendars.htm. The level and change of the target federal funds rate is also published at the official website of the Federal Reserve at https://www.federalreserve.gov/monetarypolicy/openmarket.htm.",,,how-many-fed-rate-cuts-in-2026,How many Fed rate cuts in 2026?,3246611.498730001,140687.32284,False,2026-12-31T00:00:00Z,"[""72535544017897924722695722172278828562733090748474862987195303914909938482758"", ""81407142104509110921187520775072626840789848613047331773172953370174825669358""]",https://polymarket.com/market/will-2-fed-rate-cuts-happen-in-2026,100.0,military_conflict,unknown,how-many-fed-rate-cuts-in-2026,asymmetry_prone,False,matched military_conflict keywords; small decision-maker + information-asymmetry bonus; cross-asset bonus,diversity cap: event_family=how-many-fed-rate-cuts-in-2026
616903,will-1-fed-rate-cut-happen-in-2026,Will 1 Fed rate cut happen in 2026?,Will 1 Fed rate cut happen in 2026?,"This market will resolve according to the exact amount of cuts of 25 basis points in 2026 by the Fed (including any cuts made during the December meeting).

Emergency rate cuts outside of scheduled FOMC meetings will also count toward the total number of cuts in 2026. This market will remain open until December 31, 2026, 11:59 PM ET, to account for any such emergency actions.

For example, if the Fed cuts rates by 50 bps after a meeting, it would be considered 2 cuts (of 25 bps each).

This market will resolve early to ""No"" if the specified number of cuts becomes impossible — i.e., if more cuts have already occurred than the strike in question.

Note that cuts between 1–24 bps (inclusive) will also be considered 1 rate cut.

The resolution source for this market will be FOMC statements after meetings scheduled in 2026 according to the official calendar: https://www.federalreserve.gov/monetarypolicy/fomccalendars.htm. The level and change of the target federal funds rate is also published at the official website of the Federal Reserve at https://www.federalreserve.gov/monetarypolicy/openmarket.htm.",,,how-many-fed-rate-cuts-in-2026,How many Fed rate cuts in 2026?,3266661.5250859996,166030.90283,False,2026-12-31T00:00:00Z,"[""113379839734351069617987084078322474966003108854908079701423911002443710490196"", ""48058805012599375970268777474956242772204241523361869981040579395242001094965""]",https://polymarket.com/market/will-1-fed-rate-cut-happen-in-2026,100.0,military_conflict,unknown,how-many-fed-rate-cuts-in-2026,asymmetry_prone,False,matched military_conflict keywords; small decision-maker + information-asymmetry bonus; cross-asset bonus,diversity cap: event_family=how-many-fed-rate-cuts-in-2026
616902,will-no-fed-rate-cuts-happen-in-2026,Will no Fed rate cuts happen in 2026?,Will no Fed rate cuts happen in 2026?,"This market will resolve according to the exact amount of cuts of 25 basis points in 2026 by the Fed (including any cuts made during the December meeting).

Emergency rate cuts outside of scheduled FOMC meetings will also count toward the total number of cuts in 2026. This market will remain open until December 31, 2026, 11:59 PM ET, to account for any such emergency actions.

For example, if the Fed cuts rates by 50 bps after a meeting, it would be considered 2 cuts (of 25 bps each).

This market will resolve early to ""No"" if the specified number of cuts becomes impossible — i.e., if more cuts have already occurred than the strike in question.

Note that cuts between 1–24 bps (inclusive) will also be considered 1 rate cut.

The resolution source for this market will be FOMC statements after meetings scheduled in 2026 according to the official calendar: https://www.federalreserve.gov/monetarypolicy/fomccalendars.htm. The level and change of the target federal funds rate is also published at the official website of the Federal Reserve at https://www.federalreserve.gov/monetarypolicy/openmarket.htm.",,,how-many-fed-rate-cuts-in-2026,How many Fed rate cuts in 2026?,8471614.729462998,346505.9046,False,2026-12-31T00:00:00Z,"[""12403602920039269077597917340921667997547115084613238528792639013246536343316"", ""21294592205022969346730955103773391901993330222644504059576935265667917187903""]",https://polymarket.com/market/will-no-fed-rate-cuts-happen-in-2026,100.0,military_conflict,unknown,how-many-fed-rate-cuts-in-2026,asymmetry_prone,False,matched military_conflict keywords; small decision-maker + information-asymmetry bonus; cross-asset bonus,diversity cap: event_family=how-many-fed-rate-cuts-in-2026
559680,will-phil-murphy-win-the-2028-democratic-presidential-nomination-611,Will Phil Murphy win the 2028 Democratic presidential nomination?,Will Phil Murphy win the 2028 Democratic presidential nomination?,"This market will resolve to “Yes” if the named individual wins and accepts the 2028 nomination of the Democratic Party for U.S. president. Otherwise, this market will resolve to “No”.

The resolution source for this market will be a consensus of official Democratic Party sources.

Any replacement of the democratic nominee before election day will not change the resolution of the market.",,,democratic-presidential-nominee-2028,Democratic Presidential Nominee 2028,42886869.760364994,2481911.34828,False,2028-11-07T00:00:00Z,"[""81633484456710374417231462107666791993850637546563366185897100962157481970040"", ""114507466536734360808195115190160357255467689128176113085692265197019898971527""]",https://polymarket.com/market/will-phil-murphy-win-the-2028-democratic-presidential-nomination-611,75.0,elections,united_states,democratic-presidential-nominee-2028,public_or_macro_driven,False,matched elections keywords,diversity cap: primary_topic=elections
559681,will-lebron-james-win-the-2028-democratic-presidential-nomination,Will LeBron James win the 2028 Democratic presidential nomination?,Will LeBron James win the 2028 Democratic presidential nomination?,"This market will resolve to “Yes” if the named individual wins and accepts the 2028 nomination of the Democratic Party for U.S. president. Otherwise, this market will resolve to “No”.

The resolution source for this market will be a consensus of official Democratic Party sources.

Any replacement of the democratic nominee before election day will not change the resolution of the market.",,,democratic-presidential-nominee-2028,Democratic Presidential Nominee 2028,43985170.617427066,2892428.50061,False,2028-11-07T00:00:00Z,"[""100561779829530520068956424581003844045516012444425572625523659025114550346085"", ""46254744034025107660239982269249567113656697231872036621777316158933638064598""]",https://polymarket.com/market/will-lebron-james-win-the-2028-democratic-presidential-nomination,75.0,elections,united_states,democratic-presidential-nominee-2028,public_or_macro_driven,False,matched elections keywords,diversity cap: primary_topic=elections
628936,will-rick-caruso-win-the-california-governor-election-in-2026,Will Rick Caruso win the California Governor Election in 2026?,Will Rick Caruso win the California Governor Election in 2026?,"This market will resolve to according to the candidate who wins the 2026 California gubernatorial election currently scheduled for November 3, 2026.

If the results of the election are not confirmed by July 31, 2027, this market will resolve to ""Other"".

The resolution source for this market is the Associated Press, Fox News, and NBC. This market will resolve once all three sources call the race for the same candidate. If all three sources haven’t called the race in this state for the same candidate, this market will resolve based on official certification.",,,california-governor-election-2026,California Governor Election Winner,1797432.2757100007,373365.84868,False,2026-11-03T00:00:00Z,"[""97079880955117270083666806029014143818118511996487378321036003805764596740938"", ""73799328493543642746052258800105969283549276628347936341883522913427814616433""]",https://polymarket.com/market/will-rick-caruso-win-the-california-governor-election-in-2026,75.0,elections,europe,california-governor-election-2026,public_or_macro_driven,False,matched elections keywords,diversity cap: country_or_region=europe
628937,will-alex-padilla-win-the-california-governor-election-in-2026,Will Alex Padilla win the California Governor Election in 2026?,Will Alex Padilla win the California Governor Election in 2026?,"This market will resolve to according to the candidate who wins the 2026 California gubernatorial election currently scheduled for November 3, 2026.

If the results of the election are not confirmed by July 31, 2027, this market will resolve to ""Other"".

The resolution source for this market is the Associated Press, Fox News, and NBC. This market will resolve once all three sources call the race for the same candidate. If all three sources haven’t called the race in this state for the same candidate, this market will resolve based on official certification.",,,california-governor-election-2026,California Governor Election Winner,1996671.5064450004,347303.29136,False,2026-11-03T00:00:00Z,"[""27917044669327306061079144978831477036721566699378308758417293047296113420189"", ""50335130575909019570481288261923539666549269210813804299376143524912825226013""]",https://polymarket.com/market/will-alex-padilla-win-the-california-governor-election-in-2026,75.0,elections,europe,california-governor-election-2026,public_or_macro_driven,False,matched elections keywords,diversity cap: country_or_region=europe
628938,will-katie-porter-win-the-california-governor-election-in-2026,Will Katie Porter win the California Governor Election in 2026?,Will Katie Porter win the California Governor Election in 2026?,"This market will resolve to according to the candidate who wins the 2026 California gubernatorial election currently scheduled for November 3, 2026.

If the results of the election are not confirmed by July 31, 2027, this market will resolve to ""Other"".

The resolution source for this market is the Associated Press, Fox News, and NBC. This market will resolve once all three sources call the race for the same candidate. If all three sources haven’t called the race in this state for the same candidate, this market will resolve based on official certification.",,,california-governor-election-2026,California Governor Election Winner,1770134.3228620007,298169.88106,False,2026-11-03T00:00:00Z,"[""59961507866677494040607532131294205317570935112758647200306330458606615546543"", ""65318982358670048763344312757450206096555525736286943316108488774916591564841""]",https://polymarket.com/market/will-katie-porter-win-the-california-governor-election-in-2026,75.0,elections,europe,california-governor-election-2026,public_or_macro_driven,False,matched elections keywords,diversity cap: country_or_region=europe
628939,will-antonio-villaraigosa-win-the-california-governor-election-in-2026,Will Antonio Villaraigosa win the California Governor Election in 2026?,Will Antonio Villaraigosa win the California Governor Election in 2026?,"This market will resolve to according to the candidate who wins the 2026 California gubernatorial election currently scheduled for November 3, 2026.

If the results of the election are not confirmed by July 31, 2027, this market will resolve to ""Other"".

The resolution source for this market is the Associated Press, Fox News, and NBC. This market will resolve once all three sources call the race for the same candidate. If all three sources haven’t called the race in this state for the same candidate, this market will resolve based on official certification.",,,california-governor-election-2026,California Governor Election Winner,1617980.0696640005,306510.22824,False,2026-11-03T00:00:00Z,"[""36414954588752207538819032120216717092589056211565128836805997597026535658896"", ""44412934698771801188882994107287469209323166573685641573116152091754947428221""]",https://polymarket.com/market/will-antonio-villaraigosa-win-the-california-governor-election-in-2026,75.0,elections,europe,california-governor-election-2026,public_or_macro_driven,False,matched elections keywords,diversity cap: country_or_region=europe
628940,will-steve-hilton-win-the-california-governor-election-in-2026,Will Steve Hilton win the California Governor Election in 2026?,Will Steve Hilton win the California Governor Election in 2026?,"This market will resolve to according to the candidate who wins the 2026 California gubernatorial election currently scheduled for November 3, 2026.

If the results of the election are not confirmed by July 31, 2027, this market will resolve to ""Other"".

The resolution source for this market is the Associated Press, Fox News, and NBC. This market will resolve once all three sources call the race for the same candidate. If all three sources haven’t called the race in this state for the same candidate, this market will resolve based on official certification.",,,california-governor-election-2026,California Governor Election Winner,2817296.478462001,152965.11214,False,2026-11-03T00:00:00Z,"[""82742036522262670996662794097029680950132682539859985097974842241612036171395"", ""63644763464034691367428527733393916036342796100129702980469514153898496549749""]",https://polymarket.com/market/will-steve-hilton-win-the-california-governor-election-in-2026,75.0,elections,europe,california-governor-election-2026,public_or_macro_driven,False,matched elections keywords,diversity cap: country_or_region=europe
628941,will-xavier-becerra-win-the-california-governor-election-in-2026,Will Xavier Becerra win the California Governor Election in 2026?,Will Xavier Becerra win the California Governor Election in 2026?,"This market will resolve to according to the candidate who wins the 2026 California gubernatorial election currently scheduled for November 3, 2026.

If the results of the election are not confirmed by July 31, 2027, this market will resolve to ""Other"".

The resolution source for this market is the Associated Press, Fox News, and NBC. This market will resolve once all three sources call the race for the same candidate. If all three sources haven’t called the race in this state for the same candidate, this market will resolve based on official certification.",,,california-governor-election-2026,California Governor Election Winner,2029273.755977,85289.89477,False,2026-11-03T00:00:00Z,"[""60977129292396881848833910361112107174416489010090570432106122538120602786646"", ""42544248033910169115455586624331983477679665735561815306855702312176773945155""]",https://polymarket.com/market/will-xavier-becerra-win-the-california-governor-election-in-2026,75.0,elections,europe,california-governor-election-2026,public_or_macro_driven,False,matched elections keywords,diversity cap: country_or_region=europe
628942,will-stephen-cloobeck-win-the-california-governor-election-in-2026,Will Stephen Cloobeck win the California Governor Election in 2026?,Will Stephen Cloobeck win the California Governor Election in 2026?,"This market will resolve to according to the candidate who wins the 2026 California gubernatorial election currently scheduled for November 3, 2026.

If the results of the election are not confirmed by July 31, 2027, this market will resolve to ""Other"".

The resolution source for this market is the Associated Press, Fox News, and NBC. This market will resolve once all three sources call the race for the same candidate. If all three sources haven’t called the race in this state for the same candidate, this market will resolve based on official certification.",,,california-governor-election-2026,California Governor Election Winner,1572637.2133450008,326868.40814,False,2026-11-03T00:00:00Z,"[""56625712760763435913938435276890711697397809531508832909291686351381221361003"", ""94282019692429898244765914743015954424414006454008188174485435019346878337357""]",https://polymarket.com/market/will-stephen-cloobeck-win-the-california-governor-election-in-2026,75.0,elections,europe,california-governor-election-2026,public_or_macro_driven,False,matched elections keywords,diversity cap: country_or_region=europe
559682,will-person-a-win-the-2028-democratic-presidential-nomination,Will Hunter Biden win the 2028 Democratic presidential nomination?,Will Hunter Biden win the 2028 Democratic presidential nomination?,"This market will resolve to “Yes” if the named individual wins and accepts the 2028 nomination of the Democratic Party for U.S. president. Otherwise, this market will resolve to “No”.

The resolution source for this market will be a consensus of official Democratic Party sources.

Any replacement of the democratic nominee before election day will not change the resolution of the market.",,,democratic-presidential-nominee-2028,Democratic Presidential Nominee 2028,44499899.02571803,1162507.38847,False,2028-11-07T00:00:00Z,"[""11343337042526652606304508556838778144915122118685013460142819817079620240439"", ""19117858613830240204442128472263675815111662346578092643025820800380629933012""]",https://polymarket.com/market/will-person-a-win-the-2028-democratic-presidential-nomination,75.0,elections,united_states,democratic-presidential-nominee-2028,public_or_macro_driven,False,matched elections keywords,diversity cap: primary_topic=elections
628953,will-nicole-shanahan-win-the-california-governor-election-in-2026,Will Nicole Shanahan win the California Governor Election in 2026?,Will Nicole Shanahan win the California Governor Election in 2026?,"This market will resolve to according to the candidate who wins the 2026 California gubernatorial election currently scheduled for November 3, 2026.

If the results of the election are not confirmed by July 31, 2027, this market will resolve to ""Other"".

The resolution source for this market is the Associated Press, Fox News, and NBC. This market will resolve once all three sources call the race for the same candidate. If all three sources haven’t called the race in this state for the same candidate, this market will resolve based on official certification.",,,california-governor-election-2026,California Governor Election Winner,1778282.9575949998,327717.0563,False,2026-11-03T00:00:00Z,"[""90209687118917041742612656238209836178607847566398364643125772743766012953994"", ""38551324461192554007394388780133761351986051077624435049036979094162025043348""]",https://polymarket.com/market/will-nicole-shanahan-win-the-california-governor-election-in-2026,75.0,elections,europe,california-governor-election-2026,public_or_macro_driven,False,matched elections keywords,diversity cap: country_or_region=europe
628943,will-butch-ware-win-the-california-governor-election-in-2026,Will Butch Ware win the California Governor Election in 2026?,Will Butch Ware win the California Governor Election in 2026?,"This market will resolve to according to the candidate who wins the 2026 California gubernatorial election currently scheduled for November 3, 2026.

If the results of the election are not confirmed by July 31, 2027, this market will resolve to ""Other"".

The resolution source for this market is the Associated Press, Fox News, and NBC. This market will resolve once all three sources call the race for the same candidate. If all three sources haven’t called the race in this state for the same candidate, this market will resolve based on official certification.",,,california-governor-election-2026,California Governor Election Winner,1313396.2176370001,351022.49518,False,2026-11-03T00:00:00Z,"[""5596862834696125721576904607560330168562395965947471642144909672400781563525"", ""881994954653360769083594209445149225970326541801329428580213904522684972596""]",https://polymarket.com/market/will-butch-ware-win-the-california-governor-election-in-2026,75.0,elections,europe,california-governor-election-2026,public_or_macro_driven,False,matched elections keywords,diversity cap: country_or_region=europe
628944,will-betty-yee-win-the-california-governor-election-in-2026,Will Betty Yee win the California Governor Election in 2026?,Will Betty Yee win the California Governor Election in 2026?,"This market will resolve to according to the candidate who wins the 2026 California gubernatorial election currently scheduled for November 3, 2026.

If the results of the election are not confirmed by July 31, 2027, this market will resolve to ""Other"".

The resolution source for this market is the Associated Press, Fox News, and NBC. This market will resolve once all three sources call the race for the same candidate. If all three sources haven’t called the race in this state for the same candidate, this market will resolve based on official certification.",,,california-governor-election-2026,California Governor Election Winner,1748030.82878201,352275.30413,False,2026-11-03T00:00:00Z,"[""70281793907385086211847388621294479535878334441733358377933099446528752678794"", ""293931606759594955581635245011649018332328205337615978953530347426124688732""]",https://polymarket.com/market/will-betty-yee-win-the-california-governor-election-in-2026,75.0,elections,europe,california-governor-election-2026,public_or_macro_driven,False,matched elections keywords,diversity cap: country_or_region=europe
628945,will-toni-atkins-win-the-california-governor-election-in-2026,Will Toni Atkins win the California Governor Election in 2026?,Will Toni Atkins win the California Governor Election in 2026?,"This market will resolve to according to the candidate who wins the 2026 California gubernatorial election currently scheduled for November 3, 2026.

If the results of the election are not confirmed by July 31, 2027, this market will resolve to ""Other"".

The resolution source for this market is the Associated Press, Fox News, and NBC. This market will resolve once all three sources call the race for the same candidate. If all three sources haven’t called the race in this state for the same candidate, this market will resolve based on official certification.",,,california-governor-election-2026,California Governor Election Winner,1557569.4529430002,349995.34221,False,2026-11-03T00:00:00Z,"[""46795587673242136909437201632973334679982713622973285707845177101454063819719"", ""99375319872931530523544259083156956326524999773821517509514488503099472787391""]",https://polymarket.com/market/will-toni-atkins-win-the-california-governor-election-in-2026,75.0,elections,europe,california-governor-election-2026,public_or_macro_driven,False,matched elections keywords,diversity cap: country_or_region=europe
628946,will-kyle-langford-win-the-california-governor-election-in-2026,Will Kyle Langford win the California Governor Election in 2026?,Will Kyle Langford win the California Governor Election in 2026?,"This market will resolve to according to the candidate who wins the 2026 California gubernatorial election currently scheduled for November 3, 2026.

If the results of the election are not confirmed by July 31, 2027, this market will resolve to ""Other"".

The resolution source for this market is the Associated Press, Fox News, and NBC. This market will resolve once all three sources call the race for the same candidate. If all three sources haven’t called the race in this state for the same candidate, this market will resolve based on official certification.",,,california-governor-election-2026,California Governor Election Winner,1828758.5544080008,343396.68994,False,2026-11-03T00:00:00Z,"[""52687837122619369610030804114166340063089308639039605237541487600082955039632"", ""83703459654516617790889884620903326144241957891269455699710936489803414421783""]",https://polymarket.com/market/will-kyle-langford-win-the-california-governor-election-in-2026,75.0,elections,europe,california-governor-election-2026,public_or_macro_driven,False,matched elections keywords,diversity cap: country_or_region=europe
628947,will-chad-bianco-win-the-california-governor-election-in-2026,Will Chad Bianco win the California Governor Election in 2026?,Will Chad Bianco win the California Governor Election in 2026?,"This market will resolve to according to the candidate who wins the 2026 California gubernatorial election currently scheduled for November 3, 2026.

If the results of the election are not confirmed by July 31, 2027, this market will resolve to ""Other"".

The resolution source for this market is the Associated Press, Fox News, and NBC. This market will resolve once all three sources call the race for the same candidate. If all three sources haven’t called the race in this state for the same candidate, this market will resolve based on official certification.",,,california-governor-election-2026,California Governor Election Winner,1947360.8449089997,68808.3588,False,2026-11-03T00:00:00Z,"[""89694314427486889897766629507723742460669068230376416068996390119126818537632"", ""61757469317668577515958048784869874652534541383251022341140867651976647414109""]",https://polymarket.com/market/will-chad-bianco-win-the-california-governor-election-in-2026,75.0,elections,europe,california-governor-election-2026,public_or_macro_driven,False,matched elections keywords,diversity cap: country_or_region=europe
628948,will-eleni-kounalakis-win-the-california-governor-election-in-2026,Will Eleni Kounalakis win the California Governor Election in 2026?,Will Eleni Kounalakis win the California Governor Election in 2026?,"This market will resolve to according to the candidate who wins the 2026 California gubernatorial election currently scheduled for November 3, 2026.

If the results of the election are not confirmed by July 31, 2027, this market will resolve to ""Other"".

The resolution source for this market is the Associated Press, Fox News, and NBC. This market will resolve once all three sources call the race for the same candidate. If all three sources haven’t called the race in this state for the same candidate, this market will resolve based on official certification.",,,california-governor-election-2026,California Governor Election Winner,1431188.698478,354080.7166,False,2026-11-03T00:00:00Z,"[""80001541196533445384638857826765844622336176247558086607183828472215016820926"", ""113010527531893939378789731087528072424814820644967573635491032088087882607051""]",https://polymarket.com/market/will-eleni-kounalakis-win-the-california-governor-election-in-2026,75.0,elections,europe,california-governor-election-2026,public_or_macro_driven,False,matched elections keywords,diversity cap: country_or_region=europe
628949,will-daniel-mercuri-win-the-california-governor-election-in-2026,Will Daniel Mercuri win the California Governor Election in 2026?,Will Daniel Mercuri win the California Governor Election in 2026?,"This market will resolve to according to the candidate who wins the 2026 California gubernatorial election currently scheduled for November 3, 2026.

If the results of the election are not confirmed by July 31, 2027, this market will resolve to ""Other"".

The resolution source for this market is the Associated Press, Fox News, and NBC. This market will resolve once all three sources call the race for the same candidate. If all three sources haven’t called the race in this state for the same candidate, this market will resolve based on official certification.",,,california-governor-election-2026,California Governor Election Winner,1396557.537934,331795.70665,False,2026-11-03T00:00:00Z,"[""53943024503150115514653967017098517943934976181100661411753055914691662047501"", ""75489492325530832648282075587602621325711066054385688667973713801701368143377""]",https://polymarket.com/market/will-daniel-mercuri-win-the-california-governor-election-in-2026,75.0,elections,europe,california-governor-election-2026,public_or_macro_driven,False,matched elections keywords,diversity cap: country_or_region=europe
628950,will-tony-thurmond-win-the-california-governor-election-in-2026,Will Tony Thurmond win the California Governor Election in 2026?,Will Tony Thurmond win the California Governor Election in 2026?,"This market will resolve to according to the candidate who wins the 2026 California gubernatorial election currently scheduled for November 3, 2026.

If the results of the election are not confirmed by July 31, 2027, this market will resolve to ""Other"".

The resolution source for this market is the Associated Press, Fox News, and NBC. This market will resolve once all three sources call the race for the same candidate. If all three sources haven’t called the race in this state for the same candidate, this market will resolve based on official certification.",,,california-governor-election-2026,California Governor Election Winner,1425708.2000369998,311374.73569,False,2026-11-03T00:00:00Z,"[""97702334451352897001337910972309092345221725844052357364009019821657345731021"", ""37257869624944300545566572508726001571198863449571674924675677764748235929449""]",https://polymarket.com/market/will-tony-thurmond-win-the-california-governor-election-in-2026,75.0,elections,europe,california-governor-election-2026,public_or_macro_driven,False,matched elections keywords,diversity cap: country_or_region=europe
628951,will-michael-younger-win-the-california-governor-election-in-2026,Will Michael Younger win the California Governor Election in 2026?,Will Michael Younger win the California Governor Election in 2026?,"This market will resolve to according to the candidate who wins the 2026 California gubernatorial election currently scheduled for November 3, 2026.

If the results of the election are not confirmed by July 31, 2027, this market will resolve to ""Other"".

The resolution source for this market is the Associated Press, Fox News, and NBC. This market will resolve once all three sources call the race for the same candidate. If all three sources haven’t called the race in this state for the same candidate, this market will resolve based on official certification.",,,california-governor-election-2026,California Governor Election Winner,1546579.526996,342787.81035,False,2026-11-03T00:00:00Z,"[""110624820174512595032719547193919253929632091585224629966521372245175868300590"", ""78052805145186497763106949946349241872331133557584203095696789811879123891012""]",https://polymarket.com/market/will-michael-younger-win-the-california-governor-election-in-2026,75.0,elections,europe,california-governor-election-2026,public_or_macro_driven,False,matched elections keywords,diversity cap: country_or_region=europe
628952,will-leo-zacky-win-the-california-governor-election-in-2026,Will Leo Zacky win the California Governor Election in 2026?,Will Leo Zacky win the California Governor Election in 2026?,"This market will resolve to according to the candidate who wins the 2026 California gubernatorial election currently scheduled for November 3, 2026.

If the results of the election are not confirmed by July 31, 2027, this market will resolve to ""Other"".

The resolution source for this market is the Associated Press, Fox News, and NBC. This market will resolve once all three sources call the race for the same candidate. If all three sources haven’t called the race in this state for the same candidate, this market will resolve based on official certification.",,,california-governor-election-2026,California Governor Election Winner,1094831.237383,351712.89001,False,2026-11-03T00:00:00Z,"[""28995761858308797540202767490519720137865013282800276958339531394045469725185"", ""34658433917903107167353140871253742852508953395949523799435662258348239747235""]",https://polymarket.com/market/will-leo-zacky-win-the-california-governor-election-in-2026,75.0,elections,europe,california-governor-election-2026,public_or_macro_driven,False,matched elections keywords,diversity cap: country_or_region=europe
559654,will-pete-buttigieg-win-the-2028-democratic-presidential-nomination-687,Will Pete Buttigieg win the 2028 Democratic presidential nomination?,Will Pete Buttigieg win the 2028 Democratic presidential nomination?,"This market will resolve to “Yes” if the named individual wins and accepts the 2028 nomination of the Democratic Party for U.S. president. Otherwise, this market will resolve to “No”.

The resolution source for this market will be a consensus of official Democratic Party sources.

Any replacement of the democratic nominee before election day will not change the resolution of the market.",,,democratic-presidential-nominee-2028,Democratic Presidential Nominee 2028,12048759.375842007,381332.66359,False,2028-11-07T00:00:00Z,"[""91031279171981959197361710127213577102576826515163085396576756946418341946256"", ""18494065527924073750217237765784380365430319396356251245973222791140100738948""]",https://polymarket.com/market/will-pete-buttigieg-win-the-2028-democratic-presidential-nomination-687,75.0,elections,united_states,democratic-presidential-nominee-2028,public_or_macro_driven,False,matched elections keywords,diversity cap: primary_topic=elections
635018,will-bruce-walden-win-the-2026-alaska-governor-election,Will Bruce Walden win the 2026 Alaska governor election?,Will Bruce Walden win the 2026 Alaska governor election?,"This market will resolve according to the candidate who wins the 2026 Alaska gubernatorial election currently scheduled for November 3, 2026.  

If the results of the election are not confirmed by July 31, 2027, this market will resolve to ""Other"".  

The resolution source for this market is the Associated Press, Fox News, and NBC. This market will resolve once all three sources call the race for the same candidate. If all three sources haven’t called the race in Alaska for the same candidate, this market will resolve based on official certification.",,,alaska-governor-election-winner,Alaska Governor Election Winner  ,12144.109632000002,20496.11409,False,2026-11-03T00:00:00Z,"[""106363031797138111754039591152977193305538801813676060053033754519035914760518"", ""41727895688258693376847903957662821256714173440177609445045457726450459227657""]",https://polymarket.com/market/will-bruce-walden-win-the-2026-alaska-governor-election,75.0,elections,europe,alaska-governor-election-winner,public_or_macro_driven,False,matched elections keywords,diversity cap: country_or_region=europe
635019,will-matt-claman-win-the-2026-alaska-governor-election,Will Matt Claman win the 2026 Alaska governor election?,Will Matt Claman win the 2026 Alaska governor election?,"This market will resolve according to the candidate who wins the 2026 Alaska gubernatorial election currently scheduled for November 3, 2026.  

If the results of the election are not confirmed by July 31, 2027, this market will resolve to ""Other"".  

The resolution source for this market is the Associated Press, Fox News, and NBC. This market will resolve once all three sources call the race for the same candidate. If all three sources haven’t called the race in Alaska for the same candidate, this market will resolve based on official certification.",,,alaska-governor-election-winner,Alaska Governor Election Winner  ,20933.080579999998,22656.63622,False,2026-11-03T00:00:00Z,"[""28604200858776949725443771900532479947528528058757267516640410601091432067720"", ""91229309270355860713419309118667426703750737891164301386889922666802507208098""]",https://polymarket.com/market/will-matt-claman-win-the-2026-alaska-governor-election,75.0,elections,europe,alaska-governor-election-winner,public_or_macro_driven,False,matched elections keywords,diversity cap: country_or_region=europe
635020,will-lesil-mcguire-win-the-2026-alaska-governor-election,Will Lesil McGuire win the 2026 Alaska governor election?,Will Lesil McGuire win the 2026 Alaska governor election?,"This market will resolve according to the candidate who wins the 2026 Alaska gubernatorial election currently scheduled for November 3, 2026.  

If the results of the election are not confirmed by July 31, 2027, this market will resolve to ""Other"".  

The resolution source for this market is the Associated Press, Fox News, and NBC. This market will resolve once all three sources call the race for the same candidate. If all three sources haven’t called the race in Alaska for the same candidate, this market will resolve based on official certification.",,,alaska-governor-election-winner,Alaska Governor Election Winner  ,5540.987,18405.45817,False,2026-11-03T00:00:00Z,"[""22529706558204688498320021777045565403912945442011622921877074565980935596194"", ""107660395767216529314208472319656520318890894389780384645697742878670378593126""]",https://polymarket.com/market/will-lesil-mcguire-win-the-2026-alaska-governor-election,75.0,elections,europe,alaska-governor-election-winner,public_or_macro_driven,False,matched elections keywords,diversity cap: country_or_region=europe
635021,will-gregg-brelsford-win-the-2026-alaska-governor-election,Will Gregg Brelsford win the 2026 Alaska governor election?,Will Gregg Brelsford win the 2026 Alaska governor election?,"This market will resolve according to the candidate who wins the 2026 Alaska gubernatorial election currently scheduled for November 3, 2026.  

If the results of the election are not confirmed by July 31, 2027, this market will resolve to ""Other"".  

The resolution source for this market is the Associated Press, Fox News, and NBC. This market will resolve once all three sources call the race for the same candidate. If all three sources haven’t called the race in Alaska for the same candidate, this market will resolve based on official certification.",,,alaska-governor-election-winner,Alaska Governor Election Winner  ,2936.4213330000002,16939.01695,False,2026-11-03T00:00:00Z,"[""90372155390861985927725007208426512628481630954974454396465379243202196045659"", ""2701913449823469466380873774659154852878836766994267419008628654782137185923""]",https://polymarket.com/market/will-gregg-brelsford-win-the-2026-alaska-governor-election,75.0,elections,europe,alaska-governor-election-winner,public_or_macro_driven,False,matched elections keywords,diversity cap: country_or_region=europe
635022,will-jessica-faircloth-win-the-2026-alaska-governor-election,Will Jessica Faircloth win the 2026 Alaska governor election?,Will Jessica Faircloth win the 2026 Alaska governor election?,"This market will resolve according to the candidate who wins the 2026 Alaska gubernatorial election currently scheduled for November 3, 2026.  

If the results of the election are not confirmed by July 31, 2027, this market will resolve to ""Other"".  

The resolution source for this market is the Associated Press, Fox News, and NBC. This market will resolve once all three sources call the race for the same candidate. If all three sources haven’t called the race in Alaska for the same candidate, this market will resolve based on official certification.",,,alaska-governor-election-winner,Alaska Governor Election Winner  ,3287.5471999999995,18025.4524,False,2026-11-03T00:00:00Z,"[""5086764460439224896909495789484939252244135243589938028556782950980839670109"", ""46178221517819340873304464752949449694008471239018842509293907666064868164423""]",https://polymarket.com/market/will-jessica-faircloth-win-the-2026-alaska-governor-election,75.0,elections,europe,alaska-governor-election-winner,public_or_macro_driven,False,matched elections keywords,diversity cap: country_or_region=europe
635023,will-destry-j-payne-sr-win-the-2026-alaska-governor-election,Will Destry J. Payne Sr. win the 2026 Alaska governor election?,Will Destry J. Payne Sr. win the 2026 Alaska governor election?,"This market will resolve according to the candidate who wins the 2026 Alaska gubernatorial election currently scheduled for November 3, 2026.  

If the results of the election are not confirmed by July 31, 2027, this market will resolve to ""Other"".  

The resolution source for this market is the Associated Press, Fox News, and NBC. This market will resolve once all three sources call the race for the same candidate. If all three sources haven’t called the race in Alaska for the same candidate, this market will resolve based on official certification.",,,alaska-governor-election-winner,Alaska Governor Election Winner  ,2827.87575,18303.8104,False,2026-11-03T00:00:00Z,"[""94275275907070640522712534747053008279341178769916658518917564436899584909430"", ""65059827140173427877494565540061589018062765634764662931826204007544666003583""]",https://polymarket.com/market/will-destry-j-payne-sr-win-the-2026-alaska-governor-election,75.0,elections,europe,alaska-governor-election-winner,public_or_macro_driven,False,matched elections keywords,diversity cap: country_or_region=europe
635024,will-candidate-i-win-the-2026-alaska-governor-election,Will Bill Walker win the 2026 Alaska governor election?,Will Bill Walker win the 2026 Alaska governor election?,"This market will resolve according to the candidate who wins the 2026 Alaska gubernatorial election currently scheduled for November 3, 2026.  

If the results of the election are not confirmed by July 31, 2027, this market will resolve to ""Other"".  

The resolution source for this market is the Associated Press, Fox News, and NBC. This market will resolve once all three sources call the race for the same candidate. If all three sources haven’t called the race in Alaska for the same candidate, this market will resolve based on official certification.",,,alaska-governor-election-winner,Alaska Governor Election Winner  ,9479.054646999999,19448.49086,False,2026-11-03T00:00:00Z,"[""89440386514063730127176054212356569265462224863655993641953910953752586860824"", ""12748549410366691485814745487527011946617511780417271837791094564317034321850""]",https://polymarket.com/market/will-candidate-i-win-the-2026-alaska-governor-election,75.0,elections,europe,alaska-governor-election-winner,public_or_macro_driven,False,matched elections keywords,diversity cap: country_or_region=europe
635010,will-james-parkin-win-the-2026-alaska-governor-election,Will James Parkin win the 2026 Alaska governor election?,Will James Parkin win the 2026 Alaska governor election?,"This market will resolve according to the candidate who wins the 2026 Alaska gubernatorial election currently scheduled for November 3, 2026.  

If the results of the election are not confirmed by July 31, 2027, this market will resolve to ""Other"".  

The resolution source for this market is the Associated Press, Fox News, and NBC. This market will resolve once all three sources call the race for the same candidate. If all three sources haven’t called the race in Alaska for the same candidate, this market will resolve based on official certification.",,,alaska-governor-election-winner,Alaska Governor Election Winner  ,116581.88995199997,20012.18485,False,2026-11-03T00:00:00Z,"[""94636756301597598205450967882875575281158446830532208819280555769682215362951"", ""77720965006807607253936909552495699887933379945549132362659973376686128746867""]",https://polymarket.com/market/will-james-parkin-win-the-2026-alaska-governor-election,75.0,elections,europe,alaska-governor-election-winner,public_or_macro_driven,False,matched elections keywords,diversity cap: country_or_region=europe
559670,will-gina-raimondo-win-the-2028-democratic-presidential-nomination-676,Will Gina Raimondo win the 2028 Democratic presidential nomination?,Will Gina Raimondo win the 2028 Democratic presidential nomination?,"This market will resolve to “Yes” if the named individual wins and accepts the 2028 nomination of the Democratic Party for U.S. president. Otherwise, this market will resolve to “No”.

The resolution source for this market will be a consensus of official Democratic Party sources.

Any replacement of the democratic nominee before election day will not change the resolution of the market.",,,democratic-presidential-nominee-2028,Democratic Presidential Nominee 2028,35772969.27399901,2123619.94932,False,2028-11-07T00:00:00Z,"[""35165603539035270209469650915267170915291414186795231160733227083640059691764"", ""82254794773423437491598574581796732934760602553828664932786984448280136473130""]",https://polymarket.com/market/will-gina-raimondo-win-the-2028-democratic-presidential-nomination-676,75.0,elections,united_states,democratic-presidential-nominee-2028,public_or_macro_driven,False,matched elections keywords,diversity cap: country_or_region=united_states
559653,will-alexandria-ocasio-cortez-win-the-2028-democratic-presidential-nomination-653,Will Alexandria Ocasio-Cortez win the 2028 Democratic presidential nomination?,Will Alexandria Ocasio-Cortez win the 2028 Democratic presidential nomination?,"This market will resolve to “Yes” if the named individual wins and accepts the 2028 nomination of the Democratic Party for U.S. president. Otherwise, this market will resolve to “No”.

The resolution source for this market will be a consensus of official Democratic Party sources.

Any replacement of the democratic nominee before election day will not change the resolution of the market.",,,democratic-presidential-nominee-2028,Democratic Presidential Nominee 2028,15217758.443261001,332329.89245,False,2028-11-07T00:00:00Z,"[""107064985435494333113391038470401719113272800530429703182710416066774068907304"", ""65176072261324737856085688071627118509549293922582857186996392180609764586527""]",https://polymarket.com/market/will-alexandria-ocasio-cortez-win-the-2028-democratic-presidential-nomination-653,75.0,elections,united_states,democratic-presidential-nominee-2028,public_or_macro_driven,False,matched elections keywords,diversity cap: country_or_region=united_states
634980,will-candidate-b-win-the-alaska-senate-race-in-2026,Will David Leslie win the Alaska Senate race in 2026?,Will David Leslie win the Alaska Senate race in 2026?,"This market will resolve according to the winner of the 2026 midterm Alaska U.S. Senate election, inclusive of any run-offs, currently scheduled for November 3, 2026.

If the results of the election are not confirmed by July 31, 2027, this market will resolve to ""Other"".

The resolution source for this market is the Associated Press, Fox News, and NBC. This market will resolve once all three sources call the race for the same candidate. If all three sources haven’t called the race in this state for the same candidate, this market will resolve based on official certification.",,,alaska-senate-election-winner,Alaska Senate Election Winner,2405.94,15827.04418,False,2026-11-03T00:00:00Z,"[""67134560637395660573557297151091376379195027709682746465847662052614726627045"", ""29272976156208880523524518696977571662352794148119684805059222229362154113559""]",https://polymarket.com/market/will-candidate-b-win-the-alaska-senate-race-in-2026,75.0,elections,united_states,alaska-senate-election-winner,public_or_macro_driven,False,matched elections keywords,diversity cap: country_or_region=united_states
635003,will-click-bishop-win-the-2026-alaska-governor-election,Will Click Bishop win the 2026 Alaska governor election?,Will Click Bishop win the 2026 Alaska governor election?,"This market will resolve according to the candidate who wins the 2026 Alaska gubernatorial election currently scheduled for November 3, 2026.  

If the results of the election are not confirmed by July 31, 2027, this market will resolve to ""Other"".  

The resolution source for this market is the Associated Press, Fox News, and NBC. This market will resolve once all three sources call the race for the same candidate. If all three sources haven’t called the race in Alaska for the same candidate, this market will resolve based on official certification.",,,alaska-governor-election-winner,Alaska Governor Election Winner  ,31235.581413999997,35537.02773,False,2026-11-03T00:00:00Z,"[""39154002125405197763794707136923968604358387984246909531145654626829957893230"", ""60418842426512534469642130512596061192215988595473467000352213671045616492638""]",https://polymarket.com/market/will-click-bishop-win-the-2026-alaska-governor-election,75.0,elections,europe,alaska-governor-election-winner,public_or_macro_driven,False,matched elections keywords,diversity cap: country_or_region=europe
635004,will-david-bronson-win-the-2026-alaska-governor-election,Will David Bronson win the 2026 Alaska governor election?,Will David Bronson win the 2026 Alaska governor election?,"This market will resolve according to the candidate who wins the 2026 Alaska gubernatorial election currently scheduled for November 3, 2026.  

If the results of the election are not confirmed by July 31, 2027, this market will resolve to ""Other"".  

The resolution source for this market is the Associated Press, Fox News, and NBC. This market will resolve once all three sources call the race for the same candidate. If all three sources haven’t called the race in Alaska for the same candidate, this market will resolve based on official certification.",,,alaska-governor-election-winner,Alaska Governor Election Winner  ,25582.449161,34509.86587,False,2026-11-03T00:00:00Z,"[""23047817297095829703205789623007814925017477005361786493221231421140774736099"", ""27589735007801809920895792521249110991864778093988837036036503689605174002385""]",https://polymarket.com/market/will-david-bronson-win-the-2026-alaska-governor-election,75.0,elections,europe,alaska-governor-election-winner,public_or_macro_driven,False,matched elections keywords,diversity cap: country_or_region=europe
635005,will-adam-crum-win-the-2026-alaska-governor-election,Will Adam Crum win the 2026 Alaska governor election?,Will Adam Crum win the 2026 Alaska governor election?,"This market will resolve according to the candidate who wins the 2026 Alaska gubernatorial election currently scheduled for November 3, 2026.  

If the results of the election are not confirmed by July 31, 2027, this market will resolve to ""Other"".  

The resolution source for this market is the Associated Press, Fox News, and NBC. This market will resolve once all three sources call the race for the same candidate. If all three sources haven’t called the race in Alaska for the same candidate, this market will resolve based on official certification.",,,alaska-governor-election-winner,Alaska Governor Election Winner  ,51171.95690099999,15049.53551,False,2026-11-03T00:00:00Z,"[""112101678667388918252758604047145833695065509511438805706635695881082938013669"", ""9195147677734768024442742821036736857536764911670176289004381980919601134562""]",https://polymarket.com/market/will-adam-crum-win-the-2026-alaska-governor-election,75.0,elections,europe,alaska-governor-election-winner,public_or_macro_driven,False,matched elections keywords,diversity cap: country_or_region=europe
635006,will-nancy-dahlstrom-win-the-2026-alaska-governor-election,Will Nancy Dahlstrom win the 2026 Alaska governor election?,Will Nancy Dahlstrom win the 2026 Alaska governor election?,"This market will resolve according to the candidate who wins the 2026 Alaska gubernatorial election currently scheduled for November 3, 2026.  

If the results of the election are not confirmed by July 31, 2027, this market will resolve to ""Other"".  

The resolution source for this market is the Associated Press, Fox News, and NBC. This market will resolve once all three sources call the race for the same candidate. If all three sources haven’t called the race in Alaska for the same candidate, this market will resolve based on official certification.",,,alaska-governor-election-winner,Alaska Governor Election Winner  ,130122.15730300003,22759.23215,False,2026-11-03T00:00:00Z,"[""59674642039945632434991200982713662256203307690119588561924436416775168289415"", ""13361710535557089617208062932593011837316081914436155241873375541608580739238""]",https://polymarket.com/market/will-nancy-dahlstrom-win-the-2026-alaska-governor-election,75.0,elections,europe,alaska-governor-election-winner,public_or_macro_driven,False,matched elections keywords,diversity cap: country_or_region=europe
635007,will-edna-devries-win-the-2026-alaska-governor-election,Will Edna DeVries win the 2026 Alaska governor election?,Will Edna DeVries win the 2026 Alaska governor election?,"This market will resolve according to the candidate who wins the 2026 Alaska gubernatorial election currently scheduled for November 3, 2026.  

If the results of the election are not confirmed by July 31, 2027, this market will resolve to ""Other"".  

The resolution source for this market is the Associated Press, Fox News, and NBC. This market will resolve once all three sources call the race for the same candidate. If all three sources haven’t called the race in Alaska for the same candidate, this market will resolve based on official certification.",,,alaska-governor-election-winner,Alaska Governor Election Winner  ,28749.687505999995,16558.25355,False,2026-11-03T00:00:00Z,"[""48980909355655999335735137257645181263137606430167981969161035375590984102791"", ""64966896006719008074063340757705725595139708147746532030558042213894942485771""]",https://polymarket.com/market/will-edna-devries-win-the-2026-alaska-governor-election,75.0,elections,europe,alaska-governor-election-winner,public_or_macro_driven,False,matched elections keywords,diversity cap: country_or_region=europe
635008,will-matt-heilala-win-the-2026-alaska-governor-election,Will Matt Heilala win the 2026 Alaska governor election?,Will Matt Heilala win the 2026 Alaska governor election?,"This market will resolve according to the candidate who wins the 2026 Alaska gubernatorial election currently scheduled for November 3, 2026.  

If the results of the election are not confirmed by July 31, 2027, this market will resolve to ""Other"".  

The resolution source for this market is the Associated Press, Fox News, and NBC. This market will resolve once all three sources call the race for the same candidate. If all three sources haven’t called the race in Alaska for the same candidate, this market will resolve based on official certification.",,,alaska-governor-election-winner,Alaska Governor Election Winner  ,42455.350326,42480.61045,False,2026-11-03T00:00:00Z,"[""41775449479665930068266329795278714167204411479685732105862933499385131340367"", ""113473521542910478197158103741391826457123704776487916253298517201682293793688""]",https://polymarket.com/market/will-matt-heilala-win-the-2026-alaska-governor-election,75.0,elections,europe,alaska-governor-election-winner,public_or_macro_driven,False,matched elections keywords,diversity cap: country_or_region=europe
635009,will-shelley-hughes-win-the-2026-alaska-governor-election,Will Shelley Hughes win the 2026 Alaska governor election?,Will Shelley Hughes win the 2026 Alaska governor election?,"This market will resolve according to the candidate who wins the 2026 Alaska gubernatorial election currently scheduled for November 3, 2026.  

If the results of the election are not confirmed by July 31, 2027, this market will resolve to ""Other"".  

The resolution source for this market is the Associated Press, Fox News, and NBC. This market will resolve once all three sources call the race for the same candidate. If all three sources haven’t called the race in Alaska for the same candidate, this market will resolve based on official certification.",,,alaska-governor-election-winner,Alaska Governor Election Winner  ,16706.517368,15441.01727,False,2026-11-03T00:00:00Z,"[""29296582863501339972029548154128549466562842084431320516838210161873614946088"", ""104855517422265025076370671183295591131138907769453226583035147182707514195839""]",https://polymarket.com/market/will-shelley-hughes-win-the-2026-alaska-governor-election,75.0,elections,europe,alaska-governor-election-winner,public_or_macro_driven,False,matched elections keywords,diversity cap: country_or_region=europe
559657,will-stephen-a-smith-win-the-2028-democratic-presidential-nomination-914,Will Stephen A. Smith win the 2028 Democratic presidential nomination?,Will Stephen A. Smith win the 2028 Democratic presidential nomination?,"This market will resolve to “Yes” if the named individual wins and accepts the 2028 nomination of the Democratic Party for U.S. president. Otherwise, this market will resolve to “No”.

The resolution source for this market will be a consensus of official Democratic Party sources.

Any replacement of the democratic nominee before election day will not change the resolution of the market.",,,democratic-presidential-nominee-2028,Democratic Presidential Nominee 2028,23042068.776689008,1928860.0984,False,2028-11-07T00:00:00Z,"[""60590045489347122735554346200880179420435533609307820342798544098823516727807"", ""76005700027045000587004110133818166617024719626220722682005164003117993034812""]",https://polymarket.com/market/will-stephen-a-smith-win-the-2028-democratic-presidential-nomination-914,75.0,elections,united_states,democratic-presidential-nominee-2028,public_or_macro_driven,False,matched elections keywords,diversity cap: country_or_region=united_states
561981,will-vivek-ramaswamy-win-the-2028-republican-presidential-nomination,Will Vivek Ramaswamy win the 2028 Republican presidential nomination?,Will Vivek Ramaswamy win the 2028 Republican presidential nomination?,"This market will resolve to “Yes” if the named individual wins and accepts the 2028 nomination of the Republican Party for U.S. president. Otherwise, this market will resolve to “No”.

The resolution source for this market will be a consensus of official Republican Party sources.

Any replacement of the Republican nominee before election day will not change the resolution of the market.",,,republican-presidential-nominee-2028,Republican Presidential Nominee 2028,16109457.071815,679570.28185,False,2028-11-07T00:00:00Z,"[""7847177314809025001842027337093046201021185723933452855314998541165696902642"", ""61638209040977576407645319654548998972645370498978369829582391676362965890344""]",https://polymarket.com/market/will-vivek-ramaswamy-win-the-2028-republican-presidential-nomination,75.0,elections,united_states,republican-presidential-nominee-2028,public_or_macro_driven,False,matched elections keywords,diversity cap: country_or_region=united_states
561263,will-eric-trump-win-the-2028-us-presidential-election,Will Eric Trump win the 2028 US Presidential Election?,Will Eric Trump win the 2028 US Presidential Election?,"The 2028 US Presidential Election is scheduled to take place on November 7, 2028.

This market will resolve to the person who wins the 2028 US Presidential Election.

The resolution source for this market is the Associated Press, Fox News, and NBC. This market will resolve once all three sources call the race for the same candidate. If all three sources haven’t called the race for the same candidate by the inauguration date (January 20, 2029) this market will resolve based on who is inaugurated.",,,presidential-election-winner-2028,Presidential Election Winner 2028,18827926.98076101,2290948.72605,False,2028-11-07T00:00:00Z,"[""67028631656597977031363620447645908995417871899828777750494099295092202422178"", ""92435534412344629891924787958876018882926476169555134960124357040149315497159""]",https://polymarket.com/market/will-eric-trump-win-the-2028-us-presidential-election,75.0,elections,united_states,presidential-election-winner-2028,public_or_macro_driven,False,matched elections keywords,diversity cap: country_or_region=united_states
561265,will-jalen-brunson-win-the-2028-us-presidential-election,Will Jalen Brunson win the 2028 US Presidential Election?,Will Jalen Brunson win the 2028 US Presidential Election?,"The 2028 US Presidential Election is scheduled to take place on November 7, 2028.

This market will resolve to the person who wins the 2028 US Presidential Election.

The resolution source for this market is the Associated Press, Fox News, and NBC. This market will resolve once all three sources call the race for the same candidate. If all three sources haven’t called the race for the same candidate by the inauguration date (January 20, 2029) this market will resolve based on who is inaugurated.",,,presidential-election-winner-2028,Presidential Election Winner 2028,2710577.0446740007,2160878.31184,False,2028-11-07T00:00:00Z,"[""102551965884513878228913656538331960551103243325173310298991321638711054206295"", ""25024096730843207041631203687678604497004516683590537482462688974562400646963""]",https://polymarket.com/market/will-jalen-brunson-win-the-2028-us-presidential-election,75.0,elections,unknown,presidential-election-winner-2028,public_or_macro_driven,False,matched elections keywords,diversity cap: country_or_region=unknown
561266,will-abigail-spanberger-win-the-2028-us-presidential-election,Will Abigail Spanberger win the 2028 US Presidential Election?,Will Abigail Spanberger win the 2028 US Presidential Election?,"The 2028 US Presidential Election is scheduled to take place on November 7, 2028.

This market will resolve to the person who wins the 2028 US Presidential Election.

The resolution source for this market is the Associated Press, Fox News, and NBC. This market will resolve once all three sources call the race for the same candidate. If all three sources haven’t called the race for the same candidate by the inauguration date (January 20, 2029) this market will resolve based on who is inaugurated.",,,presidential-election-winner-2028,Presidential Election Winner 2028,789523.372,1262537.34225,False,2028-11-07T00:00:00Z,"[""26300126250638962432368126833553865841971269530697411678483716322368818562639"", ""56204927946241537265164149462328189883020469254625443960117418316112304974602""]",https://polymarket.com/market/will-abigail-spanberger-win-the-2028-us-presidential-election,75.0,elections,unknown,presidential-election-winner-2028,public_or_macro_driven,False,matched elections keywords,diversity cap: country_or_region=unknown
561267,will-hakeem-jeffries-win-the-2028-us-presidential-election,Will Hakeem Jeffries win the 2028 US Presidential Election?,Will Hakeem Jeffries win the 2028 US Presidential Election?,"The 2028 US Presidential Election is scheduled to take place on November 7, 2028.

This market will resolve to the person who wins the 2028 US Presidential Election.

The resolution source for this market is the Associated Press, Fox News, and NBC. This market will resolve once all three sources call the race for the same candidate. If all three sources haven’t called the race for the same candidate by the inauguration date (January 20, 2029) this market will resolve based on who is inaugurated.",,,presidential-election-winner-2028,Presidential Election Winner 2028,260721.707,1603514.03779,False,2028-11-07T00:00:00Z,"[""27324378907862915329653747321506298712990175671811760510867365204472005456284"", ""92680287057439870681299584384986809628158268708309296202308169106990008539739""]",https://polymarket.com/market/will-hakeem-jeffries-win-the-2028-us-presidential-election,75.0,elections,unknown,presidential-election-winner-2028,public_or_macro_driven,False,matched elections keywords,diversity cap: country_or_region=unknown
561268,will-elissa-slotkin-win-the-2028-us-presidential-election,Will Elissa Slotkin win the 2028 US Presidential Election?,Will Elissa Slotkin win the 2028 US Presidential Election?,"The 2028 US Presidential Election is scheduled to take place on November 7, 2028.

This market will resolve to the person who wins the 2028 US Presidential Election.

The resolution source for this market is the Associated Press, Fox News, and NBC. This market will resolve once all three sources call the race for the same candidate. If all three sources haven’t called the race for the same candidate by the inauguration date (January 20, 2029) this market will resolve based on who is inaugurated.",,,presidential-election-winner-2028,Presidential Election Winner 2028,504656.334666,1935918.31297,False,2028-11-07T00:00:00Z,"[""48603794625473459817558518297806850992009615470611080215039575427157653927669"", ""52728319505612554616109154570709065358779880697251731838206843628919066236833""]",https://polymarket.com/market/will-elissa-slotkin-win-the-2028-us-presidential-election,75.0,elections,unknown,presidential-election-winner-2028,public_or_macro_driven,False,matched elections keywords,diversity cap: country_or_region=unknown
561269,will-adam-schiff-win-the-2028-us-presidential-election,Will Adam Schiff win the 2028 US Presidential Election?,Will Adam Schiff win the 2028 US Presidential Election?,"The 2028 US Presidential Election is scheduled to take place on November 7, 2028.

This market will resolve to the person who wins the 2028 US Presidential Election.

The resolution source for this market is the Associated Press, Fox News, and NBC. This market will resolve once all three sources call the race for the same candidate. If all three sources haven’t called the race for the same candidate by the inauguration date (January 20, 2029) this market will resolve based on who is inaugurated.",,,presidential-election-winner-2028,Presidential Election Winner 2028,933052.2969999999,1859891.36261,False,2028-11-07T00:00:00Z,"[""41714979268040478071540687092470339003658632436860166518888808949878005742810"", ""64861611938661374970167075583118094920857040813468137850797111348162445000117""]",https://polymarket.com/market/will-adam-schiff-win-the-2028-us-presidential-election,75.0,elections,unknown,presidential-election-winner-2028,public_or_macro_driven,False,matched elections keywords,diversity cap: country_or_region=unknown
561270,will-josh-stein-win-the-2028-us-presidential-election,Will Josh Stein win the 2028 US Presidential Election?,Will Josh Stein win the 2028 US Presidential Election?,"The 2028 US Presidential Election is scheduled to take place on November 7, 2028.

This market will resolve to the person who wins the 2028 US Presidential Election.

The resolution source for this market is the Associated Press, Fox News, and NBC. This market will resolve once all three sources call the race for the same candidate. If all three sources haven’t called the race for the same candidate by the inauguration date (January 20, 2029) this market will resolve based on who is inaugurated.",,,presidential-election-winner-2028,Presidential Election Winner 2028,1023066.764,1932316.97511,False,2028-11-07T00:00:00Z,"[""81914651028896069221591777664987513664858213907907450367169656205040430609207"", ""65690056973061661242675346311703362078774633474188031871609738459615961194811""]",https://polymarket.com/market/will-josh-stein-win-the-2028-us-presidential-election,75.0,elections,unknown,presidential-election-winner-2028,public_or_macro_driven,False,matched elections keywords,diversity cap: country_or_region=unknown
561271,will-alex-padilla-win-the-2028-us-presidential-election,Will Alex Padilla win the 2028 US Presidential Election?,Will Alex Padilla win the 2028 US Presidential Election?,"The 2028 US Presidential Election is scheduled to take place on November 7, 2028.

This market will resolve to the person who wins the 2028 US Presidential Election.

The resolution source for this market is the Associated Press, Fox News, and NBC. This market will resolve once all three sources call the race for the same candidate. If all three sources haven’t called the race for the same candidate by the inauguration date (January 20, 2029) this market will resolve based on who is inaugurated.",,,presidential-election-winner-2028,Presidential Election Winner 2028,835611.452,1909815.32379,False,2028-11-07T00:00:00Z,"[""111275251472058072508619811663710362197823477418115657686883100870313266336765"", ""17525279555198427422522944312175513306451262897003545478403196837987378558377""]",https://polymarket.com/market/will-alex-padilla-win-the-2028-us-presidential-election,75.0,elections,unknown,presidential-election-winner-2028,public_or_macro_driven,False,matched elections keywords,diversity cap: country_or_region=unknown
561272,will-candace-owens-win-the-2028-us-presidential-election,Will Candace Owens win the 2028 US Presidential Election?,Will Candace Owens win the 2028 US Presidential Election?,"The 2028 US Presidential Election is scheduled to take place on November 7, 2028.

This market will resolve to the person who wins the 2028 US Presidential Election.

The resolution source for this market is the Associated Press, Fox News, and NBC. This market will resolve once all three sources call the race for the same candidate. If all three sources haven’t called the race for the same candidate by the inauguration date (January 20, 2029) this market will resolve based on who is inaugurated.",,,presidential-election-winner-2028,Presidential Election Winner 2028,519544.4770000001,1878988.97054,False,2028-11-07T00:00:00Z,"[""30592713517693064640872287798282181889924970160995509574203628557763502328846"", ""63747459676140983983119370335862836972776944721638042677139477092813941329379""]",https://polymarket.com/market/will-candace-owens-win-the-2028-us-presidential-election,75.0,elections,unknown,presidential-election-winner-2028,public_or_macro_driven,False,matched elections keywords,diversity cap: country_or_region=unknown
561273,will-tim-scott-win-the-2028-us-presidential-election,Will Tim Scott win the 2028 US Presidential Election?,Will Tim Scott win the 2028 US Presidential Election?,"The 2028 US Presidential Election is scheduled to take place on November 7, 2028.

This market will resolve to the person who wins the 2028 US Presidential Election.

The resolution source for this market is the Associated Press, Fox News, and NBC. This market will resolve once all three sources call the race for the same candidate. If all three sources haven’t called the race for the same candidate by the inauguration date (January 20, 2029) this market will resolve based on who is inaugurated.",,,presidential-election-winner-2028,Presidential Election Winner 2028,378977.880833,1835058.42011,False,2028-11-07T00:00:00Z,"[""24908228760416922213612434617001183346078469158297998009944252494961344688838"", ""11859092901364772208765529642173057538268245606218298881278208061029457183888""]",https://polymarket.com/market/will-tim-scott-win-the-2028-us-presidential-election,75.0,elections,unknown,presidential-election-winner-2028,public_or_macro_driven,False,matched elections keywords,diversity cap: country_or_region=unknown
561242,will-tulsi-gabbard-win-the-2028-us-presidential-election,Will Tulsi Gabbard win the 2028 US Presidential Election?,Will Tulsi Gabbard win the 2028 US Presidential Election?,"The 2028 US Presidential Election is scheduled to take place on November 7, 2028.

This market will resolve to the person who wins the 2028 US Presidential Election.

The resolution source for this market is the Associated Press, Fox News, and NBC. This market will resolve once all three sources call the race for the same candidate. If all three sources haven’t called the race for the same candidate by the inauguration date (January 20, 2029) this market will resolve based on who is inaugurated.",,,presidential-election-winner-2028,Presidential Election Winner 2028,35374530.78425899,1665861.63942,False,2028-11-07T00:00:00Z,"[""97633418272282627828834872960145259034624388719803091466146359304286851612172"", ""17854429586516792397214557963923647011517685971868312042416963526864862523185""]",https://polymarket.com/market/will-tulsi-gabbard-win-the-2028-us-presidential-election,75.0,elections,unknown,presidential-election-winner-2028,public_or_macro_driven,False,matched elections keywords,diversity cap: country_or_region=unknown
561243,will-donald-trump-win-the-2028-us-presidential-election,Will Donald Trump win the 2028 US Presidential Election?,Will Donald Trump win the 2028 US Presidential Election?,"The 2028 US Presidential Election is scheduled to take place on November 7, 2028.

This market will resolve to the person who wins the 2028 US Presidential Election.

The resolution source for this market is the Associated Press, Fox News, and NBC. This market will resolve once all three sources call the race for the same candidate. If all three sources haven’t called the race for the same candidate by the inauguration date (January 20, 2029) this market will resolve based on who is inaugurated.",,,presidential-election-winner-2028,Presidential Election Winner 2028,10555198.393867992,680751.98646,False,2028-11-07T00:00:00Z,"[""11807691644868166983390207408868795383945915035851758101409310535538572683733"", ""72656506786460378316387284276713856836841708169262528054985577978493419440428""]",https://polymarket.com/market/will-donald-trump-win-the-2028-us-presidential-election,75.0,elections,united_states,presidential-election-winner-2028,public_or_macro_driven,False,matched elections keywords,diversity cap: country_or_region=united_states
561244,will-donald-trump-jr-win-the-2028-us-presidential-election,Will Donald Trump Jr. win the 2028 US Presidential Election?,Will Donald Trump Jr. win the 2028 US Presidential Election?,"The 2028 US Presidential Election is scheduled to take place on November 7, 2028.

This market will resolve to the person who wins the 2028 US Presidential Election.

The resolution source for this market is the Associated Press, Fox News, and NBC. This market will resolve once all three sources call the race for the same candidate. If all three sources haven’t called the race for the same candidate by the inauguration date (January 20, 2029) this market will resolve based on who is inaugurated.",,,presidential-election-winner-2028,Presidential Election Winner 2028,13810054.004798006,951112.1493,False,2028-11-07T00:00:00Z,"[""77660944053451874285291959901958937238149180369572698706675030657716494119346"", ""52761630651452310319295064365704431564140478140269624735570317771849185169635""]",https://polymarket.com/market/will-donald-trump-jr-win-the-2028-us-presidential-election,75.0,elections,united_states,presidential-election-winner-2028,public_or_macro_driven,False,matched elections keywords,diversity cap: country_or_region=united_states
561264,will-pete-hegseth-win-the-2028-us-presidential-election,Will Pete Hegseth win the 2028 US Presidential Election?,Will Pete Hegseth win the 2028 US Presidential Election?,"The 2028 US Presidential Election is scheduled to take place on November 7, 2028.

This market will resolve to the person who wins the 2028 US Presidential Election.

The resolution source for this market is the Associated Press, Fox News, and NBC. This market will resolve once all three sources call the race for the same candidate. If all three sources haven’t called the race for the same candidate by the inauguration date (January 20, 2029) this market will resolve based on who is inaugurated.",,,presidential-election-winner-2028,Presidential Election Winner 2028,10340157.636485996,1337999.75003,False,2028-11-07T00:00:00Z,"[""19127703543758281171764934244436807153695715307017908811054254126168591609122"", ""55988424779505974483153818818889528404380009581145395352086864710928569072171""]",https://polymarket.com/market/will-pete-hegseth-win-the-2028-us-presidential-election,75.0,elections,unknown,presidential-election-winner-2028,public_or_macro_driven,False,matched elections keywords,diversity cap: country_or_region=unknown
562014,will-john-n-kennedy-win-the-2028-republican-presidential-nomination,Will John N. Kennedy win the 2028 Republican presidential nomination?,Will John N. Kennedy win the 2028 Republican presidential nomination?,"This market will resolve to “Yes” if the named individual wins and accepts the 2028 nomination of the Republican Party for U.S. president. Otherwise, this market will resolve to “No”.

The resolution source for this market will be a consensus of official Republican Party sources.

Any replacement of the Republican nominee before election day will not change the resolution of the market.",,,republican-presidential-nominee-2028,Republican Presidential Nominee 2028,436480.562,1279415.31117,False,2028-11-07T00:00:00Z,"[""52127875867399588054194710342778109102486347178324348183699958260007957798072"", ""102692434673241315471428412526452716105300637006077337435076015428674181452604""]",https://polymarket.com/market/will-john-n-kennedy-win-the-2028-republican-presidential-nomination,75.0,elections,united_states,republican-presidential-nominee-2028,public_or_macro_driven,False,matched elections keywords,diversity cap: country_or_region=united_states
561982,will-sarah-huckabee-sanders-win-the-2028-republican-presidential-nomination,Will Sarah Huckabee Sanders win the 2028 Republican presidential nomination?,Will Sarah Huckabee Sanders win the 2028 Republican presidential nomination?,"This market will resolve to “Yes” if the named individual wins and accepts the 2028 nomination of the Republican Party for U.S. president. Otherwise, this market will resolve to “No”.

The resolution source for this market will be a consensus of official Republican Party sources.

Any replacement of the Republican nominee before election day will not change the resolution of the market.",,,republican-presidential-nominee-2028,Republican Presidential Nominee 2028,34620414.583975,1994956.38139,False,2028-11-07T00:00:00Z,"[""35019878675696902444730611385908114488958639217305639231975258218416576501435"", ""56675537260019219223601219755487607959534973218119249587935401577859164512735""]",https://polymarket.com/market/will-sarah-huckabee-sanders-win-the-2028-republican-presidential-nomination,75.0,elections,united_states,republican-presidential-nominee-2028,public_or_macro_driven,False,matched elections keywords,diversity cap: country_or_region=united_states
561983,will-greg-abbott-win-the-2028-republican-presidential-nomination,Will Greg Abbott win the 2028 Republican presidential nomination?,Will Greg Abbott win the 2028 Republican presidential nomination?,"This market will resolve to “Yes” if the named individual wins and accepts the 2028 nomination of the Republican Party for U.S. president. Otherwise, this market will resolve to “No”.

The resolution source for this market will be a consensus of official Republican Party sources.

Any replacement of the Republican nominee before election day will not change the resolution of the market.",,,republican-presidential-nominee-2028,Republican Presidential Nominee 2028,21338613.875706,1221055.55053,False,2028-11-07T00:00:00Z,"[""51109358167525503124101840618196204295486048568333812245607026343682053354150"", ""105260987547015135110430961088356552513173217328170504644895138366924523280544""]",https://polymarket.com/market/will-greg-abbott-win-the-2028-republican-presidential-nomination,75.0,elections,united_states,republican-presidential-nominee-2028,public_or_macro_driven,False,matched elections keywords,diversity cap: country_or_region=united_states
561984,will-robert-f-kennedy-jr-win-the-2028-republican-presidential-nomination,Will Robert F. Kennedy Jr. win the 2028 Republican presidential nomination?,Will Robert F. Kennedy Jr. win the 2028 Republican presidential nomination?,"This market will resolve to “Yes” if the named individual wins and accepts the 2028 nomination of the Republican Party for U.S. president. Otherwise, this market will resolve to “No”.

The resolution source for this market will be a consensus of official Republican Party sources.

Any replacement of the Republican nominee before election day will not change the resolution of the market.",,,republican-presidential-nominee-2028,Republican Presidential Nominee 2028,16838920.77334601,1757459.71307,False,2028-11-07T00:00:00Z,"[""85795532452312461688342921814235563171225750416821603832877839950165564679042"", ""39330841918533865878755515006696866431225622573860977548617538419162581783990""]",https://polymarket.com/market/will-robert-f-kennedy-jr-win-the-2028-republican-presidential-nomination,75.0,elections,united_states,republican-presidential-nominee-2028,public_or_macro_driven,False,matched elections keywords,diversity cap: country_or_region=united_states
561985,will-brian-kemp-win-the-2028-republican-presidential-nomination,Will Brian Kemp win the 2028 Republican presidential nomination?,Will Brian Kemp win the 2028 Republican presidential nomination?,"This market will resolve to “Yes” if the named individual wins and accepts the 2028 nomination of the Republican Party for U.S. president. Otherwise, this market will resolve to “No”.

The resolution source for this market will be a consensus of official Republican Party sources.

Any replacement of the Republican nominee before election day will not change the resolution of the market.",,,republican-presidential-nominee-2028,Republican Presidential Nominee 2028,17937040.989737,763324.7462,False,2028-11-07T00:00:00Z,"[""109121432238307135312607668741094299588249627783575654034498708660414246884093"", ""26528147249337195767129586250556983229143036006556368874091657477633405171243""]",https://polymarket.com/market/will-brian-kemp-win-the-2028-republican-presidential-nomination,75.0,elections,united_states,republican-presidential-nominee-2028,public_or_macro_driven,False,matched elections keywords,diversity cap: country_or_region=united_states
561986,will-byron-donalds-win-the-2028-republican-presidential-nomination,Will Byron Donalds win the 2028 Republican presidential nomination?,Will Byron Donalds win the 2028 Republican presidential nomination?,"This market will resolve to “Yes” if the named individual wins and accepts the 2028 nomination of the Republican Party for U.S. president. Otherwise, this market will resolve to “No”.

The resolution source for this market will be a consensus of official Republican Party sources.

Any replacement of the Republican nominee before election day will not change the resolution of the market.",,,republican-presidential-nominee-2028,Republican Presidential Nominee 2028,44421105.82040201,2068351.05793,False,2028-11-07T00:00:00Z,"[""311624663652221737215322113380496984764966764039692273354641152455298576851"", ""43292374563904271719486871569114922516560719431752184778538513591321835161630""]",https://polymarket.com/market/will-byron-donalds-win-the-2028-republican-presidential-nomination,75.0,elections,united_states,republican-presidential-nominee-2028,public_or_macro_driven,False,matched elections keywords,diversity cap: country_or_region=united_states
561987,will-elise-stefanik-win-the-2028-republican-presidential-nomination,Will Elise Stefanik win the 2028 Republican presidential nomination?,Will Elise Stefanik win the 2028 Republican presidential nomination?,"This market will resolve to “Yes” if the named individual wins and accepts the 2028 nomination of the Republican Party for U.S. president. Otherwise, this market will resolve to “No”.

The resolution source for this market will be a consensus of official Republican Party sources.

Any replacement of the Republican nominee before election day will not change the resolution of the market.",,,republican-presidential-nominee-2028,Republican Presidential Nominee 2028,27990573.190554023,2234980.81414,False,2028-11-07T00:00:00Z,"[""46762065358788748743762617584400316865170283087328708370205000691002445395596"", ""6106142631847917497743561296507558396893160722310876727437797090897927202403""]",https://polymarket.com/market/will-elise-stefanik-win-the-2028-republican-presidential-nomination,75.0,elections,united_states,republican-presidential-nominee-2028,public_or_macro_driven,False,matched elections keywords,diversity cap: country_or_region=united_states
561988,will-josh-hawley-win-the-2028-republican-presidential-nomination,Will Josh Hawley win the 2028 Republican presidential nomination?,Will Josh Hawley win the 2028 Republican presidential nomination?,"This market will resolve to “Yes” if the named individual wins and accepts the 2028 nomination of the Republican Party for U.S. president. Otherwise, this market will resolve to “No”.

The resolution source for this market will be a consensus of official Republican Party sources.

Any replacement of the Republican nominee before election day will not change the resolution of the market.",,,republican-presidential-nominee-2028,Republican Presidential Nominee 2028,20408196.659514006,962263.32233,False,2028-11-07T00:00:00Z,"[""16959950591508656523048029588253513417107455151269158025695062757254216051157"", ""67257241906349232705880054817671247803154024437556078414309396160231441958063""]",https://polymarket.com/market/will-josh-hawley-win-the-2028-republican-presidential-nomination,75.0,elections,united_states,republican-presidential-nominee-2028,public_or_macro_driven,False,matched elections keywords,diversity cap: country_or_region=united_states
561989,will-ted-cruz-win-the-2028-republican-presidential-nomination,Will Ted Cruz win the 2028 Republican presidential nomination?,Will Ted Cruz win the 2028 Republican presidential nomination?,"This market will resolve to “Yes” if the named individual wins and accepts the 2028 nomination of the Republican Party for U.S. president. Otherwise, this market will resolve to “No”.

The resolution source for this market will be a consensus of official Republican Party sources.

Any replacement of the Republican nominee before election day will not change the resolution of the market.",,,republican-presidential-nominee-2028,Republican Presidential Nominee 2028,19451500.448439986,775732.06474,False,2028-11-07T00:00:00Z,"[""75602319799101799832214450648958470414659751617273540482126444460192042893239"", ""67427191791815068910367164354907762897739120962449893449251138341231627575633""]",https://polymarket.com/market/will-ted-cruz-win-the-2028-republican-presidential-nomination,75.0,elections,united_states,republican-presidential-nominee-2028,public_or_macro_driven,False,matched elections keywords,diversity cap: country_or_region=united_states
561990,will-elon-musk-win-the-2028-republican-presidential-nomination,Will Elon Musk win the 2028 Republican presidential nomination?,Will Elon Musk win the 2028 Republican presidential nomination?,"This market will resolve to “Yes” if the named individual wins and accepts the 2028 nomination of the Republican Party for U.S. president. Otherwise, this market will resolve to “No”.

The resolution source for this market will be a consensus of official Republican Party sources.

Any replacement of the Republican nominee before election day will not change the resolution of the market.",,,republican-presidential-nominee-2028,Republican Presidential Nominee 2028,31382119.434576005,1295093.30132,False,2028-11-07T00:00:00Z,"[""97933607699985149274021900377397416175605196663149372937380275158258659161873"", ""91654279459782700285030880702186010885362170180157997195869175981321159591151""]",https://polymarket.com/market/will-elon-musk-win-the-2028-republican-presidential-nomination,75.0,elections,united_states,republican-presidential-nominee-2028,public_or_macro_driven,False,matched elections keywords,diversity cap: country_or_region=united_states
561991,will-matt-gaetz-win-the-2028-republican-presidential-nomination,Will Matt Gaetz win the 2028 Republican presidential nomination?,Will Matt Gaetz win the 2028 Republican presidential nomination?,"This market will resolve to “Yes” if the named individual wins and accepts the 2028 nomination of the Republican Party for U.S. president. Otherwise, this market will resolve to “No”.

The resolution source for this market will be a consensus of official Republican Party sources.

Any replacement of the Republican nominee before election day will not change the resolution of the market.",,,republican-presidential-nominee-2028,Republican Presidential Nominee 2028,20410117.635418005,2127921.94642,False,2028-11-07T00:00:00Z,"[""21684611233679565633387313395955873024927822291738934804105644401703825367322"", ""84095293813293852486357602606048386507591460335706798271998543834668723932068""]",https://polymarket.com/market/will-matt-gaetz-win-the-2028-republican-presidential-nomination,75.0,elections,united_states,republican-presidential-nominee-2028,public_or_macro_driven,False,matched elections keywords,diversity cap: country_or_region=united_states
561992,will-katie-britt-win-the-2028-republican-presidential-nomination,Will Katie Britt win the 2028 Republican presidential nomination?,Will Katie Britt win the 2028 Republican presidential nomination?,"This market will resolve to “Yes” if the named individual wins and accepts the 2028 nomination of the Republican Party for U.S. president. Otherwise, this market will resolve to “No”.

The resolution source for this market will be a consensus of official Republican Party sources.

Any replacement of the Republican nominee before election day will not change the resolution of the market.",,,republican-presidential-nominee-2028,Republican Presidential Nominee 2028,28966084.67478102,1975814.28542,False,2028-11-07T00:00:00Z,"[""42282542821681724515855150589432262778581936160356547088323204270366545065655"", ""16356411122994156106976113515543626616680005491893556174464804958397610666717""]",https://polymarket.com/market/will-katie-britt-win-the-2028-republican-presidential-nomination,75.0,elections,united_states,republican-presidential-nominee-2028,public_or_macro_driven,False,matched elections keywords,diversity cap: country_or_region=united_states
561975,will-marco-rubio-win-the-2028-republican-presidential-nomination,Will Marco Rubio win the 2028 Republican presidential nomination?,Will Marco Rubio win the 2028 Republican presidential nomination?,"This market will resolve to “Yes” if the named individual wins and accepts the 2028 nomination of the Republican Party for U.S. president. Otherwise, this market will resolve to “No”.

The resolution source for this market will be a consensus of official Republican Party sources.

Any replacement of the Republican nominee before election day will not change the resolution of the market.",,,republican-presidential-nominee-2028,Republican Presidential Nominee 2028,10669524.902143005,337539.36227,False,2028-11-07T00:00:00Z,"[""13565458761220145250977753098276900790902214604876327357986816739576288755859"", ""75720156002519829912361786945091022242706922246722836126941546028340974330171""]",https://polymarket.com/market/will-marco-rubio-win-the-2028-republican-presidential-nomination,75.0,elections,united_states,republican-presidential-nominee-2028,public_or_macro_driven,False,matched elections keywords,diversity cap: country_or_region=united_states
561994,will-kristi-noem-win-the-2028-republican-presidential-nomination,Will Kristi Noem win the 2028 Republican presidential nomination?,Will Kristi Noem win the 2028 Republican presidential nomination?,"This market will resolve to “Yes” if the named individual wins and accepts the 2028 nomination of the Republican Party for U.S. president. Otherwise, this market will resolve to “No”.

The resolution source for this market will be a consensus of official Republican Party sources.

Any replacement of the Republican nominee before election day will not change the resolution of the market.",,,republican-presidential-nominee-2028,Republican Presidential Nominee 2028,37655658.76409902,2016208.24822,False,2028-11-07T00:00:00Z,"[""46777072088650922464797852907503479539785178123001199763117403684202580813104"", ""72681113618462806097972236701451065622180139607703509985766492272651534581276""]",https://polymarket.com/market/will-kristi-noem-win-the-2028-republican-presidential-nomination,75.0,elections,united_states,republican-presidential-nominee-2028,public_or_macro_driven,False,matched elections keywords,diversity cap: country_or_region=united_states
561995,will-mike-pence-win-the-2028-republican-presidential-nomination,Will Mike Pence win the 2028 Republican presidential nomination?,Will Mike Pence win the 2028 Republican presidential nomination?,"This market will resolve to “Yes” if the named individual wins and accepts the 2028 nomination of the Republican Party for U.S. president. Otherwise, this market will resolve to “No”.

The resolution source for this market will be a consensus of official Republican Party sources.

Any replacement of the Republican nominee before election day will not change the resolution of the market.",,,republican-presidential-nominee-2028,Republican Presidential Nominee 2028,43711351.06743104,1831398.66021,False,2028-11-07T00:00:00Z,"[""110467341601356058460373968989438018821471776813704553223329002744055822742107"", ""11478861872612841666414979216747716059947331582670297431884562915546151249374""]",https://polymarket.com/market/will-mike-pence-win-the-2028-republican-presidential-nomination,75.0,elections,united_states,republican-presidential-nominee-2028,public_or_macro_driven,False,matched elections keywords,diversity cap: country_or_region=united_states
561996,will-tucker-carlson-win-the-2028-republican-presidential-nomination,Will Tucker Carlson win the 2028 Republican presidential nomination?,Will Tucker Carlson win the 2028 Republican presidential nomination?,"This market will resolve to “Yes” if the named individual wins and accepts the 2028 nomination of the Republican Party for U.S. president. Otherwise, this market will resolve to “No”.

The resolution source for this market will be a consensus of official Republican Party sources.

Any replacement of the Republican nominee before election day will not change the resolution of the market.",,,republican-presidential-nominee-2028,Republican Presidential Nominee 2028,13799679.819097996,265037.26663,False,2028-11-07T00:00:00Z,"[""78994573210477487932611223094751007094801552166562252085708682076112788032998"", ""8140793935596394912663577132141762112024484538385519683062085870219967913900""]",https://polymarket.com/market/will-tucker-carlson-win-the-2028-republican-presidential-nomination,75.0,elections,united_states,republican-presidential-nominee-2028,public_or_macro_driven,False,matched elections keywords,diversity cap: country_or_region=united_states
561998,will-ivanka-trump-win-the-2028-republican-presidential-nomination,Will Ivanka Trump win the 2028 Republican presidential nomination?,Will Ivanka Trump win the 2028 Republican presidential nomination?,"This market will resolve to “Yes” if the named individual wins and accepts the 2028 nomination of the Republican Party for U.S. president. Otherwise, this market will resolve to “No”.

The resolution source for this market will be a consensus of official Republican Party sources.

Any replacement of the Republican nominee before election day will not change the resolution of the market.",,,republican-presidential-nominee-2028,Republican Presidential Nominee 2028,8566565.984647,765195.49694,False,2028-11-07T00:00:00Z,"[""64219883837418173804780196379638150140562767673275103175135949850170609939649"", ""38205061485482832990648495179350163959936416627781540057460551493511094122497""]",https://polymarket.com/market/will-ivanka-trump-win-the-2028-republican-presidential-nomination,75.0,elections,united_states,republican-presidential-nominee-2028,public_or_macro_driven,False,matched elections keywords,diversity cap: country_or_region=united_states
561274,will-mike-johnson-win-the-2028-us-presidential-election,Will Mike Johnson win the 2028 US Presidential Election?,Will Mike Johnson win the 2028 US Presidential Election?,"The 2028 US Presidential Election is scheduled to take place on November 7, 2028.

This market will resolve to the person who wins the 2028 US Presidential Election.

The resolution source for this market is the Associated Press, Fox News, and NBC. This market will resolve once all three sources call the race for the same candidate. If all three sources haven’t called the race for the same candidate by the inauguration date (January 20, 2029) this market will resolve based on who is inaugurated.",,,presidential-election-winner-2028,Presidential Election Winner 2028,363010.176,1589453.79478,False,2028-11-07T00:00:00Z,"[""12167445601241038494598627746141164571603283042691642667221433294800793091205"", ""9840968653599928014975758860003361924335058077946108821235343614820040422707""]",https://polymarket.com/market/will-mike-johnson-win-the-2028-us-presidential-election,75.0,elections,unknown,presidential-election-winner-2028,public_or_macro_driven,False,matched elections keywords,diversity cap: country_or_region=unknown
561275,will-doug-burgum-win-the-2028-us-presidential-election,Will Doug Burgum win the 2028 US Presidential Election?,Will Doug Burgum win the 2028 US Presidential Election?,"The 2028 US Presidential Election is scheduled to take place on November 7, 2028.

This market will resolve to the person who wins the 2028 US Presidential Election.

The resolution source for this market is the Associated Press, Fox News, and NBC. This market will resolve once all three sources call the race for the same candidate. If all three sources haven’t called the race for the same candidate by the inauguration date (January 20, 2029) this market will resolve based on who is inaugurated.",,,presidential-election-winner-2028,Presidential Election Winner 2028,386102.186333,1690039.72596,False,2028-11-07T00:00:00Z,"[""94314941650039047289265493612932677665453822154521043846008907983710285812703"", ""95884527968430507361099486487437375025232177441474571920519522278338971837411""]",https://polymarket.com/market/will-doug-burgum-win-the-2028-us-presidential-election,75.0,elections,unknown,presidential-election-winner-2028,public_or_macro_driven,False,matched elections keywords,diversity cap: country_or_region=unknown
561276,will-tom-cotton-win-the-2028-us-presidential-election,Will Tom Cotton win the 2028 US Presidential Election?,Will Tom Cotton win the 2028 US Presidential Election?,"The 2028 US Presidential Election is scheduled to take place on November 7, 2028.

This market will resolve to the person who wins the 2028 US Presidential Election.

The resolution source for this market is the Associated Press, Fox News, and NBC. This market will resolve once all three sources call the race for the same candidate. If all three sources haven’t called the race for the same candidate by the inauguration date (January 20, 2029) this market will resolve based on who is inaugurated.",,,presidential-election-winner-2028,Presidential Election Winner 2028,1519463.5425000002,1802060.76725,False,2028-11-07T00:00:00Z,"[""56114071801627868962796345927407759352134024540758530261292405761584104631958"", ""699760440443572634226889331587639832193469028348897842277726584908934436456""]",https://polymarket.com/market/will-tom-cotton-win-the-2028-us-presidential-election,75.0,elections,unknown,presidential-election-winner-2028,public_or_macro_driven,False,matched elections keywords,diversity cap: country_or_region=unknown
561277,will-john-n-kennedy-win-the-2028-us-presidential-election,Will John N. Kennedy win the 2028 US Presidential Election?,Will John N. Kennedy win the 2028 US Presidential Election?,"The 2028 US Presidential Election is scheduled to take place on November 7, 2028.

This market will resolve to the person who wins the 2028 US Presidential Election.

The resolution source for this market is the Associated Press, Fox News, and NBC. This market will resolve once all three sources call the race for the same candidate. If all three sources haven’t called the race for the same candidate by the inauguration date (January 20, 2029) this market will resolve based on who is inaugurated.",,,presidential-election-winner-2028,Presidential Election Winner 2028,374917.070666,1861188.2969,False,2028-11-07T00:00:00Z,"[""61376537780820968688230468137773433996457038190018192165125329985229525512432"", ""114175369505129800799572542329404562938075095795159790523829595510726319985568""]",https://polymarket.com/market/will-john-n-kennedy-win-the-2028-us-presidential-election,75.0,elections,unknown,presidential-election-winner-2028,public_or_macro_driven,False,matched elections keywords,diversity cap: country_or_region=unknown
561278,will-rick-scott-win-the-2028-us-presidential-election,Will Rick Scott win the 2028 US Presidential Election?,Will Rick Scott win the 2028 US Presidential Election?,"The 2028 US Presidential Election is scheduled to take place on November 7, 2028.

This market will resolve to the person who wins the 2028 US Presidential Election.

The resolution source for this market is the Associated Press, Fox News, and NBC. This market will resolve once all three sources call the race for the same candidate. If all three sources haven’t called the race for the same candidate by the inauguration date (January 20, 2029) this market will resolve based on who is inaugurated.",,,presidential-election-winner-2028,Presidential Election Winner 2028,489864.36399999994,1832056.54333,False,2028-11-07T00:00:00Z,"[""87585684272089146836087133268410753291623456331972637059302024009373916951268"", ""66458687815541994518651074424584986682918925123399399704368725020566855056846""]",https://polymarket.com/market/will-rick-scott-win-the-2028-us-presidential-election,75.0,elections,unknown,presidential-election-winner-2028,public_or_macro_driven,False,matched elections keywords,diversity cap: country_or_region=unknown
561279,will-person-ad-win-the-2028-us-presidential-election,Will Mark Kelly win the 2028 US Presidential Election?,Will Mark Kelly win the 2028 US Presidential Election?,"The 2028 US Presidential Election is scheduled to take place on November 7, 2028.

This market will resolve to the person who wins the 2028 US Presidential Election.

The resolution source for this market is the Associated Press, Fox News, and NBC. This market will resolve once all three sources call the race for the same candidate. If all three sources haven’t called the race for the same candidate by the inauguration date (January 20, 2029) this market will resolve based on who is inaugurated.",,,presidential-election-winner-2028,Presidential Election Winner 2028,702442.052241,275544.68515,False,2028-11-07T00:00:00Z,"[""82484367794922542194748130898709267498229902036004201791332178634402889282171"", ""89821015669503537422389095428651648457077040845329428560948484811370716592120""]",https://polymarket.com/market/will-person-ad-win-the-2028-us-presidential-election,75.0,elections,unknown,presidential-election-winner-2028,public_or_macro_driven,False,matched elections keywords,diversity cap: country_or_region=unknown
561280,will-person-ae-win-the-2028-us-presidential-election,Will Raphael Warnock win the 2028 US Presidential Election?,Will Raphael Warnock win the 2028 US Presidential Election?,"The 2028 US Presidential Election is scheduled to take place on November 7, 2028.

This market will resolve to the person who wins the 2028 US Presidential Election.

The resolution source for this market is the Associated Press, Fox News, and NBC. This market will resolve once all three sources call the race for the same candidate. If all three sources haven’t called the race for the same candidate by the inauguration date (January 20, 2029) this market will resolve based on who is inaugurated.",,,presidential-election-winner-2028,Presidential Election Winner 2028,691083.4788330001,233736.85195,False,2028-11-07T00:00:00Z,"[""5019810753168153471323122473105082718702229310401435759781569586768450866932"", ""40124365841715577281967397943205975756839079590013082886367841247396523029061""]",https://polymarket.com/market/will-person-ae-win-the-2028-us-presidential-election,75.0,elections,unknown,presidential-election-winner-2028,public_or_macro_driven,False,matched elections keywords,diversity cap: country_or_region=unknown
561973,will-donald-trump-win-the-2028-republican-presidential-nomination,Will Donald Trump win the 2028 Republican presidential nomination?,Will Donald Trump win the 2028 Republican presidential nomination?,"This market will resolve to “Yes” if the named individual wins and accepts the 2028 nomination of the Republican Party for U.S. president. Otherwise, this market will resolve to “No”.

The resolution source for this market will be a consensus of official Republican Party sources.

Any replacement of the Republican nominee before election day will not change the resolution of the market.",,,republican-presidential-nominee-2028,Republican Presidential Nominee 2028,9573837.115665004,344096.95256,False,2028-11-07T00:00:00Z,"[""3039641309958397001906153616677074061284510636204155275446291716739429262374"", ""27828976648682466778776999076215423777766972981338264154049603024771135223200""]",https://polymarket.com/market/will-donald-trump-win-the-2028-republican-presidential-nomination,75.0,elections,united_states,republican-presidential-nominee-2028,public_or_macro_driven,False,matched elections keywords,diversity cap: country_or_region=united_states
561974,will-jd-vance-win-the-2028-republican-presidential-nomination,Will J.D. Vance win the 2028 Republican presidential nomination?,Will J.D. Vance win the 2028 Republican presidential nomination?,"This market will resolve to “Yes” if the named individual wins and accepts the 2028 nomination of the Republican Party for U.S. president. Otherwise, this market will resolve to “No”.

The resolution source for this market will be a consensus of official Republican Party sources.

Any replacement of the Republican nominee before election day will not change the resolution of the market.",,,republican-presidential-nominee-2028,Republican Presidential Nominee 2028,15677719.961991997,386136.71829,False,2028-11-07T00:00:00Z,"[""40081275558852222228080198821361202017557872256707631666334039001378518619916"", ""78633590736077251574794513664747155551297291244492840448622550955320930591622""]",https://polymarket.com/market/will-jd-vance-win-the-2028-republican-presidential-nomination,75.0,elections,united_states,republican-presidential-nominee-2028,public_or_macro_driven,False,matched elections keywords,diversity cap: country_or_region=united_states
561993,will-john-thune-win-the-2028-republican-presidential-nomination,Will John Thune win the 2028 Republican presidential nomination?,Will John Thune win the 2028 Republican presidential nomination?,"This market will resolve to “Yes” if the named individual wins and accepts the 2028 nomination of the Republican Party for U.S. president. Otherwise, this market will resolve to “No”.

The resolution source for this market will be a consensus of official Republican Party sources.

Any replacement of the Republican nominee before election day will not change the resolution of the market.",,,republican-presidential-nominee-2028,Republican Presidential Nominee 2028,38185915.24550202,2107687.43914,False,2028-11-07T00:00:00Z,"[""70663522560386702809794077554934323058266367604787739541440326847712418734032"", ""41485413495944705425855194078748995452405844646809371874868554464564710666533""]",https://polymarket.com/market/will-john-thune-win-the-2028-republican-presidential-nomination,75.0,elections,united_states,republican-presidential-nominee-2028,public_or_macro_driven,False,matched elections keywords,diversity cap: country_or_region=united_states
561241,will-jb-pritzker-win-the-2028-us-presidential-election,Will JB Pritzker win the 2028 US Presidential Election?,Will JB Pritzker win the 2028 US Presidential Election?,"The 2028 US Presidential Election is scheduled to take place on November 7, 2028.

This market will resolve to the person who wins the 2028 US Presidential Election.

The resolution source for this market is the Associated Press, Fox News, and NBC. This market will resolve once all three sources call the race for the same candidate. If all three sources haven’t called the race for the same candidate by the inauguration date (January 20, 2029) this market will resolve based on who is inaugurated.",,,presidential-election-winner-2028,Presidential Election Winner 2028,13005427.403144006,510635.15364,False,2028-11-07T00:00:00Z,"[""70948731404464821824516595498024506131170394300814446118501620719416471444076"", ""111825297267676135304812085666512747626812691749338692567733264184356420470119""]",https://polymarket.com/market/will-jb-pritzker-win-the-2028-us-presidential-election,75.0,elections,unknown,presidential-election-winner-2028,public_or_macro_driven,False,matched elections keywords,diversity cap: country_or_region=unknown
635014,will-tom-begich-win-the-2026-alaska-governor-election,Will Tom Begich win the 2026 Alaska governor election?,Will Tom Begich win the 2026 Alaska governor election?,"This market will resolve according to the candidate who wins the 2026 Alaska gubernatorial election currently scheduled for November 3, 2026.  

If the results of the election are not confirmed by July 31, 2027, this market will resolve to ""Other"".  

The resolution source for this market is the Associated Press, Fox News, and NBC. This market will resolve once all three sources call the race for the same candidate. If all three sources haven’t called the race in Alaska for the same candidate, this market will resolve based on official certification.",,,alaska-governor-election-winner,Alaska Governor Election Winner  ,164131.48718700005,40348.3918,False,2026-11-03T00:00:00Z,"[""88923835626751439335001852098823598444201043849577093630790185644778054232354"", ""39720463685457026846596900903719403712373357015082509595546409524414612455841""]",https://polymarket.com/market/will-tom-begich-win-the-2026-alaska-governor-election,75.0,elections,europe,alaska-governor-election-winner,public_or_macro_driven,False,matched elections keywords,diversity cap: country_or_region=europe
559662,will-mark-cuban-win-the-2028-democratic-presidential-nomination-329,Will Mark Cuban win the 2028 Democratic presidential nomination?,Will Mark Cuban win the 2028 Democratic presidential nomination?,"This market will resolve to “Yes” if the named individual wins and accepts the 2028 nomination of the Democratic Party for U.S. president. Otherwise, this market will resolve to “No”.

The resolution source for this market will be a consensus of official Democratic Party sources.

Any replacement of the democratic nominee before election day will not change the resolution of the market.",,,democratic-presidential-nominee-2028,Democratic Presidential Nominee 2028,23094346.313097004,1811819.6055,False,2028-11-07T00:00:00Z,"[""58378309871183461257693288827678410871907006920578755035402846056315798427503"", ""55392527126713018429304496836617506663024188480522297953714346140749923557790""]",https://polymarket.com/market/will-mark-cuban-win-the-2028-democratic-presidential-nomination-329,75.0,elections,united_states,democratic-presidential-nominee-2028,public_or_macro_driven,False,matched elections keywords,diversity cap: country_or_region=united_states
559663,will-jb-pritzker-win-the-2028-democratic-presidential-nomination-288,Will J.B. Pritzker win the 2028 Democratic presidential nomination?,Will J.B. Pritzker win the 2028 Democratic presidential nomination?,"This market will resolve to “Yes” if the named individual wins and accepts the 2028 nomination of the Democratic Party for U.S. president. Otherwise, this market will resolve to “No”.

The resolution source for this market will be a consensus of official Democratic Party sources.

Any replacement of the democratic nominee before election day will not change the resolution of the market.",,,democratic-presidential-nominee-2028,Democratic Presidential Nominee 2028,15746913.614470981,386287.62144,False,2028-11-07T00:00:00Z,"[""103988345069738240821107916249290759786442703283901164377120414690701074137717"", ""108650988487983371520585351370999192979899647080710024226285750050382033453124""]",https://polymarket.com/market/will-jb-pritzker-win-the-2028-democratic-presidential-nomination-288,75.0,elections,united_states,democratic-presidential-nominee-2028,public_or_macro_driven,False,matched elections keywords,diversity cap: country_or_region=united_states
559664,will-raphael-warnock-win-the-2028-democratic-presidential-nomination-914,Will Raphael Warnock win the 2028 Democratic presidential nomination?,Will Raphael Warnock win the 2028 Democratic presidential nomination?,"This market will resolve to “Yes” if the named individual wins and accepts the 2028 nomination of the Democratic Party for U.S. president. Otherwise, this market will resolve to “No”.

The resolution source for this market will be a consensus of official Democratic Party sources.

Any replacement of the democratic nominee before election day will not change the resolution of the market.",,,democratic-presidential-nominee-2028,Democratic Presidential Nominee 2028,32292568.80223299,1771241.29772,False,2028-11-07T00:00:00Z,"[""52310257194926233099477326083312959938983447523839326865869372741334281264830"", ""88403451835230950222119400360490338078378790763472355557584611572247419676051""]",https://polymarket.com/market/will-raphael-warnock-win-the-2028-democratic-presidential-nomination-914,75.0,elections,united_states,democratic-presidential-nominee-2028,public_or_macro_driven,False,matched elections keywords,diversity cap: country_or_region=united_states
559665,will-corey-booker-win-the-2028-democratic-presidential-nomination-125,Will Cory Booker win the 2028 Democratic presidential nomination?,Will Cory Booker win the 2028 Democratic presidential nomination?,"This market will resolve to “Yes” if the named individual wins and accepts the 2028 nomination of the Democratic Party for U.S. president. Otherwise, this market will resolve to “No”.

The resolution source for this market will be a consensus of official Democratic Party sources.

Any replacement of the democratic nominee before election day will not change the resolution of the market.",,,democratic-presidential-nominee-2028,Democratic Presidential Nominee 2028,26306235.60490102,1533164.89088,False,2028-11-07T00:00:00Z,"[""50887272939612765629559172143901565817521391945540156085421963433918821328137"", ""29006371059590547574472177233842141554614007974283936149779962779213443973844""]",https://polymarket.com/market/will-corey-booker-win-the-2028-democratic-presidential-nomination-125,75.0,elections,united_states,democratic-presidential-nominee-2028,public_or_macro_driven,False,matched elections keywords,diversity cap: country_or_region=united_states
559666,will-tim-walz-win-the-2028-democratic-presidential-nomination-475,Will Tim Walz win the 2028 Democratic presidential nomination?,Will Tim Walz win the 2028 Democratic presidential nomination?,"This market will resolve to “Yes” if the named individual wins and accepts the 2028 nomination of the Democratic Party for U.S. president. Otherwise, this market will resolve to “No”.

The resolution source for this market will be a consensus of official Democratic Party sources.

Any replacement of the democratic nominee before election day will not change the resolution of the market.",,,democratic-presidential-nominee-2028,Democratic Presidential Nominee 2028,43496174.97342802,2788519.18397,False,2028-11-07T00:00:00Z,"[""104464678880204778606895232389511543522030897731392516718349574106843434770446"", ""90935594925886073322524509252821043048115343298080885997215308777385571383769""]",https://polymarket.com/market/will-tim-walz-win-the-2028-democratic-presidential-nomination-475,75.0,elections,united_states,democratic-presidential-nominee-2028,public_or_macro_driven,False,matched elections keywords,diversity cap: country_or_region=united_states
559652,will-gavin-newsom-win-the-2028-democratic-presidential-nomination-568,Will Gavin Newsom win the 2028 Democratic presidential nomination?,Will Gavin Newsom win the 2028 Democratic presidential nomination?,"This market will resolve to “Yes” if the named individual wins and accepts the 2028 nomination of the Democratic Party for U.S. president. Otherwise, this market will resolve to “No”.

The resolution source for this market will be a consensus of official Democratic Party sources.

Any replacement of the democratic nominee before election day will not change the resolution of the market.",,,democratic-presidential-nominee-2028,Democratic Presidential Nominee 2028,27690813.892630987,415857.95079,False,2028-11-07T00:00:00Z,"[""54533043819946592547517511176940999955633860128497669742211153063842200957669"", ""87854174148074652060467921081181402357467303721471806610111179101805869578687""]",https://polymarket.com/market/will-gavin-newsom-win-the-2028-democratic-presidential-nomination-568,75.0,elections,united_states,democratic-presidential-nominee-2028,public_or_macro_driven,False,matched elections keywords,diversity cap: country_or_region=united_states
561245,will-nikki-haley-win-the-2028-us-presidential-election,Will Nikki Haley win the 2028 US Presidential Election?,Will Nikki Haley win the 2028 US Presidential Election?,"The 2028 US Presidential Election is scheduled to take place on November 7, 2028.

This market will resolve to the person who wins the 2028 US Presidential Election.

The resolution source for this market is the Associated Press, Fox News, and NBC. This market will resolve once all three sources call the race for the same candidate. If all three sources haven’t called the race for the same candidate by the inauguration date (January 20, 2029) this market will resolve based on who is inaugurated.",,,presidential-election-winner-2028,Presidential Election Winner 2028,30119039.557047002,1954410.58031,False,2028-11-07T00:00:00Z,"[""14253956839582698877884742930225331487593177635330318923853046874994118249367"", ""84386913213192310444216977895083273572419886997719576824320630372812149173320""]",https://polymarket.com/market/will-nikki-haley-win-the-2028-us-presidential-election,75.0,elections,unknown,presidential-election-winner-2028,public_or_macro_driven,False,matched elections keywords,diversity cap: country_or_region=unknown
559656,will-wes-moore-win-the-2028-democratic-presidential-nomination-714,Will Wes Moore win the 2028 Democratic presidential nomination?,Will Wes Moore win the 2028 Democratic presidential nomination?,"This market will resolve to “Yes” if the named individual wins and accepts the 2028 nomination of the Democratic Party for U.S. president. Otherwise, this market will resolve to “No”.

The resolution source for this market will be a consensus of official Democratic Party sources.

Any replacement of the democratic nominee before election day will not change the resolution of the market.",,,democratic-presidential-nominee-2028,Democratic Presidential Nominee 2028,18421847.631799,344991.60541,False,2028-11-07T00:00:00Z,"[""90227223115596293448966158151606153337847900483048338623540402385929720677904"", ""105134691322323565615831879054043168027913414000042547943201361115853277749482""]",https://polymarket.com/market/will-wes-moore-win-the-2028-democratic-presidential-nomination-714,75.0,elections,united_states,democratic-presidential-nominee-2028,public_or_macro_driven,False,matched elections keywords,diversity cap: country_or_region=united_states
559661,will-jon-ossoff-win-the-2028-democratic-presidential-nomination-885,Will Jon Ossoff win the 2028 Democratic presidential nomination?,Will Jon Ossoff win the 2028 Democratic presidential nomination?,"This market will resolve to “Yes” if the named individual wins and accepts the 2028 nomination of the Democratic Party for U.S. president. Otherwise, this market will resolve to “No”.

The resolution source for this market will be a consensus of official Democratic Party sources.

Any replacement of the democratic nominee before election day will not change the resolution of the market.",,,democratic-presidential-nominee-2028,Democratic Presidential Nominee 2028,12937223.937315002,306730.02346,False,2028-11-07T00:00:00Z,"[""70071592420137476676935286377781779672157004436137616627487590484756055232944"", ""107829893465244243112531790315844862173967342141753896250561816305880797209350""]",https://polymarket.com/market/will-jon-ossoff-win-the-2028-democratic-presidential-nomination-885,75.0,elections,united_states,democratic-presidential-nominee-2028,public_or_macro_driven,False,matched elections keywords,diversity cap: country_or_region=united_states
635013,will-lisa-murkowski-win-the-2026-alaska-governor-election,Will Lisa Murkowski win the 2026 Alaska governor election?,Will Lisa Murkowski win the 2026 Alaska governor election?,"This market will resolve according to the candidate who wins the 2026 Alaska gubernatorial election currently scheduled for November 3, 2026.  

If the results of the election are not confirmed by July 31, 2027, this market will resolve to ""Other"".  

The resolution source for this market is the Associated Press, Fox News, and NBC. This market will resolve once all three sources call the race for the same candidate. If all three sources haven’t called the race in Alaska for the same candidate, this market will resolve based on official certification.",,,alaska-governor-election-winner,Alaska Governor Election Winner  ,27781.999504000003,16659.74917,False,2026-11-03T00:00:00Z,"[""27870085196735337387089467371194098802406160667325183183674887905666301487196"", ""82283852366812661010100556525768894264835563690203837127337401846759129565617""]",https://polymarket.com/market/will-lisa-murkowski-win-the-2026-alaska-governor-election,75.0,elections,europe,alaska-governor-election-winner,public_or_macro_driven,False,matched elections keywords,diversity cap: country_or_region=europe
559655,will-josh-shapiro-win-the-2028-democratic-presidential-nomination-977,Will Josh Shapiro win the 2028 Democratic presidential nomination?,Will Josh Shapiro win the 2028 Democratic presidential nomination?,"This market will resolve to “Yes” if the named individual wins and accepts the 2028 nomination of the Democratic Party for U.S. president. Otherwise, this market will resolve to “No”.

The resolution source for this market will be a consensus of official Democratic Party sources.

Any replacement of the democratic nominee before election day will not change the resolution of the market.",,,democratic-presidential-nominee-2028,Democratic Presidential Nominee 2028,10004651.734268999,286401.87021,False,2028-11-07T00:00:00Z,"[""71169839497420596285841847514123589847893415750912355173877524195175834054354"", ""55290827599553280245963175724940496753557722439999671239772487781170052583987""]",https://polymarket.com/market/will-josh-shapiro-win-the-2028-democratic-presidential-nomination-977,75.0,elections,united_states,democratic-presidential-nominee-2028,public_or_macro_driven,False,matched elections keywords,diversity cap: country_or_region=united_states
559699,will-elissa-slotkin-win-the-2028-democratic-presidential-nomination,Will Elissa Slotkin win the 2028 Democratic presidential nomination?,Will Elissa Slotkin win the 2028 Democratic presidential nomination?,"This market will resolve to “Yes” if the named individual wins and accepts the 2028 nomination of the Democratic Party for U.S. president. Otherwise, this market will resolve to “No”.

The resolution source for this market will be a consensus of official Democratic Party sources.

Any replacement of the democratic nominee before election day will not change the resolution of the market.",,,democratic-presidential-nominee-2028,Democratic Presidential Nominee 2028,1612575.341781,1122960.08017,False,2028-11-07T00:00:00Z,"[""48455736546094517370011063312529885328905072240106316551156607253162886762655"", ""21910945789202551310737182019481519202352824012676720876277298283641159588352""]",https://polymarket.com/market/will-elissa-slotkin-win-the-2028-democratic-presidential-nomination,75.0,elections,united_states,democratic-presidential-nominee-2028,public_or_macro_driven,False,matched elections keywords,diversity cap: country_or_region=united_states
634976,will-mary-peltola-win-the-alaska-senate-race-in-2026,Will Mary Peltola win the Alaska Senate race in 2026?,Will Mary Peltola win the Alaska Senate race in 2026?,"This market will resolve according to the winner of the 2026 midterm Alaska U.S. Senate election, inclusive of any run-offs, currently scheduled for November 3, 2026.

If the results of the election are not confirmed by July 31, 2027, this market will resolve to ""Other"".

The resolution source for this market is the Associated Press, Fox News, and NBC. This market will resolve once all three sources call the race for the same candidate. If all three sources haven’t called the race in this state for the same candidate, this market will resolve based on official certification.",,,alaska-senate-election-winner,Alaska Senate Election Winner,367196.4764930001,69007.3338,False,2026-11-03T00:00:00Z,"[""72139607190315861034411702195742538105117960260100800877125381826122747504258"", ""38274379050640062523611849065721372699838119672720475300345842413156391540232""]",https://polymarket.com/market/will-mary-peltola-win-the-alaska-senate-race-in-2026,75.0,elections,united_states,alaska-senate-election-winner,public_or_macro_driven,False,matched elections keywords,diversity cap: country_or_region=united_states
559660,will-andy-beshear-win-the-2028-democratic-presidential-nomination-832,Will Andy Beshear win the 2028 Democratic presidential nomination?,Will Andy Beshear win the 2028 Democratic presidential nomination?,"This market will resolve to “Yes” if the named individual wins and accepts the 2028 nomination of the Democratic Party for U.S. president. Otherwise, this market will resolve to “No”.

The resolution source for this market will be a consensus of official Democratic Party sources.

Any replacement of the democratic nominee before election day will not change the resolution of the market.",,,democratic-presidential-nominee-2028,Democratic Presidential Nominee 2028,13268256.854887992,530171.28276,False,2028-11-07T00:00:00Z,"[""26468656392978559668331516709623917078428425933265692717836103090220693717685"", ""26335362363448644358593284423242327477307616743233875606762153873424287882825""]",https://polymarket.com/market/will-andy-beshear-win-the-2028-democratic-presidential-nomination-832,75.0,elections,united_states,democratic-presidential-nominee-2028,public_or_macro_driven,False,matched elections keywords,diversity cap: country_or_region=united_states
559659,will-gretchen-whitmer-win-the-2028-democratic-presidential-nomination-676,Will Gretchen Whitmer win the 2028 Democratic presidential nomination?,Will Gretchen Whitmer win the 2028 Democratic presidential nomination?,"This market will resolve to “Yes” if the named individual wins and accepts the 2028 nomination of the Democratic Party for U.S. president. Otherwise, this market will resolve to “No”.

The resolution source for this market will be a consensus of official Democratic Party sources.

Any replacement of the democratic nominee before election day will not change the resolution of the market.",,,democratic-presidential-nominee-2028,Democratic Presidential Nominee 2028,12066328.106403006,227742.85318,False,2028-11-07T00:00:00Z,"[""57761428076807364758801249497410455358987881775226117256631754592198558850468"", ""64300336035644500626313522990854070672468621241744347587785777226296613235598""]",https://polymarket.com/market/will-gretchen-whitmer-win-the-2028-democratic-presidential-nomination-676,75.0,elections,united_states,democratic-presidential-nominee-2028,public_or_macro_driven,False,matched elections keywords,diversity cap: country_or_region=united_states
559658,will-kamala-harris-win-the-2028-democratic-presidential-nomination-641,Will Kamala Harris win the 2028 Democratic presidential nomination?,Will Kamala Harris win the 2028 Democratic presidential nomination?,"This market will resolve to “Yes” if the named individual wins and accepts the 2028 nomination of the Democratic Party for U.S. president. Otherwise, this market will resolve to “No”.

The resolution source for this market will be a consensus of official Democratic Party sources.

Any replacement of the democratic nominee before election day will not change the resolution of the market.",,,democratic-presidential-nominee-2028,Democratic Presidential Nominee 2028,13421083.16517901,416903.34404,False,2028-11-07T00:00:00Z,"[""38171024903091354977195167437673496224420673639143973968032407064172828043588"", ""26930844951471612827925270830087046333229637930899178134435055616497220846773""]",https://polymarket.com/market/will-kamala-harris-win-the-2028-democratic-presidential-nomination-641,75.0,elections,united_states,democratic-presidential-nominee-2028,public_or_macro_driven,False,matched elections keywords,diversity cap: country_or_region=united_states
561246,will-ron-desantis-win-the-2028-us-presidential-election,Will Ron DeSantis win the 2028 US Presidential Election?,Will Ron DeSantis win the 2028 US Presidential Election?,"The 2028 US Presidential Election is scheduled to take place on November 7, 2028.

This market will resolve to the person who wins the 2028 US Presidential Election.

The resolution source for this market is the Associated Press, Fox News, and NBC. This market will resolve once all three sources call the race for the same candidate. If all three sources haven’t called the race for the same candidate by the inauguration date (January 20, 2029) this market will resolve based on who is inaugurated.",,,presidential-election-winner-2028,Presidential Election Winner 2028,12625363.955273002,167701.49618,False,2028-11-07T00:00:00Z,"[""104480514270625615787868282411330496385404675495672110015326625654626015018993"", ""65724430065358897810064400118831287249960059855415477063660293398018349529272""]",https://polymarket.com/market/will-ron-desantis-win-the-2028-us-presidential-election,75.0,elections,unknown,presidential-election-winner-2028,public_or_macro_driven,False,matched elections keywords,diversity cap: country_or_region=unknown
561247,will-tim-walz-win-the-2028-us-presidential-election,Will Tim Walz win the 2028 US Presidential Election?,Will Tim Walz win the 2028 US Presidential Election?,"The 2028 US Presidential Election is scheduled to take place on November 7, 2028.

This market will resolve to the person who wins the 2028 US Presidential Election.

The resolution source for this market is the Associated Press, Fox News, and NBC. This market will resolve once all three sources call the race for the same candidate. If all three sources haven’t called the race for the same candidate by the inauguration date (January 20, 2029) this market will resolve based on who is inaugurated.",,,presidential-election-winner-2028,Presidential Election Winner 2028,44725528.84510302,2370562.70672,False,2028-11-07T00:00:00Z,"[""2638997461401140008448476093092229850740161649668999975101243681118238509713"", ""31711509411930636383466083293019394636501894118049148509527295292186501260570""]",https://polymarket.com/market/will-tim-walz-win-the-2028-us-presidential-election,75.0,elections,unknown,presidential-election-winner-2028,public_or_macro_driven,False,matched elections keywords,diversity cap: country_or_region=unknown
561248,will-vivek-ramaswamy-win-the-2028-us-presidential-election,Will Vivek Ramaswamy win the 2028 US Presidential Election?,Will Vivek Ramaswamy win the 2028 US Presidential Election?,"The 2028 US Presidential Election is scheduled to take place on November 7, 2028.

This market will resolve to the person who wins the 2028 US Presidential Election.

The resolution source for this market is the Associated Press, Fox News, and NBC. This market will resolve once all three sources call the race for the same candidate. If all three sources haven’t called the race for the same candidate by the inauguration date (January 20, 2029) this market will resolve based on who is inaugurated.",,,presidential-election-winner-2028,Presidential Election Winner 2028,37951399.12918995,1577387.42841,False,2028-11-07T00:00:00Z,"[""48067717079255656974334181122173546721823870434119599450595298250019538972254"", ""50325246165657443726245430907883748796540778371466135108478470877169556977248""]",https://polymarket.com/market/will-vivek-ramaswamy-win-the-2028-us-presidential-election,75.0,elections,unknown,presidential-election-winner-2028,public_or_macro_driven,False,matched elections keywords,diversity cap: country_or_region=unknown
561249,will-greg-abbott-win-the-2028-us-presidential-election,Will Greg Abbott win the 2028 US Presidential Election?,Will Greg Abbott win the 2028 US Presidential Election?,"The 2028 US Presidential Election is scheduled to take place on November 7, 2028.

This market will resolve to the person who wins the 2028 US Presidential Election.

The resolution source for this market is the Associated Press, Fox News, and NBC. This market will resolve once all three sources call the race for the same candidate. If all three sources haven’t called the race for the same candidate by the inauguration date (January 20, 2029) this market will resolve based on who is inaugurated.",,,presidential-election-winner-2028,Presidential Election Winner 2028,35385187.970219076,2240737.27171,False,2028-11-07T00:00:00Z,"[""58585097107933138034126275600204468509993701936571284309823871593297754181479"", ""104431860535489654020481219089291817898241901940037260095979653681449084465327""]",https://polymarket.com/market/will-greg-abbott-win-the-2028-us-presidential-election,75.0,elections,unknown,presidential-election-winner-2028,public_or_macro_driven,False,matched elections keywords,diversity cap: country_or_region=unknown
561250,will-elon-musk-win-the-2028-us-presidential-election,Will Elon Musk win the 2028 US Presidential Election?,Will Elon Musk win the 2028 US Presidential Election?,"The 2028 US Presidential Election is scheduled to take place on November 7, 2028.

This market will resolve to the person who wins the 2028 US Presidential Election.

The resolution source for this market is the Associated Press, Fox News, and NBC. This market will resolve once all three sources call the race for the same candidate. If all three sources haven’t called the race for the same candidate by the inauguration date (January 20, 2029) this market will resolve based on who is inaugurated.",,,presidential-election-winner-2028,Presidential Election Winner 2028,27139214.861820985,1571588.98553,False,2028-11-07T00:00:00Z,"[""26641906520532802078452346454133721131611596169940893262820937050881742190686"", ""59064132013843281708610372809406242099497812053529304284160897825180883604145""]",https://polymarket.com/market/will-elon-musk-win-the-2028-us-presidential-election,75.0,elections,unknown,presidential-election-winner-2028,public_or_macro_driven,False,matched elections keywords,diversity cap: country_or_region=unknown
561251,will-lebron-james-win-the-2028-us-presidential-election,Will LeBron James win the 2028 US Presidential Election?,Will LeBron James win the 2028 US Presidential Election?,"The 2028 US Presidential Election is scheduled to take place on November 7, 2028.

This market will resolve to the person who wins the 2028 US Presidential Election.

The resolution source for this market is the Associated Press, Fox News, and NBC. This market will resolve once all three sources call the race for the same candidate. If all three sources haven’t called the race for the same candidate by the inauguration date (January 20, 2029) this market will resolve based on who is inaugurated.",,,presidential-election-winner-2028,Presidential Election Winner 2028,54779440.604108065,2523364.57214,False,2028-11-07T00:00:00Z,"[""39223330966352513418907732239455948906399882924787587183466504819170775983376"", ""50862799703982327636174441241062907649998751737045006653560124656563256528691""]",https://polymarket.com/market/will-lebron-james-win-the-2028-us-presidential-election,75.0,elections,unknown,presidential-election-winner-2028,public_or_macro_driven,False,matched elections keywords,diversity cap: country_or_region=unknown
561252,will-dwayne-the-rock-johnson-win-the-2028-us-presidential-election,Will Dwayne 'The Rock' Johnson win the 2028 US Presidential Election?,Will Dwayne 'The Rock' Johnson win the 2028 US Presidential Election?,"The 2028 US Presidential Election is scheduled to take place on November 7, 2028.

This market will resolve to the person who wins the 2028 US Presidential Election.

The resolution source for this market is the Associated Press, Fox News, and NBC. This market will resolve once all three sources call the race for the same candidate. If all three sources haven’t called the race for the same candidate by the inauguration date (January 20, 2029) this market will resolve based on who is inaugurated.",,,presidential-election-winner-2028,Presidential Election Winner 2028,8396097.296931002,168015.00854,False,2028-11-07T00:00:00Z,"[""76252402837334795047528042167618984089231134882494719641438604550246396692717"", ""82779978600617806806814031291287454099780828258739355925042203335968508676880""]",https://polymarket.com/market/will-dwayne-the-rock-johnson-win-the-2028-us-presidential-election,75.0,elections,unknown,presidential-election-winner-2028,public_or_macro_driven,False,matched elections keywords,diversity cap: country_or_region=unknown
561253,will-tucker-carlson-win-the-2028-us-presidential-election,Will Tucker Carlson win the 2028 US Presidential Election?,Will Tucker Carlson win the 2028 US Presidential Election?,"The 2028 US Presidential Election is scheduled to take place on November 7, 2028.

This market will resolve to the person who wins the 2028 US Presidential Election.

The resolution source for this market is the Associated Press, Fox News, and NBC. This market will resolve once all three sources call the race for the same candidate. If all three sources haven’t called the race for the same candidate by the inauguration date (January 20, 2029) this market will resolve based on who is inaugurated.",,,presidential-election-winner-2028,Presidential Election Winner 2028,14264126.773010993,302179.24839,False,2028-11-07T00:00:00Z,"[""45015916581148592087728250896178171120552786117190685135618507471166113474733"", ""5353194854864999214467212176625447374807704051407621946584152368216621932371""]",https://polymarket.com/market/will-tucker-carlson-win-the-2028-us-presidential-election,75.0,elections,unknown,presidential-election-winner-2028,public_or_macro_driven,False,matched elections keywords,diversity cap: country_or_region=unknown
561254,will-kim-kardashian-win-the-2028-us-presidential-election,Will Kim Kardashian win the 2028 US Presidential Election?,Will Kim Kardashian win the 2028 US Presidential Election?,"The 2028 US Presidential Election is scheduled to take place on November 7, 2028.

This market will resolve to the person who wins the 2028 US Presidential Election.

The resolution source for this market is the Associated Press, Fox News, and NBC. This market will resolve once all three sources call the race for the same candidate. If all three sources haven’t called the race for the same candidate by the inauguration date (January 20, 2029) this market will resolve based on who is inaugurated.",,,presidential-election-winner-2028,Presidential Election Winner 2028,40270664.15361598,2093417.51795,False,2028-11-07T00:00:00Z,"[""24863363384036117015867671383779186335047493791693657275104567365292353535818"", ""44632793419668141561343859504077903947361590865219599333832862239708628173864""]",https://polymarket.com/market/will-kim-kardashian-win-the-2028-us-presidential-election,75.0,elections,unknown,presidential-election-winner-2028,public_or_macro_driven,False,matched elections keywords,diversity cap: country_or_region=unknown
561255,will-ivanka-trump-win-the-2028-us-presidential-election,Will Ivanka Trump win the 2028 US Presidential Election?,Will Ivanka Trump win the 2028 US Presidential Election?,"The 2028 US Presidential Election is scheduled to take place on November 7, 2028.

This market will resolve to the person who wins the 2028 US Presidential Election.

The resolution source for this market is the Associated Press, Fox News, and NBC. This market will resolve once all three sources call the race for the same candidate. If all three sources haven’t called the race for the same candidate by the inauguration date (January 20, 2029) this market will resolve based on who is inaugurated.",,,presidential-election-winner-2028,Presidential Election Winner 2028,8241498.403561003,453596.32855,False,2028-11-07T00:00:00Z,"[""40932864651005132434669457369564353816786330205469778285035893634458129671101"", ""56215025902031889702122383201324191240581604266667334383154318117703136383150""]",https://polymarket.com/market/will-ivanka-trump-win-the-2028-us-presidential-election,75.0,elections,united_states,presidential-election-winner-2028,public_or_macro_driven,False,matched elections keywords,diversity cap: country_or_region=united_states
561256,will-zohran-mamdani-win-the-2028-us-presidential-election,Will Zohran Mamdani win the 2028 US Presidential Election?,Will Zohran Mamdani win the 2028 US Presidential Election?,"The 2028 US Presidential Election is scheduled to take place on November 7, 2028.

This market will resolve to the person who wins the 2028 US Presidential Election.

The resolution source for this market is the Associated Press, Fox News, and NBC. This market will resolve once all three sources call the race for the same candidate. If all three sources haven’t called the race for the same candidate by the inauguration date (January 20, 2029) this market will resolve based on who is inaugurated.",,,presidential-election-winner-2028,Presidential Election Winner 2028,22197532.778912988,1699319.73746,False,2028-11-07T00:00:00Z,"[""94621929236241392639802280031607240386237812521756048982107414565863464212526"", ""37476438367629084207797870684242875797541797912993121111059056752005821579571""]",https://polymarket.com/market/will-zohran-mamdani-win-the-2028-us-presidential-election,75.0,elections,unknown,presidential-election-winner-2028,public_or_macro_driven,False,matched elections keywords,diversity cap: country_or_region=unknown
561257,will-michelle-obama-win-the-2028-us-presidential-election,Will Michelle Obama win the 2028 US Presidential Election?,Will Michelle Obama win the 2028 US Presidential Election?,"The 2028 US Presidential Election is scheduled to take place on November 7, 2028.

This market will resolve to the person who wins the 2028 US Presidential Election.

The resolution source for this market is the Associated Press, Fox News, and NBC. This market will resolve once all three sources call the race for the same candidate. If all three sources haven’t called the race for the same candidate by the inauguration date (January 20, 2029) this market will resolve based on who is inaugurated.",,,presidential-election-winner-2028,Presidential Election Winner 2028,19266602.586160004,1113538.70161,False,2028-11-07T00:00:00Z,"[""88521269813605705303364598280494261510300497312149869577251450871617962933121"", ""1970496541508335019913900195809032484597886384784144327835472760880523550630""]",https://polymarket.com/market/will-michelle-obama-win-the-2028-us-presidential-election,75.0,elections,unknown,presidential-election-winner-2028,public_or_macro_driven,False,matched elections keywords,diversity cap: country_or_region=unknown
561240,will-stephen-smith-win-the-2028-us-presidential-election,Will Stephen Smith win the 2028 US Presidential Election?,Will Stephen Smith win the 2028 US Presidential Election?,"The 2028 US Presidential Election is scheduled to take place on November 7, 2028.

This market will resolve to the person who wins the 2028 US Presidential Election.

The resolution source for this market is the Associated Press, Fox News, and NBC. This market will resolve once all three sources call the race for the same candidate. If all three sources haven’t called the race for the same candidate by the inauguration date (January 20, 2029) this market will resolve based on who is inaugurated.",,,presidential-election-winner-2028,Presidential Election Winner 2028,33476118.913494017,1333697.17733,False,2028-11-07T00:00:00Z,"[""105367778020161609482094090847463497982204321259381518614669619753184648647559"", ""12867420029045504056332323771270227403424313645832702673618751920867223902054""]",https://polymarket.com/market/will-stephen-smith-win-the-2028-us-presidential-election,75.0,elections,unknown,presidential-election-winner-2028,public_or_macro_driven,False,matched elections keywords,diversity cap: country_or_region=unknown
559701,will-josh-stein-win-the-2028-democratic-presidential-nomination,Will Josh Stein win the 2028 Democratic presidential nomination?,Will Josh Stein win the 2028 Democratic presidential nomination?,"This market will resolve to “Yes” if the named individual wins and accepts the 2028 nomination of the Democratic Party for U.S. president. Otherwise, this market will resolve to “No”.

The resolution source for this market will be a consensus of official Democratic Party sources.

Any replacement of the democratic nominee before election day will not change the resolution of the market.",,,democratic-presidential-nominee-2028,Democratic Presidential Nominee 2028,2377467.738991999,1983868.34028,False,2028-11-07T00:00:00Z,"[""88892629978057552473594496509394432528313837466696628191322608851106929962536"", ""86408082986810982428934766746057237103501895775284376283076301431054177694153""]",https://polymarket.com/market/will-josh-stein-win-the-2028-democratic-presidential-nomination,75.0,elections,united_states,democratic-presidential-nominee-2028,public_or_macro_driven,False,matched elections keywords,diversity cap: country_or_region=united_states
559702,will-alex-padilla-win-the-2028-democratic-presidential-nomination,Will Alex Padilla win the 2028 Democratic presidential nomination?,Will Alex Padilla win the 2028 Democratic presidential nomination?,"This market will resolve to “Yes” if the named individual wins and accepts the 2028 nomination of the Democratic Party for U.S. president. Otherwise, this market will resolve to “No”.

The resolution source for this market will be a consensus of official Democratic Party sources.

Any replacement of the democratic nominee before election day will not change the resolution of the market.",,,democratic-presidential-nominee-2028,Democratic Presidential Nominee 2028,931668.732999,1650345.18322,False,2028-11-07T00:00:00Z,"[""70419914298819599884598619432566620509485573636622456902301761941886565776666"", ""17607158498290934698430813319324932561291042726975634499432565780430086473903""]",https://polymarket.com/market/will-alex-padilla-win-the-2028-democratic-presidential-nomination,75.0,elections,united_states,democratic-presidential-nominee-2028,public_or_macro_driven,False,matched elections keywords,diversity cap: country_or_region=united_states
561229,will-jd-vance-win-the-2028-us-presidential-election,Will JD Vance win the 2028 US Presidential Election?,Will JD Vance win the 2028 US Presidential Election?,"The 2028 US Presidential Election is scheduled to take place on November 7, 2028.

This market will resolve to the person who wins the 2028 US Presidential Election.

The resolution source for this market is the Associated Press, Fox News, and NBC. This market will resolve once all three sources call the race for the same candidate. If all three sources haven’t called the race for the same candidate by the inauguration date (January 20, 2029) this market will resolve based on who is inaugurated.",,,presidential-election-winner-2028,Presidential Election Winner 2028,16430358.78342698,431248.83409,False,2028-11-07T00:00:00Z,"[""16040015440196279900485035793550429453516625694844857319147506590755961451627"", ""94476829201604408463453426454480212459887267917122244941405244686637914508323""]",https://polymarket.com/market/will-jd-vance-win-the-2028-us-presidential-election,75.0,elections,unknown,presidential-election-winner-2028,public_or_macro_driven,False,matched elections keywords,diversity cap: country_or_region=unknown
561230,will-gavin-newsom-win-the-2028-us-presidential-election,Will Gavin Newsom win the 2028 US Presidential Election?,Will Gavin Newsom win the 2028 US Presidential Election?,"The 2028 US Presidential Election is scheduled to take place on November 7, 2028.

This market will resolve to the person who wins the 2028 US Presidential Election.

The resolution source for this market is the Associated Press, Fox News, and NBC. This market will resolve once all three sources call the race for the same candidate. If all three sources haven’t called the race for the same candidate by the inauguration date (January 20, 2029) this market will resolve based on who is inaugurated.",,,presidential-election-winner-2028,Presidential Election Winner 2028,18392119.052015983,342116.39954,False,2028-11-07T00:00:00Z,"[""98250445447699368679516529207365255018790721464590833209064266254238063117329"", ""18823838997443878656879952590502524526556504037944392973476854588563571859850""]",https://polymarket.com/market/will-gavin-newsom-win-the-2028-us-presidential-election,75.0,elections,unknown,presidential-election-winner-2028,public_or_macro_driven,False,matched elections keywords,diversity cap: country_or_region=unknown
561231,will-alexandria-ocasio-cortez-win-the-2028-us-presidential-election,Will Alexandria Ocasio-Cortez win the 2028 US Presidential Election?,Will Alexandria Ocasio-Cortez win the 2028 US Presidential Election?,"The 2028 US Presidential Election is scheduled to take place on November 7, 2028.

This market will resolve to the person who wins the 2028 US Presidential Election.

The resolution source for this market is the Associated Press, Fox News, and NBC. This market will resolve once all three sources call the race for the same candidate. If all three sources haven’t called the race for the same candidate by the inauguration date (January 20, 2029) this market will resolve based on who is inaugurated.",,,presidential-election-winner-2028,Presidential Election Winner 2028,13660935.771078005,338345.85611,False,2028-11-07T00:00:00Z,"[""8113830512143065501177519557124858581375945005490796772950589720955457782465"", ""11493926619286817179231142642565394485790380952577225820901334479399429951651""]",https://polymarket.com/market/will-alexandria-ocasio-cortez-win-the-2028-us-presidential-election,75.0,elections,unknown,presidential-election-winner-2028,public_or_macro_driven,False,matched elections keywords,diversity cap: country_or_region=unknown
561232,will-pete-buttigieg-win-the-2028-us-presidential-election,Will Pete Buttigieg win the 2028 US Presidential Election?,Will Pete Buttigieg win the 2028 US Presidential Election?,"The 2028 US Presidential Election is scheduled to take place on November 7, 2028.

This market will resolve to the person who wins the 2028 US Presidential Election.

The resolution source for this market is the Associated Press, Fox News, and NBC. This market will resolve once all three sources call the race for the same candidate. If all three sources haven’t called the race for the same candidate by the inauguration date (January 20, 2029) this market will resolve based on who is inaugurated.",,,presidential-election-winner-2028,Presidential Election Winner 2028,8272101.799130998,508777.49119,False,2028-11-07T00:00:00Z,"[""35629456194498013232473191985311930903993567273832459837879398120893197410860"", ""26087406687932108531005204502244492184534000122992461059156880611150953145122""]",https://polymarket.com/market/will-pete-buttigieg-win-the-2028-us-presidential-election,75.0,elections,unknown,presidential-election-winner-2028,public_or_macro_driven,False,matched elections keywords,diversity cap: country_or_region=unknown
561233,will-josh-shapiro-win-the-2028-us-presidential-election,Will Josh Shapiro win the 2028 US Presidential Election?,Will Josh Shapiro win the 2028 US Presidential Election?,"The 2028 US Presidential Election is scheduled to take place on November 7, 2028.

This market will resolve to the person who wins the 2028 US Presidential Election.

The resolution source for this market is the Associated Press, Fox News, and NBC. This market will resolve once all three sources call the race for the same candidate. If all three sources haven’t called the race for the same candidate by the inauguration date (January 20, 2029) this market will resolve based on who is inaugurated.",,,presidential-election-winner-2028,Presidential Election Winner 2028,7563056.570093,332021.99765,False,2028-11-07T00:00:00Z,"[""1420113190297259908358916251277696183671602680024474979931472444792502392139"", ""9195312844128905514645503106857912558078141569888031031723687687489317147622""]",https://polymarket.com/market/will-josh-shapiro-win-the-2028-us-presidential-election,75.0,elections,unknown,presidential-election-winner-2028,public_or_macro_driven,False,matched elections keywords,diversity cap: country_or_region=unknown
561234,will-marco-rubio-win-the-2028-us-presidential-election,Will Marco Rubio win the 2028 US Presidential Election?,Will Marco Rubio win the 2028 US Presidential Election?,"The 2028 US Presidential Election is scheduled to take place on November 7, 2028.

This market will resolve to the person who wins the 2028 US Presidential Election.

The resolution source for this market is the Associated Press, Fox News, and NBC. This market will resolve once all three sources call the race for the same candidate. If all three sources haven’t called the race for the same candidate by the inauguration date (January 20, 2029) this market will resolve based on who is inaugurated.",,,presidential-election-winner-2028,Presidential Election Winner 2028,12558995.067769991,233396.49882,False,2028-11-07T00:00:00Z,"[""11171618905857319805355893398009978356002287408842633593535559412449299952250"", ""65892530750232246342273648992064742042382898919201083513241874070914353628268""]",https://polymarket.com/market/will-marco-rubio-win-the-2028-us-presidential-election,75.0,elections,unknown,presidential-election-winner-2028,public_or_macro_driven,False,matched elections keywords,diversity cap: country_or_region=unknown
561235,will-wes-moore-win-the-2028-us-presidential-election,Will Wes Moore win the 2028 US Presidential Election?,Will Wes Moore win the 2028 US Presidential Election?,"The 2028 US Presidential Election is scheduled to take place on November 7, 2028.

This market will resolve to the person who wins the 2028 US Presidential Election.

The resolution source for this market is the Associated Press, Fox News, and NBC. This market will resolve once all three sources call the race for the same candidate. If all three sources haven’t called the race for the same candidate by the inauguration date (January 20, 2029) this market will resolve based on who is inaugurated.",,,presidential-election-winner-2028,Presidential Election Winner 2028,12644230.249002997,260221.49429,False,2028-11-07T00:00:00Z,"[""35272507273162958827997790327967872292415567859334925862043618606081750011897"", ""374661216370333715221919731169956915917040066803205972387948453758235235593""]",https://polymarket.com/market/will-wes-moore-win-the-2028-us-presidential-election,75.0,elections,unknown,presidential-election-winner-2028,public_or_macro_driven,False,matched elections keywords,diversity cap: country_or_region=unknown
561236,will-gretchen-whitmer-win-the-2028-us-presidential-election,Will Gretchen Whitmer win the 2028 US Presidential Election?,Will Gretchen Whitmer win the 2028 US Presidential Election?,"The 2028 US Presidential Election is scheduled to take place on November 7, 2028.

This market will resolve to the person who wins the 2028 US Presidential Election.

The resolution source for this market is the Associated Press, Fox News, and NBC. This market will resolve once all three sources call the race for the same candidate. If all three sources haven’t called the race for the same candidate by the inauguration date (January 20, 2029) this market will resolve based on who is inaugurated.",,,presidential-election-winner-2028,Presidential Election Winner 2028,15598022.950703995,232218.44745,False,2028-11-07T00:00:00Z,"[""4999047257294547885970323631312419427544062131054733229841947946130772277335"", ""102084577517225131375286042838758381959278092930102485541091152099183604495224""]",https://polymarket.com/market/will-gretchen-whitmer-win-the-2028-us-presidential-election,75.0,elections,unknown,presidential-election-winner-2028,public_or_macro_driven,False,matched elections keywords,diversity cap: country_or_region=unknown
561237,will-andy-beshear-win-the-2028-us-presidential-election,Will Andy Beshear win the 2028 US Presidential Election?,Will Andy Beshear win the 2028 US Presidential Election?,"The 2028 US Presidential Election is scheduled to take place on November 7, 2028.

This market will resolve to the person who wins the 2028 US Presidential Election.

The resolution source for this market is the Associated Press, Fox News, and NBC. This market will resolve once all three sources call the race for the same candidate. If all three sources haven’t called the race for the same candidate by the inauguration date (January 20, 2029) this market will resolve based on who is inaugurated.",,,presidential-election-winner-2028,Presidential Election Winner 2028,19212942.250614997,344076.49035,False,2028-11-07T00:00:00Z,"[""50507496430692162923857760920722624157737138256097150616293040054748564876552"", ""53112547591746110422238703365888013497196468199611167129486770819598374380742""]",https://polymarket.com/market/will-andy-beshear-win-the-2028-us-presidential-election,75.0,elections,unknown,presidential-election-winner-2028,public_or_macro_driven,False,matched elections keywords,diversity cap: country_or_region=unknown
561238,will-glenn-youngkin-win-the-2028-us-presidential-election,Will Glenn Youngkin win the 2028 US Presidential Election?,Will Glenn Youngkin win the 2028 US Presidential Election?,"The 2028 US Presidential Election is scheduled to take place on November 7, 2028.

This market will resolve to the person who wins the 2028 US Presidential Election.

The resolution source for this market is the Associated Press, Fox News, and NBC. This market will resolve once all three sources call the race for the same candidate. If all three sources haven’t called the race for the same candidate by the inauguration date (January 20, 2029) this market will resolve based on who is inaugurated.",,,presidential-election-winner-2028,Presidential Election Winner 2028,27517502.850643,1220978.70509,False,2028-11-07T00:00:00Z,"[""631059815958854406224163480574507434200946764542129005247984171366597476420"", ""100418331065194201410948024347944500798513421135064468615649525110872253639397""]",https://polymarket.com/market/will-glenn-youngkin-win-the-2028-us-presidential-election,75.0,elections,unknown,presidential-election-winner-2028,public_or_macro_driven,False,matched elections keywords,diversity cap: country_or_region=unknown
561239,will-kamala-harris-win-the-2028-us-presidential-election,Will Kamala Harris win the 2028 US Presidential Election?,Will Kamala Harris win the 2028 US Presidential Election?,"The 2028 US Presidential Election is scheduled to take place on November 7, 2028.

This market will resolve to the person who wins the 2028 US Presidential Election.

The resolution source for this market is the Associated Press, Fox News, and NBC. This market will resolve once all three sources call the race for the same candidate. If all three sources haven’t called the race for the same candidate by the inauguration date (January 20, 2029) this market will resolve based on who is inaugurated.",,,presidential-election-winner-2028,Presidential Election Winner 2028,9041992.731542004,325080.27629,False,2028-11-07T00:00:00Z,"[""70663352401606372246362604193214664065595751757222752105245221905399175050480"", ""4988819538339626436114997160558538168652916536529198363646261454228218983102""]",https://polymarket.com/market/will-kamala-harris-win-the-2028-us-presidential-election,75.0,elections,unknown,presidential-election-winner-2028,public_or_macro_driven,False,matched elections keywords,diversity cap: country_or_region=unknown
559700,will-adam-schiff-win-the-2028-democratic-presidential-nomination,Will Adam Schiff win the 2028 Democratic presidential nomination?,Will Adam Schiff win the 2028 Democratic presidential nomination?,"This market will resolve to “Yes” if the named individual wins and accepts the 2028 nomination of the Democratic Party for U.S. president. Otherwise, this market will resolve to “No”.

The resolution source for this market will be a consensus of official Democratic Party sources.

Any replacement of the democratic nominee before election day will not change the resolution of the market.",,,democratic-presidential-nominee-2028,Democratic Presidential Nominee 2028,655800.6868329999,1680863.42955,False,2028-11-07T00:00:00Z,"[""62721325588078416441678692954905586544000289214339415151384834742710012983810"", ""4587616472715295492925849115245921456579283399977029619430824277410859697""]",https://polymarket.com/market/will-adam-schiff-win-the-2028-democratic-presidential-nomination,75.0,elections,united_states,democratic-presidential-nominee-2028,public_or_macro_driven,False,matched elections keywords,diversity cap: country_or_region=united_states
601834,will-helder-barbalho-win-the-2026-brazilian-presidential-election,Will Helder Barbalho win the 2026 Brazilian presidential election?,Will Helder Barbalho win the 2026 Brazilian presidential election?,"A presidential election is scheduled to take place in Brazil on October 4, 2026.

This market will resolve according to the listed candidate that wins this election.

This market includes any potential second round. If the result of this election isn't known by June 30, 2027, 11:59 PM ET, the market will resolve to ""Other"".

This market will resolve based on the result of the election as indicated by a consensus of credible reporting. If there is ambiguity, this market will resolve based solely on the official results as reported by the Brazilian government, specifically the Superior Electoral Court (Tribunal Superior Eleitoral, TSE) (e.g., https://dadosabertos.tse.jus.br/).",,,brazil-presidential-election,Brazil Presidential Election,2412918.496882001,1178551.87998,False,2026-10-04T00:00:00Z,"[""49821018408733695378907631766783388197384982451576409356148180829521508621967"", ""72714416442822965658619792482622498214965370742798513442488186246322155432807""]",https://polymarket.com/market/will-helder-barbalho-win-the-2026-brazilian-presidential-election,75.0,elections,latin_america,brazil-presidential-election,public_or_macro_driven,False,matched elections keywords,diversity cap: primary_topic=elections
601835,will-pablo-marcal-win-the-2026-brazilian-presidential-election,Will Pablo Marçal win the 2026 Brazilian presidential election?,Will Pablo Marçal win the 2026 Brazilian presidential election?,"A presidential election is scheduled to take place in Brazil on October 4, 2026.

This market will resolve according to the listed candidate that wins this election.

This market includes any potential second round. If the result of this election isn't known by June 30, 2027, 11:59 PM ET, the market will resolve to ""Other"".

This market will resolve based on the result of the election as indicated by a consensus of credible reporting. If there is ambiguity, this market will resolve based solely on the official results as reported by the Brazilian government, specifically the Superior Electoral Court (Tribunal Superior Eleitoral, TSE) (e.g., https://dadosabertos.tse.jus.br/).",,,brazil-presidential-election,Brazil Presidential Election,3973374.0122280014,457734.1786,False,2026-10-04T00:00:00Z,"[""72572221736897634802851345220625440437573759789073371714710674805950653460290"", ""9672782168124372602794464518660472014151020436078017456931499053959813127872""]",https://polymarket.com/market/will-pablo-marcal-win-the-2026-brazilian-presidential-election,75.0,elections,latin_america,brazil-presidential-election,public_or_macro_driven,False,matched elections keywords,diversity cap: primary_topic=elections
601836,will-augusto-cury-win-the-2026-brazilian-presidential-election,Will Augusto Cury win the 2026 Brazilian presidential election?,Will Augusto Cury win the 2026 Brazilian presidential election?,"A presidential election is scheduled to take place in Brazil on October 4, 2026.

This market will resolve according to the listed candidate that wins this election.

This market includes any potential second round. If the result of this election isn't known by June 30, 2027, 11:59 PM ET, the market will resolve to ""Other"".

This market will resolve based on the result of the election as indicated by a consensus of credible reporting. If there is ambiguity, this market will resolve based solely on the official results as reported by the Brazilian government, specifically the Superior Electoral Court (Tribunal Superior Eleitoral, TSE) (e.g., https://dadosabertos.tse.jus.br/).",,,brazil-presidential-election,Brazil Presidential Election,4982912.949753,365442.02021,False,2026-10-04T00:00:00Z,"[""61078489744701316174218443335134825688547680779921710765642429680039972907213"", ""55702511089357054967370685294383563985787421290055635794639010983168945589146""]",https://polymarket.com/market/will-augusto-cury-win-the-2026-brazilian-presidential-election,75.0,elections,latin_america,brazil-presidential-election,public_or_macro_driven,False,matched elections keywords,diversity cap: primary_topic=elections
562013,will-tom-cotton-win-the-2028-republican-presidential-nomination,Will Tom Cotton win the 2028 Republican presidential nomination?,Will Tom Cotton win the 2028 Republican presidential nomination?,"This market will resolve to “Yes” if the named individual wins and accepts the 2028 nomination of the Republican Party for U.S. president. Otherwise, this market will resolve to “No”.

The resolution source for this market will be a consensus of official Republican Party sources.

Any replacement of the Republican nominee before election day will not change the resolution of the market.",,,republican-presidential-nominee-2028,Republican Presidential Nominee 2028,1591943.7526660003,211821.66813,False,2028-11-07T00:00:00Z,"[""77183606580201228784494296983790614769416656107808766333251588423667839654708"", ""92749143123473934444426129987774935901545805213978581951879870684552179450628""]",https://polymarket.com/market/will-tom-cotton-win-the-2028-republican-presidential-nomination,75.0,elections,united_states,republican-presidential-nominee-2028,public_or_macro_driven,False,matched elections keywords,diversity cap: country_or_region=united_states
601818,will-tarcisio-de-frietas-win-the-2026-brazilian-presidential-election,Will Tarcisio de Freitas win the 2026 Brazilian presidential election?,Will Tarcisio de Freitas win the 2026 Brazilian presidential election?,"A presidential election is scheduled to take place in Brazil on October 4, 2026.

This market will resolve according to the listed candidate that wins this election.

This market includes any potential second round. If the result of this election isn't known by June 30, 2027, 11:59 PM ET, the market will resolve to ""Other"".

This market will resolve based on the result of the election as indicated by a consensus of credible reporting. If there is ambiguity, this market will resolve based solely on the official results as reported by the Brazilian government, specifically the Superior Electoral Court (Tribunal Superior Eleitoral, TSE) (e.g., https://dadosabertos.tse.jus.br/).",,,brazil-presidential-election,Brazil Presidential Election,14082567.713296002,1351873.66724,False,2026-10-04T00:00:00Z,"[""52634616068523389389514492087655237014427439869589807217055529923225131895030"", ""106302272146511626715366732538958019243031587527887799373406690681902311718700""]",https://polymarket.com/market/will-tarcisio-de-frietas-win-the-2026-brazilian-presidential-election,75.0,elections,latin_america,brazil-presidential-election,public_or_macro_driven,False,matched elections keywords,diversity cap: primary_topic=elections
601819,will-luiz-incio-lula-da-silva-win-the-2026-brazilian-presidential-election,Will Luiz Inácio Lula da Silva win the 2026 Brazilian presidential election?,Will Luiz Inácio Lula da Silva win the 2026 Brazilian presidential election?,"A presidential election is scheduled to take place in Brazil on October 4, 2026.

This market will resolve according to the listed candidate that wins this election.

This market includes any potential second round. If the result of this election isn't known by June 30, 2027, 11:59 PM ET, the market will resolve to ""Other"".

This market will resolve based on the result of the election as indicated by a consensus of credible reporting. If there is ambiguity, this market will resolve based solely on the official results as reported by the Brazilian government, specifically the Superior Electoral Court (Tribunal Superior Eleitoral, TSE) (e.g., https://dadosabertos.tse.jus.br/).",,,brazil-presidential-election,Brazil Presidential Election,11523988.377320996,368062.1144,False,2026-10-04T00:00:00Z,"[""30630994248667897740988010928640156931882346081873066002335460180076741328029"", ""79191939610100241429039499950443680906623179487184628479206155805558220344190""]",https://polymarket.com/market/will-luiz-incio-lula-da-silva-win-the-2026-brazilian-presidential-election,75.0,elections,latin_america,brazil-presidential-election,public_or_macro_driven,False,matched elections keywords,diversity cap: primary_topic=elections
601820,will-jair-bolsonaro-win-the-2026-brazilian-presidential-election,Will Jair Bolsonaro win the 2026 Brazilian presidential election?,Will Jair Bolsonaro win the 2026 Brazilian presidential election?,"A presidential election is scheduled to take place in Brazil on October 4, 2026.

This market will resolve according to the listed candidate that wins this election.

This market includes any potential second round. If the result of this election isn't known by June 30, 2027, 11:59 PM ET, the market will resolve to ""Other"".

This market will resolve based on the result of the election as indicated by a consensus of credible reporting. If there is ambiguity, this market will resolve based solely on the official results as reported by the Brazilian government, specifically the Superior Electoral Court (Tribunal Superior Eleitoral, TSE) (e.g., https://dadosabertos.tse.jus.br/).",,,brazil-presidential-election,Brazil Presidential Election,7240012.347873997,378396.93883,False,2026-10-04T00:00:00Z,"[""66991175107696133528353695394151645462081911990365106169948013117379189357520"", ""106199154714545451005463800266480893448383896699905306895283360115694583822185""]",https://polymarket.com/market/will-jair-bolsonaro-win-the-2026-brazilian-presidential-election,75.0,elections,latin_america,brazil-presidential-election,public_or_macro_driven,False,matched elections keywords,diversity cap: primary_topic=elections
601821,will-fernando-haddad-win-the-2026-brazilian-presidential-election,Will Fernando Haddad win the 2026 Brazilian presidential election?,Will Fernando Haddad win the 2026 Brazilian presidential election?,"A presidential election is scheduled to take place in Brazil on October 4, 2026.

This market will resolve according to the listed candidate that wins this election.

This market includes any potential second round. If the result of this election isn't known by June 30, 2027, 11:59 PM ET, the market will resolve to ""Other"".

This market will resolve based on the result of the election as indicated by a consensus of credible reporting. If there is ambiguity, this market will resolve based solely on the official results as reported by the Brazilian government, specifically the Superior Electoral Court (Tribunal Superior Eleitoral, TSE) (e.g., https://dadosabertos.tse.jus.br/).",,,brazil-presidential-election,Brazil Presidential Election,7542953.161963001,580916.93743,False,2026-10-04T00:00:00Z,"[""34763699632057764824138626876692302096202604335992573366008355204521657293675"", ""44100414831057444580239592647354703752415482100034079696797886870617637485145""]",https://polymarket.com/market/will-fernando-haddad-win-the-2026-brazilian-presidential-election,75.0,elections,latin_america,brazil-presidential-election,public_or_macro_driven,False,matched elections keywords,diversity cap: primary_topic=elections
608566,will-rodri-win-the-2026-ballon-dor,Will Rodri win the 2026 Ballon d'Or?,Will Rodri win the 2026 Ballon d'Or?,"This market will resolve according to the winner of the 2026 Ballon d’Or.

If no 2026 Ballon d’Or winner is declared by December 31, 2026, 11:59 PM ET, this market will resolve to ""Other"".

The primary resolution source for this market is official information from France Football (https://www.francefootball.fr/).",,,ballon-dor-winner-2026,Ballon d'Or Winner 2026,2018959.6322430004,138111.6315,False,2026-10-31T00:00:00Z,"[""78803948342995070838836736012795017072053448960983345349841661545681081452350"", ""9168297785662696773016718610761665603800700668560812756827962314315323235689""]",https://polymarket.com/market/will-rodri-win-the-2026-ballon-dor,75.0,elections,europe,ballon-dor-winner-2026,public_or_macro_driven,False,matched elections keywords,diversity cap: country_or_region=europe
608567,will-pau-cubarsi-win-the-2026-ballon-dor,Will Pau Cubarsi win the 2026 Ballon d'Or?,Will Pau Cubarsi win the 2026 Ballon d'Or?,"This market will resolve according to the winner of the 2026 Ballon d’Or.

If no 2026 Ballon d’Or winner is declared by December 31, 2026, 11:59 PM ET, this market will resolve to ""Other"".

The primary resolution source for this market is official information from France Football (https://www.francefootball.fr/).",,,ballon-dor-winner-2026,Ballon d'Or Winner 2026,1102552.637578,165489.49675,False,2026-10-31T00:00:00Z,"[""5264677211728439009834470236168077987240809170451856067063934287137178859748"", ""103802139146640132358958010726298474878919300435412200287660696415707960030770""]",https://polymarket.com/market/will-pau-cubarsi-win-the-2026-ballon-dor,75.0,elections,europe,ballon-dor-winner-2026,public_or_macro_driven,False,matched elections keywords,diversity cap: country_or_region=europe
608568,will-fabian-ruiz-win-the-2026-ballon-dor,Will Fabian Ruiz win the 2026 Ballon d'Or?,Will Fabian Ruiz win the 2026 Ballon d'Or?,"This market will resolve according to the winner of the 2026 Ballon d’Or.

If no 2026 Ballon d’Or winner is declared by December 31, 2026, 11:59 PM ET, this market will resolve to ""Other"".

The primary resolution source for this market is official information from France Football (https://www.francefootball.fr/).",,,ballon-dor-winner-2026,Ballon d'Or Winner 2026,1337045.3464410002,204065.04209,False,2026-10-31T00:00:00Z,"[""108195640564166028303797840625325548216682391635068759939973120172828369844863"", ""56380980982965039852901882866035095821176660818641430451942857804727544100425""]",https://polymarket.com/market/will-fabian-ruiz-win-the-2026-ballon-dor,75.0,elections,europe,ballon-dor-winner-2026,public_or_macro_driven,False,matched elections keywords,diversity cap: country_or_region=europe
559667,will-michelle-obama-win-the-2028-democratic-presidential-nomination-777,Will Michelle Obama win the 2028 Democratic presidential nomination?,Will Michelle Obama win the 2028 Democratic presidential nomination?,"This market will resolve to “Yes” if the named individual wins and accepts the 2028 nomination of the Democratic Party for U.S. president. Otherwise, this market will resolve to “No”.

The resolution source for this market will be a consensus of official Democratic Party sources.

Any replacement of the democratic nominee before election day will not change the resolution of the market.",,,democratic-presidential-nominee-2028,Democratic Presidential Nominee 2028,26321897.06708702,2200044.90768,False,2028-11-07T00:00:00Z,"[""83723134981785004242996949681785273460678873813693556756054904164484296299719"", ""107146110974011455665373243296921398136854344089489911087344946921091914123046""]",https://polymarket.com/market/will-michelle-obama-win-the-2028-democratic-presidential-nomination-777,75.0,elections,united_states,democratic-presidential-nominee-2028,public_or_macro_driven,False,matched elections keywords,diversity cap: country_or_region=united_states
559668,will-mark-kelly-win-the-2028-democratic-presidential-nomination-479,Will Mark Kelly win the 2028 Democratic presidential nomination?,Will Mark Kelly win the 2028 Democratic presidential nomination?,"This market will resolve to “Yes” if the named individual wins and accepts the 2028 nomination of the Democratic Party for U.S. president. Otherwise, this market will resolve to “No”.

The resolution source for this market will be a consensus of official Democratic Party sources.

Any replacement of the democratic nominee before election day will not change the resolution of the market.",,,democratic-presidential-nominee-2028,Democratic Presidential Nominee 2028,17600515.910403986,343714.379,False,2028-11-07T00:00:00Z,"[""92325249719485031139867422012514654102580961954747753469470405147070256604118"", ""5116999494213083595175041146469973274436003044730013359502912125889113751080""]",https://polymarket.com/market/will-mark-kelly-win-the-2028-democratic-presidential-nomination-479,75.0,elections,united_states,democratic-presidential-nominee-2028,public_or_macro_driven,False,matched elections keywords,diversity cap: country_or_region=united_states
559669,will-rahm-emanuel-win-the-2028-democratic-presidential-nomination-299,Will Rahm Emanuel win the 2028 Democratic presidential nomination?,Will Rahm Emanuel win the 2028 Democratic presidential nomination?,"This market will resolve to “Yes” if the named individual wins and accepts the 2028 nomination of the Democratic Party for U.S. president. Otherwise, this market will resolve to “No”.

The resolution source for this market will be a consensus of official Democratic Party sources.

Any replacement of the democratic nominee before election day will not change the resolution of the market.",,,democratic-presidential-nominee-2028,Democratic Presidential Nominee 2028,14576244.127118,843320.36446,False,2028-11-07T00:00:00Z,"[""10521981432803570450946212503203364998108630328528216082760514453664705157397"", ""91949042216127305292438280992722171735754548787382833799906976841509942727662""]",https://polymarket.com/market/will-rahm-emanuel-win-the-2028-democratic-presidential-nomination-299,75.0,elections,united_states,democratic-presidential-nominee-2028,public_or_macro_driven,False,matched elections keywords,diversity cap: country_or_region=united_states
665266,will-donald-trump-visit-south-korea-in-2026,Will Donald Trump visit South Korea in 2026?,Will Donald Trump visit South Korea in 2026?,"If U.S. President Donald Trump visits a listed country between January 1 and December 31, 2026 11:59 PM ET, the relevant market will resolve to ""Yes"". Otherwise, this market will resolve to ""No"".

For the purpose of this market, a ""visit"" is defined as Trump physically entering the terrestrial or maritime territory of the listed country. Whether or not Trump enters the country's airspace during the timeframe of this market will have no bearing on a positive resolution.

The primary resolution source for this information will be official information from government of the United States of America, official information from Trump or released by his verified social media accounts (e.g. https://twitter.com/POTUS), however, a consensus of credible reporting will also be used.",,,which-countries-will-donald-trump-visit-in-2026,Which countries will Donald Trump visit in 2026?,16681.422469000005,2043.8293,False,2027-01-01T04:59:00Z,"[""82372860658078812057517537953021899304642795009360311317612603092249155381306"", ""57223012266464245266839675780957317879090160010651034893998916597847988309790""]",https://polymarket.com/market/will-donald-trump-visit-south-korea-in-2026,75.0,elections,united_states,which-countries-will-donald-trump-visit-in-2026,public_or_macro_driven,False,matched elections keywords,diversity cap: country_or_region=united_states
559671,will-zohran-mamdani-win-the-2028-democratic-presidential-nomination-445,Will Zohran Mamdani win the 2028 Democratic presidential nomination?,Will Zohran Mamdani win the 2028 Democratic presidential nomination?,"This market will resolve to “Yes” if the named individual wins and accepts the 2028 nomination of the Democratic Party for U.S. president. Otherwise, this market will resolve to “No”.

The resolution source for this market will be a consensus of official Democratic Party sources.

Any replacement of the democratic nominee before election day will not change the resolution of the market.",,,democratic-presidential-nominee-2028,Democratic Presidential Nominee 2028,38946802.05121007,2627370.65006,False,2028-11-07T00:00:00Z,"[""19323997520040734631220675039559156784534982703459512097490198935565229528445"", ""111309365336519526711604102518316708823622751854213281307404397618571408959194""]",https://polymarket.com/market/will-zohran-mamdani-win-the-2028-democratic-presidential-nomination-445,75.0,elections,united_states,democratic-presidential-nominee-2028,public_or_macro_driven,False,matched elections keywords,diversity cap: country_or_region=united_states
559672,will-roy-cooper-win-the-2028-democratic-presidential-nomination-286,Will Roy Cooper win the 2028 Democratic presidential nomination?,Will Roy Cooper win the 2028 Democratic presidential nomination?,"This market will resolve to “Yes” if the named individual wins and accepts the 2028 nomination of the Democratic Party for U.S. president. Otherwise, this market will resolve to “No”.

The resolution source for this market will be a consensus of official Democratic Party sources.

Any replacement of the democratic nominee before election day will not change the resolution of the market.",,,democratic-presidential-nominee-2028,Democratic Presidential Nominee 2028,31583582.147226006,1746024.16777,False,2028-11-07T00:00:00Z,"[""30732552320006664177902085971957467957450485111214036633872573588757974348601"", ""55053374667733007627913689484290555932799177921000957543346276204775142445823""]",https://polymarket.com/market/will-roy-cooper-win-the-2028-democratic-presidential-nomination-286,75.0,elections,united_states,democratic-presidential-nominee-2028,public_or_macro_driven,False,matched elections keywords,diversity cap: country_or_region=united_states
559673,will-john-fetterman-win-the-2028-democratic-presidential-nomination-941,Will John Fetterman win the 2028 Democratic presidential nomination?,Will John Fetterman win the 2028 Democratic presidential nomination?,"This market will resolve to “Yes” if the named individual wins and accepts the 2028 nomination of the Democratic Party for U.S. president. Otherwise, this market will resolve to “No”.

The resolution source for this market will be a consensus of official Democratic Party sources.

Any replacement of the democratic nominee before election day will not change the resolution of the market.",,,democratic-presidential-nominee-2028,Democratic Presidential Nominee 2028,25657730.56483402,2109721.9584,False,2028-11-07T00:00:00Z,"[""71289010523270989807437428651002770360280908813019627976988032260868574107425"", ""68686505966910102763700888296813272792512562699674656659355148432859571994559""]",https://polymarket.com/market/will-john-fetterman-win-the-2028-democratic-presidential-nomination-941,75.0,elections,united_states,democratic-presidential-nominee-2028,public_or_macro_driven,False,matched elections keywords,diversity cap: country_or_region=united_states
559674,will-jared-polis-win-the-2028-democratic-presidential-nomination-837,Will Jared Polis win the 2028 Democratic presidential nomination?,Will Jared Polis win the 2028 Democratic presidential nomination?,"This market will resolve to “Yes” if the named individual wins and accepts the 2028 nomination of the Democratic Party for U.S. president. Otherwise, this market will resolve to “No”.

The resolution source for this market will be a consensus of official Democratic Party sources.

Any replacement of the democratic nominee before election day will not change the resolution of the market.",,,democratic-presidential-nominee-2028,Democratic Presidential Nominee 2028,27407408.628758013,983975.3967,False,2028-11-07T00:00:00Z,"[""42119164854283656238382173699154739480090965550328051492328192273011556335098"", ""39150381508679235943386404690610035044747196600759141560840372170757042543675""]",https://polymarket.com/market/will-jared-polis-win-the-2028-democratic-presidential-nomination-837,75.0,elections,united_states,democratic-presidential-nominee-2028,public_or_macro_driven,False,matched elections keywords,diversity cap: country_or_region=united_states
608554,will-vitinha-win-the-2026-ballon-dor,Will Vitinha win the 2026 Ballon d'Or?,Will Vitinha win the 2026 Ballon d'Or?,"This market will resolve according to the winner of the 2026 Ballon d’Or.

If no 2026 Ballon d’Or winner is declared by December 31, 2026, 11:59 PM ET, this market will resolve to ""Other"".

The primary resolution source for this market is official information from France Football (https://www.francefootball.fr/).",,,ballon-dor-winner-2026,Ballon d'Or Winner 2026,854144.572822,875243.38812,False,2026-10-31T00:00:00Z,"[""82634650036071435661480653934114573393829890801771064904327870866332495668102"", ""14113475671812065326245061121491780906686252131696427702101700223980372257409""]",https://polymarket.com/market/will-vitinha-win-the-2026-ballon-dor,75.0,elections,europe,ballon-dor-winner-2026,public_or_macro_driven,False,matched elections keywords,diversity cap: country_or_region=europe
608368,will-openai-not-ipo-by-december-31-2026,"Will OpenAI not IPO by December 31, 2026?","Will OpenAI not IPO by December 31, 2026?","This market will resolve based on OpenAI's market capitalization at the closing price on its first day of trading.

If no IPO occurs by December 31, 2026, 11:59 PM ET, the market will resolve to ""No IPO by December 31, 2026"".

Market capitalization expresses the monetary value of a company’s outstanding shares, stated in its pricing currency. It is calculated as the number of shares outstanding multiplied by the closing share price on the first trading day.

If the relevant value falls exactly between two brackets, then this market will resolve to the higher range bracket.

Resolution will be based on the primary exchange’s official listing page. In the event that the relevant figure is not displayed, another reliable source will be used.

In the event of an interruption in the course of the normal trading session on OpenAI’s first day of trading (e.g., a circuit breaker or half-day), the market will resolve according to the official closing price of the abbreviated session. If no such official closing price is published, the market will resolve according to the next trading day on which an official closing price is published, treating that as the first day of trading for purposes of this market.",,,openai-ipo-closing-market-cap,OpenAI IPO Closing Market Cap,747011.131995,77722.40855,False,2027-01-01T04:59:00Z,"[""56615676606297588259337956203332341775475048285080710344367729433788967812170"", ""8070607953656787024050950499598687532281829563384949938603247089607814583142""]",https://polymarket.com/market/will-openai-not-ipo-by-december-31-2026,75.0,elections,unknown,openai-ipo-closing-market-cap,public_or_macro_driven,False,matched elections keywords,diversity cap: country_or_region=unknown
608540,will-kylian-mbapp-win-the-2026-ballon-dor,Will Kylian Mbappé win the 2026 Ballon d'Or?,Will Kylian Mbappé win the 2026 Ballon d'Or?,"This market will resolve according to the winner of the 2026 Ballon d’Or.

If no 2026 Ballon d’Or winner is declared by December 31, 2026, 11:59 PM ET, this market will resolve to ""Other"".

The primary resolution source for this market is official information from France Football (https://www.francefootball.fr/).",,,ballon-dor-winner-2026,Ballon d'Or Winner 2026,2454598.451606001,117416.64977,False,2026-10-31T00:00:00Z,"[""95640549996905293510297955529586737178285694064878854803914367446504739764113"", ""43681720319477188597878188429504394796986333625436226983885469009299707562545""]",https://polymarket.com/market/will-kylian-mbapp-win-the-2026-ballon-dor,75.0,elections,europe,ballon-dor-winner-2026,public_or_macro_driven,False,matched elections keywords,diversity cap: country_or_region=europe
608541,will-erling-haaland-win-the-2026-ballon-dor,Will Erling Haaland win the 2026 Ballon d'Or?,Will Erling Haaland win the 2026 Ballon d'Or?,"This market will resolve according to the winner of the 2026 Ballon d’Or.

If no 2026 Ballon d’Or winner is declared by December 31, 2026, 11:59 PM ET, this market will resolve to ""Other"".

The primary resolution source for this market is official information from France Football (https://www.francefootball.fr/).",,,ballon-dor-winner-2026,Ballon d'Or Winner 2026,1961362.180157,307439.77145,False,2026-10-31T00:00:00Z,"[""28452090262595806306683841543702974671789939255165753137157118490078999198778"", ""41582690056299530319797949041927935989019869883198101581541874744777936907826""]",https://polymarket.com/market/will-erling-haaland-win-the-2026-ballon-dor,75.0,elections,europe,ballon-dor-winner-2026,public_or_macro_driven,False,matched elections keywords,diversity cap: country_or_region=europe
608542,will-jude-bellingham-win-the-2026-ballon-dor,Will Jude Bellingham win the 2026 Ballon d'Or?,Will Jude Bellingham win the 2026 Ballon d'Or?,"This market will resolve according to the winner of the 2026 Ballon d’Or.

If no 2026 Ballon d’Or winner is declared by December 31, 2026, 11:59 PM ET, this market will resolve to ""Other"".

The primary resolution source for this market is official information from France Football (https://www.francefootball.fr/).",,,ballon-dor-winner-2026,Ballon d'Or Winner 2026,1352203.1977259999,530753.92906,False,2026-10-31T00:00:00Z,"[""35466012767924254839738113787085950010503473575312851228505226571790709275819"", ""24122299862711914013738626986097179741774791999132542027561549123320843148963""]",https://polymarket.com/market/will-jude-bellingham-win-the-2026-ballon-dor,75.0,elections,europe,ballon-dor-winner-2026,public_or_macro_driven,False,matched elections keywords,diversity cap: country_or_region=europe
608543,will-ousmane-dembl-win-the-2026-ballon-dor,Will Ousmane Dembélé win the 2026 Ballon d'Or?,Will Ousmane Dembélé win the 2026 Ballon d'Or?,"This market will resolve according to the winner of the 2026 Ballon d’Or.

If no 2026 Ballon d’Or winner is declared by December 31, 2026, 11:59 PM ET, this market will resolve to ""Other"".

The primary resolution source for this market is official information from France Football (https://www.francefootball.fr/).",,,ballon-dor-winner-2026,Ballon d'Or Winner 2026,2491280.3801440005,330922.88399,False,2026-10-31T00:00:00Z,"[""98995454929502090253677005499136815786618457974539379472945759013797338791883"", ""109359154677724641879093510140547924238031773808324195577981722875545957189531""]",https://polymarket.com/market/will-ousmane-dembl-win-the-2026-ballon-dor,75.0,elections,europe,ballon-dor-winner-2026,public_or_macro_driven,False,matched elections keywords,diversity cap: country_or_region=europe
608545,will-lamine-yamal-win-the-2026-ballon-dor,Will Lamine Yamal win the 2026 Ballon d'Or?,Will Lamine Yamal win the 2026 Ballon d'Or?,"This market will resolve according to the winner of the 2026 Ballon d’Or.

If no 2026 Ballon d’Or winner is declared by December 31, 2026, 11:59 PM ET, this market will resolve to ""Other"".

The primary resolution source for this market is official information from France Football (https://www.francefootball.fr/).",,,ballon-dor-winner-2026,Ballon d'Or Winner 2026,2540240.4668139988,113293.85421,False,2026-10-31T00:00:00Z,"[""10466835326554416965099784068156829774726248334728156046559014834812912458273"", ""115364229170068359509280114761107502298430910856477421813089992309112580316620""]",https://polymarket.com/market/will-lamine-yamal-win-the-2026-ballon-dor,75.0,elections,europe,ballon-dor-winner-2026,public_or_macro_driven,False,matched elections keywords,diversity cap: country_or_region=europe
608546,will-vincius-jnior-win-the-2026-ballon-dor,Will Vinícius Júnior win the 2026 Ballon d'Or?,Will Vinícius Júnior win the 2026 Ballon d'Or?,"This market will resolve according to the winner of the 2026 Ballon d’Or.

If no 2026 Ballon d’Or winner is declared by December 31, 2026, 11:59 PM ET, this market will resolve to ""Other"".

The primary resolution source for this market is official information from France Football (https://www.francefootball.fr/).",,,ballon-dor-winner-2026,Ballon d'Or Winner 2026,1069485.2013249996,887626.05619,False,2026-10-31T00:00:00Z,"[""87463122783250401770409006373017832501980573239347362136882847193417885543780"", ""97952862579836119400061130049052339741997214184800200176298039013253952161001""]",https://polymarket.com/market/will-vincius-jnior-win-the-2026-ballon-dor,75.0,elections,europe,ballon-dor-winner-2026,public_or_macro_driven,False,matched elections keywords,diversity cap: country_or_region=europe
608547,will-harry-kane-win-the-2026-ballon-dor,Will Harry Kane win the 2026 Ballon d'Or?,Will Harry Kane win the 2026 Ballon d'Or?,"This market will resolve according to the winner of the 2026 Ballon d’Or.

If no 2026 Ballon d’Or winner is declared by December 31, 2026, 11:59 PM ET, this market will resolve to ""Other"".

The primary resolution source for this market is official information from France Football (https://www.francefootball.fr/).",,,ballon-dor-winner-2026,Ballon d'Or Winner 2026,4366764.299996999,89873.12442,False,2026-10-31T00:00:00Z,"[""72710166409980712002774407052535905861151156175854323762835102340552522606004"", ""77740376296468109233042620775325425521895874827413068707200627224591548200577""]",https://polymarket.com/market/will-harry-kane-win-the-2026-ballon-dor,75.0,elections,europe,ballon-dor-winner-2026,public_or_macro_driven,False,matched elections keywords,diversity cap: country_or_region=europe
608551,will-michael-olise-win-the-2026-ballon-dor,Will Michael Olise win the 2026 Ballon d'Or?,Will Michael Olise win the 2026 Ballon d'Or?,"This market will resolve according to the winner of the 2026 Ballon d’Or.

If no 2026 Ballon d’Or winner is declared by December 31, 2026, 11:59 PM ET, this market will resolve to ""Other"".

The primary resolution source for this market is official information from France Football (https://www.francefootball.fr/).",,,ballon-dor-winner-2026,Ballon d'Or Winner 2026,1879804.9403359992,260902.96678,False,2026-10-31T00:00:00Z,"[""80760484659859004057151567591793221748584787651268092387414945323344021679571"", ""69678850546990572440054007923329224352229570065558002681422037690918638911920""]",https://polymarket.com/market/will-michael-olise-win-the-2026-ballon-dor,75.0,elections,europe,ballon-dor-winner-2026,public_or_macro_driven,False,matched elections keywords,diversity cap: country_or_region=europe
608552,will-declan-rice-win-the-2026-ballon-dor,Will Declan Rice win the 2026 Ballon d'Or?,Will Declan Rice win the 2026 Ballon d'Or?,"This market will resolve according to the winner of the 2026 Ballon d’Or.

If no 2026 Ballon d’Or winner is declared by December 31, 2026, 11:59 PM ET, this market will resolve to ""Other"".

The primary resolution source for this market is official information from France Football (https://www.francefootball.fr/).",,,ballon-dor-winner-2026,Ballon d'Or Winner 2026,910685.0985829998,571775.62952,False,2026-10-31T00:00:00Z,"[""92592184455436128494220554453387664176148977714883057890153205798000245198735"", ""23388744730555578911455173305928434366410177206274801668245847953334070817189""]",https://polymarket.com/market/will-declan-rice-win-the-2026-ballon-dor,75.0,elections,europe,ballon-dor-winner-2026,public_or_macro_driven,False,matched elections keywords,diversity cap: country_or_region=europe
608553,will-khvicha-kvaratskhelia-win-the-2026-ballon-dor,Will Khvicha Kvaratskhelia win the 2026 Ballon d'Or?,Will Khvicha Kvaratskhelia win the 2026 Ballon d'Or?,"This market will resolve according to the winner of the 2026 Ballon d’Or.

If no 2026 Ballon d’Or winner is declared by December 31, 2026, 11:59 PM ET, this market will resolve to ""Other"".

The primary resolution source for this market is official information from France Football (https://www.francefootball.fr/).",,,ballon-dor-winner-2026,Ballon d'Or Winner 2026,1731452.8174869993,128653.64048,False,2026-10-31T00:00:00Z,"[""12622519606415978744877534783705265610788882249231449850262189360805525437274"", ""36288700594382425961479916608903536580786689753480114686207439400130634390018""]",https://polymarket.com/market/will-khvicha-kvaratskhelia-win-the-2026-ballon-dor,75.0,elections,europe,ballon-dor-winner-2026,public_or_macro_driven,False,matched elections keywords,diversity cap: country_or_region=europe
608365,will-openais-market-cap-be-between-1t-and-1pt25t-at-market-close-on-ipo-day,Will OpenAI’s market cap be between $1T and $1.25T at market close on IPO day?,Will OpenAI’s market cap be between $1T and $1.25T at market close on IPO day?,"This market will resolve based on OpenAI's market capitalization at the closing price on its first day of trading.

If no IPO occurs by December 31, 2026, 11:59 PM ET, the market will resolve to ""No IPO by December 31, 2026"".

Market capitalization expresses the monetary value of a company’s outstanding shares, stated in its pricing currency. It is calculated as the number of shares outstanding multiplied by the closing share price on the first trading day.

If the relevant value falls exactly between two brackets, then this market will resolve to the higher range bracket.

Resolution will be based on the primary exchange’s official listing page. In the event that the relevant figure is not displayed, another reliable source will be used.

In the event of an interruption in the course of the normal trading session on OpenAI’s first day of trading (e.g., a circuit breaker or half-day), the market will resolve according to the official closing price of the abbreviated session. If no such official closing price is published, the market will resolve according to the next trading day on which an official closing price is published, treating that as the first day of trading for purposes of this market.",,,openai-ipo-closing-market-cap,OpenAI IPO Closing Market Cap,225455.79151000007,11754.02,False,2027-01-01T04:59:00Z,"[""88770632741686298370270294037614812817595949782311984579833554458717957886356"", ""18399565751068676179945656979762090460558422925963909399757895217338947077684""]",https://polymarket.com/market/will-openais-market-cap-be-between-1t-and-1pt25t-at-market-close-on-ipo-day,75.0,elections,unknown,openai-ipo-closing-market-cap,public_or_macro_driven,False,matched elections keywords,diversity cap: country_or_region=unknown
559683,will-george-clooney-win-the-2028-democratic-presidential-nomination,Will George Clooney win the 2028 Democratic presidential nomination?,Will George Clooney win the 2028 Democratic presidential nomination?,"This market will resolve to “Yes” if the named individual wins and accepts the 2028 nomination of the Democratic Party for U.S. president. Otherwise, this market will resolve to “No”.

The resolution source for this market will be a consensus of official Democratic Party sources.

Any replacement of the democratic nominee before election day will not change the resolution of the market.",,,democratic-presidential-nominee-2028,Democratic Presidential Nominee 2028,43452157.27337501,2669716.68516,False,2028-11-07T00:00:00Z,"[""48218088132821386640274752564592889805082274744128282833036735027928992155024"", ""5645396948464928632054207670692862818297222862819597089648758232622731040046""]",https://polymarket.com/market/will-george-clooney-win-the-2028-democratic-presidential-nomination,75.0,elections,united_states,democratic-presidential-nominee-2028,public_or_macro_driven,False,matched elections keywords,diversity cap: country_or_region=united_states
559684,will-chelsea-clinton-win-the-2028-democratic-presidential-nomination,Will Chelsea Clinton win the 2028 Democratic presidential nomination?,Will Chelsea Clinton win the 2028 Democratic presidential nomination?,"This market will resolve to “Yes” if the named individual wins and accepts the 2028 nomination of the Democratic Party for U.S. president. Otherwise, this market will resolve to “No”.

The resolution source for this market will be a consensus of official Democratic Party sources.

Any replacement of the democratic nominee before election day will not change the resolution of the market.",,,democratic-presidential-nominee-2028,Democratic Presidential Nominee 2028,50526061.38577404,607187.99283,False,2028-11-07T00:00:00Z,"[""46211769122513729244602558513001215391004042100934296321661285791281233261657"", ""76057920052421891902791411567177996435483774677774664174053982044923692373687""]",https://polymarket.com/market/will-chelsea-clinton-win-the-2028-democratic-presidential-nomination,75.0,elections,united_states,democratic-presidential-nominee-2028,public_or_macro_driven,False,matched elections keywords,diversity cap: country_or_region=united_states
559685,will-mrbeast-win-the-2028-democratic-presidential-nomination,Will MrBeast win the 2028 Democratic presidential nomination?,Will MrBeast win the 2028 Democratic presidential nomination?,"This market will resolve to “Yes” if the named individual wins and accepts the 2028 nomination of the Democratic Party for U.S. president. Otherwise, this market will resolve to “No”.

The resolution source for this market will be a consensus of official Democratic Party sources.

Any replacement of the democratic nominee before election day will not change the resolution of the market.",,,democratic-presidential-nominee-2028,Democratic Presidential Nominee 2028,41006436.181762986,2652225.78455,False,2028-11-07T00:00:00Z,"[""51035537065442638321333063915918274102446051033989435618245745345113522914516"", ""93910251767329056141706007839545721784238465183449597462421810827705938093892""]",https://polymarket.com/market/will-mrbeast-win-the-2028-democratic-presidential-nomination,75.0,elections,united_states,democratic-presidential-nominee-2028,public_or_macro_driven,False,matched elections keywords,diversity cap: country_or_region=united_states
561999,will-tom-brady-win-the-2028-republican-presidential-nomination,Will Tom Brady win the 2028 Republican presidential nomination?,Will Tom Brady win the 2028 Republican presidential nomination?,"This market will resolve to “Yes” if the named individual wins and accepts the 2028 nomination of the Republican Party for U.S. president. Otherwise, this market will resolve to “No”.

The resolution source for this market will be a consensus of official Republican Party sources.

Any replacement of the Republican nominee before election day will not change the resolution of the market.",,,republican-presidential-nominee-2028,Republican Presidential Nominee 2028,32968791.75122903,2064583.09415,False,2028-11-07T00:00:00Z,"[""45742939946094874824687417208711661205131461760422331277735745393193805349457"", ""110475425879038752349535639720766480458274565783397083615496250556947203595226""]",https://polymarket.com/market/will-tom-brady-win-the-2028-republican-presidential-nomination,75.0,elections,united_states,republican-presidential-nominee-2028,public_or_macro_driven,False,matched elections keywords,diversity cap: country_or_region=united_states
601822,will-michelle-bolsonaro-win-the-2026-brazilian-presidential-election,Will Michelle Bolsonaro win the 2026 Brazilian presidential election?,Will Michelle Bolsonaro win the 2026 Brazilian presidential election?,"A presidential election is scheduled to take place in Brazil on October 4, 2026.

This market will resolve according to the listed candidate that wins this election.

This market includes any potential second round. If the result of this election isn't known by June 30, 2027, 11:59 PM ET, the market will resolve to ""Other"".

This market will resolve based on the result of the election as indicated by a consensus of credible reporting. If there is ambiguity, this market will resolve based solely on the official results as reported by the Brazilian government, specifically the Superior Electoral Court (Tribunal Superior Eleitoral, TSE) (e.g., https://dadosabertos.tse.jus.br/).",,,brazil-presidential-election,Brazil Presidential Election,10366588.422317995,1272417.53416,False,2026-10-04T00:00:00Z,"[""91154058715822908897619103072380844452822017332608583147987152526225529443892"", ""16879668974983992641795221456967869661599530861479349066809692639705609051027""]",https://polymarket.com/market/will-michelle-bolsonaro-win-the-2026-brazilian-presidential-election,75.0,elections,latin_america,brazil-presidential-election,public_or_macro_driven,False,matched elections keywords,diversity cap: primary_topic=elections
562001,will-steve-bannon-win-the-2028-republican-presidential-nomination,Will Steve Bannon win the 2028 Republican presidential nomination?,Will Steve Bannon win the 2028 Republican presidential nomination?,"This market will resolve to “Yes” if the named individual wins and accepts the 2028 nomination of the Republican Party for U.S. president. Otherwise, this market will resolve to “No”.

The resolution source for this market will be a consensus of official Republican Party sources.

Any replacement of the Republican nominee before election day will not change the resolution of the market.",,,republican-presidential-nominee-2028,Republican Presidential Nominee 2028,22966515.961025007,1916543.24719,False,2028-11-07T00:00:00Z,"[""76572162491038773682779378100661251853152133818805423848523216103658476280587"", ""25583872291729778177187717614560645987351882646783629615247519807465184364234""]",https://polymarket.com/market/will-steve-bannon-win-the-2028-republican-presidential-nomination,75.0,elections,united_states,republican-presidential-nominee-2028,public_or_macro_driven,False,matched elections keywords,diversity cap: country_or_region=united_states
562002,will-erika-kirk-win-the-2028-republican-presidential-nomination,Will Erika Kirk win the 2028 Republican presidential nomination?,Will Erika Kirk win the 2028 Republican presidential nomination?,"This market will resolve to “Yes” if the named individual wins and accepts the 2028 nomination of the Republican Party for U.S. president. Otherwise, this market will resolve to “No”.

The resolution source for this market will be a consensus of official Republican Party sources.

Any replacement of the Republican nominee before election day will not change the resolution of the market.",,,republican-presidential-nominee-2028,Republican Presidential Nominee 2028,19033544.533152007,1982369.73599,False,2028-11-07T00:00:00Z,"[""36725157385158152303355940271421346899386884953712631735038848833359115722560"", ""100798539333257155804503755544697952331380694697499428407950484702163979829576""]",https://polymarket.com/market/will-erika-kirk-win-the-2028-republican-presidential-nomination,75.0,elections,united_states,republican-presidential-nominee-2028,public_or_macro_driven,False,matched elections keywords,diversity cap: country_or_region=united_states
562003,will-kim-kardashian-win-the-2028-republican-presidential-nomination,Will Kim Kardashian win the 2028 Republican presidential nomination?,Will Kim Kardashian win the 2028 Republican presidential nomination?,"This market will resolve to “Yes” if the named individual wins and accepts the 2028 nomination of the Republican Party for U.S. president. Otherwise, this market will resolve to “No”.

The resolution source for this market will be a consensus of official Republican Party sources.

Any replacement of the Republican nominee before election day will not change the resolution of the market.",,,republican-presidential-nominee-2028,Republican Presidential Nominee 2028,28565531.22503902,2288437.21423,False,2028-11-07T00:00:00Z,"[""10651968542740640896482407431367624536081358925965856338872110525887291512129"", ""103086387269187122378314827672946076309261054730475021633767467850510078119868""]",https://polymarket.com/market/will-kim-kardashian-win-the-2028-republican-presidential-nomination,75.0,elections,united_states,republican-presidential-nominee-2028,public_or_macro_driven,False,matched elections keywords,diversity cap: country_or_region=united_states
562004,will-marjorie-taylor-greene-win-the-2028-republican-presidential-nomination,Will Marjorie Taylor Greene win the 2028 Republican presidential nomination?,Will Marjorie Taylor Greene win the 2028 Republican presidential nomination?,"This market will resolve to “Yes” if the named individual wins and accepts the 2028 nomination of the Republican Party for U.S. president. Otherwise, this market will resolve to “No”.

The resolution source for this market will be a consensus of official Republican Party sources.

Any replacement of the Republican nominee before election day will not change the resolution of the market.",,,republican-presidential-nominee-2028,Republican Presidential Nominee 2028,6765811.567204004,1024205.68605,False,2028-11-07T00:00:00Z,"[""65830295349944471218641822318218876930376684645620468557619951782520997909982"", ""33372330947023860525870630758549137902170576919090726047009795835189818269107""]",https://polymarket.com/market/will-marjorie-taylor-greene-win-the-2028-republican-presidential-nomination,75.0,elections,united_states,republican-presidential-nominee-2028,public_or_macro_driven,False,matched elections keywords,diversity cap: country_or_region=united_states
562005,will-thomas-massie-win-the-2028-republican-presidential-nomination,Will Thomas Massie win the 2028 Republican presidential nomination?,Will Thomas Massie win the 2028 Republican presidential nomination?,"This market will resolve to “Yes” if the named individual wins and accepts the 2028 nomination of the Republican Party for U.S. president. Otherwise, this market will resolve to “No”.

The resolution source for this market will be a consensus of official Republican Party sources.

Any replacement of the Republican nominee before election day will not change the resolution of the market.",,,republican-presidential-nominee-2028,Republican Presidential Nominee 2028,6108831.801186999,396455.86716,False,2028-11-07T00:00:00Z,"[""99700879015134724880665931256853704724897234270130475786057704135245843006310"", ""94171791097080152294329103174901345850282375147106800117496695577931335275209""]",https://polymarket.com/market/will-thomas-massie-win-the-2028-republican-presidential-nomination,75.0,elections,united_states,republican-presidential-nominee-2028,public_or_macro_driven,False,matched elections keywords,diversity cap: country_or_region=united_states
562006,will-eric-trump-win-the-2028-republican-presidential-nomination,Will Eric Trump win the 2028 Republican presidential nomination?,Will Eric Trump win the 2028 Republican presidential nomination?,"This market will resolve to “Yes” if the named individual wins and accepts the 2028 nomination of the Republican Party for U.S. president. Otherwise, this market will resolve to “No”.

The resolution source for this market will be a consensus of official Republican Party sources.

Any replacement of the Republican nominee before election day will not change the resolution of the market.",,,republican-presidential-nominee-2028,Republican Presidential Nominee 2028,10575929.846374001,1553755.05664,False,2028-11-07T00:00:00Z,"[""57919459237478987490046512369779809927967587873586488155446781256559839871449"", ""58389730991380235726868542531087058690762163352908563301611948484975927797504""]",https://polymarket.com/market/will-eric-trump-win-the-2028-republican-presidential-nomination,75.0,elections,united_states,republican-presidential-nominee-2028,public_or_macro_driven,False,matched elections keywords,diversity cap: country_or_region=united_states
562007,will-joe-kent-win-the-2028-republican-presidential-nomination,Will Joe Kent win the 2028 Republican presidential nomination?,Will Joe Kent win the 2028 Republican presidential nomination?,"This market will resolve to “Yes” if the named individual wins and accepts the 2028 nomination of the Republican Party for U.S. president. Otherwise, this market will resolve to “No”.

The resolution source for this market will be a consensus of official Republican Party sources.

Any replacement of the Republican nominee before election day will not change the resolution of the market.",,,republican-presidential-nominee-2028,Republican Presidential Nominee 2028,8932197.775539998,1512432.85344,False,2028-11-07T00:00:00Z,"[""79109138136144804495019974949003266649145803384760006308278371005319168843129"", ""65030375464178446496570525340832652143777619585997981475842311804446352421562""]",https://polymarket.com/market/will-joe-kent-win-the-2028-republican-presidential-nomination,75.0,elections,united_states,republican-presidential-nominee-2028,public_or_macro_driven,False,matched elections keywords,diversity cap: country_or_region=united_states
562008,will-pete-hegseth-win-the-2028-republican-presidential-nomination,Will Pete Hegseth win the 2028 Republican presidential nomination?,Will Pete Hegseth win the 2028 Republican presidential nomination?,"This market will resolve to “Yes” if the named individual wins and accepts the 2028 nomination of the Republican Party for U.S. president. Otherwise, this market will resolve to “No”.

The resolution source for this market will be a consensus of official Republican Party sources.

Any replacement of the Republican nominee before election day will not change the resolution of the market.",,,republican-presidential-nominee-2028,Republican Presidential Nominee 2028,9361336.283478003,1788944.07284,False,2028-11-07T00:00:00Z,"[""98511916129081689027111328481059704559518789751071585689160934736837069796376"", ""9858445493903501648722765041195521587435370553699986326259923783724888628821""]",https://polymarket.com/market/will-pete-hegseth-win-the-2028-republican-presidential-nomination,75.0,elections,united_states,republican-presidential-nominee-2028,public_or_macro_driven,False,matched elections keywords,diversity cap: country_or_region=united_states
562009,will-candace-owens-win-the-2028-republican-presidential-nomination,Will Candace Owens win the 2028 Republican presidential nomination?,Will Candace Owens win the 2028 Republican presidential nomination?,"This market will resolve to “Yes” if the named individual wins and accepts the 2028 nomination of the Republican Party for U.S. president. Otherwise, this market will resolve to “No”.

The resolution source for this market will be a consensus of official Republican Party sources.

Any replacement of the Republican nominee before election day will not change the resolution of the market.",,,republican-presidential-nominee-2028,Republican Presidential Nominee 2028,871821.0203310001,839966.48756,False,2028-11-07T00:00:00Z,"[""103583503429104930194497628126914667755033911422951268976034178026550261878964"", ""104506727636149041299659366434997071904261219660415251973928167233993662044749""]",https://polymarket.com/market/will-candace-owens-win-the-2028-republican-presidential-nomination,75.0,elections,united_states,republican-presidential-nominee-2028,public_or_macro_driven,False,matched elections keywords,diversity cap: country_or_region=united_states
562010,will-tim-scott-win-the-2028-republican-presidential-nomination,Will Tim Scott win the 2028 Republican presidential nomination?,Will Tim Scott win the 2028 Republican presidential nomination?,"This market will resolve to “Yes” if the named individual wins and accepts the 2028 nomination of the Republican Party for U.S. president. Otherwise, this market will resolve to “No”.

The resolution source for this market will be a consensus of official Republican Party sources.

Any replacement of the Republican nominee before election day will not change the resolution of the market.",,,republican-presidential-nominee-2028,Republican Presidential Nominee 2028,531420.013166,1057508.29806,False,2028-11-07T00:00:00Z,"[""5512848766124376052999423421512013003730876644177915544789164561934035500453"", ""107397520174753938362592444517621272056012200608241033879184249398158199486352""]",https://polymarket.com/market/will-tim-scott-win-the-2028-republican-presidential-nomination,75.0,elections,united_states,republican-presidential-nominee-2028,public_or_macro_driven,False,matched elections keywords,diversity cap: country_or_region=united_states
562011,will-mike-johnson-win-the-2028-republican-presidential-nomination,Will Mike Johnson win the 2028 Republican presidential nomination?,Will Mike Johnson win the 2028 Republican presidential nomination?,"This market will resolve to “Yes” if the named individual wins and accepts the 2028 nomination of the Republican Party for U.S. president. Otherwise, this market will resolve to “No”.

The resolution source for this market will be a consensus of official Republican Party sources.

Any replacement of the Republican nominee before election day will not change the resolution of the market.",,,republican-presidential-nominee-2028,Republican Presidential Nominee 2028,872175.3846649999,1069252.98835,False,2028-11-07T00:00:00Z,"[""67009680541631417178786187475736119267175409373964622166552697723052949294917"", ""66184541511359055496328636694262565260133941886155730891488425086369465329409""]",https://polymarket.com/market/will-mike-johnson-win-the-2028-republican-presidential-nomination,75.0,elections,united_states,republican-presidential-nominee-2028,public_or_macro_driven,False,matched elections keywords,diversity cap: country_or_region=united_states
562012,will-doug-burgum-win-the-2028-republican-presidential-nomination,Will Doug Burgum win the 2028 Republican presidential nomination?,Will Doug Burgum win the 2028 Republican presidential nomination?,"This market will resolve to “Yes” if the named individual wins and accepts the 2028 nomination of the Republican Party for U.S. president. Otherwise, this market will resolve to “No”.

The resolution source for this market will be a consensus of official Republican Party sources.

Any replacement of the Republican nominee before election day will not change the resolution of the market.",,,republican-presidential-nominee-2028,Republican Presidential Nominee 2028,739544.2299999999,1098715.92719,False,2028-11-07T00:00:00Z,"[""93113471876116345683070495396509212560170369825152543269547431997634874178256"", ""86893269108096748563599850479786001283685570143251102849322763229169408359930""]",https://polymarket.com/market/will-doug-burgum-win-the-2028-republican-presidential-nomination,75.0,elections,united_states,republican-presidential-nominee-2028,public_or_macro_driven,False,matched elections keywords,diversity cap: country_or_region=united_states
562000,will-rand-paul-win-the-2028-republican-presidential-nomination,Will Rand Paul win the 2028 Republican presidential nomination?,Will Rand Paul win the 2028 Republican presidential nomination?,"This market will resolve to “Yes” if the named individual wins and accepts the 2028 nomination of the Republican Party for U.S. president. Otherwise, this market will resolve to “No”.

The resolution source for this market will be a consensus of official Republican Party sources.

Any replacement of the Republican nominee before election day will not change the resolution of the market.",,,republican-presidential-nominee-2028,Republican Presidential Nominee 2028,19550383.049801994,1435963.05971,False,2028-11-07T00:00:00Z,"[""56369772478534954338683665819559528414197495274302917800610633957542171787417"", ""97912974556505097471140703824534539631227593711361303698649171859837355186863""]",https://polymarket.com/market/will-rand-paul-win-the-2028-republican-presidential-nomination,75.0,elections,united_states,republican-presidential-nominee-2028,public_or_macro_driven,False,matched elections keywords,diversity cap: country_or_region=united_states
601823,will-eduardo-bolsonaro-win-the-2026-brazilian-presidential-election,Will Eduardo Bolsonaro win the 2026 Brazilian presidential election?,Will Eduardo Bolsonaro win the 2026 Brazilian presidential election?,"A presidential election is scheduled to take place in Brazil on October 4, 2026.

This market will resolve according to the listed candidate that wins this election.

This market includes any potential second round. If the result of this election isn't known by June 30, 2027, 11:59 PM ET, the market will resolve to ""Other"".

This market will resolve based on the result of the election as indicated by a consensus of credible reporting. If there is ambiguity, this market will resolve based solely on the official results as reported by the Brazilian government, specifically the Superior Electoral Court (Tribunal Superior Eleitoral, TSE) (e.g., https://dadosabertos.tse.jus.br/).",,,brazil-presidential-election,Brazil Presidential Election,10451679.345772,2043665.82439,False,2026-10-04T00:00:00Z,"[""68827474128979817444758177181483142354604256745613325980470518365059439724226"", ""74201542293075536162258436779948914914665324387949186755842303569200449516790""]",https://polymarket.com/market/will-eduardo-bolsonaro-win-the-2026-brazilian-presidential-election,75.0,elections,latin_america,brazil-presidential-election,public_or_macro_driven,False,matched elections keywords,diversity cap: primary_topic=elections
601824,will-carlos-roberto-massa-jnior-win-the-2026-brazilian-presidential-election,Will Carlos Roberto Massa Júnior win the 2026 Brazilian presidential election?,Will Carlos Roberto Massa Júnior win the 2026 Brazilian presidential election?,"A presidential election is scheduled to take place in Brazil on October 4, 2026.

This market will resolve according to the listed candidate that wins this election.

This market includes any potential second round. If the result of this election isn't known by June 30, 2027, 11:59 PM ET, the market will resolve to ""Other"".

This market will resolve based on the result of the election as indicated by a consensus of credible reporting. If there is ambiguity, this market will resolve based solely on the official results as reported by the Brazilian government, specifically the Superior Electoral Court (Tribunal Superior Eleitoral, TSE) (e.g., https://dadosabertos.tse.jus.br/).",,,brazil-presidential-election,Brazil Presidential Election,10456753.546618998,2285191.28876,False,2026-10-04T00:00:00Z,"[""7424753944577407627798342086224300332261118341771286172561357635231967087849"", ""59719566460284176747563170948594542001910357576928243006415040827066185298735""]",https://polymarket.com/market/will-carlos-roberto-massa-jnior-win-the-2026-brazilian-presidential-election,75.0,elections,latin_america,brazil-presidential-election,public_or_macro_driven,False,matched elections keywords,diversity cap: primary_topic=elections
601825,will-renan-santos-win-the-2026-brazilian-presidential-election,Will Renan Santos win the 2026 Brazilian presidential election?,Will Renan Santos win the 2026 Brazilian presidential election?,"A presidential election is scheduled to take place in Brazil on October 4, 2026.

This market will resolve according to the listed candidate that wins this election.

This market includes any potential second round. If the result of this election isn't known by June 30, 2027, 11:59 PM ET, the market will resolve to ""Other"".

This market will resolve based on the result of the election as indicated by a consensus of credible reporting. If there is ambiguity, this market will resolve based solely on the official results as reported by the Brazilian government, specifically the Superior Electoral Court (Tribunal Superior Eleitoral, TSE) (e.g., https://dadosabertos.tse.jus.br/).",,,brazil-presidential-election,Brazil Presidential Election,13928814.843679002,485294.73126,False,2026-10-04T00:00:00Z,"[""93998891488819623915454849994768171534113749478841216025646247933473925258016"", ""7565921021555775006041943394390068423142281108752994121417017072842379450830""]",https://polymarket.com/market/will-renan-santos-win-the-2026-brazilian-presidential-election,75.0,elections,latin_america,brazil-presidential-election,public_or_macro_driven,False,matched elections keywords,diversity cap: primary_topic=elections
601826,will-flvio-bolsonaro-win-the-2026-brazilian-presidential-election,Will Flávio Bolsonaro win the 2026 Brazilian presidential election?,Will Flávio Bolsonaro win the 2026 Brazilian presidential election?,"A presidential election is scheduled to take place in Brazil on October 4, 2026.

This market will resolve according to the listed candidate that wins this election.

This market includes any potential second round. If the result of this election isn't known by June 30, 2027, 11:59 PM ET, the market will resolve to ""Other"".

This market will resolve based on the result of the election as indicated by a consensus of credible reporting. If there is ambiguity, this market will resolve based solely on the official results as reported by the Brazilian government, specifically the Superior Electoral Court (Tribunal Superior Eleitoral, TSE) (e.g., https://dadosabertos.tse.jus.br/).",,,brazil-presidential-election,Brazil Presidential Election,11268898.468594003,259788.91796,False,2026-10-04T00:00:00Z,"[""109876868437950584369987384406356259939519193117253465815665152916226511121427"", ""38310927461258927563020508025396887688249787380193911540547071417200646834355""]",https://polymarket.com/market/will-flvio-bolsonaro-win-the-2026-brazilian-presidential-election,75.0,elections,latin_america,brazil-presidential-election,public_or_macro_driven,False,matched elections keywords,diversity cap: primary_topic=elections
601827,will-ronaldo-caiado-win-the-2026-brazilian-presidential-election,Will Ronaldo Caiado win the 2026 Brazilian presidential election?,Will Ronaldo Caiado win the 2026 Brazilian presidential election?,"A presidential election is scheduled to take place in Brazil on October 4, 2026.

This market will resolve according to the listed candidate that wins this election.

This market includes any potential second round. If the result of this election isn't known by June 30, 2027, 11:59 PM ET, the market will resolve to ""Other"".

This market will resolve based on the result of the election as indicated by a consensus of credible reporting. If there is ambiguity, this market will resolve based solely on the official results as reported by the Brazilian government, specifically the Superior Electoral Court (Tribunal Superior Eleitoral, TSE) (e.g., https://dadosabertos.tse.jus.br/).",,,brazil-presidential-election,Brazil Presidential Election,7646000.038362,1120423.00057,False,2026-10-04T00:00:00Z,"[""36262307788727352725358528951052957737657822670589615830114396216160368496388"", ""46647902352070183258066763519254338558701019805822306126128459427684955493048""]",https://polymarket.com/market/will-ronaldo-caiado-win-the-2026-brazilian-presidential-election,75.0,elections,latin_america,brazil-presidential-election,public_or_macro_driven,False,matched elections keywords,diversity cap: primary_topic=elections
601828,will-romeu-zema-win-the-2026-brazilian-presidential-election,Will Romeu Zema win the 2026 Brazilian presidential election?,Will Romeu Zema win the 2026 Brazilian presidential election?,"A presidential election is scheduled to take place in Brazil on October 4, 2026.

This market will resolve according to the listed candidate that wins this election.

This market includes any potential second round. If the result of this election isn't known by June 30, 2027, 11:59 PM ET, the market will resolve to ""Other"".

This market will resolve based on the result of the election as indicated by a consensus of credible reporting. If there is ambiguity, this market will resolve based solely on the official results as reported by the Brazilian government, specifically the Superior Electoral Court (Tribunal Superior Eleitoral, TSE) (e.g., https://dadosabertos.tse.jus.br/).",,,brazil-presidential-election,Brazil Presidential Election,7602165.272736002,401127.77399,False,2026-10-04T00:00:00Z,"[""44340846524235712899508083510503343345123518718867913608211694999290628967401"", ""38633448065261608755072088507033278254893488240734399014852176650195563610767""]",https://polymarket.com/market/will-romeu-zema-win-the-2026-brazilian-presidential-election,75.0,elections,latin_america,brazil-presidential-election,public_or_macro_driven,False,matched elections keywords,diversity cap: primary_topic=elections
559686,will-dwayne-the-rock-johnson-win-the-2028-democratic-presidential-nomination,Will Dwayne 'The Rock' Johnson win the 2028 Democratic presidential nomination?,Will Dwayne 'The Rock' Johnson win the 2028 Democratic presidential nomination?,"This market will resolve to “Yes” if the named individual wins and accepts the 2028 nomination of the Democratic Party for U.S. president. Otherwise, this market will resolve to “No”.

The resolution source for this market will be a consensus of official Democratic Party sources.

Any replacement of the democratic nominee before election day will not change the resolution of the market.",,,democratic-presidential-nominee-2028,Democratic Presidential Nominee 2028,12513818.840541007,845557.21462,False,2028-11-07T00:00:00Z,"[""40963724357262746498642320898188195118391211877976821531149510360187173789737"", ""14959910401705469574520698331840889689202579612030624016640567510369602599866""]",https://polymarket.com/market/will-dwayne-the-rock-johnson-win-the-2028-democratic-presidential-nomination,75.0,elections,united_states,democratic-presidential-nominee-2028,public_or_macro_driven,False,matched elections keywords,diversity cap: country_or_region=united_states
559687,will-oprah-winfrey-win-the-2028-democratic-presidential-nomination,Will Oprah Winfrey win the 2028 Democratic presidential nomination?,Will Oprah Winfrey win the 2028 Democratic presidential nomination?,"This market will resolve to “Yes” if the named individual wins and accepts the 2028 nomination of the Democratic Party for U.S. president. Otherwise, this market will resolve to “No”.

The resolution source for this market will be a consensus of official Democratic Party sources.

Any replacement of the democratic nominee before election day will not change the resolution of the market.",,,democratic-presidential-nominee-2028,Democratic Presidential Nominee 2028,54419142.39432903,2884176.4667,False,2028-11-07T00:00:00Z,"[""2213957649161627793381994368131485505647723208738124952452819345058597751695"", ""44046525152074436753629616217525652949736205933417533647338274649282385796755""]",https://polymarket.com/market/will-oprah-winfrey-win-the-2028-democratic-presidential-nomination,75.0,elections,united_states,democratic-presidential-nominee-2028,public_or_macro_driven,False,matched elections keywords,diversity cap: country_or_region=united_states
559688,will-andrew-yang-win-the-2028-democratic-presidential-nomination,Will Andrew Yang win the 2028 Democratic presidential nomination?,Will Andrew Yang win the 2028 Democratic presidential nomination?,"This market will resolve to “Yes” if the named individual wins and accepts the 2028 nomination of the Democratic Party for U.S. president. Otherwise, this market will resolve to “No”.

The resolution source for this market will be a consensus of official Democratic Party sources.

Any replacement of the democratic nominee before election day will not change the resolution of the market.",,,democratic-presidential-nominee-2028,Democratic Presidential Nominee 2028,48734315.46160402,2709991.39469,False,2028-11-07T00:00:00Z,"[""102504892414163237174864879683522880588750452841477290216845150938663289742135"", ""21234886083000978203440582985665409733123024063268807484684316771005736994028""]",https://polymarket.com/market/will-andrew-yang-win-the-2028-democratic-presidential-nomination,75.0,elections,united_states,democratic-presidential-nominee-2028,public_or_macro_driven,False,matched elections keywords,diversity cap: country_or_region=united_states
559689,will-beto-orourke-win-the-2028-democratic-presidential-nomination,Will Beto O’Rourke win the 2028 Democratic presidential nomination?,Will Beto O’Rourke win the 2028 Democratic presidential nomination?,"This market will resolve to “Yes” if the named individual wins and accepts the 2028 nomination of the Democratic Party for U.S. president. Otherwise, this market will resolve to “No”.

The resolution source for this market will be a consensus of official Democratic Party sources.

Any replacement of the democratic nominee before election day will not change the resolution of the market.",,,democratic-presidential-nominee-2028,Democratic Presidential Nominee 2028,42812666.546648026,2797045.66775,False,2028-11-07T00:00:00Z,"[""37126434962149084556522721025504254258386171468763869879755961635390358765833"", ""2426274669138238576933962603416907393958833898063513872892433203206006096668""]",https://polymarket.com/market/will-beto-orourke-win-the-2028-democratic-presidential-nomination,75.0,elections,united_states,democratic-presidential-nominee-2028,public_or_macro_driven,False,matched elections keywords,diversity cap: country_or_region=united_states
559690,will-kim-kardashian-win-the-2028-democratic-presidential-nomination,Will Kim Kardashian win the 2028 Democratic presidential nomination?,Will Kim Kardashian win the 2028 Democratic presidential nomination?,"This market will resolve to “Yes” if the named individual wins and accepts the 2028 nomination of the Democratic Party for U.S. president. Otherwise, this market will resolve to “No”.

The resolution source for this market will be a consensus of official Democratic Party sources.

Any replacement of the democratic nominee before election day will not change the resolution of the market.",,,democratic-presidential-nominee-2028,Democratic Presidential Nominee 2028,42919391.308171004,2711437.98736,False,2028-11-07T00:00:00Z,"[""55087250670040717711131370018408221134109122974378698780636020561523521220754"", ""108145967398435925971960442906832714254932011684365058146885679351681137451999""]",https://polymarket.com/market/will-kim-kardashian-win-the-2028-democratic-presidential-nomination,75.0,elections,united_states,democratic-presidential-nominee-2028,public_or_macro_driven,False,matched elections keywords,diversity cap: country_or_region=united_states
559691,will-chris-murphy-win-the-2028-democratic-presidential-nomination,Will Chris Murphy win the 2028 Democratic presidential nomination?,Will Chris Murphy win the 2028 Democratic presidential nomination?,"This market will resolve to “Yes” if the named individual wins and accepts the 2028 nomination of the Democratic Party for U.S. president. Otherwise, this market will resolve to “No”.

The resolution source for this market will be a consensus of official Democratic Party sources.

Any replacement of the democratic nominee before election day will not change the resolution of the market.",,,democratic-presidential-nominee-2028,Democratic Presidential Nominee 2028,17406597.721825995,1851579.49339,False,2028-11-07T00:00:00Z,"[""8815924480259634499011776432080696931704057619336093802050596292915996723758"", ""45099054006923138281311463758770234951153596952213440096254242321807308634603""]",https://polymarket.com/market/will-chris-murphy-win-the-2028-democratic-presidential-nomination,75.0,elections,united_states,democratic-presidential-nominee-2028,public_or_macro_driven,False,matched elections keywords,diversity cap: country_or_region=united_states
559693,will-ruben-gallego-win-the-2028-democratic-presidential-nomination,Will Ruben Gallego win the 2028 Democratic presidential nomination?,Will Ruben Gallego win the 2028 Democratic presidential nomination?,"This market will resolve to “Yes” if the named individual wins and accepts the 2028 nomination of the Democratic Party for U.S. president. Otherwise, this market will resolve to “No”.

The resolution source for this market will be a consensus of official Democratic Party sources.

Any replacement of the democratic nominee before election day will not change the resolution of the market.",,,democratic-presidential-nominee-2028,Democratic Presidential Nominee 2028,8808261.166941,890650.49497,False,2028-11-07T00:00:00Z,"[""94658518227479141344875476648819337938746150529318297759951212169676959854478"", ""89549550119611798541187132573193884477265258658615163602217456913355320927577""]",https://polymarket.com/market/will-ruben-gallego-win-the-2028-democratic-presidential-nomination,75.0,elections,united_states,democratic-presidential-nominee-2028,public_or_macro_driven,False,matched elections keywords,diversity cap: country_or_region=united_states
559694,will-ro-khanna-win-the-2028-democratic-presidential-nomination,Will Ro Khanna win the 2028 Democratic presidential nomination?,Will Ro Khanna win the 2028 Democratic presidential nomination?,"This market will resolve to “Yes” if the named individual wins and accepts the 2028 nomination of the Democratic Party for U.S. president. Otherwise, this market will resolve to “No”.

The resolution source for this market will be a consensus of official Democratic Party sources.

Any replacement of the democratic nominee before election day will not change the resolution of the market.",,,democratic-presidential-nominee-2028,Democratic Presidential Nominee 2028,11290338.814335002,361428.3164,False,2028-11-07T00:00:00Z,"[""20374050108659687356429749447884880983779889840007423115803042125707701269498"", ""2610336024939503976910443133965525155112118948066646227040491461288298872236""]",https://polymarket.com/market/will-ro-khanna-win-the-2028-democratic-presidential-nomination,75.0,elections,united_states,democratic-presidential-nominee-2028,public_or_macro_driven,False,matched elections keywords,diversity cap: country_or_region=united_states
559695,will-james-talarico-win-the-2028-democratic-presidential-nomination,Will James Talarico win the 2028 Democratic presidential nomination?,Will James Talarico win the 2028 Democratic presidential nomination?,"This market will resolve to “Yes” if the named individual wins and accepts the 2028 nomination of the Democratic Party for U.S. president. Otherwise, this market will resolve to “No”.

The resolution source for this market will be a consensus of official Democratic Party sources.

Any replacement of the democratic nominee before election day will not change the resolution of the market.",,,democratic-presidential-nominee-2028,Democratic Presidential Nominee 2028,10670096.753866998,249815.59,False,2028-11-07T00:00:00Z,"[""52535923606561722941567320365820395300598958985353103429657683100920373025261"", ""20643805904661385280242837899001038341346631607217619709766724611396929658707""]",https://polymarket.com/market/will-james-talarico-win-the-2028-democratic-presidential-nomination,75.0,elections,united_states,democratic-presidential-nominee-2028,public_or_macro_driven,False,matched elections keywords,diversity cap: country_or_region=united_states
559696,will-graham-platner-win-the-2028-democratic-presidential-nomination,Will Graham Platner win the 2028 Democratic presidential nomination?,Will Graham Platner win the 2028 Democratic presidential nomination?,"This market will resolve to “Yes” if the named individual wins and accepts the 2028 nomination of the Democratic Party for U.S. president. Otherwise, this market will resolve to “No”.

The resolution source for this market will be a consensus of official Democratic Party sources.

Any replacement of the democratic nominee before election day will not change the resolution of the market.",,,democratic-presidential-nominee-2028,Democratic Presidential Nominee 2028,8531235.089158,2464725.64407,False,2028-11-07T00:00:00Z,"[""54840717483866263964304723492966182979723045222316848733193673523986124053075"", ""2830559553603011758209706316487895188007644895898957662939818867834634821212""]",https://polymarket.com/market/will-graham-platner-win-the-2028-democratic-presidential-nomination,75.0,elections,united_states,democratic-presidential-nominee-2028,public_or_macro_driven,False,matched elections keywords,diversity cap: country_or_region=united_states
559697,will-abigail-spanberger-win-the-2028-democratic-presidential-nomination,Will Abigail Spanberger win the 2028 Democratic presidential nomination?,Will Abigail Spanberger win the 2028 Democratic presidential nomination?,"This market will resolve to “Yes” if the named individual wins and accepts the 2028 nomination of the Democratic Party for U.S. president. Otherwise, this market will resolve to “No”.

The resolution source for this market will be a consensus of official Democratic Party sources.

Any replacement of the democratic nominee before election day will not change the resolution of the market.",,,democratic-presidential-nominee-2028,Democratic Presidential Nominee 2028,3081211.676166,469542.05264,False,2028-11-07T00:00:00Z,"[""67834126955354466786049932246962827069514258320708123726234642047236874537300"", ""85842730802801029317331291122638780955014362480310249655739704629273608465884""]",https://polymarket.com/market/will-abigail-spanberger-win-the-2028-democratic-presidential-nomination,75.0,elections,united_states,democratic-presidential-nominee-2028,public_or_macro_driven,False,matched elections keywords,diversity cap: country_or_region=united_states
559698,will-hakeem-jeffries-win-the-2028-democratic-presidential-nomination,Will Hakeem Jeffries win the 2028 Democratic presidential nomination?,Will Hakeem Jeffries win the 2028 Democratic presidential nomination?,"This market will resolve to “Yes” if the named individual wins and accepts the 2028 nomination of the Democratic Party for U.S. president. Otherwise, this market will resolve to “No”.

The resolution source for this market will be a consensus of official Democratic Party sources.

Any replacement of the democratic nominee before election day will not change the resolution of the market.",,,democratic-presidential-nominee-2028,Democratic Presidential Nominee 2028,2131613.9911660003,496444.5157,False,2028-11-07T00:00:00Z,"[""23940655822937666554179928631365405234554137716172612284986318717257054413669"", ""74558297484750387958365610940184220316219182006445006209048673137036909262424""]",https://polymarket.com/market/will-hakeem-jeffries-win-the-2028-democratic-presidential-nomination,75.0,elections,united_states,democratic-presidential-nominee-2028,public_or_macro_driven,False,matched elections keywords,diversity cap: country_or_region=united_states
593973,will-bernie-endorse-kshama-sawant-for-wa-09-by-nov-2-2026-et,Will Bernie endorse Kshama Sawant for WA-09 by Nov 2 2026 ET?,Will Bernie endorse Kshama Sawant for WA-09 by Nov 2 2026 ET?,"This market will resolve according to the candidate Bernie Sanders announces that he will vote for or endorses for the listed election.

If Bernie Sanders does not announce an endorsement by the day before the scheduled election at 11:59 PM ET, this market will resolve to ""No"".

The resolution source for this market will be official information from Bernie Sanders or one of his representatives, or a consensus of credible reporting of Bernie Sanders' endorsement.",,,who-will-bernie-endorse,Who will Bernie endorse?,18753.542564,9618.31428,False,2026-11-03T00:00:00Z,"[""82924591030419390649945107956366329459342453014204495918712243498287775914589"", ""71441578579527723840294651825922843760099816515895816768244443656762671705984""]",https://polymarket.com/market/will-bernie-endorse-kshama-sawant-for-wa-09-by-nov-2-2026-et,75.0,elections,unknown,who-will-bernie-endorse,public_or_macro_driven,False,matched elections keywords,diversity cap: country_or_region=unknown
562015,will-rick-scott-win-the-2028-republican-presidential-nomination,Will Rick Scott win the 2028 Republican presidential nomination?,Will Rick Scott win the 2028 Republican presidential nomination?,"This market will resolve to “Yes” if the named individual wins and accepts the 2028 nomination of the Republican Party for U.S. president. Otherwise, this market will resolve to “No”.

The resolution source for this market will be a consensus of official Republican Party sources.

Any replacement of the Republican nominee before election day will not change the resolution of the market.",,,republican-presidential-nominee-2028,Republican Presidential Nominee 2028,761643.6288330001,1090373.13928,False,2028-11-07T00:00:00Z,"[""76990036573500195136722475443009439521376701541203139741941762278494244594290"", ""30428666779400259828134599704475236226063422368637918121111104985340992802624""]",https://polymarket.com/market/will-rick-scott-win-the-2028-republican-presidential-nomination,75.0,elections,united_states,republican-presidential-nominee-2028,public_or_macro_driven,False,matched elections keywords,diversity cap: country_or_region=united_states
559692,will-jasmine-crockett-win-the-2028-democratic-presidential-nomination,Will Jasmine Crockett win the 2028 Democratic presidential nomination?,Will Jasmine Crockett win the 2028 Democratic presidential nomination?,"This market will resolve to “Yes” if the named individual wins and accepts the 2028 nomination of the Democratic Party for U.S. president. Otherwise, this market will resolve to “No”.

The resolution source for this market will be a consensus of official Democratic Party sources.

Any replacement of the democratic nominee before election day will not change the resolution of the market.",,,democratic-presidential-nominee-2028,Democratic Presidential Nominee 2028,36467937.64311403,2253622.7205,False,2028-11-07T00:00:00Z,"[""22103094389913052942362639589409218272323168761614999702665821259175535456835"", ""10893367019711826592833821276710094799225035200719824531380610476790390190688""]",https://polymarket.com/market/will-jasmine-crockett-win-the-2028-democratic-presidential-nomination,75.0,elections,united_states,democratic-presidential-nominee-2028,public_or_macro_driven,False,matched elections keywords,diversity cap: country_or_region=united_states
