market_id,market_slug,market_name,question,description,category,tags,event_slug,event_title,volume,liquidity,closed,close_time,clob_token_ids,market_url,condition_id
559651,xi-jinping-out-before-2027,Xi Jinping out before 2027?,Xi Jinping out before 2027?,"This market will resolve to ""Yes"" if China's General Secretary of the Communist Party, Xi Jinping, is removed from power for any length of time between July 3, 2025, and December 31, 2026, 11:59 PM ET. Otherwise, this market will resolve to ""No"".

CCP General Secretary Xi Jinping will be considered removed from power if he announces his resignation from his role as General Secretary, or is otherwise dismissed, detained, disqualified, or otherwise loses his position or is prevented from fulfilling his duties as General Secretary within this market's timeframe.

The primary resolution source for this market will be a consensus of credible reporting.",,,xi-jinping-out-before-2027,Xi Jinping out before 2027?,13969314.883773997,563957.50071,False,2027-01-01T04:59:00Z,"[""32338220190071351435772801779725302244575775216413325951443816017994629993401"", ""25659310674993675562345759665114759892400026242514633218387667107987341231962""]",https://polymarket.com/market/xi-jinping-out-before-2027,0xa467b14d51f01b957109d9cbb1d6c124fab2a089d52ed8f471d23c2812e743b7
559652,will-gavin-newsom-win-the-2028-democratic-presidential-nomination-568,Will Gavin Newsom win the 2028 Democratic presidential nomination?,Will Gavin Newsom win the 2028 Democratic presidential nomination?,"This market will resolve to “Yes” if the named individual wins and accepts the 2028 nomination of the Democratic Party for U.S. president. Otherwise, this market will resolve to “No”.

The resolution source for this market will be a consensus of official Democratic Party sources.

Any replacement of the democratic nominee before election day will not change the resolution of the market.",,,democratic-presidential-nominee-2028,Democratic Presidential Nominee 2028,27757011.955467984,464635.21098,False,2028-11-08T04:59:00Z,"[""54533043819946592547517511176940999955633860128497669742211153063842200957669"", ""87854174148074652060467921081181402357467303721471806610111179101805869578687""]",https://polymarket.com/market/will-gavin-newsom-win-the-2028-democratic-presidential-nomination-568,0x0f49db97f71c68b1e42a6d16e3de93d85dbf7d4148e3f018eb79e88554be9f75
559653,will-alexandria-ocasio-cortez-win-the-2028-democratic-presidential-nomination-653,Will Alexandria Ocasio-Cortez win the 2028 Democratic presidential nomination?,Will Alexandria Ocasio-Cortez win the 2028 Democratic presidential nomination?,"This market will resolve to “Yes” if the named individual wins and accepts the 2028 nomination of the Democratic Party for U.S. president. Otherwise, this market will resolve to “No”.

The resolution source for this market will be a consensus of official Democratic Party sources.

Any replacement of the democratic nominee before election day will not change the resolution of the market.",,,democratic-presidential-nominee-2028,Democratic Presidential Nominee 2028,15245085.156752998,387972.50752,False,2028-11-08T04:59:00Z,"[""107064985435494333113391038470401719113272800530429703182710416066774068907304"", ""65176072261324737856085688071627118509549293922582857186996392180609764586527""]",https://polymarket.com/market/will-alexandria-ocasio-cortez-win-the-2028-democratic-presidential-nomination-653,0xe6bcc2f1dd025ce5e1833190f7c60a71171c94f805df55b9ab0ded695ec93565
559654,will-pete-buttigieg-win-the-2028-democratic-presidential-nomination-687,Will Pete Buttigieg win the 2028 Democratic presidential nomination?,Will Pete Buttigieg win the 2028 Democratic presidential nomination?,"This market will resolve to “Yes” if the named individual wins and accepts the 2028 nomination of the Democratic Party for U.S. president. Otherwise, this market will resolve to “No”.

The resolution source for this market will be a consensus of official Democratic Party sources.

Any replacement of the democratic nominee before election day will not change the resolution of the market.",,,democratic-presidential-nominee-2028,Democratic Presidential Nominee 2028,12123866.959960002,365486.28811,False,2028-11-08T04:59:00Z,"[""91031279171981959197361710127213577102576826515163085396576756946418341946256"", ""18494065527924073750217237765784380365430319396356251245973222791140100738948""]",https://polymarket.com/market/will-pete-buttigieg-win-the-2028-democratic-presidential-nomination-687,0x4c325469d9b516ef4e6b8f73a81a12607dec075e3c2fd454f91765aaeafc4760
559655,will-josh-shapiro-win-the-2028-democratic-presidential-nomination-977,Will Josh Shapiro win the 2028 Democratic presidential nomination?,Will Josh Shapiro win the 2028 Democratic presidential nomination?,"This market will resolve to “Yes” if the named individual wins and accepts the 2028 nomination of the Democratic Party for U.S. president. Otherwise, this market will resolve to “No”.

The resolution source for this market will be a consensus of official Democratic Party sources.

Any replacement of the democratic nominee before election day will not change the resolution of the market.",,,democratic-presidential-nominee-2028,Democratic Presidential Nominee 2028,10051201.148351993,290062.60085,False,2028-11-08T04:59:00Z,"[""71169839497420596285841847514123589847893415750912355173877524195175834054354"", ""55290827599553280245963175724940496753557722439999671239772487781170052583987""]",https://polymarket.com/market/will-josh-shapiro-win-the-2028-democratic-presidential-nomination-977,0xd65891729ce093cc12236856837eba1a0872fc7998fd4294c21346f7db68079c
559656,will-wes-moore-win-the-2028-democratic-presidential-nomination-714,Will Wes Moore win the 2028 Democratic presidential nomination?,Will Wes Moore win the 2028 Democratic presidential nomination?,"This market will resolve to “Yes” if the named individual wins and accepts the 2028 nomination of the Democratic Party for U.S. president. Otherwise, this market will resolve to “No”.

The resolution source for this market will be a consensus of official Democratic Party sources.

Any replacement of the democratic nominee before election day will not change the resolution of the market.",,,democratic-presidential-nominee-2028,Democratic Presidential Nominee 2028,18428104.71152,269255.64586,False,2028-11-08T04:59:00Z,"[""90227223115596293448966158151606153337847900483048338623540402385929720677904"", ""105134691322323565615831879054043168027913414000042547943201361115853277749482""]",https://polymarket.com/market/will-wes-moore-win-the-2028-democratic-presidential-nomination-714,0x61d9486c0f7e14ed98f3b177b6adcb3cd45646c92e8bbfbf209789b86472d4b6
559657,will-stephen-a-smith-win-the-2028-democratic-presidential-nomination-914,Will Stephen A. Smith win the 2028 Democratic presidential nomination?,Will Stephen A. Smith win the 2028 Democratic presidential nomination?,"This market will resolve to “Yes” if the named individual wins and accepts the 2028 nomination of the Democratic Party for U.S. president. Otherwise, this market will resolve to “No”.

The resolution source for this market will be a consensus of official Democratic Party sources.

Any replacement of the democratic nominee before election day will not change the resolution of the market.",,,democratic-presidential-nominee-2028,Democratic Presidential Nominee 2028,23052205.61568899,1932925.61078,False,2028-11-08T04:59:00Z,"[""60590045489347122735554346200880179420435533609307820342798544098823516727807"", ""76005700027045000587004110133818166617024719626220722682005164003117993034812""]",https://polymarket.com/market/will-stephen-a-smith-win-the-2028-democratic-presidential-nomination-914,0xc8f1cf5d4f26e0fd9c8fe89f2a7b3263b902cf14fde7bfccef525753bb492e47
559658,will-kamala-harris-win-the-2028-democratic-presidential-nomination-641,Will Kamala Harris win the 2028 Democratic presidential nomination?,Will Kamala Harris win the 2028 Democratic presidential nomination?,"This market will resolve to “Yes” if the named individual wins and accepts the 2028 nomination of the Democratic Party for U.S. president. Otherwise, this market will resolve to “No”.

The resolution source for this market will be a consensus of official Democratic Party sources.

Any replacement of the democratic nominee before election day will not change the resolution of the market.",,,democratic-presidential-nominee-2028,Democratic Presidential Nominee 2028,13558632.899159,292676.57221,False,2028-11-08T04:59:00Z,"[""38171024903091354977195167437673496224420673639143973968032407064172828043588"", ""26930844951471612827925270830087046333229637930899178134435055616497220846773""]",https://polymarket.com/market/will-kamala-harris-win-the-2028-democratic-presidential-nomination-641,0x909659c9436228e2be56d5582ba6188166f2f8bf3c596335512c8f2e380d01ec
559659,will-gretchen-whitmer-win-the-2028-democratic-presidential-nomination-676,Will Gretchen Whitmer win the 2028 Democratic presidential nomination?,Will Gretchen Whitmer win the 2028 Democratic presidential nomination?,"This market will resolve to “Yes” if the named individual wins and accepts the 2028 nomination of the Democratic Party for U.S. president. Otherwise, this market will resolve to “No”.

The resolution source for this market will be a consensus of official Democratic Party sources.

Any replacement of the democratic nominee before election day will not change the resolution of the market.",,,democratic-presidential-nominee-2028,Democratic Presidential Nominee 2028,12122205.887150006,186655.91778,False,2028-11-08T04:59:00Z,"[""57761428076807364758801249497410455358987881775226117256631754592198558850468"", ""64300336035644500626313522990854070672468621241744347587785777226296613235598""]",https://polymarket.com/market/will-gretchen-whitmer-win-the-2028-democratic-presidential-nomination-676,0xe39adea057926dc197fe30a441f57a340b2a232d5a687010f78bba9b6e02620f
559660,will-andy-beshear-win-the-2028-democratic-presidential-nomination-832,Will Andy Beshear win the 2028 Democratic presidential nomination?,Will Andy Beshear win the 2028 Democratic presidential nomination?,"This market will resolve to “Yes” if the named individual wins and accepts the 2028 nomination of the Democratic Party for U.S. president. Otherwise, this market will resolve to “No”.

The resolution source for this market will be a consensus of official Democratic Party sources.

Any replacement of the democratic nominee before election day will not change the resolution of the market.",,,democratic-presidential-nominee-2028,Democratic Presidential Nominee 2028,13284100.522244003,500117.43926,False,2028-11-08T04:59:00Z,"[""26468656392978559668331516709623917078428425933265692717836103090220693717685"", ""26335362363448644358593284423242327477307616743233875606762153873424287882825""]",https://polymarket.com/market/will-andy-beshear-win-the-2028-democratic-presidential-nomination-832,0x1d519b87999e3d4e90e1e8f57b5eee73a0ba488ff3fdb70867f294733aba84a9
559661,will-jon-ossoff-win-the-2028-democratic-presidential-nomination-885,Will Jon Ossoff win the 2028 Democratic presidential nomination?,Will Jon Ossoff win the 2028 Democratic presidential nomination?,"This market will resolve to “Yes” if the named individual wins and accepts the 2028 nomination of the Democratic Party for U.S. president. Otherwise, this market will resolve to “No”.

The resolution source for this market will be a consensus of official Democratic Party sources.

Any replacement of the democratic nominee before election day will not change the resolution of the market.",,,democratic-presidential-nominee-2028,Democratic Presidential Nominee 2028,13091005.272952002,295950.56189,False,2028-11-08T04:59:00Z,"[""70071592420137476676935286377781779672157004436137616627487590484756055232944"", ""107829893465244243112531790315844862173967342141753896250561816305880797209350""]",https://polymarket.com/market/will-jon-ossoff-win-the-2028-democratic-presidential-nomination-885,0x74dba1ce1ae9dd535414e85f2d9ab5ea32c0fb1acc9b7130b67e6d91217e24e1
559662,will-mark-cuban-win-the-2028-democratic-presidential-nomination-329,Will Mark Cuban win the 2028 Democratic presidential nomination?,Will Mark Cuban win the 2028 Democratic presidential nomination?,"This market will resolve to “Yes” if the named individual wins and accepts the 2028 nomination of the Democratic Party for U.S. president. Otherwise, this market will resolve to “No”.

The resolution source for this market will be a consensus of official Democratic Party sources.

Any replacement of the democratic nominee before election day will not change the resolution of the market.",,,democratic-presidential-nominee-2028,Democratic Presidential Nominee 2028,23143145.679177,1780150.807,False,2028-11-08T04:59:00Z,"[""58378309871183461257693288827678410871907006920578755035402846056315798427503"", ""55392527126713018429304496836617506663024188480522297953714346140749923557790""]",https://polymarket.com/market/will-mark-cuban-win-the-2028-democratic-presidential-nomination-329,0x9d4f94f82de9d13ff1d3318639ab9000ee2533949e525343156f374fb00bd9b1
559663,will-jb-pritzker-win-the-2028-democratic-presidential-nomination-288,Will J.B. Pritzker win the 2028 Democratic presidential nomination?,Will J.B. Pritzker win the 2028 Democratic presidential nomination?,"This market will resolve to “Yes” if the named individual wins and accepts the 2028 nomination of the Democratic Party for U.S. president. Otherwise, this market will resolve to “No”.

The resolution source for this market will be a consensus of official Democratic Party sources.

Any replacement of the democratic nominee before election day will not change the resolution of the market.",,,democratic-presidential-nominee-2028,Democratic Presidential Nominee 2028,15768748.572821982,397380.87946,False,2028-11-08T04:59:00Z,"[""103988345069738240821107916249290759786442703283901164377120414690701074137717"", ""108650988487983371520585351370999192979899647080710024226285750050382033453124""]",https://polymarket.com/market/will-jb-pritzker-win-the-2028-democratic-presidential-nomination-288,0xe883f2fda25a605a184bb5fe583afce6cc21ea0b348b6a3728ec3067553c548d
559664,will-raphael-warnock-win-the-2028-democratic-presidential-nomination-914,Will Raphael Warnock win the 2028 Democratic presidential nomination?,Will Raphael Warnock win the 2028 Democratic presidential nomination?,"This market will resolve to “Yes” if the named individual wins and accepts the 2028 nomination of the Democratic Party for U.S. president. Otherwise, this market will resolve to “No”.

The resolution source for this market will be a consensus of official Democratic Party sources.

Any replacement of the democratic nominee before election day will not change the resolution of the market.",,,democratic-presidential-nominee-2028,Democratic Presidential Nominee 2028,32470804.862634014,1521995.35918,False,2028-11-08T04:59:00Z,"[""52310257194926233099477326083312959938983447523839326865869372741334281264830"", ""88403451835230950222119400360490338078378790763472355557584611572247419676051""]",https://polymarket.com/market/will-raphael-warnock-win-the-2028-democratic-presidential-nomination-914,0xdce84960dce38aa4a5800a5eba7c9ac34d2ce49ba9d44c42572c472d468af264
559665,will-corey-booker-win-the-2028-democratic-presidential-nomination-125,Will Cory Booker win the 2028 Democratic presidential nomination?,Will Cory Booker win the 2028 Democratic presidential nomination?,"This market will resolve to “Yes” if the named individual wins and accepts the 2028 nomination of the Democratic Party for U.S. president. Otherwise, this market will resolve to “No”.

The resolution source for this market will be a consensus of official Democratic Party sources.

Any replacement of the democratic nominee before election day will not change the resolution of the market.",,,democratic-presidential-nominee-2028,Democratic Presidential Nominee 2028,26320477.046232,1479507.90396,False,2028-11-08T04:59:00Z,"[""50887272939612765629559172143901565817521391945540156085421963433918821328137"", ""29006371059590547574472177233842141554614007974283936149779962779213443973844""]",https://polymarket.com/market/will-corey-booker-win-the-2028-democratic-presidential-nomination-125,0x1970bcce75e3674660917ae4685b433a9b1e0152d810a8d7c346dfd5e00694c2
559666,will-tim-walz-win-the-2028-democratic-presidential-nomination-475,Will Tim Walz win the 2028 Democratic presidential nomination?,Will Tim Walz win the 2028 Democratic presidential nomination?,"This market will resolve to “Yes” if the named individual wins and accepts the 2028 nomination of the Democratic Party for U.S. president. Otherwise, this market will resolve to “No”.

The resolution source for this market will be a consensus of official Democratic Party sources.

Any replacement of the democratic nominee before election day will not change the resolution of the market.",,,democratic-presidential-nominee-2028,Democratic Presidential Nominee 2028,43508350.973427996,2775759.29467,False,2028-11-08T04:59:00Z,"[""104464678880204778606895232389511543522030897731392516718349574106843434770446"", ""90935594925886073322524509252821043048115343298080885997215308777385571383769""]",https://polymarket.com/market/will-tim-walz-win-the-2028-democratic-presidential-nomination-475,0x3265b10daeb30dbcc3214bd02e488551d0a5d3028392f4152e4750b943fbfc91
559667,will-michelle-obama-win-the-2028-democratic-presidential-nomination-777,Will Michelle Obama win the 2028 Democratic presidential nomination?,Will Michelle Obama win the 2028 Democratic presidential nomination?,"This market will resolve to “Yes” if the named individual wins and accepts the 2028 nomination of the Democratic Party for U.S. president. Otherwise, this market will resolve to “No”.

The resolution source for this market will be a consensus of official Democratic Party sources.

Any replacement of the democratic nominee before election day will not change the resolution of the market.",,,democratic-presidential-nominee-2028,Democratic Presidential Nominee 2028,26326347.775421,2139779.75637,False,2028-11-08T04:59:00Z,"[""83723134981785004242996949681785273460678873813693556756054904164484296299719"", ""107146110974011455665373243296921398136854344089489911087344946921091914123046""]",https://polymarket.com/market/will-michelle-obama-win-the-2028-democratic-presidential-nomination-777,0x3e218c99a1335641b3a5ee6c887521d19b0c28fddd6b99c254a07968e35c0b1b
559668,will-mark-kelly-win-the-2028-democratic-presidential-nomination-479,Will Mark Kelly win the 2028 Democratic presidential nomination?,Will Mark Kelly win the 2028 Democratic presidential nomination?,"This market will resolve to “Yes” if the named individual wins and accepts the 2028 nomination of the Democratic Party for U.S. president. Otherwise, this market will resolve to “No”.

The resolution source for this market will be a consensus of official Democratic Party sources.

Any replacement of the democratic nominee before election day will not change the resolution of the market.",,,democratic-presidential-nominee-2028,Democratic Presidential Nominee 2028,17656747.95211399,299020.62224,False,2028-11-08T04:59:00Z,"[""92325249719485031139867422012514654102580961954747753469470405147070256604118"", ""5116999494213083595175041146469973274436003044730013359502912125889113751080""]",https://polymarket.com/market/will-mark-kelly-win-the-2028-democratic-presidential-nomination-479,0x36db77c539bcc8c7bf0686c1b99f30c5a5eed1f53d3b3a27a071550c81f83701
559669,will-rahm-emanuel-win-the-2028-democratic-presidential-nomination-299,Will Rahm Emanuel win the 2028 Democratic presidential nomination?,Will Rahm Emanuel win the 2028 Democratic presidential nomination?,"This market will resolve to “Yes” if the named individual wins and accepts the 2028 nomination of the Democratic Party for U.S. president. Otherwise, this market will resolve to “No”.

The resolution source for this market will be a consensus of official Democratic Party sources.

Any replacement of the democratic nominee before election day will not change the resolution of the market.",,,democratic-presidential-nominee-2028,Democratic Presidential Nominee 2028,14587221.684457997,836836.88736,False,2028-11-08T04:59:00Z,"[""10521981432803570450946212503203364998108630328528216082760514453664705157397"", ""91949042216127305292438280992722171735754548787382833799906976841509942727662""]",https://polymarket.com/market/will-rahm-emanuel-win-the-2028-democratic-presidential-nomination-299,0x3dc47a72ac6bb265e9cefebd2a2eeed00966394cb2d07245b5c94138b60e82a3
559670,will-gina-raimondo-win-the-2028-democratic-presidential-nomination-676,Will Gina Raimondo win the 2028 Democratic presidential nomination?,Will Gina Raimondo win the 2028 Democratic presidential nomination?,"This market will resolve to “Yes” if the named individual wins and accepts the 2028 nomination of the Democratic Party for U.S. president. Otherwise, this market will resolve to “No”.

The resolution source for this market will be a consensus of official Democratic Party sources.

Any replacement of the democratic nominee before election day will not change the resolution of the market.",,,democratic-presidential-nominee-2028,Democratic Presidential Nominee 2028,35775960.039999016,2121375.52235,False,2028-11-08T04:59:00Z,"[""35165603539035270209469650915267170915291414186795231160733227083640059691764"", ""82254794773423437491598574581796732934760602553828664932786984448280136473130""]",https://polymarket.com/market/will-gina-raimondo-win-the-2028-democratic-presidential-nomination-676,0xcb239105ed21a2420ba4d85090b9bc32755c56601ffdc528afd17fd6282fe930
559671,will-zohran-mamdani-win-the-2028-democratic-presidential-nomination-445,Will Zohran Mamdani win the 2028 Democratic presidential nomination?,Will Zohran Mamdani win the 2028 Democratic presidential nomination?,"This market will resolve to “Yes” if the named individual wins and accepts the 2028 nomination of the Democratic Party for U.S. president. Otherwise, this market will resolve to “No”.

The resolution source for this market will be a consensus of official Democratic Party sources.

Any replacement of the democratic nominee before election day will not change the resolution of the market.",,,democratic-presidential-nominee-2028,Democratic Presidential Nominee 2028,38950557.25321007,2623252.47192,False,2028-11-08T04:59:00Z,"[""19323997520040734631220675039559156784534982703459512097490198935565229528445"", ""111309365336519526711604102518316708823622751854213281307404397618571408959194""]",https://polymarket.com/market/will-zohran-mamdani-win-the-2028-democratic-presidential-nomination-445,0x3535fb2f4aef6619dde8b367cb5e5d209526bb496d5d9778428c58a0252435e3
559672,will-roy-cooper-win-the-2028-democratic-presidential-nomination-286,Will Roy Cooper win the 2028 Democratic presidential nomination?,Will Roy Cooper win the 2028 Democratic presidential nomination?,"This market will resolve to “Yes” if the named individual wins and accepts the 2028 nomination of the Democratic Party for U.S. president. Otherwise, this market will resolve to “No”.

The resolution source for this market will be a consensus of official Democratic Party sources.

Any replacement of the democratic nominee before election day will not change the resolution of the market.",,,democratic-presidential-nominee-2028,Democratic Presidential Nominee 2028,31723777.532226007,1666489.77355,False,2028-11-08T04:59:00Z,"[""30732552320006664177902085971957467957450485111214036633872573588757974348601"", ""55053374667733007627913689484290555932799177921000957543346276204775142445823""]",https://polymarket.com/market/will-roy-cooper-win-the-2028-democratic-presidential-nomination-286,0x939eeb2dea216749bd409bedde483c3f2bfb0e24d4f2d34461c0b21c6e91f010
559673,will-john-fetterman-win-the-2028-democratic-presidential-nomination-941,Will John Fetterman win the 2028 Democratic presidential nomination?,Will John Fetterman win the 2028 Democratic presidential nomination?,"This market will resolve to “Yes” if the named individual wins and accepts the 2028 nomination of the Democratic Party for U.S. president. Otherwise, this market will resolve to “No”.

The resolution source for this market will be a consensus of official Democratic Party sources.

Any replacement of the democratic nominee before election day will not change the resolution of the market.",,,democratic-presidential-nominee-2028,Democratic Presidential Nominee 2028,25660971.584834,2098130.78512,False,2028-11-08T04:59:00Z,"[""71289010523270989807437428651002770360280908813019627976988032260868574107425"", ""68686505966910102763700888296813272792512562699674656659355148432859571994559""]",https://polymarket.com/market/will-john-fetterman-win-the-2028-democratic-presidential-nomination-941,0xca1d1139b0c3a29983407f499476ae642482788e841a277eb86faeeb9fa4a85c
559674,will-jared-polis-win-the-2028-democratic-presidential-nomination-837,Will Jared Polis win the 2028 Democratic presidential nomination?,Will Jared Polis win the 2028 Democratic presidential nomination?,"This market will resolve to “Yes” if the named individual wins and accepts the 2028 nomination of the Democratic Party for U.S. president. Otherwise, this market will resolve to “No”.

The resolution source for this market will be a consensus of official Democratic Party sources.

Any replacement of the democratic nominee before election day will not change the resolution of the market.",,,democratic-presidential-nominee-2028,Democratic Presidential Nominee 2028,27409789.389758013,991120.17009,False,2028-11-08T04:59:00Z,"[""42119164854283656238382173699154739480090965550328051492328192273011556335098"", ""39150381508679235943386404690610035044747196600759141560840372170757042543675""]",https://polymarket.com/market/will-jared-polis-win-the-2028-democratic-presidential-nomination-837,0x8fbcb151e2c988df5a43abb02298014b7daf34c008f3eed9188dd16a2a19bec1
559675,will-jon-stewart-win-the-2028-democratic-presidential-nomination-518,Will Jon Stewart win the 2028 Democratic presidential nomination?,Will Jon Stewart win the 2028 Democratic presidential nomination?,"This market will resolve to “Yes” if the named individual wins and accepts the 2028 nomination of the Democratic Party for U.S. president. Otherwise, this market will resolve to “No”.

The resolution source for this market will be a consensus of official Democratic Party sources.

Any replacement of the democratic nominee before election day will not change the resolution of the market.",,,democratic-presidential-nominee-2028,Democratic Presidential Nominee 2028,24769265.466515016,291901.94083,False,2028-11-08T04:59:00Z,"[""58343456405874365460518182619380252930558598368174305791768670198253267891911"", ""84566561349071752664514432513198569980219178901068420341175150225620958953893""]",https://polymarket.com/market/will-jon-stewart-win-the-2028-democratic-presidential-nomination-518,0xfee07be730188c94cd3644ed6f107fa3ea2dfab9989ce8d39aeeae064766abe3
559676,will-barack-obama-win-the-2028-democratic-presidential-nomination-265,Will Barack Obama win the 2028 Democratic presidential nomination?,Will Barack Obama win the 2028 Democratic presidential nomination?,"This market will resolve to “Yes” if the named individual wins and accepts the 2028 nomination of the Democratic Party for U.S. president. Otherwise, this market will resolve to “No”.

The resolution source for this market will be a consensus of official Democratic Party sources.

Any replacement of the democratic nominee before election day will not change the resolution of the market.",,,democratic-presidential-nominee-2028,Democratic Presidential Nominee 2028,34173938.37786001,2513668.97042,False,2028-11-08T04:59:00Z,"[""88927218779847397120407909832537568114340511586397698395193736044476021744522"", ""93993883668914241189795812807312922412111034935516092303580333564217329905759""]",https://polymarket.com/market/will-barack-obama-win-the-2028-democratic-presidential-nomination-265,0x88d67705780a3d922317ecb0c78a947a306174d0510df2ae89394d5abfb28206
559677,will-hillary-clinton-win-the-2028-democratic-presidential-nomination,Will Hillary Clinton win the 2028 Democratic presidential nomination?,Will Hillary Clinton win the 2028 Democratic presidential nomination?,"This market will resolve to “Yes” if the named individual wins and accepts the 2028 nomination of the Democratic Party for U.S. president. Otherwise, this market will resolve to “No”.

The resolution source for this market will be a consensus of official Democratic Party sources.

Any replacement of the democratic nominee before election day will not change the resolution of the market.",,,democratic-presidential-nominee-2028,Democratic Presidential Nominee 2028,44065221.21327303,2678080.59702,False,2028-11-08T04:59:00Z,"[""6349038249650226718426900942104344803413105653564595362433352811865798195800"", ""57931882677606943294773135604094039468334392354204920135953322654005083822055""]",https://polymarket.com/market/will-hillary-clinton-win-the-2028-democratic-presidential-nomination,0x663b88d3a8f2341bb8d878709dc78632bcaf7512e577bd15521e5d8ed933efbc
559678,will-liz-cheney-win-the-2028-democratic-presidential-nomination-551,Will Liz Cheney win the 2028 Democratic presidential nomination?,Will Liz Cheney win the 2028 Democratic presidential nomination?,"This market will resolve to “Yes” if the named individual wins and accepts the 2028 nomination of the Democratic Party for U.S. president. Otherwise, this market will resolve to “No”.

The resolution source for this market will be a consensus of official Democratic Party sources.

Any replacement of the democratic nominee before election day will not change the resolution of the market.",,,democratic-presidential-nominee-2028,Democratic Presidential Nominee 2028,38534645.47262199,2797951.36359,False,2028-11-08T04:59:00Z,"[""41340056280794024415573839406074658402877379128871144681466050648033201160259"", ""63802361760137863513735993346883582181207639895442036953936089060482564982249""]",https://polymarket.com/market/will-liz-cheney-win-the-2028-democratic-presidential-nomination-551,0x46dbd48d6bde5b81edb480e0f676a2cdda6c6b592c4d86a9367c7ad5a9870195
559679,will-bernie-sanders-win-the-2028-democratic-presidential-nomination-879,Will Bernie Sanders win the 2028 Democratic presidential nomination?,Will Bernie Sanders win the 2028 Democratic presidential nomination?,"This market will resolve to “Yes” if the named individual wins and accepts the 2028 nomination of the Democratic Party for U.S. president. Otherwise, this market will resolve to “No”.

The resolution source for this market will be a consensus of official Democratic Party sources.

Any replacement of the democratic nominee before election day will not change the resolution of the market.",,,democratic-presidential-nominee-2028,Democratic Presidential Nominee 2028,52751863.47366,899281.19917,False,2028-11-08T04:59:00Z,"[""113510300123120868861281132282742729065975487298059944817273881893086209196585"", ""3444964147133304300560138317203877470064591148213906708394693248804691192318""]",https://polymarket.com/market/will-bernie-sanders-win-the-2028-democratic-presidential-nomination-879,0x30cfb887558b20373a984da60c372fe5a90c0296aa6d8bb413a8aa7543846da2
559680,will-phil-murphy-win-the-2028-democratic-presidential-nomination-611,Will Phil Murphy win the 2028 Democratic presidential nomination?,Will Phil Murphy win the 2028 Democratic presidential nomination?,"This market will resolve to “Yes” if the named individual wins and accepts the 2028 nomination of the Democratic Party for U.S. president. Otherwise, this market will resolve to “No”.

The resolution source for this market will be a consensus of official Democratic Party sources.

Any replacement of the democratic nominee before election day will not change the resolution of the market.",,,democratic-presidential-nominee-2028,Democratic Presidential Nominee 2028,42890824.15536504,2495919.85001,False,2028-11-08T04:59:00Z,"[""81633484456710374417231462107666791993850637546563366185897100962157481970040"", ""114507466536734360808195115190160357255467689128176113085692265197019898971527""]",https://polymarket.com/market/will-phil-murphy-win-the-2028-democratic-presidential-nomination-611,0x29283b56d3eec6d1d89fff51793d9d2e01579d2379b1d3e9ebda175d3561e809
559681,will-lebron-james-win-the-2028-democratic-presidential-nomination,Will LeBron James win the 2028 Democratic presidential nomination?,Will LeBron James win the 2028 Democratic presidential nomination?,"This market will resolve to “Yes” if the named individual wins and accepts the 2028 nomination of the Democratic Party for U.S. president. Otherwise, this market will resolve to “No”.

The resolution source for this market will be a consensus of official Democratic Party sources.

Any replacement of the democratic nominee before election day will not change the resolution of the market.",,,democratic-presidential-nominee-2028,Democratic Presidential Nominee 2028,43986276.61742701,2890942.04421,False,2028-11-08T04:59:00Z,"[""100561779829530520068956424581003844045516012444425572625523659025114550346085"", ""46254744034025107660239982269249567113656697231872036621777316158933638064598""]",https://polymarket.com/market/will-lebron-james-win-the-2028-democratic-presidential-nomination,0x8b203037c7c0e21b500314f8398d2a8ea294b7ce1f4f9185f426425a3505bc45
559682,will-person-a-win-the-2028-democratic-presidential-nomination,Will Hunter Biden win the 2028 Democratic presidential nomination?,Will Hunter Biden win the 2028 Democratic presidential nomination?,"This market will resolve to “Yes” if the named individual wins and accepts the 2028 nomination of the Democratic Party for U.S. president. Otherwise, this market will resolve to “No”.

The resolution source for this market will be a consensus of official Democratic Party sources.

Any replacement of the democratic nominee before election day will not change the resolution of the market.",,,democratic-presidential-nominee-2028,Democratic Presidential Nominee 2028,44501851.16621803,1155952.32928,False,2028-11-08T04:59:00Z,"[""11343337042526652606304508556838778144915122118685013460142819817079620240439"", ""19117858613830240204442128472263675815111662346578092643025820800380629933012""]",https://polymarket.com/market/will-person-a-win-the-2028-democratic-presidential-nomination,0x1945a8b23e313ed7423b6b6fd556f9ab5578900376b565a61dc480a5f4f35d21
559683,will-george-clooney-win-the-2028-democratic-presidential-nomination,Will George Clooney win the 2028 Democratic presidential nomination?,Will George Clooney win the 2028 Democratic presidential nomination?,"This market will resolve to “Yes” if the named individual wins and accepts the 2028 nomination of the Democratic Party for U.S. president. Otherwise, this market will resolve to “No”.

The resolution source for this market will be a consensus of official Democratic Party sources.

Any replacement of the democratic nominee before election day will not change the resolution of the market.",,,democratic-presidential-nominee-2028,Democratic Presidential Nominee 2028,43453382.27337499,2686084.93829,False,2028-11-08T04:59:00Z,"[""48218088132821386640274752564592889805082274744128282833036735027928992155024"", ""5645396948464928632054207670692862818297222862819597089648758232622731040046""]",https://polymarket.com/market/will-george-clooney-win-the-2028-democratic-presidential-nomination,0x822e61527476cabf98927e3aad385c5ecdae7086f945535f2c1fd9ae8dbfa46e
559684,will-chelsea-clinton-win-the-2028-democratic-presidential-nomination,Will Chelsea Clinton win the 2028 Democratic presidential nomination?,Will Chelsea Clinton win the 2028 Democratic presidential nomination?,"This market will resolve to “Yes” if the named individual wins and accepts the 2028 nomination of the Democratic Party for U.S. president. Otherwise, this market will resolve to “No”.

The resolution source for this market will be a consensus of official Democratic Party sources.

Any replacement of the democratic nominee before election day will not change the resolution of the market.",,,democratic-presidential-nominee-2028,Democratic Presidential Nominee 2028,50603972.113703005,527225.69796,False,2028-11-08T04:59:00Z,"[""46211769122513729244602558513001215391004042100934296321661285791281233261657"", ""76057920052421891902791411567177996435483774677774664174053982044923692373687""]",https://polymarket.com/market/will-chelsea-clinton-win-the-2028-democratic-presidential-nomination,0xf2e51acfbb6d0414dc2ace81b7dc2af7c165e443dcb91f6caa7aab6d6ab4f06d
559685,will-mrbeast-win-the-2028-democratic-presidential-nomination,Will MrBeast win the 2028 Democratic presidential nomination?,Will MrBeast win the 2028 Democratic presidential nomination?,"This market will resolve to “Yes” if the named individual wins and accepts the 2028 nomination of the Democratic Party for U.S. president. Otherwise, this market will resolve to “No”.

The resolution source for this market will be a consensus of official Democratic Party sources.

Any replacement of the democratic nominee before election day will not change the resolution of the market.",,,democratic-presidential-nominee-2028,Democratic Presidential Nominee 2028,41009534.181762986,2797067.4395,False,2028-11-08T04:59:00Z,"[""51035537065442638321333063915918274102446051033989435618245745345113522914516"", ""93910251767329056141706007839545721784238465183449597462421810827705938093892""]",https://polymarket.com/market/will-mrbeast-win-the-2028-democratic-presidential-nomination,0xc44edcfdedb422bae8ff1803e2178d1ee025fc41efd81400ccbede709e018841
559686,will-dwayne-the-rock-johnson-win-the-2028-democratic-presidential-nomination,Will Dwayne 'The Rock' Johnson win the 2028 Democratic presidential nomination?,Will Dwayne 'The Rock' Johnson win the 2028 Democratic presidential nomination?,"This market will resolve to “Yes” if the named individual wins and accepts the 2028 nomination of the Democratic Party for U.S. president. Otherwise, this market will resolve to “No”.

The resolution source for this market will be a consensus of official Democratic Party sources.

Any replacement of the democratic nominee before election day will not change the resolution of the market.",,,democratic-presidential-nominee-2028,Democratic Presidential Nominee 2028,12514781.510540996,853318.6691,False,2028-11-08T04:59:00Z,"[""40963724357262746498642320898188195118391211877976821531149510360187173789737"", ""14959910401705469574520698331840889689202579612030624016640567510369602599866""]",https://polymarket.com/market/will-dwayne-the-rock-johnson-win-the-2028-democratic-presidential-nomination,0x8dbf6b51f302fd401065706245c144e93fe209abce183199433d4484b3ed8aff
559687,will-oprah-winfrey-win-the-2028-democratic-presidential-nomination,Will Oprah Winfrey win the 2028 Democratic presidential nomination?,Will Oprah Winfrey win the 2028 Democratic presidential nomination?,"This market will resolve to “Yes” if the named individual wins and accepts the 2028 nomination of the Democratic Party for U.S. president. Otherwise, this market will resolve to “No”.

The resolution source for this market will be a consensus of official Democratic Party sources.

Any replacement of the democratic nominee before election day will not change the resolution of the market.",,,democratic-presidential-nominee-2028,Democratic Presidential Nominee 2028,54420374.58432899,2884059.42149,False,2028-11-08T04:59:00Z,"[""2213957649161627793381994368131485505647723208738124952452819345058597751695"", ""44046525152074436753629616217525652949736205933417533647338274649282385796755""]",https://polymarket.com/market/will-oprah-winfrey-win-the-2028-democratic-presidential-nomination,0xe06a7e94cf2fa8dc2085b7610fe16e9be1cde6654f34d365c13da1149b276c61
559688,will-andrew-yang-win-the-2028-democratic-presidential-nomination,Will Andrew Yang win the 2028 Democratic presidential nomination?,Will Andrew Yang win the 2028 Democratic presidential nomination?,"This market will resolve to “Yes” if the named individual wins and accepts the 2028 nomination of the Democratic Party for U.S. president. Otherwise, this market will resolve to “No”.

The resolution source for this market will be a consensus of official Democratic Party sources.

Any replacement of the democratic nominee before election day will not change the resolution of the market.",,,democratic-presidential-nominee-2028,Democratic Presidential Nominee 2028,48828204.60060398,2632203.10265,False,2028-11-08T04:59:00Z,"[""102504892414163237174864879683522880588750452841477290216845150938663289742135"", ""21234886083000978203440582985665409733123024063268807484684316771005736994028""]",https://polymarket.com/market/will-andrew-yang-win-the-2028-democratic-presidential-nomination,0x450810ae738a0ff820d3248f2b24937f63fb8c8cf422ed2a915125adb4d9d3c8
559689,will-beto-orourke-win-the-2028-democratic-presidential-nomination,Will Beto O’Rourke win the 2028 Democratic presidential nomination?,Will Beto O’Rourke win the 2028 Democratic presidential nomination?,"This market will resolve to “Yes” if the named individual wins and accepts the 2028 nomination of the Democratic Party for U.S. president. Otherwise, this market will resolve to “No”.

The resolution source for this market will be a consensus of official Democratic Party sources.

Any replacement of the democratic nominee before election day will not change the resolution of the market.",,,democratic-presidential-nominee-2028,Democratic Presidential Nominee 2028,42812955.88664803,2804801.98829,False,2028-11-08T04:59:00Z,"[""37126434962149084556522721025504254258386171468763869879755961635390358765833"", ""2426274669138238576933962603416907393958833898063513872892433203206006096668""]",https://polymarket.com/market/will-beto-orourke-win-the-2028-democratic-presidential-nomination,0x8ecd1d15e521b7d1020ad5596cc981c8764e9dcfbc3648f582e1a5138aee7185
559690,will-kim-kardashian-win-the-2028-democratic-presidential-nomination,Will Kim Kardashian win the 2028 Democratic presidential nomination?,Will Kim Kardashian win the 2028 Democratic presidential nomination?,"This market will resolve to “Yes” if the named individual wins and accepts the 2028 nomination of the Democratic Party for U.S. president. Otherwise, this market will resolve to “No”.

The resolution source for this market will be a consensus of official Democratic Party sources.

Any replacement of the democratic nominee before election day will not change the resolution of the market.",,,democratic-presidential-nominee-2028,Democratic Presidential Nominee 2028,42919729.308171,2721284.68923,False,2028-11-08T04:59:00Z,"[""55087250670040717711131370018408221134109122974378698780636020561523521220754"", ""108145967398435925971960442906832714254932011684365058146885679351681137451999""]",https://polymarket.com/market/will-kim-kardashian-win-the-2028-democratic-presidential-nomination,0x0f8ef3cc906ba7ba94a44724738df44bdd5f73e59e40c9c8b4ff8569e349643c
559691,will-chris-murphy-win-the-2028-democratic-presidential-nomination,Will Chris Murphy win the 2028 Democratic presidential nomination?,Will Chris Murphy win the 2028 Democratic presidential nomination?,"This market will resolve to “Yes” if the named individual wins and accepts the 2028 nomination of the Democratic Party for U.S. president. Otherwise, this market will resolve to “No”.

The resolution source for this market will be a consensus of official Democratic Party sources.

Any replacement of the democratic nominee before election day will not change the resolution of the market.",,,democratic-presidential-nominee-2028,Democratic Presidential Nominee 2028,17409116.021826,1852057.61673,False,2028-11-08T04:59:00Z,"[""8815924480259634499011776432080696931704057619336093802050596292915996723758"", ""45099054006923138281311463758770234951153596952213440096254242321807308634603""]",https://polymarket.com/market/will-chris-murphy-win-the-2028-democratic-presidential-nomination,0xc720fcfa9e29346a976902f87e0f0f3bdc31d43af501b4fdef4f1780a30dd359
559692,will-jasmine-crockett-win-the-2028-democratic-presidential-nomination,Will Jasmine Crockett win the 2028 Democratic presidential nomination?,Will Jasmine Crockett win the 2028 Democratic presidential nomination?,"This market will resolve to “Yes” if the named individual wins and accepts the 2028 nomination of the Democratic Party for U.S. president. Otherwise, this market will resolve to “No”.

The resolution source for this market will be a consensus of official Democratic Party sources.

Any replacement of the democratic nominee before election day will not change the resolution of the market.",,,democratic-presidential-nominee-2028,Democratic Presidential Nominee 2028,36471846.558114,2252815.05282,False,2028-11-08T04:59:00Z,"[""22103094389913052942362639589409218272323168761614999702665821259175535456835"", ""10893367019711826592833821276710094799225035200719824531380610476790390190688""]",https://polymarket.com/market/will-jasmine-crockett-win-the-2028-democratic-presidential-nomination,0x3cd6e52603d80ddbbdac9b1a4d43f9b7faa6aae4fae4d0fdfad3bd58454da7d3
559693,will-ruben-gallego-win-the-2028-democratic-presidential-nomination,Will Ruben Gallego win the 2028 Democratic presidential nomination?,Will Ruben Gallego win the 2028 Democratic presidential nomination?,"This market will resolve to “Yes” if the named individual wins and accepts the 2028 nomination of the Democratic Party for U.S. president. Otherwise, this market will resolve to “No”.

The resolution source for this market will be a consensus of official Democratic Party sources.

Any replacement of the democratic nominee before election day will not change the resolution of the market.",,,democratic-presidential-nominee-2028,Democratic Presidential Nominee 2028,8862825.220880998,994332.94971,False,2028-11-08T04:59:00Z,"[""94658518227479141344875476648819337938746150529318297759951212169676959854478"", ""89549550119611798541187132573193884477265258658615163602217456913355320927577""]",https://polymarket.com/market/will-ruben-gallego-win-the-2028-democratic-presidential-nomination,0x98933c78b5e277b62d91a6c174b412218de000b54c4c67ec8673bf561cec6e81
559694,will-ro-khanna-win-the-2028-democratic-presidential-nomination,Will Ro Khanna win the 2028 Democratic presidential nomination?,Will Ro Khanna win the 2028 Democratic presidential nomination?,"This market will resolve to “Yes” if the named individual wins and accepts the 2028 nomination of the Democratic Party for U.S. president. Otherwise, this market will resolve to “No”.

The resolution source for this market will be a consensus of official Democratic Party sources.

Any replacement of the democratic nominee before election day will not change the resolution of the market.",,,democratic-presidential-nominee-2028,Democratic Presidential Nominee 2028,11304762.680694003,370315.75828,False,2028-11-08T04:59:00Z,"[""20374050108659687356429749447884880983779889840007423115803042125707701269498"", ""2610336024939503976910443133965525155112118948066646227040491461288298872236""]",https://polymarket.com/market/will-ro-khanna-win-the-2028-democratic-presidential-nomination,0x20d0bc282552ac5ec6f61cd7101cb42a5948cae07e7651bdf40ede1a8b2c5eac
559695,will-james-talarico-win-the-2028-democratic-presidential-nomination,Will James Talarico win the 2028 Democratic presidential nomination?,Will James Talarico win the 2028 Democratic presidential nomination?,"This market will resolve to “Yes” if the named individual wins and accepts the 2028 nomination of the Democratic Party for U.S. president. Otherwise, this market will resolve to “No”.

The resolution source for this market will be a consensus of official Democratic Party sources.

Any replacement of the democratic nominee before election day will not change the resolution of the market.",,,democratic-presidential-nominee-2028,Democratic Presidential Nominee 2028,10686722.188952,280673.19211,False,2028-11-08T04:59:00Z,"[""52535923606561722941567320365820395300598958985353103429657683100920373025261"", ""20643805904661385280242837899001038341346631607217619709766724611396929658707""]",https://polymarket.com/market/will-james-talarico-win-the-2028-democratic-presidential-nomination,0xb91be12388b3d4079c3ed9b5783cb42d8c33051d37746a49300227e0f45fc089
559696,will-graham-platner-win-the-2028-democratic-presidential-nomination,Will Graham Platner win the 2028 Democratic presidential nomination?,Will Graham Platner win the 2028 Democratic presidential nomination?,"This market will resolve to “Yes” if the named individual wins and accepts the 2028 nomination of the Democratic Party for U.S. president. Otherwise, this market will resolve to “No”.

The resolution source for this market will be a consensus of official Democratic Party sources.

Any replacement of the democratic nominee before election day will not change the resolution of the market.",,,democratic-presidential-nominee-2028,Democratic Presidential Nominee 2028,8531387.309158003,2474296.03888,False,2028-11-08T04:59:00Z,"[""54840717483866263964304723492966182979723045222316848733193673523986124053075"", ""2830559553603011758209706316487895188007644895898957662939818867834634821212""]",https://polymarket.com/market/will-graham-platner-win-the-2028-democratic-presidential-nomination,0x6685b25cc7c89032efcdf81eb27fdc6bbf04a3e4299bcd99c9f3d62c8471001e
559697,will-abigail-spanberger-win-the-2028-democratic-presidential-nomination,Will Abigail Spanberger win the 2028 Democratic presidential nomination?,Will Abigail Spanberger win the 2028 Democratic presidential nomination?,"This market will resolve to “Yes” if the named individual wins and accepts the 2028 nomination of the Democratic Party for U.S. president. Otherwise, this market will resolve to “No”.

The resolution source for this market will be a consensus of official Democratic Party sources.

Any replacement of the democratic nominee before election day will not change the resolution of the market.",,,democratic-presidential-nominee-2028,Democratic Presidential Nominee 2028,3081375.387166,488685.72295,False,2028-11-08T04:59:00Z,"[""67834126955354466786049932246962827069514258320708123726234642047236874537300"", ""85842730802801029317331291122638780955014362480310249655739704629273608465884""]",https://polymarket.com/market/will-abigail-spanberger-win-the-2028-democratic-presidential-nomination,0x88c805f8d638bd14c188a67112bc40ae85d5eea4b7370d7586e8f5b8d37da304
559698,will-hakeem-jeffries-win-the-2028-democratic-presidential-nomination,Will Hakeem Jeffries win the 2028 Democratic presidential nomination?,Will Hakeem Jeffries win the 2028 Democratic presidential nomination?,"This market will resolve to “Yes” if the named individual wins and accepts the 2028 nomination of the Democratic Party for U.S. president. Otherwise, this market will resolve to “No”.

The resolution source for this market will be a consensus of official Democratic Party sources.

Any replacement of the democratic nominee before election day will not change the resolution of the market.",,,democratic-presidential-nominee-2028,Democratic Presidential Nominee 2028,2134408.066166,484215.3715,False,2028-11-08T04:59:00Z,"[""23940655822937666554179928631365405234554137716172612284986318717257054413669"", ""74558297484750387958365610940184220316219182006445006209048673137036909262424""]",https://polymarket.com/market/will-hakeem-jeffries-win-the-2028-democratic-presidential-nomination,0x32927476aa07b4ba64858a48799fd5155e0573facb46fdec670134c88b87f696
559699,will-elissa-slotkin-win-the-2028-democratic-presidential-nomination,Will Elissa Slotkin win the 2028 Democratic presidential nomination?,Will Elissa Slotkin win the 2028 Democratic presidential nomination?,"This market will resolve to “Yes” if the named individual wins and accepts the 2028 nomination of the Democratic Party for U.S. president. Otherwise, this market will resolve to “No”.

The resolution source for this market will be a consensus of official Democratic Party sources.

Any replacement of the democratic nominee before election day will not change the resolution of the market.",,,democratic-presidential-nominee-2028,Democratic Presidential Nominee 2028,1614507.0687809999,1120447.82342,False,2028-11-08T04:59:00Z,"[""48455736546094517370011063312529885328905072240106316551156607253162886762655"", ""21910945789202551310737182019481519202352824012676720876277298283641159588352""]",https://polymarket.com/market/will-elissa-slotkin-win-the-2028-democratic-presidential-nomination,0xe50c71cc5e2372bf0f6194a02e51459dd03b2c7b2d78a0d4650e5f36c425338b
559700,will-adam-schiff-win-the-2028-democratic-presidential-nomination,Will Adam Schiff win the 2028 Democratic presidential nomination?,Will Adam Schiff win the 2028 Democratic presidential nomination?,"This market will resolve to “Yes” if the named individual wins and accepts the 2028 nomination of the Democratic Party for U.S. president. Otherwise, this market will resolve to “No”.

The resolution source for this market will be a consensus of official Democratic Party sources.

Any replacement of the democratic nominee before election day will not change the resolution of the market.",,,democratic-presidential-nominee-2028,Democratic Presidential Nominee 2028,655800.6868329999,1890139.02835,False,2028-11-08T04:59:00Z,"[""62721325588078416441678692954905586544000289214339415151384834742710012983810"", ""4587616472715295492925849115245921456579283399977029619430824277410859697""]",https://polymarket.com/market/will-adam-schiff-win-the-2028-democratic-presidential-nomination,0x7c467744f13d33367f8ef0a34dc8aeb0845de0d1be4f92f7874fc1cd0d36a545
559701,will-josh-stein-win-the-2028-democratic-presidential-nomination,Will Josh Stein win the 2028 Democratic presidential nomination?,Will Josh Stein win the 2028 Democratic presidential nomination?,"This market will resolve to “Yes” if the named individual wins and accepts the 2028 nomination of the Democratic Party for U.S. president. Otherwise, this market will resolve to “No”.

The resolution source for this market will be a consensus of official Democratic Party sources.

Any replacement of the democratic nominee before election day will not change the resolution of the market.",,,democratic-presidential-nominee-2028,Democratic Presidential Nominee 2028,2388106.988992,1982190.02981,False,2028-11-07T00:00:00Z,"[""88892629978057552473594496509394432528313837466696628191322608851106929962536"", ""86408082986810982428934766746057237103501895775284376283076301431054177694153""]",https://polymarket.com/market/will-josh-stein-win-the-2028-democratic-presidential-nomination,0x0b4ef8dad7d6d1bc117bf918f09d5d4f99662a0aa375ec9c6a994d1835b3bea9
559702,will-alex-padilla-win-the-2028-democratic-presidential-nomination,Will Alex Padilla win the 2028 Democratic presidential nomination?,Will Alex Padilla win the 2028 Democratic presidential nomination?,"This market will resolve to “Yes” if the named individual wins and accepts the 2028 nomination of the Democratic Party for U.S. president. Otherwise, this market will resolve to “No”.

The resolution source for this market will be a consensus of official Democratic Party sources.

Any replacement of the democratic nominee before election day will not change the resolution of the market.",,,democratic-presidential-nominee-2028,Democratic Presidential Nominee 2028,932668.732999,1858590.1613,False,2028-11-08T04:59:00Z,"[""70419914298819599884598619432566620509485573636622456902301761941886565776666"", ""17607158498290934698430813319324932561291042726975634499432565780430086473903""]",https://polymarket.com/market/will-alex-padilla-win-the-2028-democratic-presidential-nomination,0xcb0aa5d1f9c1a9369859acbd8fceb255ec001224fc25272dc5f0c6a599507bcf
559703,will-chris-van-hollen-win-the-2028-democratic-presidential-nomination,Will Chris Van Hollen win the 2028 Democratic presidential nomination?,Will Chris Van Hollen win the 2028 Democratic presidential nomination?,"This market will resolve to “Yes” if the named individual wins and accepts the 2028 nomination of the Democratic Party for U.S. president. Otherwise, this market will resolve to “No”.

The resolution source for this market will be a consensus of official Democratic Party sources.

Any replacement of the democratic nominee before election day will not change the resolution of the market.",,,democratic-presidential-nominee-2028,Democratic Presidential Nominee 2028,392386.035,745107.11233,False,2028-11-07T00:00:00Z,"[""82322606787689507186452368934268895797822450917805855938369533831277560432502"", ""89468624821153339755038928248216667629141563933414663720232714629209306424979""]",https://polymarket.com/market/will-chris-van-hollen-win-the-2028-democratic-presidential-nomination,0xe29ca104ce56feb4c093c133b5dfc0c379e505373b4412cfec54fe2220f20b68
559704,will-mitch-landrieu-win-the-2028-democratic-presidential-nomination,Will Mitch Landrieu win the 2028 Democratic presidential nomination?,Will Mitch Landrieu win the 2028 Democratic presidential nomination?,"This market will resolve to “Yes” if the named individual wins and accepts the 2028 nomination of the Democratic Party for U.S. president. Otherwise, this market will resolve to “No”.

The resolution source for this market will be a consensus of official Democratic Party sources.

Any replacement of the democratic nominee before election day will not change the resolution of the market.",,,democratic-presidential-nominee-2028,Democratic Presidential Nominee 2028,681014.405,1049060.1489,False,2028-11-07T00:00:00Z,"[""4865811310965824253043301476456494687696227904538198271117692275943047535567"", ""79794608519930936057256245365460158683416637197135162121080424897667989834195""]",https://polymarket.com/market/will-mitch-landrieu-win-the-2028-democratic-presidential-nomination,0xd0e58ada317f9778a221592cfed03405b235b137c8dd916817a39b72bf6dc19a
560317,putin-out-before-2027-346,"Putin out as President of Russia by December 31, 2026?","Putin out as President of Russia by December 31, 2026?","This market will resolve to “Yes” if Vladimir Putin ceases to be President of Russia for any period of time between market creation and the specified date (ET). Otherwise, this market will resolve to “No”.

An announcement of Vladimir Putin's resignation/removal before this market's end date will immediately resolve this market to ""Yes"", regardless of when the announced resignation/removal goes into effect.

If the specified individual is detained, effectively removed from the specified position, or otherwise permanently prevented from fulfilling the duties of the specified position within this market’s timeframe, it will qualify for a “Yes” resolution.

The resolution source for this market will be official information from Vladimir Putin and the government of Russia; however, a consensus of credible reporting may also be used.",,,putin-out-before-2027,Putin out as President of Russia by...?,22109092.22009199,772188.22292,False,2027-01-01T04:59:00Z,"[""350977769852917329387037893294763093471844346281449484439085576212613048126"", ""87073899845581463485186346288398658568334162612963837182986759797304993556208""]",https://polymarket.com/market/putin-out-before-2027-346,0x6bd56627aa21311850825edb27e53434a0e17a4f782be0086bc07f71eee00d0d
561229,will-jd-vance-win-the-2028-us-presidential-election,Will JD Vance win the 2028 US Presidential Election?,Will JD Vance win the 2028 US Presidential Election?,"The 2028 US Presidential Election is scheduled to take place on November 7, 2028.

This market will resolve to the person who wins the 2028 US Presidential Election.

The resolution source for this market is the Associated Press, Fox News, and NBC. This market will resolve once all three sources call the race for the same candidate. If all three sources haven’t called the race for the same candidate by the inauguration date (January 20, 2029) this market will resolve based on who is inaugurated.",,,presidential-election-winner-2028,Presidential Election Winner 2028,16489564.574769985,489982.19418,False,2028-11-07T00:00:00Z,"[""16040015440196279900485035793550429453516625694844857319147506590755961451627"", ""94476829201604408463453426454480212459887267917122244941405244686637914508323""]",https://polymarket.com/market/will-jd-vance-win-the-2028-us-presidential-election,0x7ad403c3508f8e3912940fd1a913f227591145ca0614074208e0b962d5fcc422
561230,will-gavin-newsom-win-the-2028-us-presidential-election,Will Gavin Newsom win the 2028 US Presidential Election?,Will Gavin Newsom win the 2028 US Presidential Election?,"The 2028 US Presidential Election is scheduled to take place on November 7, 2028.

This market will resolve to the person who wins the 2028 US Presidential Election.

The resolution source for this market is the Associated Press, Fox News, and NBC. This market will resolve once all three sources call the race for the same candidate. If all three sources haven’t called the race for the same candidate by the inauguration date (January 20, 2029) this market will resolve based on who is inaugurated.",,,presidential-election-winner-2028,Presidential Election Winner 2028,18463436.784296006,345419.65033,False,2028-11-07T00:00:00Z,"[""98250445447699368679516529207365255018790721464590833209064266254238063117329"", ""18823838997443878656879952590502524526556504037944392973476854588563571859850""]",https://polymarket.com/market/will-gavin-newsom-win-the-2028-us-presidential-election,0x4567b275e6b667a6217f5cb4f06a797d3a1eaf1d0281fb5bc8c75e2046ae7e57
561231,will-alexandria-ocasio-cortez-win-the-2028-us-presidential-election,Will Alexandria Ocasio-Cortez win the 2028 US Presidential Election?,Will Alexandria Ocasio-Cortez win the 2028 US Presidential Election?,"The 2028 US Presidential Election is scheduled to take place on November 7, 2028.

This market will resolve to the person who wins the 2028 US Presidential Election.

The resolution source for this market is the Associated Press, Fox News, and NBC. This market will resolve once all three sources call the race for the same candidate. If all three sources haven’t called the race for the same candidate by the inauguration date (January 20, 2029) this market will resolve based on who is inaugurated.",,,presidential-election-winner-2028,Presidential Election Winner 2028,13689825.392601995,354653.59727,False,2029-01-21T04:59:00Z,"[""8113830512143065501177519557124858581375945005490796772950589720955457782465"", ""11493926619286817179231142642565394485790380952577225820901334479399429951651""]",https://polymarket.com/market/will-alexandria-ocasio-cortez-win-the-2028-us-presidential-election,0xf232b565995e4b3a3e7fa6cef775eeff1cecd20ad7c013cb9fc8dadabfe279a9
561232,will-pete-buttigieg-win-the-2028-us-presidential-election,Will Pete Buttigieg win the 2028 US Presidential Election?,Will Pete Buttigieg win the 2028 US Presidential Election?,"The 2028 US Presidential Election is scheduled to take place on November 7, 2028.

This market will resolve to the person who wins the 2028 US Presidential Election.

The resolution source for this market is the Associated Press, Fox News, and NBC. This market will resolve once all three sources call the race for the same candidate. If all three sources haven’t called the race for the same candidate by the inauguration date (January 20, 2029) this market will resolve based on who is inaugurated.",,,presidential-election-winner-2028,Presidential Election Winner 2028,8332033.089069999,473768.65705,False,2028-11-07T00:00:00Z,"[""35629456194498013232473191985311930903993567273832459837879398120893197410860"", ""26087406687932108531005204502244492184534000122992461059156880611150953145122""]",https://polymarket.com/market/will-pete-buttigieg-win-the-2028-us-presidential-election,0x2c03c41e5032364cb7166e842bdd22913f28aa2c837d8432704aa89c338875c8
561233,will-josh-shapiro-win-the-2028-us-presidential-election,Will Josh Shapiro win the 2028 US Presidential Election?,Will Josh Shapiro win the 2028 US Presidential Election?,"The 2028 US Presidential Election is scheduled to take place on November 7, 2028.

This market will resolve to the person who wins the 2028 US Presidential Election.

The resolution source for this market is the Associated Press, Fox News, and NBC. This market will resolve once all three sources call the race for the same candidate. If all three sources haven’t called the race for the same candidate by the inauguration date (January 20, 2029) this market will resolve based on who is inaugurated.",,,presidential-election-winner-2028,Presidential Election Winner 2028,7572330.330194,350239.85127,False,2029-01-21T04:59:00Z,"[""1420113190297259908358916251277696183671602680024474979931472444792502392139"", ""9195312844128905514645503106857912558078141569888031031723687687489317147622""]",https://polymarket.com/market/will-josh-shapiro-win-the-2028-us-presidential-election,0x5969cbb46aca5319b19e19a3c6f63de098950b675bf268f30f4d035508da1957
561234,will-marco-rubio-win-the-2028-us-presidential-election,Will Marco Rubio win the 2028 US Presidential Election?,Will Marco Rubio win the 2028 US Presidential Election?,"The 2028 US Presidential Election is scheduled to take place on November 7, 2028.

This market will resolve to the person who wins the 2028 US Presidential Election.

The resolution source for this market is the Associated Press, Fox News, and NBC. This market will resolve once all three sources call the race for the same candidate. If all three sources haven’t called the race for the same candidate by the inauguration date (January 20, 2029) this market will resolve based on who is inaugurated.",,,presidential-election-winner-2028,Presidential Election Winner 2028,12586062.766569998,244380.05551,False,2029-01-21T04:59:00Z,"[""11171618905857319805355893398009978356002287408842633593535559412449299952250"", ""65892530750232246342273648992064742042382898919201083513241874070914353628268""]",https://polymarket.com/market/will-marco-rubio-win-the-2028-us-presidential-election,0x2053d8515f1b8cbeea4ccdb56e60e89c2617e43a8660d95166b8e71d27865277
561235,will-wes-moore-win-the-2028-us-presidential-election,Will Wes Moore win the 2028 US Presidential Election?,Will Wes Moore win the 2028 US Presidential Election?,"The 2028 US Presidential Election is scheduled to take place on November 7, 2028.

This market will resolve to the person who wins the 2028 US Presidential Election.

The resolution source for this market is the Associated Press, Fox News, and NBC. This market will resolve once all three sources call the race for the same candidate. If all three sources haven’t called the race for the same candidate by the inauguration date (January 20, 2029) this market will resolve based on who is inaugurated.",,,presidential-election-winner-2028,Presidential Election Winner 2028,12672218.466128001,195482.28788,False,2028-11-07T00:00:00Z,"[""35272507273162958827997790327967872292415567859334925862043618606081750011897"", ""374661216370333715221919731169956915917040066803205972387948453758235235593""]",https://polymarket.com/market/will-wes-moore-win-the-2028-us-presidential-election,0xe29b33ef5bf351c8a22bfd79f8b58e62649d54ceee6f9735387cef79f52fecae
561236,will-gretchen-whitmer-win-the-2028-us-presidential-election,Will Gretchen Whitmer win the 2028 US Presidential Election?,Will Gretchen Whitmer win the 2028 US Presidential Election?,"The 2028 US Presidential Election is scheduled to take place on November 7, 2028.

This market will resolve to the person who wins the 2028 US Presidential Election.

The resolution source for this market is the Associated Press, Fox News, and NBC. This market will resolve once all three sources call the race for the same candidate. If all three sources haven’t called the race for the same candidate by the inauguration date (January 20, 2029) this market will resolve based on who is inaugurated.",,,presidential-election-winner-2028,Presidential Election Winner 2028,15600280.002689999,217839.03384,False,2029-01-21T04:59:00Z,"[""4999047257294547885970323631312419427544062131054733229841947946130772277335"", ""102084577517225131375286042838758381959278092930102485541091152099183604495224""]",https://polymarket.com/market/will-gretchen-whitmer-win-the-2028-us-presidential-election,0xfd6176f8c9a59105f80e060a77c4099881c5f2d9e0ceab88e55cf978462fab7f
561237,will-andy-beshear-win-the-2028-us-presidential-election,Will Andy Beshear win the 2028 US Presidential Election?,Will Andy Beshear win the 2028 US Presidential Election?,"The 2028 US Presidential Election is scheduled to take place on November 7, 2028.

This market will resolve to the person who wins the 2028 US Presidential Election.

The resolution source for this market is the Associated Press, Fox News, and NBC. This market will resolve once all three sources call the race for the same candidate. If all three sources haven’t called the race for the same candidate by the inauguration date (January 20, 2029) this market will resolve based on who is inaugurated.",,,presidential-election-winner-2028,Presidential Election Winner 2028,19232889.373034004,316891.88122,False,2029-01-21T04:59:00Z,"[""50507496430692162923857760920722624157737138256097150616293040054748564876552"", ""53112547591746110422238703365888013497196468199611167129486770819598374380742""]",https://polymarket.com/market/will-andy-beshear-win-the-2028-us-presidential-election,0x09ad4955c170d46c6d80b5f554435b19e229ff7dbe55370892b64782336cc3b9
561238,will-glenn-youngkin-win-the-2028-us-presidential-election,Will Glenn Youngkin win the 2028 US Presidential Election?,Will Glenn Youngkin win the 2028 US Presidential Election?,"The 2028 US Presidential Election is scheduled to take place on November 7, 2028.

This market will resolve to the person who wins the 2028 US Presidential Election.

The resolution source for this market is the Associated Press, Fox News, and NBC. This market will resolve once all three sources call the race for the same candidate. If all three sources haven’t called the race for the same candidate by the inauguration date (January 20, 2029) this market will resolve based on who is inaugurated.",,,presidential-election-winner-2028,Presidential Election Winner 2028,28213380.909643006,746112.19063,False,2029-01-21T04:59:00Z,"[""631059815958854406224163480574507434200946764542129005247984171366597476420"", ""100418331065194201410948024347944500798513421135064468615649525110872253639397""]",https://polymarket.com/market/will-glenn-youngkin-win-the-2028-us-presidential-election,0xc4435df23facee8c4cd86090310c7835c2a0425646b2588b0a02e67fa42f444e
561239,will-kamala-harris-win-the-2028-us-presidential-election,Will Kamala Harris win the 2028 US Presidential Election?,Will Kamala Harris win the 2028 US Presidential Election?,"The 2028 US Presidential Election is scheduled to take place on November 7, 2028.

This market will resolve to the person who wins the 2028 US Presidential Election.

The resolution source for this market is the Associated Press, Fox News, and NBC. This market will resolve once all three sources call the race for the same candidate. If all three sources haven’t called the race for the same candidate by the inauguration date (January 20, 2029) this market will resolve based on who is inaugurated.",,,presidential-election-winner-2028,Presidential Election Winner 2028,9078745.576201001,367708.9141,False,2029-01-21T04:59:00Z,"[""70663352401606372246362604193214664065595751757222752105245221905399175050480"", ""4988819538339626436114997160558538168652916536529198363646261454228218983102""]",https://polymarket.com/market/will-kamala-harris-win-the-2028-us-presidential-election,0xb3298af85e00aafad937c119444a5f2800a55343b7482eb75581f6e454432501
561240,will-stephen-smith-win-the-2028-us-presidential-election,Will Stephen Smith win the 2028 US Presidential Election?,Will Stephen Smith win the 2028 US Presidential Election?,"The 2028 US Presidential Election is scheduled to take place on November 7, 2028.

This market will resolve to the person who wins the 2028 US Presidential Election.

The resolution source for this market is the Associated Press, Fox News, and NBC. This market will resolve once all three sources call the race for the same candidate. If all three sources haven’t called the race for the same candidate by the inauguration date (January 20, 2029) this market will resolve based on who is inaugurated.",,,presidential-election-winner-2028,Presidential Election Winner 2028,33479237.13349401,1332593.7303,False,2029-01-21T04:59:00Z,"[""105367778020161609482094090847463497982204321259381518614669619753184648647559"", ""12867420029045504056332323771270227403424313645832702673618751920867223902054""]",https://polymarket.com/market/will-stephen-smith-win-the-2028-us-presidential-election,0x66b906b8205f48a26beb8e553bbb1e7954e87e4f6e1d539823441221d1806e8f
561241,will-jb-pritzker-win-the-2028-us-presidential-election,Will JB Pritzker win the 2028 US Presidential Election?,Will JB Pritzker win the 2028 US Presidential Election?,"The 2028 US Presidential Election is scheduled to take place on November 7, 2028.

This market will resolve to the person who wins the 2028 US Presidential Election.

The resolution source for this market is the Associated Press, Fox News, and NBC. This market will resolve once all three sources call the race for the same candidate. If all three sources haven’t called the race for the same candidate by the inauguration date (January 20, 2029) this market will resolve based on who is inaugurated.",,,presidential-election-winner-2028,Presidential Election Winner 2028,13063610.524894001,474709.96305,False,2029-01-21T04:59:00Z,"[""70948731404464821824516595498024506131170394300814446118501620719416471444076"", ""111825297267676135304812085666512747626812691749338692567733264184356420470119""]",https://polymarket.com/market/will-jb-pritzker-win-the-2028-us-presidential-election,0xefe6300fd8a053cca53df8f1bd536c5f571a136392c0516e7b16e39f1addecb0
561242,will-tulsi-gabbard-win-the-2028-us-presidential-election,Will Tulsi Gabbard win the 2028 US Presidential Election?,Will Tulsi Gabbard win the 2028 US Presidential Election?,"The 2028 US Presidential Election is scheduled to take place on November 7, 2028.

This market will resolve to the person who wins the 2028 US Presidential Election.

The resolution source for this market is the Associated Press, Fox News, and NBC. This market will resolve once all three sources call the race for the same candidate. If all three sources haven’t called the race for the same candidate by the inauguration date (January 20, 2029) this market will resolve based on who is inaugurated.",,,presidential-election-winner-2028,Presidential Election Winner 2028,35390090.633259006,1657527.85905,False,2029-01-21T04:59:00Z,"[""97633418272282627828834872960145259034624388719803091466146359304286851612172"", ""17854429586516792397214557963923647011517685971868312042416963526864862523185""]",https://polymarket.com/market/will-tulsi-gabbard-win-the-2028-us-presidential-election,0x8fc141205ebce5adf437bfdf4d0c5ff58ff24293b79c9431991346c208bb48ed
561243,will-donald-trump-win-the-2028-us-presidential-election,Will Donald Trump win the 2028 US Presidential Election?,Will Donald Trump win the 2028 US Presidential Election?,"The 2028 US Presidential Election is scheduled to take place on November 7, 2028.

This market will resolve to the person who wins the 2028 US Presidential Election.

The resolution source for this market is the Associated Press, Fox News, and NBC. This market will resolve once all three sources call the race for the same candidate. If all three sources haven’t called the race for the same candidate by the inauguration date (January 20, 2029) this market will resolve based on who is inaugurated.",,,presidential-election-winner-2028,Presidential Election Winner 2028,10647188.545767993,710519.34428,False,2028-11-07T00:00:00Z,"[""11807691644868166983390207408868795383945915035851758101409310535538572683733"", ""72656506786460378316387284276713856836841708169262528054985577978493419440428""]",https://polymarket.com/market/will-donald-trump-win-the-2028-us-presidential-election,0xce9a5fa30fe74e323b4a8f15afbb0b7a41a537aa880779ddf7dee22223b2f34a
561244,will-donald-trump-jr-win-the-2028-us-presidential-election,Will Donald Trump Jr. win the 2028 US Presidential Election?,Will Donald Trump Jr. win the 2028 US Presidential Election?,"The 2028 US Presidential Election is scheduled to take place on November 7, 2028.

This market will resolve to the person who wins the 2028 US Presidential Election.

The resolution source for this market is the Associated Press, Fox News, and NBC. This market will resolve once all three sources call the race for the same candidate. If all three sources haven’t called the race for the same candidate by the inauguration date (January 20, 2029) this market will resolve based on who is inaugurated.",,,presidential-election-winner-2028,Presidential Election Winner 2028,13886289.214798002,965318.79584,False,2029-01-21T04:59:00Z,"[""77660944053451874285291959901958937238149180369572698706675030657716494119346"", ""52761630651452310319295064365704431564140478140269624735570317771849185169635""]",https://polymarket.com/market/will-donald-trump-jr-win-the-2028-us-presidential-election,0x23481b811978194fa175143ed7cd8d0000878ca59c408fd552e33535f7aa771e
561245,will-nikki-haley-win-the-2028-us-presidential-election,Will Nikki Haley win the 2028 US Presidential Election?,Will Nikki Haley win the 2028 US Presidential Election?,"The 2028 US Presidential Election is scheduled to take place on November 7, 2028.

This market will resolve to the person who wins the 2028 US Presidential Election.

The resolution source for this market is the Associated Press, Fox News, and NBC. This market will resolve once all three sources call the race for the same candidate. If all three sources haven’t called the race for the same candidate by the inauguration date (January 20, 2029) this market will resolve based on who is inaugurated.",,,presidential-election-winner-2028,Presidential Election Winner 2028,30172103.75704699,1919822.59988,False,2029-01-21T04:59:00Z,"[""14253956839582698877884742930225331487593177635330318923853046874994118249367"", ""84386913213192310444216977895083273572419886997719576824320630372812149173320""]",https://polymarket.com/market/will-nikki-haley-win-the-2028-us-presidential-election,0xe0173375b7eaccb836f7b92d28a9a2d1cc69e54e5a65fae89a5d7e49aadd332e
561246,will-ron-desantis-win-the-2028-us-presidential-election,Will Ron DeSantis win the 2028 US Presidential Election?,Will Ron DeSantis win the 2028 US Presidential Election?,"The 2028 US Presidential Election is scheduled to take place on November 7, 2028.

This market will resolve to the person who wins the 2028 US Presidential Election.

The resolution source for this market is the Associated Press, Fox News, and NBC. This market will resolve once all three sources call the race for the same candidate. If all three sources haven’t called the race for the same candidate by the inauguration date (January 20, 2029) this market will resolve based on who is inaugurated.",,,presidential-election-winner-2028,Presidential Election Winner 2028,12629350.954085,183510.275,False,2029-01-21T04:59:00Z,"[""104480514270625615787868282411330496385404675495672110015326625654626015018993"", ""65724430065358897810064400118831287249960059855415477063660293398018349529272""]",https://polymarket.com/market/will-ron-desantis-win-the-2028-us-presidential-election,0x3367d22cd2a673014f1960742afdf8601040a8ad856dc0a98bd1a44ee99504e2
561247,will-tim-walz-win-the-2028-us-presidential-election,Will Tim Walz win the 2028 US Presidential Election?,Will Tim Walz win the 2028 US Presidential Election?,"The 2028 US Presidential Election is scheduled to take place on November 7, 2028.

This market will resolve to the person who wins the 2028 US Presidential Election.

The resolution source for this market is the Associated Press, Fox News, and NBC. This market will resolve once all three sources call the race for the same candidate. If all three sources haven’t called the race for the same candidate by the inauguration date (January 20, 2029) this market will resolve based on who is inaugurated.",,,presidential-election-winner-2028,Presidential Election Winner 2028,44725762.155103,2376180.02369,False,2029-01-21T04:59:00Z,"[""2638997461401140008448476093092229850740161649668999975101243681118238509713"", ""31711509411930636383466083293019394636501894118049148509527295292186501260570""]",https://polymarket.com/market/will-tim-walz-win-the-2028-us-presidential-election,0xae70ab9bf1c3726fe430a2ba8b517697ae24e0f0ab554b876a5b521153068882
561248,will-vivek-ramaswamy-win-the-2028-us-presidential-election,Will Vivek Ramaswamy win the 2028 US Presidential Election?,Will Vivek Ramaswamy win the 2028 US Presidential Election?,"The 2028 US Presidential Election is scheduled to take place on November 7, 2028.

This market will resolve to the person who wins the 2028 US Presidential Election.

The resolution source for this market is the Associated Press, Fox News, and NBC. This market will resolve once all three sources call the race for the same candidate. If all three sources haven’t called the race for the same candidate by the inauguration date (January 20, 2029) this market will resolve based on who is inaugurated.",,,presidential-election-winner-2028,Presidential Election Winner 2028,37953545.90918997,1573202.97346,False,2029-01-21T04:59:00Z,"[""48067717079255656974334181122173546721823870434119599450595298250019538972254"", ""50325246165657443726245430907883748796540778371466135108478470877169556977248""]",https://polymarket.com/market/will-vivek-ramaswamy-win-the-2028-us-presidential-election,0x64396449b471b10b006285fa49dd9a5df535694de7b4c703fdeb0d88d5c4cd33
561249,will-greg-abbott-win-the-2028-us-presidential-election,Will Greg Abbott win the 2028 US Presidential Election?,Will Greg Abbott win the 2028 US Presidential Election?,"The 2028 US Presidential Election is scheduled to take place on November 7, 2028.

This market will resolve to the person who wins the 2028 US Presidential Election.

The resolution source for this market is the Associated Press, Fox News, and NBC. This market will resolve once all three sources call the race for the same candidate. If all three sources haven’t called the race for the same candidate by the inauguration date (January 20, 2029) this market will resolve based on who is inaugurated.",,,presidential-election-winner-2028,Presidential Election Winner 2028,35386822.56088203,2230692.89481,False,2029-01-21T04:59:00Z,"[""58585097107933138034126275600204468509993701936571284309823871593297754181479"", ""104431860535489654020481219089291817898241901940037260095979653681449084465327""]",https://polymarket.com/market/will-greg-abbott-win-the-2028-us-presidential-election,0x01dffa7abae7e5d9b7fb44b06d537c5ac932e2ca422ab4b53366672f5e2dc7d6
561250,will-elon-musk-win-the-2028-us-presidential-election,Will Elon Musk win the 2028 US Presidential Election?,Will Elon Musk win the 2028 US Presidential Election?,"The 2028 US Presidential Election is scheduled to take place on November 7, 2028.

This market will resolve to the person who wins the 2028 US Presidential Election.

The resolution source for this market is the Associated Press, Fox News, and NBC. This market will resolve once all three sources call the race for the same candidate. If all three sources haven’t called the race for the same candidate by the inauguration date (January 20, 2029) this market will resolve based on who is inaugurated.",,,presidential-election-winner-2028,Presidential Election Winner 2028,27162234.57782102,1606769.70933,False,2029-01-21T04:59:00Z,"[""26641906520532802078452346454133721131611596169940893262820937050881742190686"", ""59064132013843281708610372809406242099497812053529304284160897825180883604145""]",https://polymarket.com/market/will-elon-musk-win-the-2028-us-presidential-election,0x68e3c4e0dd8f82d010060032006fd157401b0bd8e04bd2953ae293e31eb99bf6
561251,will-lebron-james-win-the-2028-us-presidential-election,Will LeBron James win the 2028 US Presidential Election?,Will LeBron James win the 2028 US Presidential Election?,"The 2028 US Presidential Election is scheduled to take place on November 7, 2028.

This market will resolve to the person who wins the 2028 US Presidential Election.

The resolution source for this market is the Associated Press, Fox News, and NBC. This market will resolve once all three sources call the race for the same candidate. If all three sources haven’t called the race for the same candidate by the inauguration date (January 20, 2029) this market will resolve based on who is inaugurated.",,,presidential-election-winner-2028,Presidential Election Winner 2028,54781767.87410801,2530471.11392,False,2028-11-07T00:00:00Z,"[""39223330966352513418907732239455948906399882924787587183466504819170775983376"", ""50862799703982327636174441241062907649998751737045006653560124656563256528691""]",https://polymarket.com/market/will-lebron-james-win-the-2028-us-presidential-election,0x836b850fc838195374862551a36f1c8691d96ff01e58b0a071f0fc1a0e357fb1
561252,will-dwayne-the-rock-johnson-win-the-2028-us-presidential-election,Will Dwayne 'The Rock' Johnson win the 2028 US Presidential Election?,Will Dwayne 'The Rock' Johnson win the 2028 US Presidential Election?,"The 2028 US Presidential Election is scheduled to take place on November 7, 2028.

This market will resolve to the person who wins the 2028 US Presidential Election.

The resolution source for this market is the Associated Press, Fox News, and NBC. This market will resolve once all three sources call the race for the same candidate. If all three sources haven’t called the race for the same candidate by the inauguration date (January 20, 2029) this market will resolve based on who is inaugurated.",,,presidential-election-winner-2028,Presidential Election Winner 2028,8415704.286510004,188660.44824,False,2029-01-21T04:59:00Z,"[""76252402837334795047528042167618984089231134882494719641438604550246396692717"", ""82779978600617806806814031291287454099780828258739355925042203335968508676880""]",https://polymarket.com/market/will-dwayne-the-rock-johnson-win-the-2028-us-presidential-election,0xe2bdf6c18c8ab5ad5d3be5f95dd749e88d1dee7ac7c4dbf5101013a5c055e3df
561253,will-tucker-carlson-win-the-2028-us-presidential-election,Will Tucker Carlson win the 2028 US Presidential Election?,Will Tucker Carlson win the 2028 US Presidential Election?,"The 2028 US Presidential Election is scheduled to take place on November 7, 2028.

This market will resolve to the person who wins the 2028 US Presidential Election.

The resolution source for this market is the Associated Press, Fox News, and NBC. This market will resolve once all three sources call the race for the same candidate. If all three sources haven’t called the race for the same candidate by the inauguration date (January 20, 2029) this market will resolve based on who is inaugurated.",,,presidential-election-winner-2028,Presidential Election Winner 2028,14282927.603011003,299780.46806,False,2029-01-21T04:59:00Z,"[""45015916581148592087728250896178171120552786117190685135618507471166113474733"", ""5353194854864999214467212176625447374807704051407621946584152368216621932371""]",https://polymarket.com/market/will-tucker-carlson-win-the-2028-us-presidential-election,0xd94b47bdeba16ae948bfb147bda059f3543d6fca73291644dfff5268bba7a797
561254,will-kim-kardashian-win-the-2028-us-presidential-election,Will Kim Kardashian win the 2028 US Presidential Election?,Will Kim Kardashian win the 2028 US Presidential Election?,"The 2028 US Presidential Election is scheduled to take place on November 7, 2028.

This market will resolve to the person who wins the 2028 US Presidential Election.

The resolution source for this market is the Associated Press, Fox News, and NBC. This market will resolve once all three sources call the race for the same candidate. If all three sources haven’t called the race for the same candidate by the inauguration date (January 20, 2029) this market will resolve based on who is inaugurated.",,,presidential-election-winner-2028,Presidential Election Winner 2028,40272995.213616006,2100429.98718,False,2029-01-21T04:59:00Z,"[""24863363384036117015867671383779186335047493791693657275104567365292353535818"", ""44632793419668141561343859504077903947361590865219599333832862239708628173864""]",https://polymarket.com/market/will-kim-kardashian-win-the-2028-us-presidential-election,0x7f695758278e6d4d9e63df862afa88d664d3402a3d26e4d32ae05121cdbddba6
561255,will-ivanka-trump-win-the-2028-us-presidential-election,Will Ivanka Trump win the 2028 US Presidential Election?,Will Ivanka Trump win the 2028 US Presidential Election?,"The 2028 US Presidential Election is scheduled to take place on November 7, 2028.

This market will resolve to the person who wins the 2028 US Presidential Election.

The resolution source for this market is the Associated Press, Fox News, and NBC. This market will resolve once all three sources call the race for the same candidate. If all three sources haven’t called the race for the same candidate by the inauguration date (January 20, 2029) this market will resolve based on who is inaugurated.",,,presidential-election-winner-2028,Presidential Election Winner 2028,8243158.095760999,455162.35267,False,2029-01-21T04:59:00Z,"[""40932864651005132434669457369564353816786330205469778285035893634458129671101"", ""56215025902031889702122383201324191240581604266667334383154318117703136383150""]",https://polymarket.com/market/will-ivanka-trump-win-the-2028-us-presidential-election,0xc586d15be76278848a26c761c2fcf70f8cebca71815cfab83e656ff5c6ec13a9
561256,will-zohran-mamdani-win-the-2028-us-presidential-election,Will Zohran Mamdani win the 2028 US Presidential Election?,Will Zohran Mamdani win the 2028 US Presidential Election?,"The 2028 US Presidential Election is scheduled to take place on November 7, 2028.

This market will resolve to the person who wins the 2028 US Presidential Election.

The resolution source for this market is the Associated Press, Fox News, and NBC. This market will resolve once all three sources call the race for the same candidate. If all three sources haven’t called the race for the same candidate by the inauguration date (January 20, 2029) this market will resolve based on who is inaugurated.",,,presidential-election-winner-2028,Presidential Election Winner 2028,22202728.618912995,1711111.82274,False,2029-01-21T04:59:00Z,"[""94621929236241392639802280031607240386237812521756048982107414565863464212526"", ""37476438367629084207797870684242875797541797912993121111059056752005821579571""]",https://polymarket.com/market/will-zohran-mamdani-win-the-2028-us-presidential-election,0xf05b4b55336a4c1c7b44c726911d2b559732cff7bad339084de86ae364dc85f6
561257,will-michelle-obama-win-the-2028-us-presidential-election,Will Michelle Obama win the 2028 US Presidential Election?,Will Michelle Obama win the 2028 US Presidential Election?,"The 2028 US Presidential Election is scheduled to take place on November 7, 2028.

This market will resolve to the person who wins the 2028 US Presidential Election.

The resolution source for this market is the Associated Press, Fox News, and NBC. This market will resolve once all three sources call the race for the same candidate. If all three sources haven’t called the race for the same candidate by the inauguration date (January 20, 2029) this market will resolve based on who is inaugurated.",,,presidential-election-winner-2028,Presidential Election Winner 2028,19299532.65816001,1089293.14735,False,2029-01-21T04:59:00Z,"[""88521269813605705303364598280494261510300497312149869577251450871617962933121"", ""1970496541508335019913900195809032484597886384784144327835472760880523550630""]",https://polymarket.com/market/will-michelle-obama-win-the-2028-us-presidential-election,0xbbbece074c2d4010e39e39c85ed67b1131180fcea616073c893fb6beaf51d783
561258,will-jamie-dimon-win-the-2028-us-presidential-election,Will Jamie Dimon win the 2028 US Presidential Election?,Will Jamie Dimon win the 2028 US Presidential Election?,"The 2028 US Presidential Election is scheduled to take place on November 7, 2028.

This market will resolve to the person who wins the 2028 US Presidential Election.

The resolution source for this market is the Associated Press, Fox News, and NBC. This market will resolve once all three sources call the race for the same candidate. If all three sources haven’t called the race for the same candidate by the inauguration date (January 20, 2029) this market will resolve based on who is inaugurated.",,,presidential-election-winner-2028,Presidential Election Winner 2028,10993246.516153004,789909.01401,False,2029-01-21T04:59:00Z,"[""23692929455124171734375794579007643086071570310019729232490607671061438183936"", ""30050897091642315762983745166096629857367320723415212749446858994810226049012""]",https://polymarket.com/market/will-jamie-dimon-win-the-2028-us-presidential-election,0xa9549c44687993a9a154347c6907092341459b927efaa3f2b49009ca2c4e40a1
561259,will-ro-khanna-win-the-2028-us-presidential-election,Will Ro Khanna win the 2028 US Presidential Election?,Will Ro Khanna win the 2028 US Presidential Election?,"The 2028 US Presidential Election is scheduled to take place on November 7, 2028.

This market will resolve to the person who wins the 2028 US Presidential Election.

The resolution source for this market is the Associated Press, Fox News, and NBC. This market will resolve once all three sources call the race for the same candidate. If all three sources haven’t called the race for the same candidate by the inauguration date (January 20, 2029) this market will resolve based on who is inaugurated.",,,presidential-election-winner-2028,Presidential Election Winner 2028,10911686.369092999,988308.87721,False,2029-01-21T04:59:00Z,"[""45264462342307496826883801236629887275526404999716050689931105511159370296978"", ""21034003091803474219272633665814818485285721473911024023600356649009960505229""]",https://polymarket.com/market/will-ro-khanna-win-the-2028-us-presidential-election,0xb314f5dbf75919a34d4997e8b22e6793505e3377a690eaa11a75a2547e926bee
561260,will-thomas-massie-win-the-2028-us-presidential-election,Will Thomas Massie win the 2028 US Presidential Election?,Will Thomas Massie win the 2028 US Presidential Election?,"The 2028 US Presidential Election is scheduled to take place on November 7, 2028.

This market will resolve to the person who wins the 2028 US Presidential Election.

The resolution source for this market is the Associated Press, Fox News, and NBC. This market will resolve once all three sources call the race for the same candidate. If all three sources haven’t called the race for the same candidate by the inauguration date (January 20, 2029) this market will resolve based on who is inaugurated.",,,presidential-election-winner-2028,Presidential Election Winner 2028,8411123.656932,330260.18019,False,2028-11-07T00:00:00Z,"[""89071282556584199015490241074221756662667488270789034763702585258138302536112"", ""18620821165547265880582330532076859546462061138941862890257010665389427790094""]",https://polymarket.com/market/will-thomas-massie-win-the-2028-us-presidential-election,0x32903694997a5c09afee30904970f9fab2a5fb4ec45f572f194341185574f1a4
561261,will-jon-ossoff-win-the-2028-us-presidential-election,Will Jon Ossoff win the 2028 US Presidential Election?,Will Jon Ossoff win the 2028 US Presidential Election?,"The 2028 US Presidential Election is scheduled to take place on November 7, 2028.

This market will resolve to the person who wins the 2028 US Presidential Election.

The resolution source for this market is the Associated Press, Fox News, and NBC. This market will resolve once all three sources call the race for the same candidate. If all three sources haven’t called the race for the same candidate by the inauguration date (January 20, 2029) this market will resolve based on who is inaugurated.",,,presidential-election-winner-2028,Presidential Election Winner 2028,5780336.319768999,392696.40048,False,2029-01-21T04:59:00Z,"[""110102705199530588976777616718115948005824665233400132417374621750887344831757"", ""98394838816403247684221016468696784125095120854407803889228262583112436699261""]",https://polymarket.com/market/will-jon-ossoff-win-the-2028-us-presidential-election,0x61600d487069f99e775307a0655c1a79f26e4fc6d8d1ba66790c64d78d0beba2
561262,will-james-talarico-win-the-2028-us-presidential-election,Will James Talarico win the 2028 US Presidential Election?,Will James Talarico win the 2028 US Presidential Election?,"The 2028 US Presidential Election is scheduled to take place on November 7, 2028.

This market will resolve to the person who wins the 2028 US Presidential Election.

The resolution source for this market is the Associated Press, Fox News, and NBC. This market will resolve once all three sources call the race for the same candidate. If all three sources haven’t called the race for the same candidate by the inauguration date (January 20, 2029) this market will resolve based on who is inaugurated.",,,presidential-election-winner-2028,Presidential Election Winner 2028,7431110.567293,671469.02131,False,2029-01-21T04:59:00Z,"[""92909595831677784305960426832337551335132297174712723670055008600724483830120"", ""26699870693127605012594021642110712356790266877635966965879322906179628109191""]",https://polymarket.com/market/will-james-talarico-win-the-2028-us-presidential-election,0x9eb7ac1524fdacb46ceb8758454f0004c7b117eae76e6295852643644bb862c1
561263,will-eric-trump-win-the-2028-us-presidential-election,Will Eric Trump win the 2028 US Presidential Election?,Will Eric Trump win the 2028 US Presidential Election?,"The 2028 US Presidential Election is scheduled to take place on November 7, 2028.

This market will resolve to the person who wins the 2028 US Presidential Election.

The resolution source for this market is the Associated Press, Fox News, and NBC. This market will resolve once all three sources call the race for the same candidate. If all three sources haven’t called the race for the same candidate by the inauguration date (January 20, 2029) this market will resolve based on who is inaugurated.",,,presidential-election-winner-2028,Presidential Election Winner 2028,18828189.860760998,2300329.61268,False,2029-01-21T04:59:00Z,"[""67028631656597977031363620447645908995417871899828777750494099295092202422178"", ""92435534412344629891924787958876018882926476169555134960124357040149315497159""]",https://polymarket.com/market/will-eric-trump-win-the-2028-us-presidential-election,0x2d3c4fc5cde6dfb43448402b912e41bd4453e3f030448ed026bff8f1a0bc072e
561264,will-pete-hegseth-win-the-2028-us-presidential-election,Will Pete Hegseth win the 2028 US Presidential Election?,Will Pete Hegseth win the 2028 US Presidential Election?,"The 2028 US Presidential Election is scheduled to take place on November 7, 2028.

This market will resolve to the person who wins the 2028 US Presidential Election.

The resolution source for this market is the Associated Press, Fox News, and NBC. This market will resolve once all three sources call the race for the same candidate. If all three sources haven’t called the race for the same candidate by the inauguration date (January 20, 2029) this market will resolve based on who is inaugurated.",,,presidential-election-winner-2028,Presidential Election Winner 2028,10340157.636485996,1345943.26617,False,2029-01-21T04:59:00Z,"[""19127703543758281171764934244436807153695715307017908811054254126168591609122"", ""55988424779505974483153818818889528404380009581145395352086864710928569072171""]",https://polymarket.com/market/will-pete-hegseth-win-the-2028-us-presidential-election,0xea649be6ea3447f3c145a173883c68a89faf4edda1f85109b76baa93b3ee7a87
561265,will-jalen-brunson-win-the-2028-us-presidential-election,Will Jalen Brunson win the 2028 US Presidential Election?,Will Jalen Brunson win the 2028 US Presidential Election?,"The 2028 US Presidential Election is scheduled to take place on November 7, 2028.

This market will resolve to the person who wins the 2028 US Presidential Election.

The resolution source for this market is the Associated Press, Fox News, and NBC. This market will resolve once all three sources call the race for the same candidate. If all three sources haven’t called the race for the same candidate by the inauguration date (January 20, 2029) this market will resolve based on who is inaugurated.",,,presidential-election-winner-2028,Presidential Election Winner 2028,2710577.0446740007,2166498.54737,False,2029-01-21T04:59:00Z,"[""102551965884513878228913656538331960551103243325173310298991321638711054206295"", ""25024096730843207041631203687678604497004516683590537482462688974562400646963""]",https://polymarket.com/market/will-jalen-brunson-win-the-2028-us-presidential-election,0x7d6b6b452ba0f0f401067fd690a1aecc3059362ff5a7b6401d0b975db890d3c3
561266,will-abigail-spanberger-win-the-2028-us-presidential-election,Will Abigail Spanberger win the 2028 US Presidential Election?,Will Abigail Spanberger win the 2028 US Presidential Election?,"The 2028 US Presidential Election is scheduled to take place on November 7, 2028.

This market will resolve to the person who wins the 2028 US Presidential Election.

The resolution source for this market is the Associated Press, Fox News, and NBC. This market will resolve once all three sources call the race for the same candidate. If all three sources haven’t called the race for the same candidate by the inauguration date (January 20, 2029) this market will resolve based on who is inaugurated.",,,presidential-election-winner-2028,Presidential Election Winner 2028,789523.372,1319637.15894,False,2029-01-21T04:59:00Z,"[""26300126250638962432368126833553865841971269530697411678483716322368818562639"", ""56204927946241537265164149462328189883020469254625443960117418316112304974602""]",https://polymarket.com/market/will-abigail-spanberger-win-the-2028-us-presidential-election,0xed333fe31d97904f8fc8752d67f6dff47087a176595f608b57a8e7bb14ef8854
561267,will-hakeem-jeffries-win-the-2028-us-presidential-election,Will Hakeem Jeffries win the 2028 US Presidential Election?,Will Hakeem Jeffries win the 2028 US Presidential Election?,"The 2028 US Presidential Election is scheduled to take place on November 7, 2028.

This market will resolve to the person who wins the 2028 US Presidential Election.

The resolution source for this market is the Associated Press, Fox News, and NBC. This market will resolve once all three sources call the race for the same candidate. If all three sources haven’t called the race for the same candidate by the inauguration date (January 20, 2029) this market will resolve based on who is inaugurated.",,,presidential-election-winner-2028,Presidential Election Winner 2028,270721.707,1645026.08423,False,2029-01-21T04:59:00Z,"[""27324378907862915329653747321506298712990175671811760510867365204472005456284"", ""92680287057439870681299584384986809628158268708309296202308169106990008539739""]",https://polymarket.com/market/will-hakeem-jeffries-win-the-2028-us-presidential-election,0x117a68f1c6135b13ffc450f152dd92bc5d99dcbf8f561672c8a7e115f48e5d90
561268,will-elissa-slotkin-win-the-2028-us-presidential-election,Will Elissa Slotkin win the 2028 US Presidential Election?,Will Elissa Slotkin win the 2028 US Presidential Election?,"The 2028 US Presidential Election is scheduled to take place on November 7, 2028.

This market will resolve to the person who wins the 2028 US Presidential Election.

The resolution source for this market is the Associated Press, Fox News, and NBC. This market will resolve once all three sources call the race for the same candidate. If all three sources haven’t called the race for the same candidate by the inauguration date (January 20, 2029) this market will resolve based on who is inaugurated.",,,presidential-election-winner-2028,Presidential Election Winner 2028,605319.522666,1816995.59873,False,2029-01-21T04:59:00Z,"[""48603794625473459817558518297806850992009615470611080215039575427157653927669"", ""52728319505612554616109154570709065358779880697251731838206843628919066236833""]",https://polymarket.com/market/will-elissa-slotkin-win-the-2028-us-presidential-election,0xe1eaf3522af050d959be13efd170e96aa974f9913312a1b71716e7a4bf8be6b7
561269,will-adam-schiff-win-the-2028-us-presidential-election,Will Adam Schiff win the 2028 US Presidential Election?,Will Adam Schiff win the 2028 US Presidential Election?,"The 2028 US Presidential Election is scheduled to take place on November 7, 2028.

This market will resolve to the person who wins the 2028 US Presidential Election.

The resolution source for this market is the Associated Press, Fox News, and NBC. This market will resolve once all three sources call the race for the same candidate. If all three sources haven’t called the race for the same candidate by the inauguration date (January 20, 2029) this market will resolve based on who is inaugurated.",,,presidential-election-winner-2028,Presidential Election Winner 2028,933129.297,1921511.3143,False,2029-01-21T04:59:00Z,"[""41714979268040478071540687092470339003658632436860166518888808949878005742810"", ""64861611938661374970167075583118094920857040813468137850797111348162445000117""]",https://polymarket.com/market/will-adam-schiff-win-the-2028-us-presidential-election,0x63fbf0f40d2ca6b5efa75f5f9fe3474ab7fdd5d3611499295857401cbe17a4b8
561270,will-josh-stein-win-the-2028-us-presidential-election,Will Josh Stein win the 2028 US Presidential Election?,Will Josh Stein win the 2028 US Presidential Election?,"The 2028 US Presidential Election is scheduled to take place on November 7, 2028.

This market will resolve to the person who wins the 2028 US Presidential Election.

The resolution source for this market is the Associated Press, Fox News, and NBC. This market will resolve once all three sources call the race for the same candidate. If all three sources haven’t called the race for the same candidate by the inauguration date (January 20, 2029) this market will resolve based on who is inaugurated.",,,presidential-election-winner-2028,Presidential Election Winner 2028,1023066.764,1994067.76008,False,2029-01-21T04:59:00Z,"[""81914651028896069221591777664987513664858213907907450367169656205040430609207"", ""65690056973061661242675346311703362078774633474188031871609738459615961194811""]",https://polymarket.com/market/will-josh-stein-win-the-2028-us-presidential-election,0xc53955c1303b0ea1d676f99c52ea3b28961fb41d4f04c8cecd0b96d79c0d3bf5
561271,will-alex-padilla-win-the-2028-us-presidential-election,Will Alex Padilla win the 2028 US Presidential Election?,Will Alex Padilla win the 2028 US Presidential Election?,"The 2028 US Presidential Election is scheduled to take place on November 7, 2028.

This market will resolve to the person who wins the 2028 US Presidential Election.

The resolution source for this market is the Associated Press, Fox News, and NBC. This market will resolve once all three sources call the race for the same candidate. If all three sources haven’t called the race for the same candidate by the inauguration date (January 20, 2029) this market will resolve based on who is inaugurated.",,,presidential-election-winner-2028,Presidential Election Winner 2028,835611.452,1915808.0504,False,2029-01-21T04:59:00Z,"[""111275251472058072508619811663710362197823477418115657686883100870313266336765"", ""17525279555198427422522944312175513306451262897003545478403196837987378558377""]",https://polymarket.com/market/will-alex-padilla-win-the-2028-us-presidential-election,0x12a98db4530e8a53479293dd717f589f8729a461a2196e8bcf9553c8db283812
561272,will-candace-owens-win-the-2028-us-presidential-election,Will Candace Owens win the 2028 US Presidential Election?,Will Candace Owens win the 2028 US Presidential Election?,"The 2028 US Presidential Election is scheduled to take place on November 7, 2028.

This market will resolve to the person who wins the 2028 US Presidential Election.

The resolution source for this market is the Associated Press, Fox News, and NBC. This market will resolve once all three sources call the race for the same candidate. If all three sources haven’t called the race for the same candidate by the inauguration date (January 20, 2029) this market will resolve based on who is inaugurated.",,,presidential-election-winner-2028,Presidential Election Winner 2028,519544.4770000001,1930419.99732,False,2029-01-21T04:59:00Z,"[""30592713517693064640872287798282181889924970160995509574203628557763502328846"", ""63747459676140983983119370335862836972776944721638042677139477092813941329379""]",https://polymarket.com/market/will-candace-owens-win-the-2028-us-presidential-election,0x76c494f8c0cd626537f81f265efbe40d4be2acd326a56342a65363200460f538
561273,will-tim-scott-win-the-2028-us-presidential-election,Will Tim Scott win the 2028 US Presidential Election?,Will Tim Scott win the 2028 US Presidential Election?,"The 2028 US Presidential Election is scheduled to take place on November 7, 2028.

This market will resolve to the person who wins the 2028 US Presidential Election.

The resolution source for this market is the Associated Press, Fox News, and NBC. This market will resolve once all three sources call the race for the same candidate. If all three sources haven’t called the race for the same candidate by the inauguration date (January 20, 2029) this market will resolve based on who is inaugurated.",,,presidential-election-winner-2028,Presidential Election Winner 2028,379027.880833,1896763.49881,False,2029-01-21T04:59:00Z,"[""24908228760416922213612434617001183346078469158297998009944252494961344688838"", ""11859092901364772208765529642173057538268245606218298881278208061029457183888""]",https://polymarket.com/market/will-tim-scott-win-the-2028-us-presidential-election,0xe4caa69a6fcc3ec5656a32d2e822e8cbdc6416178eaeb87e2e2006391c62e9ec
561274,will-mike-johnson-win-the-2028-us-presidential-election,Will Mike Johnson win the 2028 US Presidential Election?,Will Mike Johnson win the 2028 US Presidential Election?,"The 2028 US Presidential Election is scheduled to take place on November 7, 2028.

This market will resolve to the person who wins the 2028 US Presidential Election.

The resolution source for this market is the Associated Press, Fox News, and NBC. This market will resolve once all three sources call the race for the same candidate. If all three sources haven’t called the race for the same candidate by the inauguration date (January 20, 2029) this market will resolve based on who is inaugurated.",,,presidential-election-winner-2028,Presidential Election Winner 2028,363010.176,1640502.30911,False,2029-01-21T04:59:00Z,"[""12167445601241038494598627746141164571603283042691642667221433294800793091205"", ""9840968653599928014975758860003361924335058077946108821235343614820040422707""]",https://polymarket.com/market/will-mike-johnson-win-the-2028-us-presidential-election,0xa2a4f26f3c60dc5b8003b6aac4d26eeace243672996be2dc57d4539b242e5100
561275,will-doug-burgum-win-the-2028-us-presidential-election,Will Doug Burgum win the 2028 US Presidential Election?,Will Doug Burgum win the 2028 US Presidential Election?,"The 2028 US Presidential Election is scheduled to take place on November 7, 2028.

This market will resolve to the person who wins the 2028 US Presidential Election.

The resolution source for this market is the Associated Press, Fox News, and NBC. This market will resolve once all three sources call the race for the same candidate. If all three sources haven’t called the race for the same candidate by the inauguration date (January 20, 2029) this market will resolve based on who is inaugurated.",,,presidential-election-winner-2028,Presidential Election Winner 2028,386253.186333,1751680.95815,False,2029-01-21T04:59:00Z,"[""94314941650039047289265493612932677665453822154521043846008907983710285812703"", ""95884527968430507361099486487437375025232177441474571920519522278338971837411""]",https://polymarket.com/market/will-doug-burgum-win-the-2028-us-presidential-election,0x579ae532ca648cca42eeb004d9e9076209348ea0504b8f0403980d1208a3801b
561276,will-tom-cotton-win-the-2028-us-presidential-election,Will Tom Cotton win the 2028 US Presidential Election?,Will Tom Cotton win the 2028 US Presidential Election?,"The 2028 US Presidential Election is scheduled to take place on November 7, 2028.

This market will resolve to the person who wins the 2028 US Presidential Election.

The resolution source for this market is the Associated Press, Fox News, and NBC. This market will resolve once all three sources call the race for the same candidate. If all three sources haven’t called the race for the same candidate by the inauguration date (January 20, 2029) this market will resolve based on who is inaugurated.",,,presidential-election-winner-2028,Presidential Election Winner 2028,1538690.1675000002,1770752.68298,False,2029-01-21T04:59:00Z,"[""56114071801627868962796345927407759352134024540758530261292405761584104631958"", ""699760440443572634226889331587639832193469028348897842277726584908934436456""]",https://polymarket.com/market/will-tom-cotton-win-the-2028-us-presidential-election,0x75a4331e0882450f68e29c8daf376012c954b43c93af848d6ba19ffd6405bac9
561277,will-john-n-kennedy-win-the-2028-us-presidential-election,Will John N. Kennedy win the 2028 US Presidential Election?,Will John N. Kennedy win the 2028 US Presidential Election?,"The 2028 US Presidential Election is scheduled to take place on November 7, 2028.

This market will resolve to the person who wins the 2028 US Presidential Election.

The resolution source for this market is the Associated Press, Fox News, and NBC. This market will resolve once all three sources call the race for the same candidate. If all three sources haven’t called the race for the same candidate by the inauguration date (January 20, 2029) this market will resolve based on who is inaugurated.",,,presidential-election-winner-2028,Presidential Election Winner 2028,374917.070666,1907406.90022,False,2029-01-21T04:59:00Z,"[""61376537780820968688230468137773433996457038190018192165125329985229525512432"", ""114175369505129800799572542329404562938075095795159790523829595510726319985568""]",https://polymarket.com/market/will-john-n-kennedy-win-the-2028-us-presidential-election,0x472463b541ca2cd7296af4bc6113952db01fce277045207eb23c680a53ed288d
561278,will-rick-scott-win-the-2028-us-presidential-election,Will Rick Scott win the 2028 US Presidential Election?,Will Rick Scott win the 2028 US Presidential Election?,"The 2028 US Presidential Election is scheduled to take place on November 7, 2028.

This market will resolve to the person who wins the 2028 US Presidential Election.

The resolution source for this market is the Associated Press, Fox News, and NBC. This market will resolve once all three sources call the race for the same candidate. If all three sources haven’t called the race for the same candidate by the inauguration date (January 20, 2029) this market will resolve based on who is inaugurated.",,,presidential-election-winner-2028,Presidential Election Winner 2028,490070.36399999994,1894169.53603,False,2029-01-21T04:59:00Z,"[""87585684272089146836087133268410753291623456331972637059302024009373916951268"", ""66458687815541994518651074424584986682918925123399399704368725020566855056846""]",https://polymarket.com/market/will-rick-scott-win-the-2028-us-presidential-election,0xd996abbb54da264eb10af7b8ccc128124baf969f753f68687e4240d7bbe95c6a
561279,will-person-ad-win-the-2028-us-presidential-election,Will Mark Kelly win the 2028 US Presidential Election?,Will Mark Kelly win the 2028 US Presidential Election?,"The 2028 US Presidential Election is scheduled to take place on November 7, 2028.

This market will resolve to the person who wins the 2028 US Presidential Election.

The resolution source for this market is the Associated Press, Fox News, and NBC. This market will resolve once all three sources call the race for the same candidate. If all three sources haven’t called the race for the same candidate by the inauguration date (January 20, 2029) this market will resolve based on who is inaugurated.",,,presidential-election-winner-2028,Presidential Election Winner 2028,721800.6292529998,248947.7979,False,2029-01-21T04:59:00Z,"[""82484367794922542194748130898709267498229902036004201791332178634402889282171"", ""89821015669503537422389095428651648457077040845329428560948484811370716592120""]",https://polymarket.com/market/will-person-ad-win-the-2028-us-presidential-election,0xea83bc4082ce1443330407c42792b9c58a2f7467cd845aeec5dd3885c7b40671
561280,will-person-ae-win-the-2028-us-presidential-election,Will Raphael Warnock win the 2028 US Presidential Election?,Will Raphael Warnock win the 2028 US Presidential Election?,"The 2028 US Presidential Election is scheduled to take place on November 7, 2028.

This market will resolve to the person who wins the 2028 US Presidential Election.

The resolution source for this market is the Associated Press, Fox News, and NBC. This market will resolve once all three sources call the race for the same candidate. If all three sources haven’t called the race for the same candidate by the inauguration date (January 20, 2029) this market will resolve based on who is inaugurated.",,,presidential-election-winner-2028,Presidential Election Winner 2028,733235.1488330001,275464.99326,False,2029-01-21T04:59:00Z,"[""5019810753168153471323122473105082718702229310401435759781569586768450866932"", ""40124365841715577281967397943205975756839079590013082886367841247396523029061""]",https://polymarket.com/market/will-person-ae-win-the-2028-us-presidential-election,0xca573b66cfbc4b3053c59d4e29dfa484a2aa31ce83ab5174f1ef58376a8662a7
561281,will-ted-cruz-win-the-2028-us-presidential-election,Will Ted Cruz win the 2028 US Presidential Election?,Will Ted Cruz win the 2028 US Presidential Election?,"The 2028 US Presidential Election is scheduled to take place on November 7, 2028.

This market will resolve to the person who wins the 2028 US Presidential Election.

The resolution source for this market is the Associated Press, Fox News, and NBC. This market will resolve once all three sources call the race for the same candidate. If all three sources haven’t called the race for the same candidate by the inauguration date (January 20, 2029) this market will resolve based on who is inaugurated.",,,presidential-election-winner-2028,Presidential Election Winner 2028,270141.71900000004,273563.9577,False,2028-11-07T00:00:00Z,"[""113248967076318322385044998752687761662046249689161899472936030101278374194762"", ""93675153668128920726904329260544845466429095402143250963344769583496369637712""]",https://polymarket.com/market/will-ted-cruz-win-the-2028-us-presidential-election,0xb007530f03c04a08fc761b15ef4dc5c1435fd39ccac79191f39569aaaf0b459f
561973,will-donald-trump-win-the-2028-republican-presidential-nomination,Will Donald Trump win the 2028 Republican presidential nomination?,Will Donald Trump win the 2028 Republican presidential nomination?,"This market will resolve to “Yes” if the named individual wins and accepts the 2028 nomination of the Republican Party for U.S. president. Otherwise, this market will resolve to “No”.

The resolution source for this market will be a consensus of official Republican Party sources.

Any replacement of the Republican nominee before election day will not change the resolution of the market.",,,republican-presidential-nominee-2028,Republican Presidential Nominee 2028,9598963.235772002,381951.40995,False,2028-11-07T00:00:00Z,"[""3039641309958397001906153616677074061284510636204155275446291716739429262374"", ""27828976648682466778776999076215423777766972981338264154049603024771135223200""]",https://polymarket.com/market/will-donald-trump-win-the-2028-republican-presidential-nomination,0x895e01dbf3e6a33cd9a44ca0f8cdb5df1bd2b0b6ebed5300d28f8da7145145e4
561974,will-jd-vance-win-the-2028-republican-presidential-nomination,Will J.D. Vance win the 2028 Republican presidential nomination?,Will J.D. Vance win the 2028 Republican presidential nomination?,"This market will resolve to “Yes” if the named individual wins and accepts the 2028 nomination of the Republican Party for U.S. president. Otherwise, this market will resolve to “No”.

The resolution source for this market will be a consensus of official Republican Party sources.

Any replacement of the Republican nominee before election day will not change the resolution of the market.",,,republican-presidential-nominee-2028,Republican Presidential Nominee 2028,15714477.785632009,398279.14147,False,2028-11-08T04:59:00Z,"[""40081275558852222228080198821361202017557872256707631666334039001378518619916"", ""78633590736077251574794513664747155551297291244492840448622550955320930591622""]",https://polymarket.com/market/will-jd-vance-win-the-2028-republican-presidential-nomination,0x18b1c135d0a40c5894da9412e77311827d9caf16cf4cd6591b247a34730af919
561975,will-marco-rubio-win-the-2028-republican-presidential-nomination,Will Marco Rubio win the 2028 Republican presidential nomination?,Will Marco Rubio win the 2028 Republican presidential nomination?,"This market will resolve to “Yes” if the named individual wins and accepts the 2028 nomination of the Republican Party for U.S. president. Otherwise, this market will resolve to “No”.

The resolution source for this market will be a consensus of official Republican Party sources.

Any replacement of the Republican nominee before election day will not change the resolution of the market.",,,republican-presidential-nominee-2028,Republican Presidential Nominee 2028,10691751.189031001,362694.2702,False,2028-11-07T00:00:00Z,"[""13565458761220145250977753098276900790902214604876327357986816739576288755859"", ""75720156002519829912361786945091022242706922246722836126941546028340974330171""]",https://polymarket.com/market/will-marco-rubio-win-the-2028-republican-presidential-nomination,0x21ad31a46bfaa51650766eff6dc69c866959e32d965ffb116020e37694b6317d
561976,will-tulsi-gabbard-win-the-2028-republican-presidential-nomination,Will Tulsi Gabbard win the 2028 Republican presidential nomination?,Will Tulsi Gabbard win the 2028 Republican presidential nomination?,"This market will resolve to “Yes” if the named individual wins and accepts the 2028 nomination of the Republican Party for U.S. president. Otherwise, this market will resolve to “No”.

The resolution source for this market will be a consensus of official Republican Party sources.

Any replacement of the Republican nominee before election day will not change the resolution of the market.",,,republican-presidential-nominee-2028,Republican Presidential Nominee 2028,14078009.531627005,1051139.84754,False,2028-11-08T04:59:00Z,"[""111796631871113641071635832853519973638674140424258605036492112910151603434351"", ""72519808073108999474312955064075820476359073658026830985534265136852842710652""]",https://polymarket.com/market/will-tulsi-gabbard-win-the-2028-republican-presidential-nomination,0x9cd77217b2ab264fe4f6d302f662c0a91f349fe5798f1f98d70bb2311712791b
561977,will-glenn-youngkin-win-the-2028-republican-presidential-nomination,Will Glenn Youngkin win the 2028 Republican presidential nomination?,Will Glenn Youngkin win the 2028 Republican presidential nomination?,"This market will resolve to “Yes” if the named individual wins and accepts the 2028 nomination of the Republican Party for U.S. president. Otherwise, this market will resolve to “No”.

The resolution source for this market will be a consensus of official Republican Party sources.

Any replacement of the Republican nominee before election day will not change the resolution of the market.",,,republican-presidential-nominee-2028,Republican Presidential Nominee 2028,8720229.735443007,264203.33146,False,2028-11-07T00:00:00Z,"[""108177352465155946413420144732939501038742536693084796111933355102723645081439"", ""40195401263640671665116916114051111593115139897599831021772971493074676316453""]",https://polymarket.com/market/will-glenn-youngkin-win-the-2028-republican-presidential-nomination,0xd0c4c60c8e68ee15974df3aa7d217225e98020fab9fcdb32d10f8e3d285e1619
561978,will-donald-trump-jr-win-the-2028-republican-presidential-nomination,Will Donald Trump Jr. win the 2028 Republican presidential nomination?,Will Donald Trump Jr. win the 2028 Republican presidential nomination?,"This market will resolve to “Yes” if the named individual wins and accepts the 2028 nomination of the Republican Party for U.S. president. Otherwise, this market will resolve to “No”.

The resolution source for this market will be a consensus of official Republican Party sources.

Any replacement of the Republican nominee before election day will not change the resolution of the market.",,,republican-presidential-nominee-2028,Republican Presidential Nominee 2028,9678925.643437,585693.885,False,2028-11-07T00:00:00Z,"[""96972794085445478502118386209219626048407104930213167197946285611747327241358"", ""17764541728623556463430129981248514099360802330077857891779810164830347138778""]",https://polymarket.com/market/will-donald-trump-jr-win-the-2028-republican-presidential-nomination,0x4a9d58d4da874e26708f5bdb014eb07a06aeebb927068d169d43831595386557
561979,will-ron-desantis-win-the-2028-republican-presidential-nomination,Will Ron DeSantis win the 2028 Republican presidential nomination?,Will Ron DeSantis win the 2028 Republican presidential nomination?,"This market will resolve to “Yes” if the named individual wins and accepts the 2028 nomination of the Republican Party for U.S. president. Otherwise, this market will resolve to “No”.

The resolution source for this market will be a consensus of official Republican Party sources.

Any replacement of the Republican nominee before election day will not change the resolution of the market.",,,republican-presidential-nominee-2028,Republican Presidential Nominee 2028,15564640.527377997,381786.23123,False,2028-11-08T04:59:00Z,"[""12127975650736113116407758794754973741525044713193258995588171654429754588610"", ""95344728193244020854716971584323868633691370479151373416918812532794690491367""]",https://polymarket.com/market/will-ron-desantis-win-the-2028-republican-presidential-nomination,0x64d31a2af85518c6718a5757a35b840f08eca20c1e22c0eb1e96ec01cc55b8b6
561980,will-nikki-haley-win-the-2028-republican-presidential-nomination,Will Nikki Haley win the 2028 Republican presidential nomination?,Will Nikki Haley win the 2028 Republican presidential nomination?,"This market will resolve to “Yes” if the named individual wins and accepts the 2028 nomination of the Republican Party for U.S. president. Otherwise, this market will resolve to “No”.

The resolution source for this market will be a consensus of official Republican Party sources.

Any replacement of the Republican nominee before election day will not change the resolution of the market.",,,republican-presidential-nominee-2028,Republican Presidential Nominee 2028,10392485.592272002,1325970.49417,False,2028-11-08T04:59:00Z,"[""30919109558246209971545892228598482722881502507049010402392877610451001659386"", ""26953454878227822916154850804639118151137570755140575650667657375528451821297""]",https://polymarket.com/market/will-nikki-haley-win-the-2028-republican-presidential-nomination,0xd7a0d72b19ca48b06b0029684677f581e32f133c367d7a19c2f1e4ad07066af7
561981,will-vivek-ramaswamy-win-the-2028-republican-presidential-nomination,Will Vivek Ramaswamy win the 2028 Republican presidential nomination?,Will Vivek Ramaswamy win the 2028 Republican presidential nomination?,"This market will resolve to “Yes” if the named individual wins and accepts the 2028 nomination of the Republican Party for U.S. president. Otherwise, this market will resolve to “No”.

The resolution source for this market will be a consensus of official Republican Party sources.

Any replacement of the Republican nominee before election day will not change the resolution of the market.",,,republican-presidential-nominee-2028,Republican Presidential Nominee 2028,16110895.696814992,682393.51898,False,2028-11-08T04:59:00Z,"[""7847177314809025001842027337093046201021185723933452855314998541165696902642"", ""61638209040977576407645319654548998972645370498978369829582391676362965890344""]",https://polymarket.com/market/will-vivek-ramaswamy-win-the-2028-republican-presidential-nomination,0xd997dc2a212a7d6673375a3b016db1fb214247142f8cde0cbf07f8e6d789877c
561982,will-sarah-huckabee-sanders-win-the-2028-republican-presidential-nomination,Will Sarah Huckabee Sanders win the 2028 Republican presidential nomination?,Will Sarah Huckabee Sanders win the 2028 Republican presidential nomination?,"This market will resolve to “Yes” if the named individual wins and accepts the 2028 nomination of the Republican Party for U.S. president. Otherwise, this market will resolve to “No”.

The resolution source for this market will be a consensus of official Republican Party sources.

Any replacement of the Republican nominee before election day will not change the resolution of the market.",,,republican-presidential-nominee-2028,Republican Presidential Nominee 2028,35512884.54397501,1158952.68154,False,2028-11-07T00:00:00Z,"[""35019878675696902444730611385908114488958639217305639231975258218416576501435"", ""56675537260019219223601219755487607959534973218119249587935401577859164512735""]",https://polymarket.com/market/will-sarah-huckabee-sanders-win-the-2028-republican-presidential-nomination,0x00ad3bb5284b0b2314b1a2d42812fe292f606619c6278bd95c9d905816c240f6
561983,will-greg-abbott-win-the-2028-republican-presidential-nomination,Will Greg Abbott win the 2028 Republican presidential nomination?,Will Greg Abbott win the 2028 Republican presidential nomination?,"This market will resolve to “Yes” if the named individual wins and accepts the 2028 nomination of the Republican Party for U.S. president. Otherwise, this market will resolve to “No”.

The resolution source for this market will be a consensus of official Republican Party sources.

Any replacement of the Republican nominee before election day will not change the resolution of the market.",,,republican-presidential-nominee-2028,Republican Presidential Nominee 2028,21382057.051705997,1217150.69804,False,2028-11-08T04:59:00Z,"[""51109358167525503124101840618196204295486048568333812245607026343682053354150"", ""105260987547015135110430961088356552513173217328170504644895138366924523280544""]",https://polymarket.com/market/will-greg-abbott-win-the-2028-republican-presidential-nomination,0x214093035e429b91df322bd20c55d9f611f741f67472a63f7623a9afc0cffa57
561984,will-robert-f-kennedy-jr-win-the-2028-republican-presidential-nomination,Will Robert F. Kennedy Jr. win the 2028 Republican presidential nomination?,Will Robert F. Kennedy Jr. win the 2028 Republican presidential nomination?,"This market will resolve to “Yes” if the named individual wins and accepts the 2028 nomination of the Republican Party for U.S. president. Otherwise, this market will resolve to “No”.

The resolution source for this market will be a consensus of official Republican Party sources.

Any replacement of the Republican nominee before election day will not change the resolution of the market.",,,republican-presidential-nominee-2028,Republican Presidential Nominee 2028,16846806.975013,1756670.25758,False,2028-11-08T04:59:00Z,"[""85795532452312461688342921814235563171225750416821603832877839950165564679042"", ""39330841918533865878755515006696866431225622573860977548617538419162581783990""]",https://polymarket.com/market/will-robert-f-kennedy-jr-win-the-2028-republican-presidential-nomination,0xc510176cf39d73295354fc797d84b510d050b45d29d6c9735ee18cdbc4fd6463
561985,will-brian-kemp-win-the-2028-republican-presidential-nomination,Will Brian Kemp win the 2028 Republican presidential nomination?,Will Brian Kemp win the 2028 Republican presidential nomination?,"This market will resolve to “Yes” if the named individual wins and accepts the 2028 nomination of the Republican Party for U.S. president. Otherwise, this market will resolve to “No”.

The resolution source for this market will be a consensus of official Republican Party sources.

Any replacement of the Republican nominee before election day will not change the resolution of the market.",,,republican-presidential-nominee-2028,Republican Presidential Nominee 2028,17937329.673068,762224.26716,False,2028-11-08T04:59:00Z,"[""109121432238307135312607668741094299588249627783575654034498708660414246884093"", ""26528147249337195767129586250556983229143036006556368874091657477633405171243""]",https://polymarket.com/market/will-brian-kemp-win-the-2028-republican-presidential-nomination,0x42631e1a8c8e6389422b58b8e15b1b551892b9833651aa3bab25afab124354b5
561986,will-byron-donalds-win-the-2028-republican-presidential-nomination,Will Byron Donalds win the 2028 Republican presidential nomination?,Will Byron Donalds win the 2028 Republican presidential nomination?,"This market will resolve to “Yes” if the named individual wins and accepts the 2028 nomination of the Republican Party for U.S. president. Otherwise, this market will resolve to “No”.

The resolution source for this market will be a consensus of official Republican Party sources.

Any replacement of the Republican nominee before election day will not change the resolution of the market.",,,republican-presidential-nominee-2028,Republican Presidential Nominee 2028,44427886.780070014,2077340.13557,False,2028-11-08T04:59:00Z,"[""311624663652221737215322113380496984764966764039692273354641152455298576851"", ""43292374563904271719486871569114922516560719431752184778538513591321835161630""]",https://polymarket.com/market/will-byron-donalds-win-the-2028-republican-presidential-nomination,0xd1747284d6048b2a3dcfbee489db405f36de18f9590197dd0e5c9f0c246bf050
561987,will-elise-stefanik-win-the-2028-republican-presidential-nomination,Will Elise Stefanik win the 2028 Republican presidential nomination?,Will Elise Stefanik win the 2028 Republican presidential nomination?,"This market will resolve to “Yes” if the named individual wins and accepts the 2028 nomination of the Republican Party for U.S. president. Otherwise, this market will resolve to “No”.

The resolution source for this market will be a consensus of official Republican Party sources.

Any replacement of the Republican nominee before election day will not change the resolution of the market.",,,republican-presidential-nominee-2028,Republican Presidential Nominee 2028,27993817.265553996,2240436.98269,False,2028-11-08T04:59:00Z,"[""46762065358788748743762617584400316865170283087328708370205000691002445395596"", ""6106142631847917497743561296507558396893160722310876727437797090897927202403""]",https://polymarket.com/market/will-elise-stefanik-win-the-2028-republican-presidential-nomination,0x655b4bfdfa55a95c24d6e9bf7e7cd62f1b57da9a1f4c7f40f090b8ba847dffa2
561988,will-josh-hawley-win-the-2028-republican-presidential-nomination,Will Josh Hawley win the 2028 Republican presidential nomination?,Will Josh Hawley win the 2028 Republican presidential nomination?,"This market will resolve to “Yes” if the named individual wins and accepts the 2028 nomination of the Republican Party for U.S. president. Otherwise, this market will resolve to “No”.

The resolution source for this market will be a consensus of official Republican Party sources.

Any replacement of the Republican nominee before election day will not change the resolution of the market.",,,republican-presidential-nominee-2028,Republican Presidential Nominee 2028,20409856.794679984,985602.19979,False,2028-11-08T04:59:00Z,"[""16959950591508656523048029588253513417107455151269158025695062757254216051157"", ""67257241906349232705880054817671247803154024437556078414309396160231441958063""]",https://polymarket.com/market/will-josh-hawley-win-the-2028-republican-presidential-nomination,0x4d4bceee5f59f75230c6438f69fc913a6da7afa4098ce0734655045c02a730fc
561989,will-ted-cruz-win-the-2028-republican-presidential-nomination,Will Ted Cruz win the 2028 Republican presidential nomination?,Will Ted Cruz win the 2028 Republican presidential nomination?,"This market will resolve to “Yes” if the named individual wins and accepts the 2028 nomination of the Republican Party for U.S. president. Otherwise, this market will resolve to “No”.

The resolution source for this market will be a consensus of official Republican Party sources.

Any replacement of the Republican nominee before election day will not change the resolution of the market.",,,republican-presidential-nominee-2028,Republican Presidential Nominee 2028,19494655.505081996,840234.29932,False,2028-11-07T00:00:00Z,"[""75602319799101799832214450648958470414659751617273540482126444460192042893239"", ""67427191791815068910367164354907762897739120962449893449251138341231627575633""]",https://polymarket.com/market/will-ted-cruz-win-the-2028-republican-presidential-nomination,0x0ac23db1e56971022bc7e822b907a2466c618b34104ea72bc9fa95e41c86a9c6
561990,will-elon-musk-win-the-2028-republican-presidential-nomination,Will Elon Musk win the 2028 Republican presidential nomination?,Will Elon Musk win the 2028 Republican presidential nomination?,"This market will resolve to “Yes” if the named individual wins and accepts the 2028 nomination of the Republican Party for U.S. president. Otherwise, this market will resolve to “No”.

The resolution source for this market will be a consensus of official Republican Party sources.

Any replacement of the Republican nominee before election day will not change the resolution of the market.",,,republican-presidential-nominee-2028,Republican Presidential Nominee 2028,31385578.18357601,1293584.69135,False,2028-11-08T04:59:00Z,"[""97933607699985149274021900377397416175605196663149372937380275158258659161873"", ""91654279459782700285030880702186010885362170180157997195869175981321159591151""]",https://polymarket.com/market/will-elon-musk-win-the-2028-republican-presidential-nomination,0xfbb80ea5f8fc02ee7df8bd4f58790e1d04b874078a49a7b7028a74a2075100c9
561991,will-matt-gaetz-win-the-2028-republican-presidential-nomination,Will Matt Gaetz win the 2028 Republican presidential nomination?,Will Matt Gaetz win the 2028 Republican presidential nomination?,"This market will resolve to “Yes” if the named individual wins and accepts the 2028 nomination of the Republican Party for U.S. president. Otherwise, this market will resolve to “No”.

The resolution source for this market will be a consensus of official Republican Party sources.

Any replacement of the Republican nominee before election day will not change the resolution of the market.",,,republican-presidential-nominee-2028,Republican Presidential Nominee 2028,20411205.825418,2126568.97162,False,2028-11-08T04:59:00Z,"[""21684611233679565633387313395955873024927822291738934804105644401703825367322"", ""84095293813293852486357602606048386507591460335706798271998543834668723932068""]",https://polymarket.com/market/will-matt-gaetz-win-the-2028-republican-presidential-nomination,0xf2cea45ec282af4f302d2ab85ede73678cd692ebf8c3ab6d52bfa5e19f44c553
561992,will-katie-britt-win-the-2028-republican-presidential-nomination,Will Katie Britt win the 2028 Republican presidential nomination?,Will Katie Britt win the 2028 Republican presidential nomination?,"This market will resolve to “Yes” if the named individual wins and accepts the 2028 nomination of the Republican Party for U.S. president. Otherwise, this market will resolve to “No”.

The resolution source for this market will be a consensus of official Republican Party sources.

Any replacement of the Republican nominee before election day will not change the resolution of the market.",,,republican-presidential-nominee-2028,Republican Presidential Nominee 2028,28968151.479281,1999643.14673,False,2028-11-08T04:59:00Z,"[""42282542821681724515855150589432262778581936160356547088323204270366545065655"", ""16356411122994156106976113515543626616680005491893556174464804958397610666717""]",https://polymarket.com/market/will-katie-britt-win-the-2028-republican-presidential-nomination,0x61a1278884fa70d68d4bcaaf72fad55bbdb063cac28c6947472ca91635fab10f
561993,will-john-thune-win-the-2028-republican-presidential-nomination,Will John Thune win the 2028 Republican presidential nomination?,Will John Thune win the 2028 Republican presidential nomination?,"This market will resolve to “Yes” if the named individual wins and accepts the 2028 nomination of the Republican Party for U.S. president. Otherwise, this market will resolve to “No”.

The resolution source for this market will be a consensus of official Republican Party sources.

Any replacement of the Republican nominee before election day will not change the resolution of the market.",,,republican-presidential-nominee-2028,Republican Presidential Nominee 2028,38187037.15550201,2114839.06025,False,2028-11-07T00:00:00Z,"[""70663522560386702809794077554934323058266367604787739541440326847712418734032"", ""41485413495944705425855194078748995452405844646809371874868554464564710666533""]",https://polymarket.com/market/will-john-thune-win-the-2028-republican-presidential-nomination,0x7190eccbd0677d5d0ae8cdf598b37e945a346915c666dda11468dc9970657a56
561994,will-kristi-noem-win-the-2028-republican-presidential-nomination,Will Kristi Noem win the 2028 Republican presidential nomination?,Will Kristi Noem win the 2028 Republican presidential nomination?,"This market will resolve to “Yes” if the named individual wins and accepts the 2028 nomination of the Republican Party for U.S. president. Otherwise, this market will resolve to “No”.

The resolution source for this market will be a consensus of official Republican Party sources.

Any replacement of the Republican nominee before election day will not change the resolution of the market.",,,republican-presidential-nominee-2028,Republican Presidential Nominee 2028,37659504.191098996,2013346.64034,False,2028-11-08T04:59:00Z,"[""46777072088650922464797852907503479539785178123001199763117403684202580813104"", ""72681113618462806097972236701451065622180139607703509985766492272651534581276""]",https://polymarket.com/market/will-kristi-noem-win-the-2028-republican-presidential-nomination,0x5f1b1caf70eb994bfff2986727a05a3ac9f7ec8b0da4017f7732596d023e5a07
561995,will-mike-pence-win-the-2028-republican-presidential-nomination,Will Mike Pence win the 2028 Republican presidential nomination?,Will Mike Pence win the 2028 Republican presidential nomination?,"This market will resolve to “Yes” if the named individual wins and accepts the 2028 nomination of the Republican Party for U.S. president. Otherwise, this market will resolve to “No”.

The resolution source for this market will be a consensus of official Republican Party sources.

Any replacement of the Republican nominee before election day will not change the resolution of the market.",,,republican-presidential-nominee-2028,Republican Presidential Nominee 2028,43713359.88843102,1830237.83552,False,2028-11-08T04:59:00Z,"[""110467341601356058460373968989438018821471776813704553223329002744055822742107"", ""11478861872612841666414979216747716059947331582670297431884562915546151249374""]",https://polymarket.com/market/will-mike-pence-win-the-2028-republican-presidential-nomination,0x41c6341dd79903aca4bb0c29f5a7976946c3774d2fd72f38cbb7de7092144520
561996,will-tucker-carlson-win-the-2028-republican-presidential-nomination,Will Tucker Carlson win the 2028 Republican presidential nomination?,Will Tucker Carlson win the 2028 Republican presidential nomination?,"This market will resolve to “Yes” if the named individual wins and accepts the 2028 nomination of the Republican Party for U.S. president. Otherwise, this market will resolve to “No”.

The resolution source for this market will be a consensus of official Republican Party sources.

Any replacement of the Republican nominee before election day will not change the resolution of the market.",,,republican-presidential-nominee-2028,Republican Presidential Nominee 2028,13805762.223156998,228080.59731,False,2028-11-08T04:59:00Z,"[""78994573210477487932611223094751007094801552166562252085708682076112788032998"", ""8140793935596394912663577132141762112024484538385519683062085870219967913900""]",https://polymarket.com/market/will-tucker-carlson-win-the-2028-republican-presidential-nomination,0x4273517fc8141d57ad1528ede46efdceebdb6a4da746d5de5bad216564209a1e
561998,will-ivanka-trump-win-the-2028-republican-presidential-nomination,Will Ivanka Trump win the 2028 Republican presidential nomination?,Will Ivanka Trump win the 2028 Republican presidential nomination?,"This market will resolve to “Yes” if the named individual wins and accepts the 2028 nomination of the Republican Party for U.S. president. Otherwise, this market will resolve to “No”.

The resolution source for this market will be a consensus of official Republican Party sources.

Any replacement of the Republican nominee before election day will not change the resolution of the market.",,,republican-presidential-nominee-2028,Republican Presidential Nominee 2028,8601771.868897,742775.08545,False,2028-11-08T04:59:00Z,"[""64219883837418173804780196379638150140562767673275103175135949850170609939649"", ""38205061485482832990648495179350163959936416627781540057460551493511094122497""]",https://polymarket.com/market/will-ivanka-trump-win-the-2028-republican-presidential-nomination,0x4f02b9cf70e514964fcb9aa2f7873d2b0d1aa0986da096cce7e6687e78da00f3
561999,will-tom-brady-win-the-2028-republican-presidential-nomination,Will Tom Brady win the 2028 Republican presidential nomination?,Will Tom Brady win the 2028 Republican presidential nomination?,"This market will resolve to “Yes” if the named individual wins and accepts the 2028 nomination of the Republican Party for U.S. president. Otherwise, this market will resolve to “No”.

The resolution source for this market will be a consensus of official Republican Party sources.

Any replacement of the Republican nominee before election day will not change the resolution of the market.",,,republican-presidential-nominee-2028,Republican Presidential Nominee 2028,32969116.931229018,2126449.77726,False,2028-11-08T04:59:00Z,"[""45742939946094874824687417208711661205131461760422331277735745393193805349457"", ""110475425879038752349535639720766480458274565783397083615496250556947203595226""]",https://polymarket.com/market/will-tom-brady-win-the-2028-republican-presidential-nomination,0xf8dbde8b6e038775a673947e59da2de15a2127272b50b9877400fdbf7cfc3026
562000,will-rand-paul-win-the-2028-republican-presidential-nomination,Will Rand Paul win the 2028 Republican presidential nomination?,Will Rand Paul win the 2028 Republican presidential nomination?,"This market will resolve to “Yes” if the named individual wins and accepts the 2028 nomination of the Republican Party for U.S. president. Otherwise, this market will resolve to “No”.

The resolution source for this market will be a consensus of official Republican Party sources.

Any replacement of the Republican nominee before election day will not change the resolution of the market.",,,republican-presidential-nominee-2028,Republican Presidential Nominee 2028,19568143.63546899,1442413.37801,False,2028-11-08T04:59:00Z,"[""56369772478534954338683665819559528414197495274302917800610633957542171787417"", ""97912974556505097471140703824534539631227593711361303698649171859837355186863""]",https://polymarket.com/market/will-rand-paul-win-the-2028-republican-presidential-nomination,0xd10bc768ede58b53ed400594240b0a0603134a32dab89ec823a18759cbc180ca
562001,will-steve-bannon-win-the-2028-republican-presidential-nomination,Will Steve Bannon win the 2028 Republican presidential nomination?,Will Steve Bannon win the 2028 Republican presidential nomination?,"This market will resolve to “Yes” if the named individual wins and accepts the 2028 nomination of the Republican Party for U.S. president. Otherwise, this market will resolve to “No”.

The resolution source for this market will be a consensus of official Republican Party sources.

Any replacement of the Republican nominee before election day will not change the resolution of the market.",,,republican-presidential-nominee-2028,Republican Presidential Nominee 2028,22996883.47402501,1887129.22519,False,2028-11-08T04:59:00Z,"[""76572162491038773682779378100661251853152133818805423848523216103658476280587"", ""25583872291729778177187717614560645987351882646783629615247519807465184364234""]",https://polymarket.com/market/will-steve-bannon-win-the-2028-republican-presidential-nomination,0xd5659eea81cada0bac656f5a9099861786cbae6755e2e1ac2c9e9441908b551f
562002,will-erika-kirk-win-the-2028-republican-presidential-nomination,Will Erika Kirk win the 2028 Republican presidential nomination?,Will Erika Kirk win the 2028 Republican presidential nomination?,"This market will resolve to “Yes” if the named individual wins and accepts the 2028 nomination of the Republican Party for U.S. president. Otherwise, this market will resolve to “No”.

The resolution source for this market will be a consensus of official Republican Party sources.

Any replacement of the Republican nominee before election day will not change the resolution of the market.",,,republican-presidential-nominee-2028,Republican Presidential Nominee 2028,19038583.073152,1988306.22105,False,2028-11-08T04:59:00Z,"[""36725157385158152303355940271421346899386884953712631735038848833359115722560"", ""100798539333257155804503755544697952331380694697499428407950484702163979829576""]",https://polymarket.com/market/will-erika-kirk-win-the-2028-republican-presidential-nomination,0x7abed80b88301210ee83b7b14ec41bc9a5161e1af07254fbb26c6e2bf7182766
562003,will-kim-kardashian-win-the-2028-republican-presidential-nomination,Will Kim Kardashian win the 2028 Republican presidential nomination?,Will Kim Kardashian win the 2028 Republican presidential nomination?,"This market will resolve to “Yes” if the named individual wins and accepts the 2028 nomination of the Republican Party for U.S. president. Otherwise, this market will resolve to “No”.

The resolution source for this market will be a consensus of official Republican Party sources.

Any replacement of the Republican nominee before election day will not change the resolution of the market.",,,republican-presidential-nominee-2028,Republican Presidential Nominee 2028,28566432.385341,2284235.65572,False,2028-11-08T04:59:00Z,"[""10651968542740640896482407431367624536081358925965856338872110525887291512129"", ""103086387269187122378314827672946076309261054730475021633767467850510078119868""]",https://polymarket.com/market/will-kim-kardashian-win-the-2028-republican-presidential-nomination,0x414378275cb214b747245942be889ee1e077c56d1c00eb4d726629c95f22b5a5
562004,will-marjorie-taylor-greene-win-the-2028-republican-presidential-nomination,Will Marjorie Taylor Greene win the 2028 Republican presidential nomination?,Will Marjorie Taylor Greene win the 2028 Republican presidential nomination?,"This market will resolve to “Yes” if the named individual wins and accepts the 2028 nomination of the Republican Party for U.S. president. Otherwise, this market will resolve to “No”.

The resolution source for this market will be a consensus of official Republican Party sources.

Any replacement of the Republican nominee before election day will not change the resolution of the market.",,,republican-presidential-nominee-2028,Republican Presidential Nominee 2028,6769571.297534001,1022407.73212,False,2028-11-08T04:59:00Z,"[""65830295349944471218641822318218876930376684645620468557619951782520997909982"", ""33372330947023860525870630758549137902170576919090726047009795835189818269107""]",https://polymarket.com/market/will-marjorie-taylor-greene-win-the-2028-republican-presidential-nomination,0x17902b9490c6a73152772316b4705935c5c6801ba269f2afc81686532e34fb9a
562005,will-thomas-massie-win-the-2028-republican-presidential-nomination,Will Thomas Massie win the 2028 Republican presidential nomination?,Will Thomas Massie win the 2028 Republican presidential nomination?,"This market will resolve to “Yes” if the named individual wins and accepts the 2028 nomination of the Republican Party for U.S. president. Otherwise, this market will resolve to “No”.

The resolution source for this market will be a consensus of official Republican Party sources.

Any replacement of the Republican nominee before election day will not change the resolution of the market.",,,republican-presidential-nominee-2028,Republican Presidential Nominee 2028,6138183.640381,369882.51511,False,2028-11-08T04:59:00Z,"[""99700879015134724880665931256853704724897234270130475786057704135245843006310"", ""94171791097080152294329103174901345850282375147106800117496695577931335275209""]",https://polymarket.com/market/will-thomas-massie-win-the-2028-republican-presidential-nomination,0x24258776d0a926b4550b0f213267b95ba0a7741fc972d0b3c2b5f6bf8ced2c50
562006,will-eric-trump-win-the-2028-republican-presidential-nomination,Will Eric Trump win the 2028 Republican presidential nomination?,Will Eric Trump win the 2028 Republican presidential nomination?,"This market will resolve to “Yes” if the named individual wins and accepts the 2028 nomination of the Republican Party for U.S. president. Otherwise, this market will resolve to “No”.

The resolution source for this market will be a consensus of official Republican Party sources.

Any replacement of the Republican nominee before election day will not change the resolution of the market.",,,republican-presidential-nominee-2028,Republican Presidential Nominee 2028,10577434.096373998,1551609.4786,False,2028-11-08T04:59:00Z,"[""57919459237478987490046512369779809927967587873586488155446781256559839871449"", ""58389730991380235726868542531087058690762163352908563301611948484975927797504""]",https://polymarket.com/market/will-eric-trump-win-the-2028-republican-presidential-nomination,0xca68152902c3581ab42feb04921b8b1cd3c4e80d06f255ae077259fca0bba15c
562007,will-joe-kent-win-the-2028-republican-presidential-nomination,Will Joe Kent win the 2028 Republican presidential nomination?,Will Joe Kent win the 2028 Republican presidential nomination?,"This market will resolve to “Yes” if the named individual wins and accepts the 2028 nomination of the Republican Party for U.S. president. Otherwise, this market will resolve to “No”.

The resolution source for this market will be a consensus of official Republican Party sources.

Any replacement of the Republican nominee before election day will not change the resolution of the market.",,,republican-presidential-nominee-2028,Republican Presidential Nominee 2028,8935255.306539997,1527218.95895,False,2028-11-08T04:59:00Z,"[""79109138136144804495019974949003266649145803384760006308278371005319168843129"", ""65030375464178446496570525340832652143777619585997981475842311804446352421562""]",https://polymarket.com/market/will-joe-kent-win-the-2028-republican-presidential-nomination,0xf2cb33c6634ee4676b642e728715c68441fb8d8c90f730ba0b5c3cd1f436a4be
562008,will-pete-hegseth-win-the-2028-republican-presidential-nomination,Will Pete Hegseth win the 2028 Republican presidential nomination?,Will Pete Hegseth win the 2028 Republican presidential nomination?,"This market will resolve to “Yes” if the named individual wins and accepts the 2028 nomination of the Republican Party for U.S. president. Otherwise, this market will resolve to “No”.

The resolution source for this market will be a consensus of official Republican Party sources.

Any replacement of the Republican nominee before election day will not change the resolution of the market.",,,republican-presidential-nominee-2028,Republican Presidential Nominee 2028,9363059.649716,1776192.5221,False,2028-11-07T00:00:00Z,"[""98511916129081689027111328481059704559518789751071585689160934736837069796376"", ""9858445493903501648722765041195521587435370553699986326259923783724888628821""]",https://polymarket.com/market/will-pete-hegseth-win-the-2028-republican-presidential-nomination,0x5f3b3456b2d6ef0d6f15d7492162725057be78d738d2465456e2835f1d89046c
562009,will-candace-owens-win-the-2028-republican-presidential-nomination,Will Candace Owens win the 2028 Republican presidential nomination?,Will Candace Owens win the 2028 Republican presidential nomination?,"This market will resolve to “Yes” if the named individual wins and accepts the 2028 nomination of the Republican Party for U.S. president. Otherwise, this market will resolve to “No”.

The resolution source for this market will be a consensus of official Republican Party sources.

Any replacement of the Republican nominee before election day will not change the resolution of the market.",,,republican-presidential-nominee-2028,Republican Presidential Nominee 2028,873268.9648310001,839391.29466,False,2028-11-08T04:59:00Z,"[""103583503429104930194497628126914667755033911422951268976034178026550261878964"", ""104506727636149041299659366434997071904261219660415251973928167233993662044749""]",https://polymarket.com/market/will-candace-owens-win-the-2028-republican-presidential-nomination,0x8764d4aba85c6e80a4823850fe9ff2d4dc17081f3be0a50a856765d7b1cb1fe7
562010,will-tim-scott-win-the-2028-republican-presidential-nomination,Will Tim Scott win the 2028 Republican presidential nomination?,Will Tim Scott win the 2028 Republican presidential nomination?,"This market will resolve to “Yes” if the named individual wins and accepts the 2028 nomination of the Republican Party for U.S. president. Otherwise, this market will resolve to “No”.

The resolution source for this market will be a consensus of official Republican Party sources.

Any replacement of the Republican nominee before election day will not change the resolution of the market.",,,republican-presidential-nominee-2028,Republican Presidential Nominee 2028,531420.013166,1192449.21613,False,2028-11-08T04:59:00Z,"[""5512848766124376052999423421512013003730876644177915544789164561934035500453"", ""107397520174753938362592444517621272056012200608241033879184249398158199486352""]",https://polymarket.com/market/will-tim-scott-win-the-2028-republican-presidential-nomination,0xa78a013c5b5f6c64a2744f686e409f43cc4c5c501d5ec9feaa47c4f6166a0a7b
562011,will-mike-johnson-win-the-2028-republican-presidential-nomination,Will Mike Johnson win the 2028 Republican presidential nomination?,Will Mike Johnson win the 2028 Republican presidential nomination?,"This market will resolve to “Yes” if the named individual wins and accepts the 2028 nomination of the Republican Party for U.S. president. Otherwise, this market will resolve to “No”.

The resolution source for this market will be a consensus of official Republican Party sources.

Any replacement of the Republican nominee before election day will not change the resolution of the market.",,,republican-presidential-nominee-2028,Republican Presidential Nominee 2028,872175.3846649999,1077599.40708,False,2028-11-08T04:59:00Z,"[""67009680541631417178786187475736119267175409373964622166552697723052949294917"", ""66184541511359055496328636694262565260133941886155730891488425086369465329409""]",https://polymarket.com/market/will-mike-johnson-win-the-2028-republican-presidential-nomination,0x5e7ab216696ad29c32ac1d9b7f5f5ea9bdd4813f47055a95717442c2d91af22a
562012,will-doug-burgum-win-the-2028-republican-presidential-nomination,Will Doug Burgum win the 2028 Republican presidential nomination?,Will Doug Burgum win the 2028 Republican presidential nomination?,"This market will resolve to “Yes” if the named individual wins and accepts the 2028 nomination of the Republican Party for U.S. president. Otherwise, this market will resolve to “No”.

The resolution source for this market will be a consensus of official Republican Party sources.

Any replacement of the Republican nominee before election day will not change the resolution of the market.",,,republican-presidential-nominee-2028,Republican Presidential Nominee 2028,739544.2299999999,1232003.77799,False,2028-11-07T00:00:00Z,"[""93113471876116345683070495396509212560170369825152543269547431997634874178256"", ""86893269108096748563599850479786001283685570143251102849322763229169408359930""]",https://polymarket.com/market/will-doug-burgum-win-the-2028-republican-presidential-nomination,0x5fccae1a93b98de6e2b55a76ca907b9c5b44a1ac3cd4149b73ad2fc1b1981892
562013,will-tom-cotton-win-the-2028-republican-presidential-nomination,Will Tom Cotton win the 2028 Republican presidential nomination?,Will Tom Cotton win the 2028 Republican presidential nomination?,"This market will resolve to “Yes” if the named individual wins and accepts the 2028 nomination of the Republican Party for U.S. president. Otherwise, this market will resolve to “No”.

The resolution source for this market will be a consensus of official Republican Party sources.

Any replacement of the Republican nominee before election day will not change the resolution of the market.",,,republican-presidential-nominee-2028,Republican Presidential Nominee 2028,1591949.6576660003,229119.77111,False,2028-11-07T00:00:00Z,"[""77183606580201228784494296983790614769416656107808766333251588423667839654708"", ""92749143123473934444426129987774935901545805213978581951879870684552179450628""]",https://polymarket.com/market/will-tom-cotton-win-the-2028-republican-presidential-nomination,0x23d71fd1561572cdec9f1d7671b76f8917e5b6740f4a5577df8bb4289e74e4cd
562014,will-john-n-kennedy-win-the-2028-republican-presidential-nomination,Will John N. Kennedy win the 2028 Republican presidential nomination?,Will John N. Kennedy win the 2028 Republican presidential nomination?,"This market will resolve to “Yes” if the named individual wins and accepts the 2028 nomination of the Republican Party for U.S. president. Otherwise, this market will resolve to “No”.

The resolution source for this market will be a consensus of official Republican Party sources.

Any replacement of the Republican nominee before election day will not change the resolution of the market.",,,republican-presidential-nominee-2028,Republican Presidential Nominee 2028,462760.569,1256151.6868,False,2028-11-08T04:59:00Z,"[""52127875867399588054194710342778109102486347178324348183699958260007957798072"", ""102692434673241315471428412526452716105300637006077337435076015428674181452604""]",https://polymarket.com/market/will-john-n-kennedy-win-the-2028-republican-presidential-nomination,0x8aff3e755f44bfea1baa433b2a175341204b0f85427e82f31c9c44d38b5a6ec7
562015,will-rick-scott-win-the-2028-republican-presidential-nomination,Will Rick Scott win the 2028 Republican presidential nomination?,Will Rick Scott win the 2028 Republican presidential nomination?,"This market will resolve to “Yes” if the named individual wins and accepts the 2028 nomination of the Republican Party for U.S. president. Otherwise, this market will resolve to “No”.

The resolution source for this market will be a consensus of official Republican Party sources.

Any replacement of the Republican nominee before election day will not change the resolution of the market.",,,republican-presidential-nominee-2028,Republican Presidential Nominee 2028,763643.6288330001,1222839.07547,False,2028-11-08T04:59:00Z,"[""76990036573500195136722475443009439521376701541203139741941762278494244594290"", ""30428666779400259828134599704475236226063422368637918121111104985340992802624""]",https://polymarket.com/market/will-rick-scott-win-the-2028-republican-presidential-nomination,0xb31ebc41f916ab4ac950030d62d886fd6f200e1fb8e0f9e5a1c020a8ddf431e0
562793,will-the-democratic-party-control-the-senate-after-the-2026-midterm-elections,Will the Democratic Party control the Senate after the 2026 Midterm elections?,Will the Democratic Party control the Senate after the 2026 Midterm elections?,"This market will resolve according to the party that wins control of the United States Senate in the 2026 United States midterm election.

A party wins control of the United States Senate if it wins a majority of the chamber’s voting seats. If no party wins a majority of voting seats, the party that wins control of the chamber is the party that wins half of the voting seats and holds the Vice Presidency. If the outcome remains ambiguous after applying the above criteria, the chamber will be deemed controlled by the party with which the first selected President Pro Tempore of the Congress that convenes after the specified election is affiliated.

The following rules govern the counting of seats for determining which party wins control of the chamber.

All regular and special Senate elections that determine representation in the upcoming 120th Congress and are scheduled to take place in November 2026 as of October 31, 2026 are included. Runoffs for qualifying elections will determine attribution of the relevant seat, even if they take place after November 2026. Vacant seats for which no election or special election to fill the seat is scheduled to take place in November 2026 as of October 31, 2026 will be treated as held by the party affiliation of the most recent member to hold that seat.

For seats contested in the specified election, seats are attributed to the party under which the member was elected. If a member-elect changes party affiliation, or vacates their seat, between election day and the formal organization of Congress, the seat is attributed to the party under which the member was elected.

For seats not contested in the specified election, seats are attributed to the party that holds the seat as of the date of the election. If a current sitting member of the U.S. Senate who is not up for election changes party affiliation or vacates their seat after the date of the election, the seat is attributed to the party under which the member was affiliated at the time of the election.

Senate members elected as independents who formally caucus with, or, for newly elected members, who announce their intent to caucus with, a party are included in that party’s count. If the caucus decisions of members of the Senate elected as independents cannot be determined on the date of the election, this market may remain open until the earlier of (i) an announcement from the relevant members of their intents to caucus, or (ii) January 4th, 11:59 PM ET of the following calendar year. If no such announcement is made by January 4th, 11:59 PM ET of the following calendar year, the member will not count towards the seat count of any party.

The resolution sources for this market will be official information from relevant state electoral authorities, the United States Congress, and a consensus of credible reporting.",,,which-party-will-win-the-senate-in-2026,Which party will win the Senate in 2026?,3142040.5537869995,513602.2726,False,2027-01-05T04:59:00Z,"[""113287701564209339913693347405685749986285999146352375265161592243948562084773"", ""107118433685650702332040991454078902188473746599223732907923581436160160612542""]",https://polymarket.com/market/will-the-democratic-party-control-the-senate-after-the-2026-midterm-elections,0x307a1ed89d60b61002dd5bbf00e1408c5ed2ab3fcdb056191ca7ef9bc34d38f3
562794,will-the-republican-party-control-the-senate-after-the-2026-midterm-elections,Will the Republican Party control the Senate after the 2026 Midterm elections?,Will the Republican Party control the Senate after the 2026 Midterm elections?,"This market will resolve according to the party that wins control of the United States Senate in the 2026 United States midterm election.

A party wins control of the United States Senate if it wins a majority of the chamber’s voting seats. If no party wins a majority of voting seats, the party that wins control of the chamber is the party that wins half of the voting seats and holds the Vice Presidency. If the outcome remains ambiguous after applying the above criteria, the chamber will be deemed controlled by the party with which the first selected President Pro Tempore of the Congress that convenes after the specified election is affiliated.

The following rules govern the counting of seats for determining which party wins control of the chamber.

All regular and special Senate elections that determine representation in the upcoming 120th Congress and are scheduled to take place in November 2026 as of October 31, 2026 are included. Runoffs for qualifying elections will determine attribution of the relevant seat, even if they take place after November 2026. Vacant seats for which no election or special election to fill the seat is scheduled to take place in November 2026 as of October 31, 2026 will be treated as held by the party affiliation of the most recent member to hold that seat.

For seats contested in the specified election, seats are attributed to the party under which the member was elected. If a member-elect changes party affiliation, or vacates their seat, between election day and the formal organization of Congress, the seat is attributed to the party under which the member was elected.

For seats not contested in the specified election, seats are attributed to the party that holds the seat as of the date of the election. If a current sitting member of the U.S. Senate who is not up for election changes party affiliation or vacates their seat after the date of the election, the seat is attributed to the party under which the member was affiliated at the time of the election.

Senate members elected as independents who formally caucus with, or, for newly elected members, who announce their intent to caucus with, a party are included in that party’s count. If the caucus decisions of members of the Senate elected as independents cannot be determined on the date of the election, this market may remain open until the earlier of (i) an announcement from the relevant members of their intents to caucus, or (ii) January 4th, 11:59 PM ET of the following calendar year. If no such announcement is made by January 4th, 11:59 PM ET of the following calendar year, the member will not count towards the seat count of any party.

The resolution sources for this market will be official information from relevant state electoral authorities, the United States Congress, and a consensus of credible reporting.",,,which-party-will-win-the-senate-in-2026,Which party will win the Senate in 2026?,2132112.191058,418893.3546,False,2026-11-03T23:59:00Z,"[""51939490109676186832507970701169130490548061087912630009168726706475001411420"", ""108587038225191871355030577171066853142535232042155117887981453750193713427381""]",https://polymarket.com/market/will-the-republican-party-control-the-senate-after-the-2026-midterm-elections,0x86bfb53af7250a40928975c551d12c185b762fa4ce0b40c6a64a50c946d72587
562802,will-the-democratic-party-control-the-house-after-the-2026-midterm-elections,Will the Democratic Party control the House after the 2026 Midterm elections?,Will the Democratic Party control the House after the 2026 Midterm elections?,"This market will resolve according to the party that wins control of the United States House of Representatives in the 2026 United States midterm election.

A party wins control of the United States House of Representatives if it wins a majority of the chamber’s voting seats. If no party wins a majority of voting seats, the chamber will be deemed controlled by the party with which the first elected Speaker of the House of the Congress that convenes after the 2026 midterm election is affiliated.

The following rules govern the counting of seats for determining which party wins control of the chamber.

All House elections in the 2026 United States midterm election that elect voting members and determine representation in the upcoming 120th Congress are included. Where a seat is decided by a runoff, the runoff result will determine attribution of that seat.

Seats are attributed to the party under which the member was elected. If a member-elect changes party affiliation, or vacates their seat, between election day and the formal organization of Congress, the seat is attributed to the party under which the member was elected.

House members elected as independents who formally caucus with, or, for newly elected members, who announce their intent to caucus with, a party are included in that party’s count. If the caucus decisions of members of the House elected as independents cannot be determined on the date of the election, this market may remain open until the earlier of (i) an announcement from the relevant members of their intents to caucus, or (ii) January 4th, 11:59 PM ET of the following calendar year. If no such announcement is made by January 4th, 11:59 PM ET of the following calendar year, the member will not count towards the seat count of any party.

The resolution sources for this market will be official information from relevant state electoral authorities, the United States Congress, and a consensus of credible reporting.",,,which-party-will-win-the-house-in-2026,Which party will win the House in 2026?,7075916.106720001,671228.3427,False,2027-01-05T04:59:00Z,"[""83247781037352156539108067944461291821683755894607244160607042790356561625563"", ""33156410999665902694791064431724433042010245771106314074312009703157423879038""]",https://polymarket.com/market/will-the-democratic-party-control-the-house-after-the-2026-midterm-elections,0xd5d9fc47718bd553592d126b1fa5e87183d27f3936975b0c04cc0f2dec1f1bb4
562803,will-the-republican-party-control-the-house-after-the-2026-midterm-elections,Will the Republican Party control the House after the 2026 Midterm elections?,Will the Republican Party control the House after the 2026 Midterm elections?,"This market will resolve according to the party that wins control of the United States House of Representatives in the 2026 United States midterm election.

A party wins control of the United States House of Representatives if it wins a majority of the chamber’s voting seats. If no party wins a majority of voting seats, the chamber will be deemed controlled by the party with which the first elected Speaker of the House of the Congress that convenes after the 2026 midterm election is affiliated.

The following rules govern the counting of seats for determining which party wins control of the chamber.

All House elections in the 2026 United States midterm election that elect voting members and determine representation in the upcoming 120th Congress are included. Where a seat is decided by a runoff, the runoff result will determine attribution of that seat.

Seats are attributed to the party under which the member was elected. If a member-elect changes party affiliation, or vacates their seat, between election day and the formal organization of Congress, the seat is attributed to the party under which the member was elected.

House members elected as independents who formally caucus with, or, for newly elected members, who announce their intent to caucus with, a party are included in that party’s count. If the caucus decisions of members of the House elected as independents cannot be determined on the date of the election, this market may remain open until the earlier of (i) an announcement from the relevant members of their intents to caucus, or (ii) January 4th, 11:59 PM ET of the following calendar year. If no such announcement is made by January 4th, 11:59 PM ET of the following calendar year, the member will not count towards the seat count of any party.

The resolution sources for this market will be official information from relevant state electoral authorities, the United States Congress, and a consensus of credible reporting.",,,which-party-will-win-the-house-in-2026,Which party will win the House in 2026?,5250414.577082002,580362.5734,False,2027-01-05T04:59:00Z,"[""65139230827417363158752884968303867495725894165574887635816574090175320800482"", ""17371217118862125782438074585166210555214661810823929795910191856905580975576""]",https://polymarket.com/market/will-the-republican-party-control-the-house-after-the-2026-midterm-elections,0x4e4f77e7dbf4cab666e9a1943674d7ae66348e862df03ea6f44b11eb95731928
562828,2026-balance-of-power-d-senate-d-house-949,"2026 Balance of Power: D Senate, D House","2026 Balance of Power: D Senate, D House","This market will resolve according to the party that wins control of the United States Senate and the party that wins control of the United States House of Representatives in the 2026 United States midterm election.

A party wins control of the United States Senate if it wins a majority of the chamber’s voting seats. If no party wins a majority of voting seats, the party that wins control of the chamber is the party that wins half of the voting seats and holds the Vice Presidency. If the outcome remains ambiguous after applying the above criteria, the chamber will be deemed controlled by the party with which the first selected President Pro Tempore of the Congress that convenes after the specified election is affiliated.

A party wins control of the United States House of Representatives if it wins a majority of the chamber’s voting seats. If no party wins a majority of voting seats, the chamber will be deemed controlled by the party with which the first elected Speaker of the House of the Congress that convenes after the 2026 midterm election is affiliated.

The following rules govern the counting of seats for determining which party wins control of the chambers.

For determining Senate control, all regular and special Senate elections that determine representation in the upcoming 120th Congress and are scheduled to take place in November 2026 as of October 31, 2026 are included. Vacant Senate seats for which no election or special election to fill the seat is scheduled to take place in November 2026 as of October 31, 2026 will be treated as held by the party affiliation of the most recent member to hold that seat. For determining House control, all House elections in the 2026 United States midterm election that elect voting members and determine representation in the upcoming 120th Congress are included. Where a Senate or House seat is decided by a runoff, the runoff result will determine attribution of that seat, even if it takes place after November 2026.

For seats contested in the specified election, seats are attributed to the party under which the member was elected. If a member-elect changes party affiliation, or vacates their seat, between election day and the formal organization of Congress, the seat is attributed to the party under which the member was elected. 

For seats not contested in the specified election, seats are attributed to the party that holds the seat as of the date of the election. If a current sitting member of the U.S. Senate who is not up for election changes party affiliation or vacates their seat after the date of the election, the seat is attributed to the party under which the member was affiliated at the time of the election.

Senate and House members elected as independents who formally caucus with, or, for newly elected members, who announce their intent to caucus with, a party are included in that party’s count. If the caucus decisions of members of the Senate or House elected as independents cannot be determined on the date of the election, this market may remain open until the earlier of (i) an announcement from the relevant members of their intents to caucus, or (ii) January 4th, 11:59 PM ET of the following calendar year. If no such announcement is made by January 4th, 11:59 PM ET of the following calendar year, the member will not count towards the seat count of any party.

The resolution sources for this market will be official information from relevant state electoral authorities, the United States Congress, and a consensus of credible reporting.",,,balance-of-power-2026-midterms,Balance of Power: 2026 Midterms,3585496.7963059996,234826.0611,False,2026-11-03T00:00:00Z,"[""34722410608062854697106861099776685947172185964394483545370684749662285977831"", ""24483563228660028121020430722896740519524131851526579619586176931221901842798""]",https://polymarket.com/market/2026-balance-of-power-d-senate-d-house-949,0x16c63b7cc37f012b9f59ee164ec03877914c701d06d48291ae8d6fc08a088b0d
562829,2026-balance-of-power-d-senate-r-house-692,"2026 Balance of Power: D Senate, R House","2026 Balance of Power: D Senate, R House","This market will resolve according to the party that wins control of the United States Senate and the party that wins control of the United States House of Representatives in the 2026 United States midterm election.

A party wins control of the United States Senate if it wins a majority of the chamber’s voting seats. If no party wins a majority of voting seats, the party that wins control of the chamber is the party that wins half of the voting seats and holds the Vice Presidency. If the outcome remains ambiguous after applying the above criteria, the chamber will be deemed controlled by the party with which the first selected President Pro Tempore of the Congress that convenes after the specified election is affiliated.

A party wins control of the United States House of Representatives if it wins a majority of the chamber’s voting seats. If no party wins a majority of voting seats, the chamber will be deemed controlled by the party with which the first elected Speaker of the House of the Congress that convenes after the 2026 midterm election is affiliated.

The following rules govern the counting of seats for determining which party wins control of the chambers.

For determining Senate control, all regular and special Senate elections that determine representation in the upcoming 120th Congress and are scheduled to take place in November 2026 as of October 31, 2026 are included. Vacant Senate seats for which no election or special election to fill the seat is scheduled to take place in November 2026 as of October 31, 2026 will be treated as held by the party affiliation of the most recent member to hold that seat. For determining House control, all House elections in the 2026 United States midterm election that elect voting members and determine representation in the upcoming 120th Congress are included. Where a Senate or House seat is decided by a runoff, the runoff result will determine attribution of that seat, even if it takes place after November 2026.

For seats contested in the specified election, seats are attributed to the party under which the member was elected. If a member-elect changes party affiliation, or vacates their seat, between election day and the formal organization of Congress, the seat is attributed to the party under which the member was elected. 

For seats not contested in the specified election, seats are attributed to the party that holds the seat as of the date of the election. If a current sitting member of the U.S. Senate who is not up for election changes party affiliation or vacates their seat after the date of the election, the seat is attributed to the party under which the member was affiliated at the time of the election.

Senate and House members elected as independents who formally caucus with, or, for newly elected members, who announce their intent to caucus with, a party are included in that party’s count. If the caucus decisions of members of the Senate or House elected as independents cannot be determined on the date of the election, this market may remain open until the earlier of (i) an announcement from the relevant members of their intents to caucus, or (ii) January 4th, 11:59 PM ET of the following calendar year. If no such announcement is made by January 4th, 11:59 PM ET of the following calendar year, the member will not count towards the seat count of any party.

The resolution sources for this market will be official information from relevant state electoral authorities, the United States Congress, and a consensus of credible reporting.",,,balance-of-power-2026-midterms,Balance of Power: 2026 Midterms,2037701.0672809999,236421.80031,False,2026-11-03T00:00:00Z,"[""70997927349469817841862065582625658840347600365813612622959588796331622340305"", ""45720947308530468765087874228584729250108790729495800420104302263408503667446""]",https://polymarket.com/market/2026-balance-of-power-d-senate-r-house-692,0x0808de4f0cfd47947f2d1be51f9a9c52ea0fec76f73a75cfbe79ddec98d8a908
562830,2026-balance-of-power-r-senate-d-house-444,"2026 Balance of Power: R Senate, D House","2026 Balance of Power: R Senate, D House","This market will resolve according to the party that wins control of the United States Senate and the party that wins control of the United States House of Representatives in the 2026 United States midterm election.

A party wins control of the United States Senate if it wins a majority of the chamber’s voting seats. If no party wins a majority of voting seats, the party that wins control of the chamber is the party that wins half of the voting seats and holds the Vice Presidency. If the outcome remains ambiguous after applying the above criteria, the chamber will be deemed controlled by the party with which the first selected President Pro Tempore of the Congress that convenes after the specified election is affiliated.

A party wins control of the United States House of Representatives if it wins a majority of the chamber’s voting seats. If no party wins a majority of voting seats, the chamber will be deemed controlled by the party with which the first elected Speaker of the House of the Congress that convenes after the 2026 midterm election is affiliated.

The following rules govern the counting of seats for determining which party wins control of the chambers.

For determining Senate control, all regular and special Senate elections that determine representation in the upcoming 120th Congress and are scheduled to take place in November 2026 as of October 31, 2026 are included. Vacant Senate seats for which no election or special election to fill the seat is scheduled to take place in November 2026 as of October 31, 2026 will be treated as held by the party affiliation of the most recent member to hold that seat. For determining House control, all House elections in the 2026 United States midterm election that elect voting members and determine representation in the upcoming 120th Congress are included. Where a Senate or House seat is decided by a runoff, the runoff result will determine attribution of that seat, even if it takes place after November 2026.

For seats contested in the specified election, seats are attributed to the party under which the member was elected. If a member-elect changes party affiliation, or vacates their seat, between election day and the formal organization of Congress, the seat is attributed to the party under which the member was elected. 

For seats not contested in the specified election, seats are attributed to the party that holds the seat as of the date of the election. If a current sitting member of the U.S. Senate who is not up for election changes party affiliation or vacates their seat after the date of the election, the seat is attributed to the party under which the member was affiliated at the time of the election.

Senate and House members elected as independents who formally caucus with, or, for newly elected members, who announce their intent to caucus with, a party are included in that party’s count. If the caucus decisions of members of the Senate or House elected as independents cannot be determined on the date of the election, this market may remain open until the earlier of (i) an announcement from the relevant members of their intents to caucus, or (ii) January 4th, 11:59 PM ET of the following calendar year. If no such announcement is made by January 4th, 11:59 PM ET of the following calendar year, the member will not count towards the seat count of any party.

The resolution sources for this market will be official information from relevant state electoral authorities, the United States Congress, and a consensus of credible reporting.",,,balance-of-power-2026-midterms,Balance of Power: 2026 Midterms,2443676.717690001,266931.0174,False,2026-11-03T00:00:00Z,"[""6302359956133594764084277082169634158291609371270652093164054687145970756151"", ""558600218792430158020964384658762756367786275998757133304987611939841005404""]",https://polymarket.com/market/2026-balance-of-power-r-senate-d-house-444,0x998bc71817b2d76921d1999ce0f3431cfd5945583667a371280ca2b430b0c06e
562831,2026-balance-of-power-r-senate-r-house-537,"2026 Balance of Power: R Senate, R House","2026 Balance of Power: R Senate, R House","This market will resolve according to the party that wins control of the United States Senate and the party that wins control of the United States House of Representatives in the 2026 United States midterm election.

A party wins control of the United States Senate if it wins a majority of the chamber’s voting seats. If no party wins a majority of voting seats, the party that wins control of the chamber is the party that wins half of the voting seats and holds the Vice Presidency. If the outcome remains ambiguous after applying the above criteria, the chamber will be deemed controlled by the party with which the first selected President Pro Tempore of the Congress that convenes after the specified election is affiliated.

A party wins control of the United States House of Representatives if it wins a majority of the chamber’s voting seats. If no party wins a majority of voting seats, the chamber will be deemed controlled by the party with which the first elected Speaker of the House of the Congress that convenes after the 2026 midterm election is affiliated.

The following rules govern the counting of seats for determining which party wins control of the chambers.

For determining Senate control, all regular and special Senate elections that determine representation in the upcoming 120th Congress and are scheduled to take place in November 2026 as of October 31, 2026 are included. Vacant Senate seats for which no election or special election to fill the seat is scheduled to take place in November 2026 as of October 31, 2026 will be treated as held by the party affiliation of the most recent member to hold that seat. For determining House control, all House elections in the 2026 United States midterm election that elect voting members and determine representation in the upcoming 120th Congress are included. Where a Senate or House seat is decided by a runoff, the runoff result will determine attribution of that seat, even if it takes place after November 2026.

For seats contested in the specified election, seats are attributed to the party under which the member was elected. If a member-elect changes party affiliation, or vacates their seat, between election day and the formal organization of Congress, the seat is attributed to the party under which the member was elected. 

For seats not contested in the specified election, seats are attributed to the party that holds the seat as of the date of the election. If a current sitting member of the U.S. Senate who is not up for election changes party affiliation or vacates their seat after the date of the election, the seat is attributed to the party under which the member was affiliated at the time of the election.

Senate and House members elected as independents who formally caucus with, or, for newly elected members, who announce their intent to caucus with, a party are included in that party’s count. If the caucus decisions of members of the Senate or House elected as independents cannot be determined on the date of the election, this market may remain open until the earlier of (i) an announcement from the relevant members of their intents to caucus, or (ii) January 4th, 11:59 PM ET of the following calendar year. If no such announcement is made by January 4th, 11:59 PM ET of the following calendar year, the member will not count towards the seat count of any party.

The resolution sources for this market will be official information from relevant state electoral authorities, the United States Congress, and a consensus of credible reporting.",,,balance-of-power-2026-midterms,Balance of Power: 2026 Midterms,4195695.44585,581948.23,False,2026-11-03T00:00:00Z,"[""103704141773947678931823410030956181918562062788486034785782641603149828893320"", ""25869296386911654049715489068824757745174681288397238521780118949553760488529""]",https://polymarket.com/market/2026-balance-of-power-r-senate-r-house-537,0xc5eae79d1ffe716572353962eb926b1e3964c500a4880a7a94f58408218ee76b
562832,2026-balance-of-power-other-131,2026 Balance of Power: Other,2026 Balance of Power: Other,"This market will resolve according to the party that wins control of the United States Senate and the party that wins control of the United States House of Representatives in the 2026 United States midterm election.

A party wins control of the United States Senate if it wins a majority of the chamber’s voting seats. If no party wins a majority of voting seats, the party that wins control of the chamber is the party that wins half of the voting seats and holds the Vice Presidency. If the outcome remains ambiguous after applying the above criteria, the chamber will be deemed controlled by the party with which the first selected President Pro Tempore of the Congress that convenes after the specified election is affiliated.

A party wins control of the United States House of Representatives if it wins a majority of the chamber’s voting seats. If no party wins a majority of voting seats, the chamber will be deemed controlled by the party with which the first elected Speaker of the House of the Congress that convenes after the 2026 midterm election is affiliated.

The following rules govern the counting of seats for determining which party wins control of the chambers.

For determining Senate control, all regular and special Senate elections that determine representation in the upcoming 120th Congress and are scheduled to take place in November 2026 as of October 31, 2026 are included. Vacant Senate seats for which no election or special election to fill the seat is scheduled to take place in November 2026 as of October 31, 2026 will be treated as held by the party affiliation of the most recent member to hold that seat. For determining House control, all House elections in the 2026 United States midterm election that elect voting members and determine representation in the upcoming 120th Congress are included. Where a Senate or House seat is decided by a runoff, the runoff result will determine attribution of that seat, even if it takes place after November 2026.

For seats contested in the specified election, seats are attributed to the party under which the member was elected. If a member-elect changes party affiliation, or vacates their seat, between election day and the formal organization of Congress, the seat is attributed to the party under which the member was elected. 

For seats not contested in the specified election, seats are attributed to the party that holds the seat as of the date of the election. If a current sitting member of the U.S. Senate who is not up for election changes party affiliation or vacates their seat after the date of the election, the seat is attributed to the party under which the member was affiliated at the time of the election.

Senate and House members elected as independents who formally caucus with, or, for newly elected members, who announce their intent to caucus with, a party are included in that party’s count. If the caucus decisions of members of the Senate or House elected as independents cannot be determined on the date of the election, this market may remain open until the earlier of (i) an announcement from the relevant members of their intents to caucus, or (ii) January 4th, 11:59 PM ET of the following calendar year. If no such announcement is made by January 4th, 11:59 PM ET of the following calendar year, the member will not count towards the seat count of any party.

The resolution sources for this market will be official information from relevant state electoral authorities, the United States Congress, and a consensus of credible reporting.",,,balance-of-power-2026-midterms,Balance of Power: 2026 Midterms,1977781.3315160002,204236.0335,False,2026-11-03T00:00:00Z,"[""35477631289241705233759154026285946627439635224019448868888132647783862821489"", ""58154574909590813657096858535882625339077077643653677858955479541043465171526""]",https://polymarket.com/market/2026-balance-of-power-other-131,0x7987a821b8032824f1805ee39eb5dfb8f64603e4e9e673259eb76f82b439fd3d
565064,will-the-republicans-win-the-2028-us-presidential-election,Will the Republicans win the 2028 US Presidential Election?,Will the Republicans win the 2028 US Presidential Election?,"The 2028 United States presidential election will be held on Tuesday, November 7, 2028.

This market will resolve to the political party whose candidate is elected the next President of the United States in the 2028 election.

The resolution source for this market is the Associated Press, Fox News, and NBC. This market will resolve once all three sources call the race for the same party. If all three sources haven’t called the race for the same party by the inauguration date (January 20, 2029) this market will resolve based on who is inaugurated.",,,which-party-wins-2028-us-presidential-election,Which party wins 2028 US Presidential Election?,1227596.6474499998,288673.4297,False,2029-01-21T04:59:00Z,"[""67109747366255871599717338045111308888043498275177238365560740200996017915657"", ""103845791232328975452762372781150730610824357544180691092497335946993481308222""]",https://polymarket.com/market/will-the-republicans-win-the-2028-us-presidential-election,0x0a99479228e93524b25676ae69b94bd3f4278a6bca8d8c265c84d24755399cf5
565065,will-the-democrats-win-the-2028-us-presidential-election,Will the Democrats win the 2028 US Presidential Election?,Will the Democrats win the 2028 US Presidential Election?,"The 2028 United States presidential election will be held on Tuesday, November 7, 2028.

This market will resolve to the political party whose candidate is elected the next President of the United States in the 2028 election.

The resolution source for this market is the Associated Press, Fox News, and NBC. This market will resolve once all three sources call the race for the same party. If all three sources haven’t called the race for the same party by the inauguration date (January 20, 2029) this market will resolve based on who is inaugurated.",,,which-party-wins-2028-us-presidential-election,Which party wins 2028 US Presidential Election?,1219537.6403229998,291323.3459,False,2028-11-07T00:00:00Z,"[""49084048476353771153083262278964615095037480324537117350127265918750912547378"", ""1376044590327709616459174469529480611299625159235587466149878628404281805565""]",https://polymarket.com/market/will-the-democrats-win-the-2028-us-presidential-election,0xb106a3c9d1c59ed8117493dae6459a3ff79369a8f7cddaf62f4a05828b89195e
566760,will-trump-pardon-ghislaine-maxwell,Will Trump pardon Ghislaine Maxwell by end of 2026?,Will Trump pardon Ghislaine Maxwell by end of 2026?,"This market will resolve to ""Yes"" if Ghislaine Maxwell receives a presidential pardon, commutation, or reprieve from Donald Trump between July 23, 2025 and December 31, 2026, 11:59 PM ET. Otherwise, this market will resolve to ""No"".

If it becomes impossible for Trump issue a federal pardon, commutation, or reprieve within this market's timeframe, it may immediately resolve to ""No"".

The primary resolution source for whether a person is pardoned or not will be official information from the US government, however a consensus of credible reporting will also be used.",,,will-trump-pardon-ghislaine-maxwell,Will Trump pardon Ghislaine Maxwell by end of 2026?,760220.6874700004,20637.82128,False,2027-01-01T04:59:00Z,"[""703229116919803457142440034780425874346022451261358752931225117413237404457"", ""71144742975537017512904527392353107518472601816123355990566837993879064231255""]",https://polymarket.com/market/will-trump-pardon-ghislaine-maxwell,0x0dc45815251ab7d5c3cbde5d7eee5bc96eac3d924c0a4c4f10175049e068fe20
567621,will-china-invade-taiwan-before-2027,Will China invade Taiwan by end of 2026?,Will China invade Taiwan by end of 2026?,"This market will resolve to ""Yes"" if China commences a military offensive intended to establish control over any portion of the Republic of China (Taiwan) by December 31, 2026, 11:59 PM ET. Otherwise, this market will resolve to ""No"".

Territory under the administration of the Republic of China including any inhabited islands will qualify, however uninhabited islands will not qualify. 

The resolution source for this market will be will be official confirmation by China, Taiwan, the United Nations, or any permanent member of the UN Security Council, however a consensus of credible reporting will also be used.",,,will-china-invade-taiwan-before-2027,Will China invade Taiwan by end of 2026?,42851917.98614785,621896.95107,False,2027-01-01T04:59:00Z,"[""94559586571241563470235664821564670251180951772614764383113614156422396181162"", ""90772332434487149264114862115632028379978765245278600275169585501290867536237""]",https://polymarket.com/market/will-china-invade-taiwan-before-2027,0xd9fb1184af0064e5e34b129f5b79afa5a17b7e32f2953ab05efed82315fee6d4
567688,netanyahu-out-before-2027-684-719-226-657,Netanyahu out by end of 2026?,Netanyahu out by end of 2026?,"This market will resolve to “Yes” if Benjamin Netanyahu ceases to be Prime Minister of Israel for any period of time between market creation and the specified date (ET). Otherwise, this market will resolve to “No”.

An announcement of Benjamin Netanyahu's resignation/removal before this market's end date will immediately resolve this market to ""Yes"", regardless of when the announced resignation/removal goes into effect.

The resolution source for this market will be official information from Benjamin Netanyahu and the government of Israel; however, a consensus of credible reporting may also be used.",,,netanyahu-out-before-2027,Netanyahu out by...?,2566141.0098510007,60283.758,False,2027-01-01T04:59:00Z,"[""114694726451307654528948558967898493662917070661203465131156925998487819889437"", ""66255671088804707681511323064315150986307471908131081808279119719218775249892""]",https://polymarket.com/market/netanyahu-out-before-2027-684-719-226-657,0xd1796c09d0d6f876f8580086ae9808ec991784e3a74b25a1830a25de71a78c96
567689,zelenskyy-out-as-ukraine-president-before-2027,Zelenskyy out as Ukraine president by end of 2026?,Zelenskyy out as Ukraine president by end of 2026?,"This market will resolve to “Yes” if Volodymyr Zelenskyy ceases to be President of Ukraine for any period of time between market creation and the specified date (ET). Otherwise, this market will resolve to “No”.

An announcement of Volodymyr Zelenskyy's resignation/removal before this market's end date will immediately resolve this market to ""Yes"", regardless of when the announced resignation/removal goes into effect.

The resolution source for this market will be official information from Volodymyr Zelenskyy and the government of Ukraine; however, a consensus of credible reporting may also be used.",,,zelenskyy-out-as-ukraine-president-before-2027,Zelenskyy out as Ukraine president by end of 2026?,3320787.745049002,98535.0265,False,2027-01-01T04:59:00Z,"[""108187737663325442737199857734058032845728149267925579081973309839049299838520"", ""12238337804021350373072513606997115174826680613156170611182546081135779794915""]",https://polymarket.com/market/zelenskyy-out-as-ukraine-president-before-2027,0x51f624dbbf14f9edb575fef1be6f7a303751de70783fa144fce27b957452c803
567690,erdoan-out-before-2027,"Erdoğan out by December 31, 2026?","Erdoğan out by December 31, 2026?","This market will resolve to “Yes” if Recep Tayyip Erdoğan ceases to be President of the Republic of Türkiye for any period of time between market creation and the specified date (ET). Otherwise, this market will resolve to “No”.

An announcement of Recep Tayyip Erdoğan's resignation/removal before this market's end date will immediately resolve this market to ""Yes"", regardless of when the announced resignation/removal goes into effect.

If the specified individual is detained, effectively removed from the specified position, or otherwise permanently prevented from fulfilling the duties of the specified position within this market’s timeframe, it will qualify for a “Yes” resolution.

The resolution source for this market will be official information from Recep Tayyip Erdoğan and the government of Türkiye; however, a consensus of credible reporting may also be used.",,,erdoan-out-before-2027,"Erdoğan out by December 31, 2026?",640907.59606,29954.4156,False,2027-01-01T04:59:00Z,"[""60482166031720291380868655057144166386114272673178755337360544583400474201659"", ""36584990740430575779853916178487409250519468755041580140068769472851047579138""]",https://polymarket.com/market/erdoan-out-before-2027,0x14501df0ca5ec395792b0614b18133b72e702a9a2615dd0a4b3f0c6e097de081
568116,will-trump-be-impeached-by-december-31-2026,"Will Trump be impeached by December 31, 2026?","Will Trump be impeached by December 31, 2026?","This market will resolve to “Yes“ if the US House of Representatives by simple majority vote to approve or pass one or more articles of impeachment of President Donald Trump, between July 24, 2025, and December 31, 2026, 11:59 PM ET. Otherwise, this market will resolve to ""No"".

Neither trial nor conviction by the US Senate, nor removal from office, is necessary to resolve this market to “Yes“.

The primary resolution source for this market will be information from the federal government of the United States, however a consensus of credible reporting will be used.",,,will-trump-be-impeached-by-december-31-2026,Will Trump be impeached by...?,1032424.364168,97561.19208,False,2027-01-01T04:59:00Z,"[""22094182676612877581056034720566110371610082057092726094559729674155018648896"", ""78473141615408645278260621827323903204731180016962666262959632385172645644801""]",https://polymarket.com/market/will-trump-be-impeached-by-december-31-2026,0x4c8ceef9b9c0a27b6b4efa7c398ece4a5eeda76502f722de398c232abefe2ede
568117,will-trump-resign-by-december-31-2026,"Will Trump resign by December 31, 2026?","Will Trump resign by December 31, 2026?","This market will resolve to ""Yes"" if President of the United States Donald Trump announces he has resigned or will resign the presidency by December 31, 2026, 11:59 PM ET. Otherwise, this market will resolve to ""No.""

If it becomes impossible for Donald Trump to resign or to announce his resignation (e.g., due to his removal from office by other means, etc.), this market will immediately resolve to ""No.""

For this market to resolve to ""Yes,"" it is only necessary that Trump announce that he has resigned or will resign. Whether he actually resigns will have no bearing on the resolution of this market.

The primary resolution source for this market will be official information from the US federal government; however, a consensus of credible reporting will also be used.",,,will-trump-resign-by-december-31-2026,"Will Trump resign by December 31, 2026?",541035.830239,46861.02719,False,2027-01-01T04:59:00Z,"[""82496570332984679554195177789706736795170417640692739176832196524671988217379"", ""74453252193148717007972627387565739933229360141591660605434616142548704822067""]",https://polymarket.com/market/will-trump-resign-by-december-31-2026,0x448f73e89890ae9d0e42ad0b592f63b53c0ae05d1ca3fa8d80b30027781f1be7
568695,will-sung-jae-im-win-the-2026-masters-tournament,Will Sung-Jae Im win the 2026 Masters tournament?,Will Sung-Jae Im win the 2026 Masters tournament?,"This polymarket will resolve according to the player who wins the 2026 Masters Tournament.

If this player is eliminated from contention for The Masters based on the official rules of the tournament, the relevant market will resolve to ""No"".

In the event of a tie, this market will resolve according to the official winner as determined by The Masters official tournament rules.

If no winner is announced by December 31, 2026, this market will resolve to ""Other"".

The primary resolution sources will be the official results published by the PGA TOUR website and The Masters website. A consensus of credible reporting may also be used.",,,the-masters-winner-2026,The Masters 2026: Winner ,156023.195246,363383.90327,False,2026-04-13T00:00:00Z,"[""40774280038971372724174457035121000748756395696333205645831548131363721049199"", ""94692526625152259727103083399620908042854782723119629694276733811586106020383""]",https://polymarket.com/market/will-sung-jae-im-win-the-2026-masters-tournament,0xd8bf9a22e052cc97b14047a48552f3bd0e2605654e4fe580f48fa65e98d8487f
573656,will-bitcoin-hit-150k-by-december-31-2026,"Will Bitcoin hit $150k by December 31, 2026?","Will Bitcoin hit $150k by December 31, 2026?","This market will immediately resolve to ""Yes"" if any Binance 1 minute candle for Bitcoin (BTC/USDT) has a final ""High"" price equal to or greater than the price specified in the title by 11:59PM ET on the date specified in the title. Otherwise, this market will resolve to ""No.""

The resolution source for this market is Binance, specifically the BTC/USDT ""High"" prices available at https://www.binance.com/en/trade/BTC_USDT, with the chart settings on ""1m"" for one-minute candles selected on the top bar.

Please note that the outcome of this market depends solely on the price data from the Binance BTC/USDT trading pair. Prices from other exchanges, different trading pairs, or spot markets will not be considered for the resolution of this market.",,,when-will-bitcoin-hit-150k,When will Bitcoin hit $150k?,2857716.219164001,70846.2386,False,2027-01-01T05:00:00Z,"[""93694900555669388759405753550770573998169287228984912881955464376232163096213"", ""55119388124180116303253993098894090042427725500010038140578121972388485050538""]",https://polymarket.com/market/will-bitcoin-hit-150k-by-december-31-2026,0x02deb9538f5c123373adaa4ee6217b01745f1662bc902e46ac92f3fe6f8741e8
593972,will-bernie-endorse-james-talarico-for-tx-sen-by-nov-2-2026-et,Will Bernie endorse James Talarico for TX-Sen by Nov 2 2026 ET?,Will Bernie endorse James Talarico for TX-Sen by Nov 2 2026 ET?,"This market will resolve according to the candidate Bernie Sanders announces that he will vote for or endorses for the listed election.

If Bernie Sanders does not announce an endorsement by the day before the scheduled election at 11:59 PM ET, this market will resolve to ""No"".

The resolution source for this market will be official information from Bernie Sanders or one of his representatives, or a consensus of credible reporting of Bernie Sanders' endorsement.",,,who-will-bernie-endorse,Who will Bernie endorse?,83457.83598199999,10679.2199,False,2026-11-03T00:00:00Z,"[""7096166888327966243811396544854606771946352128513885963401994819079689910004"", ""46602177860594371790368647304895927569955807454104515886440302763404709997663""]",https://polymarket.com/market/will-bernie-endorse-james-talarico-for-tx-sen-by-nov-2-2026-et,0x136a2773866c2d841b00652b7d99b026409c9a55db769c525ed450e04c653f23
593973,will-bernie-endorse-kshama-sawant-for-wa-09-by-nov-2-2026-et,Will Bernie endorse Kshama Sawant for WA-09 by Nov 2 2026 ET?,Will Bernie endorse Kshama Sawant for WA-09 by Nov 2 2026 ET?,"This market will resolve according to the candidate Bernie Sanders announces that he will vote for or endorses for the listed election.

If Bernie Sanders does not announce an endorsement by the day before the scheduled election at 11:59 PM ET, this market will resolve to ""No"".

The resolution source for this market will be official information from Bernie Sanders or one of his representatives, or a consensus of credible reporting of Bernie Sanders' endorsement.",,,who-will-bernie-endorse,Who will Bernie endorse?,18753.672564000004,11100.48209,False,2026-11-03T00:00:00Z,"[""82924591030419390649945107956366329459342453014204495918712243498287775914589"", ""71441578579527723840294651825922843760099816515895816768244443656762671705984""]",https://polymarket.com/market/will-bernie-endorse-kshama-sawant-for-wa-09-by-nov-2-2026-et,0xb44fe13de8e6e3f0e1232613dd9a79f0a898672a41d608a9cd57e340ba6e9185
593974,will-bernie-endorse-dan-osborn-for-ne-sen-by-nov-2-2026-et,Will Bernie endorse Dan Osborn for NE-Sen by Nov 2 2026 ET?,Will Bernie endorse Dan Osborn for NE-Sen by Nov 2 2026 ET?,"This market will resolve according to the candidate Bernie Sanders announces that he will vote for or endorses for the listed election.

If Bernie Sanders does not announce an endorsement by the day before the scheduled election at 11:59 PM ET, this market will resolve to ""No"".

The resolution source for this market will be official information from Bernie Sanders or one of his representatives, or a consensus of credible reporting of Bernie Sanders' endorsement.",,,who-will-bernie-endorse,Who will Bernie endorse?,28026.847113999997,115.96322,False,2026-11-03T00:00:00Z,"[""33970361138937631470073795943535268274491124306414028184433322285876577197264"", ""35550596867096521286165757446115907904445976556149099084145068631619558471580""]",https://polymarket.com/market/will-bernie-endorse-dan-osborn-for-ne-sen-by-nov-2-2026-et,0x472a52fcd256f343c5e0c8ecc6afd074b15a7b8c0c7a8397b6e30e30564b6734
593975,will-bernie-endorse-antonio-delgado-for-ny-gov-by-nov-2-2026-et,Will Bernie endorse Antonio Delgado for NY-Gov by Nov 2 2026 ET?,Will Bernie endorse Antonio Delgado for NY-Gov by Nov 2 2026 ET?,"This market will resolve according to the candidate Bernie Sanders announces that he will vote for or endorses for the listed election.

If Bernie Sanders does not announce an endorsement by the day before the scheduled election at 11:59 PM ET, this market will resolve to ""No"".

The resolution source for this market will be official information from Bernie Sanders or one of his representatives, or a consensus of credible reporting of Bernie Sanders' endorsement.",,,who-will-bernie-endorse,Who will Bernie endorse?,24842.899442000005,11820.33135,False,2026-11-03T00:00:00Z,"[""78994096084018614649961134380557835172033452849084058029827070275341232468538"", ""7991394167051968868909602741314717554176011521887291024708013271989359914446""]",https://polymarket.com/market/will-bernie-endorse-antonio-delgado-for-ny-gov-by-nov-2-2026-et,0xb8940fadd151f151bdd786a2ce3950ef1320aecc143e268aa6fb04173c9576b0
593977,will-bernie-endorse-alan-grayson-for-fl-sen-nov-2-2026-et,Will Bernie endorse Alan Grayson for FL-Sen Nov 2 2026 ET?,Will Bernie endorse Alan Grayson for FL-Sen Nov 2 2026 ET?,"This market will resolve according to the candidate Bernie Sanders announces that he will vote for or endorses for the listed election.

If Bernie Sanders does not announce an endorsement by the day before the scheduled election at 11:59 PM ET, this market will resolve to ""No"".

The resolution source for this market will be official information from Bernie Sanders or one of his representatives, or a consensus of credible reporting of Bernie Sanders' endorsement.",,,who-will-bernie-endorse,Who will Bernie endorse?,12949.903302000002,90.95834,False,2026-11-30T00:00:00Z,"[""16165180365166795101253476583424570293978512340466383667319830236646927210547"", ""112446903583649148167333279483828369419343731760320334360041568261153462186025""]",https://polymarket.com/market/will-bernie-endorse-alan-grayson-for-fl-sen-nov-2-2026-et,0xb98ae7869aec564d46d41d3a5aaf86177fe5726b2782d1e8addbf40bdfe6143b
593978,will-bernie-endorse-zach-wahls-for-ia-sen-nov-2-2026-et,Will Bernie endorse Zach Wahls for IA-Sen Nov 2 2026 ET?,Will Bernie endorse Zach Wahls for IA-Sen Nov 2 2026 ET?,"This market will resolve according to the candidate Bernie Sanders announces that he will vote for or endorses for the listed election.

If Bernie Sanders does not announce an endorsement by the day before the scheduled election at 11:59 PM ET, this market will resolve to ""No"".

The resolution source for this market will be official information from Bernie Sanders or one of his representatives, or a consensus of credible reporting of Bernie Sanders' endorsement.",,,who-will-bernie-endorse,Who will Bernie endorse?,16521.225607,10679.96841,False,2026-11-30T00:00:00Z,"[""107080387770503661967711176882937155612989847930086034775329452354985736188978"", ""77926450642005422206852511744605184574938173326553232191654522397724926169595""]",https://polymarket.com/market/will-bernie-endorse-zach-wahls-for-ia-sen-nov-2-2026-et,0x1428ebd0c6424f9a42928f2e10e4d851be0810d4eb556738b7dc8976356ac14b
593983,will-trump-endorse-john-cornyn-for-tx-sen-by-nov-2-2026-et,Will Trump endorse John Cornyn for TX-Sen by Nov 2 2026 ET?,Will Trump endorse John Cornyn for TX-Sen by Nov 2 2026 ET?,"This market will resolve based on whether Donald Trump announces that he will vote for or endorse the listed candidate in the election named in the title.

If Donald Trump does not announce an endorsement by the day before the scheduled election at 11:59 PM ET, this market will resolve to ""No"".

The resolution source for this market will be official information from Donald Trump or one of his representatives, or a consensus of credible reporting of Donald Trump's endorsement.",,,who-will-trump-endorse,Who will Trump endorse?,148215.02009700003,14414.77226,False,2026-11-04T00:00:00Z,"[""11046262311494533237971148351329185314005627894869626528589068956894902481233"", ""109174961673759237090251150164977878122667077529594097403713839280719428670272""]",https://polymarket.com/market/will-trump-endorse-john-cornyn-for-tx-sen-by-nov-2-2026-et,0x2aaffb7c88af0204f5095581dc72f82886f4e13902fe5c7727fac6ed48a25f11
601818,will-tarcisio-de-frietas-win-the-2026-brazilian-presidential-election,Will Tarcisio de Freitas win the 2026 Brazilian presidential election?,Will Tarcisio de Freitas win the 2026 Brazilian presidential election?,"A presidential election is scheduled to take place in Brazil on October 4, 2026.

This market will resolve according to the listed candidate that wins this election.

This market includes any potential second round. If the result of this election isn't known by June 30, 2027, 11:59 PM ET, the market will resolve to ""Other"".

This market will resolve based on the result of the election as indicated by a consensus of credible reporting. If there is ambiguity, this market will resolve based solely on the official results as reported by the Brazilian government, specifically the Superior Electoral Court (Tribunal Superior Eleitoral, TSE) (e.g., https://dadosabertos.tse.jus.br/).",,,brazil-presidential-election,Brazil Presidential Election,14096657.713295998,1463734.20831,False,2026-10-04T00:00:00Z,"[""52634616068523389389514492087655237014427439869589807217055529923225131895030"", ""106302272146511626715366732538958019243031587527887799373406690681902311718700""]",https://polymarket.com/market/will-tarcisio-de-frietas-win-the-2026-brazilian-presidential-election,0x81a537b379a35e4e17c286d3b37394e94bd74c1779bbe9a13670eb991b201a3a
601819,will-luiz-incio-lula-da-silva-win-the-2026-brazilian-presidential-election,Will Luiz Inácio Lula da Silva win the 2026 Brazilian presidential election?,Will Luiz Inácio Lula da Silva win the 2026 Brazilian presidential election?,"A presidential election is scheduled to take place in Brazil on October 4, 2026.

This market will resolve according to the listed candidate that wins this election.

This market includes any potential second round. If the result of this election isn't known by June 30, 2027, 11:59 PM ET, the market will resolve to ""Other"".

This market will resolve based on the result of the election as indicated by a consensus of credible reporting. If there is ambiguity, this market will resolve based solely on the official results as reported by the Brazilian government, specifically the Superior Electoral Court (Tribunal Superior Eleitoral, TSE) (e.g., https://dadosabertos.tse.jus.br/).",,,brazil-presidential-election,Brazil Presidential Election,12316083.883633995,422404.517,False,2026-10-04T00:00:00Z,"[""30630994248667897740988010928640156931882346081873066002335460180076741328029"", ""79191939610100241429039499950443680906623179487184628479206155805558220344190""]",https://polymarket.com/market/will-luiz-incio-lula-da-silva-win-the-2026-brazilian-presidential-election,0xdf8e2dc5860027decbe6164555c3c1c9645c3bd33e16b9dc57ca87125047d4a8
601820,will-jair-bolsonaro-win-the-2026-brazilian-presidential-election,Will Jair Bolsonaro win the 2026 Brazilian presidential election?,Will Jair Bolsonaro win the 2026 Brazilian presidential election?,"A presidential election is scheduled to take place in Brazil on October 4, 2026.

This market will resolve according to the listed candidate that wins this election.

This market includes any potential second round. If the result of this election isn't known by June 30, 2027, 11:59 PM ET, the market will resolve to ""Other"".

This market will resolve based on the result of the election as indicated by a consensus of credible reporting. If there is ambiguity, this market will resolve based solely on the official results as reported by the Brazilian government, specifically the Superior Electoral Court (Tribunal Superior Eleitoral, TSE) (e.g., https://dadosabertos.tse.jus.br/).",,,brazil-presidential-election,Brazil Presidential Election,7390685.038873998,397784.45488,False,2026-10-04T00:00:00Z,"[""66991175107696133528353695394151645462081911990365106169948013117379189357520"", ""106199154714545451005463800266480893448383896699905306895283360115694583822185""]",https://polymarket.com/market/will-jair-bolsonaro-win-the-2026-brazilian-presidential-election,0x63d8f3a34c90bd5342dda8acf62b6a898dfa52f86475efaf180b66493ef6af80
601821,will-fernando-haddad-win-the-2026-brazilian-presidential-election,Will Fernando Haddad win the 2026 Brazilian presidential election?,Will Fernando Haddad win the 2026 Brazilian presidential election?,"A presidential election is scheduled to take place in Brazil on October 4, 2026.

This market will resolve according to the listed candidate that wins this election.

This market includes any potential second round. If the result of this election isn't known by June 30, 2027, 11:59 PM ET, the market will resolve to ""Other"".

This market will resolve based on the result of the election as indicated by a consensus of credible reporting. If there is ambiguity, this market will resolve based solely on the official results as reported by the Brazilian government, specifically the Superior Electoral Court (Tribunal Superior Eleitoral, TSE) (e.g., https://dadosabertos.tse.jus.br/).",,,brazil-presidential-election,Brazil Presidential Election,7550955.801963,683245.54181,False,2026-10-04T23:59:00Z,"[""34763699632057764824138626876692302096202604335992573366008355204521657293675"", ""44100414831057444580239592647354703752415482100034079696797886870617637485145""]",https://polymarket.com/market/will-fernando-haddad-win-the-2026-brazilian-presidential-election,0xdd3d104667774208eae2239f576122ecdd1c04ba81cc14d26d22a36b33887977
601822,will-michelle-bolsonaro-win-the-2026-brazilian-presidential-election,Will Michelle Bolsonaro win the 2026 Brazilian presidential election?,Will Michelle Bolsonaro win the 2026 Brazilian presidential election?,"A presidential election is scheduled to take place in Brazil on October 4, 2026.

This market will resolve according to the listed candidate that wins this election.

This market includes any potential second round. If the result of this election isn't known by June 30, 2027, 11:59 PM ET, the market will resolve to ""Other"".

This market will resolve based on the result of the election as indicated by a consensus of credible reporting. If there is ambiguity, this market will resolve based solely on the official results as reported by the Brazilian government, specifically the Superior Electoral Court (Tribunal Superior Eleitoral, TSE) (e.g., https://dadosabertos.tse.jus.br/).",,,brazil-presidential-election,Brazil Presidential Election,10378832.642318001,1404545.45219,False,2026-10-04T00:00:00Z,"[""91154058715822908897619103072380844452822017332608583147987152526225529443892"", ""16879668974983992641795221456967869661599530861479349066809692639705609051027""]",https://polymarket.com/market/will-michelle-bolsonaro-win-the-2026-brazilian-presidential-election,0x37ec4c6b57a18b16eed1241f6155ee7ff45bc1697d7848f15ac33d406e38ed00
601823,will-eduardo-bolsonaro-win-the-2026-brazilian-presidential-election,Will Eduardo Bolsonaro win the 2026 Brazilian presidential election?,Will Eduardo Bolsonaro win the 2026 Brazilian presidential election?,"A presidential election is scheduled to take place in Brazil on October 4, 2026.

This market will resolve according to the listed candidate that wins this election.

This market includes any potential second round. If the result of this election isn't known by June 30, 2027, 11:59 PM ET, the market will resolve to ""Other"".

This market will resolve based on the result of the election as indicated by a consensus of credible reporting. If there is ambiguity, this market will resolve based solely on the official results as reported by the Brazilian government, specifically the Superior Electoral Court (Tribunal Superior Eleitoral, TSE) (e.g., https://dadosabertos.tse.jus.br/).",,,brazil-presidential-election,Brazil Presidential Election,10457703.735772004,2174890.26477,False,2026-10-04T23:59:00Z,"[""68827474128979817444758177181483142354604256745613325980470518365059439724226"", ""74201542293075536162258436779948914914665324387949186755842303569200449516790""]",https://polymarket.com/market/will-eduardo-bolsonaro-win-the-2026-brazilian-presidential-election,0xe1d5733322fd2215f136412f419d9ff805d097f78c68de3261515ff736895f2b
601824,will-carlos-roberto-massa-jnior-win-the-2026-brazilian-presidential-election,Will Carlos Roberto Massa Júnior win the 2026 Brazilian presidential election?,Will Carlos Roberto Massa Júnior win the 2026 Brazilian presidential election?,"A presidential election is scheduled to take place in Brazil on October 4, 2026.

This market will resolve according to the listed candidate that wins this election.

This market includes any potential second round. If the result of this election isn't known by June 30, 2027, 11:59 PM ET, the market will resolve to ""Other"".

This market will resolve based on the result of the election as indicated by a consensus of credible reporting. If there is ambiguity, this market will resolve based solely on the official results as reported by the Brazilian government, specifically the Superior Electoral Court (Tribunal Superior Eleitoral, TSE) (e.g., https://dadosabertos.tse.jus.br/).",,,brazil-presidential-election,Brazil Presidential Election,10465753.546619,2403238.58685,False,2026-10-04T23:59:00Z,"[""7424753944577407627798342086224300332261118341771286172561357635231967087849"", ""59719566460284176747563170948594542001910357576928243006415040827066185298735""]",https://polymarket.com/market/will-carlos-roberto-massa-jnior-win-the-2026-brazilian-presidential-election,0xa59bb6bb91e5c1e4d533864520fbd3bb75d6d0ebb813b4cd8a8b88479bfa8966
601825,will-renan-santos-win-the-2026-brazilian-presidential-election,Will Renan Santos win the 2026 Brazilian presidential election?,Will Renan Santos win the 2026 Brazilian presidential election?,"A presidential election is scheduled to take place in Brazil on October 4, 2026.

This market will resolve according to the listed candidate that wins this election.

This market includes any potential second round. If the result of this election isn't known by June 30, 2027, 11:59 PM ET, the market will resolve to ""Other"".

This market will resolve based on the result of the election as indicated by a consensus of credible reporting. If there is ambiguity, this market will resolve based solely on the official results as reported by the Brazilian government, specifically the Superior Electoral Court (Tribunal Superior Eleitoral, TSE) (e.g., https://dadosabertos.tse.jus.br/).",,,brazil-presidential-election,Brazil Presidential Election,14478918.665265001,550327.40187,False,2026-10-04T23:59:00Z,"[""93998891488819623915454849994768171534113749478841216025646247933473925258016"", ""7565921021555775006041943394390068423142281108752994121417017072842379450830""]",https://polymarket.com/market/will-renan-santos-win-the-2026-brazilian-presidential-election,0x05297f854d3b757d5e51a1a29c7f225a80b14b2a161d6b7f9a61677da7a80ced
601826,will-flvio-bolsonaro-win-the-2026-brazilian-presidential-election,Will Flávio Bolsonaro win the 2026 Brazilian presidential election?,Will Flávio Bolsonaro win the 2026 Brazilian presidential election?,"A presidential election is scheduled to take place in Brazil on October 4, 2026.

This market will resolve according to the listed candidate that wins this election.

This market includes any potential second round. If the result of this election isn't known by June 30, 2027, 11:59 PM ET, the market will resolve to ""Other"".

This market will resolve based on the result of the election as indicated by a consensus of credible reporting. If there is ambiguity, this market will resolve based solely on the official results as reported by the Brazilian government, specifically the Superior Electoral Court (Tribunal Superior Eleitoral, TSE) (e.g., https://dadosabertos.tse.jus.br/).",,,brazil-presidential-election,Brazil Presidential Election,11907369.126628002,487917.31557,False,2026-10-04T00:00:00Z,"[""109876868437950584369987384406356259939519193117253465815665152916226511121427"", ""38310927461258927563020508025396887688249787380193911540547071417200646834355""]",https://polymarket.com/market/will-flvio-bolsonaro-win-the-2026-brazilian-presidential-election,0x1a01bf78f56a507fcb666d564d8c8b91b0750679163ed6e96746102c9b7d285d
601827,will-ronaldo-caiado-win-the-2026-brazilian-presidential-election,Will Ronaldo Caiado win the 2026 Brazilian presidential election?,Will Ronaldo Caiado win the 2026 Brazilian presidential election?,"A presidential election is scheduled to take place in Brazil on October 4, 2026.

This market will resolve according to the listed candidate that wins this election.

This market includes any potential second round. If the result of this election isn't known by June 30, 2027, 11:59 PM ET, the market will resolve to ""Other"".

This market will resolve based on the result of the election as indicated by a consensus of credible reporting. If there is ambiguity, this market will resolve based solely on the official results as reported by the Brazilian government, specifically the Superior Electoral Court (Tribunal Superior Eleitoral, TSE) (e.g., https://dadosabertos.tse.jus.br/).",,,brazil-presidential-election,Brazil Presidential Election,7737921.188362001,1186432.32312,False,2026-10-04T23:59:00Z,"[""36262307788727352725358528951052957737657822670589615830114396216160368496388"", ""46647902352070183258066763519254338558701019805822306126128459427684955493048""]",https://polymarket.com/market/will-ronaldo-caiado-win-the-2026-brazilian-presidential-election,0xbca3d70ec52a5a441ccc365a3b1b48b9cd0f08dfff4bc5871e2cd92d0d92caa1
601828,will-romeu-zema-win-the-2026-brazilian-presidential-election,Will Romeu Zema win the 2026 Brazilian presidential election?,Will Romeu Zema win the 2026 Brazilian presidential election?,"A presidential election is scheduled to take place in Brazil on October 4, 2026.

This market will resolve according to the listed candidate that wins this election.

This market includes any potential second round. If the result of this election isn't known by June 30, 2027, 11:59 PM ET, the market will resolve to ""Other"".

This market will resolve based on the result of the election as indicated by a consensus of credible reporting. If there is ambiguity, this market will resolve based solely on the official results as reported by the Brazilian government, specifically the Superior Electoral Court (Tribunal Superior Eleitoral, TSE) (e.g., https://dadosabertos.tse.jus.br/).",,,brazil-presidential-election,Brazil Presidential Election,7706002.571736001,590675.65099,False,2026-10-04T23:59:00Z,"[""44340846524235712899508083510503343345123518718867913608211694999290628967401"", ""38633448065261608755072088507033278254893488240734399014852176650195563610767""]",https://polymarket.com/market/will-romeu-zema-win-the-2026-brazilian-presidential-election,0x054725b2a7971376f7924a7021221b12acc50fe78d97817824fe411704d5b5a2
601829,will-camilo-santana-win-the-2026-brazilian-presidential-election,Will Camilo Santana win the 2026 Brazilian presidential election?,Will Camilo Santana win the 2026 Brazilian presidential election?,"A presidential election is scheduled to take place in Brazil on October 4, 2026.

This market will resolve according to the listed candidate that wins this election.

This market includes any potential second round. If the result of this election isn't known by June 30, 2027, 11:59 PM ET, the market will resolve to ""Other"".

This market will resolve based on the result of the election as indicated by a consensus of credible reporting. If there is ambiguity, this market will resolve based solely on the official results as reported by the Brazilian government, specifically the Superior Electoral Court (Tribunal Superior Eleitoral, TSE) (e.g., https://dadosabertos.tse.jus.br/).",,,brazil-presidential-election,Brazil Presidential Election,5596133.009656999,722196.60424,False,2026-10-04T23:59:00Z,"[""40200361970099951836914907993971598083846841136374094155950298822866778978473"", ""19426561498944480100112574303715252854511498242084732425528134709477022078274""]",https://polymarket.com/market/will-camilo-santana-win-the-2026-brazilian-presidential-election,0x101d084cd035070abde58d8a3113b78e11ba68028b0d9e7e38ea7d780797aecc
601830,will-geraldo-alckmin-win-the-2026-brazilian-presidential-election,Will Geraldo Alckmin win the 2026 Brazilian presidential election?,Will Geraldo Alckmin win the 2026 Brazilian presidential election?,"A presidential election is scheduled to take place in Brazil on October 4, 2026.

This market will resolve according to the listed candidate that wins this election.

This market includes any potential second round. If the result of this election isn't known by June 30, 2027, 11:59 PM ET, the market will resolve to ""Other"".

This market will resolve based on the result of the election as indicated by a consensus of credible reporting. If there is ambiguity, this market will resolve based solely on the official results as reported by the Brazilian government, specifically the Superior Electoral Court (Tribunal Superior Eleitoral, TSE) (e.g., https://dadosabertos.tse.jus.br/).",,,brazil-presidential-election,Brazil Presidential Election,6849929.059682,273005.81593,False,2026-10-04T00:00:00Z,"[""70059117674007036240163073645113489994895807359788046023215512784288966325609"", ""36365720386664227244786004973842669393494622748773462921946756661027332562108""]",https://polymarket.com/market/will-geraldo-alckmin-win-the-2026-brazilian-presidential-election,0xd0536d9612e041312235baceac52bde48821e8aad4607533513b3782904b7d49
601831,will-eduardo-leite-win-the-2026-brazilian-presidential-election,Will Eduardo Leite win the 2026 Brazilian presidential election?,Will Eduardo Leite win the 2026 Brazilian presidential election?,"A presidential election is scheduled to take place in Brazil on October 4, 2026.

This market will resolve according to the listed candidate that wins this election.

This market includes any potential second round. If the result of this election isn't known by June 30, 2027, 11:59 PM ET, the market will resolve to ""Other"".

This market will resolve based on the result of the election as indicated by a consensus of credible reporting. If there is ambiguity, this market will resolve based solely on the official results as reported by the Brazilian government, specifically the Superior Electoral Court (Tribunal Superior Eleitoral, TSE) (e.g., https://dadosabertos.tse.jus.br/).",,,brazil-presidential-election,Brazil Presidential Election,8012906.969926997,2514735.67016,False,2026-10-04T23:59:00Z,"[""114877796464914647568230859616993131921615428032065380781940199946418906101564"", ""9697405538019508678756776747825282312074484504476125199957573316007230038461""]",https://polymarket.com/market/will-eduardo-leite-win-the-2026-brazilian-presidential-election,0x70f1a7d2cd490b640676d5e31470bcbe16fef40087de1af8b6f6e44e299b5784
601832,will-aldo-rebelo-win-the-2026-brazilian-presidential-election,Will Aldo Rebelo win the 2026 Brazilian presidential election?,Will Aldo Rebelo win the 2026 Brazilian presidential election?,"A presidential election is scheduled to take place in Brazil on October 4, 2026.

This market will resolve according to the listed candidate that wins this election.

This market includes any potential second round. If the result of this election isn't known by June 30, 2027, 11:59 PM ET, the market will resolve to ""Other"".

This market will resolve based on the result of the election as indicated by a consensus of credible reporting. If there is ambiguity, this market will resolve based solely on the official results as reported by the Brazilian government, specifically the Superior Electoral Court (Tribunal Superior Eleitoral, TSE) (e.g., https://dadosabertos.tse.jus.br/).",,,brazil-presidential-election,Brazil Presidential Election,4966832.294043001,2424304.41831,False,2026-10-04T23:59:00Z,"[""18874063891853426715155938679650704186206312307574669405399400920527965569290"", ""95597933525611824079013318290908306632452395554424249697047125393686147365868""]",https://polymarket.com/market/will-aldo-rebelo-win-the-2026-brazilian-presidential-election,0xafd3f96b7b6084509e625270538ff0699003fafc042263c1216e7f084cef753a
601833,will-tereza-cristina-win-the-2026-brazilian-presidential-election,Will Tereza Cristina win the 2026 Brazilian presidential election?,Will Tereza Cristina win the 2026 Brazilian presidential election?,"A presidential election is scheduled to take place in Brazil on October 4, 2026.

This market will resolve according to the listed candidate that wins this election.

This market includes any potential second round. If the result of this election isn't known by June 30, 2027, 11:59 PM ET, the market will resolve to ""Other"".

This market will resolve based on the result of the election as indicated by a consensus of credible reporting. If there is ambiguity, this market will resolve based solely on the official results as reported by the Brazilian government, specifically the Superior Electoral Court (Tribunal Superior Eleitoral, TSE) (e.g., https://dadosabertos.tse.jus.br/).",,,brazil-presidential-election,Brazil Presidential Election,4041580.666596,1415211.45567,False,2026-10-04T23:59:00Z,"[""111901744542692526827481385722975834672043376661227579870355575009066606657994"", ""64982418802960410634417234400461483693795282592809889685102027864089780598249""]",https://polymarket.com/market/will-tereza-cristina-win-the-2026-brazilian-presidential-election,0xae7dd99bf126b033b77af2553a98b97e1190fd7bdddd5a792ca2791ae23e4d13
601834,will-helder-barbalho-win-the-2026-brazilian-presidential-election,Will Helder Barbalho win the 2026 Brazilian presidential election?,Will Helder Barbalho win the 2026 Brazilian presidential election?,"A presidential election is scheduled to take place in Brazil on October 4, 2026.

This market will resolve according to the listed candidate that wins this election.

This market includes any potential second round. If the result of this election isn't known by June 30, 2027, 11:59 PM ET, the market will resolve to ""Other"".

This market will resolve based on the result of the election as indicated by a consensus of credible reporting. If there is ambiguity, this market will resolve based solely on the official results as reported by the Brazilian government, specifically the Superior Electoral Court (Tribunal Superior Eleitoral, TSE) (e.g., https://dadosabertos.tse.jus.br/).",,,brazil-presidential-election,Brazil Presidential Election,2422918.4968820014,1305298.90332,False,2026-10-04T23:59:00Z,"[""49821018408733695378907631766783388197384982451576409356148180829521508621967"", ""72714416442822965658619792482622498214965370742798513442488186246322155432807""]",https://polymarket.com/market/will-helder-barbalho-win-the-2026-brazilian-presidential-election,0x919c9bc428d2d19400437852066582b11bb7b00ad78529a0069cde76766b9faf
601835,will-pablo-marcal-win-the-2026-brazilian-presidential-election,Will Pablo Marçal win the 2026 Brazilian presidential election?,Will Pablo Marçal win the 2026 Brazilian presidential election?,"A presidential election is scheduled to take place in Brazil on October 4, 2026.

This market will resolve according to the listed candidate that wins this election.

This market includes any potential second round. If the result of this election isn't known by June 30, 2027, 11:59 PM ET, the market will resolve to ""Other"".

This market will resolve based on the result of the election as indicated by a consensus of credible reporting. If there is ambiguity, this market will resolve based solely on the official results as reported by the Brazilian government, specifically the Superior Electoral Court (Tribunal Superior Eleitoral, TSE) (e.g., https://dadosabertos.tse.jus.br/).",,,brazil-presidential-election,Brazil Presidential Election,3979952.2622280004,594403.61777,False,2026-10-04T23:59:00Z,"[""72572221736897634802851345220625440437573759789073371714710674805950653460290"", ""9672782168124372602794464518660472014151020436078017456931499053959813127872""]",https://polymarket.com/market/will-pablo-marcal-win-the-2026-brazilian-presidential-election,0xe7567eb9c84e1f859a7e18f1042c724dbf57c3cc0459b312bee22156a57e60ea
601836,will-augusto-cury-win-the-2026-brazilian-presidential-election,Will Augusto Cury win the 2026 Brazilian presidential election?,Will Augusto Cury win the 2026 Brazilian presidential election?,"A presidential election is scheduled to take place in Brazil on October 4, 2026.

This market will resolve according to the listed candidate that wins this election.

This market includes any potential second round. If the result of this election isn't known by June 30, 2027, 11:59 PM ET, the market will resolve to ""Other"".

This market will resolve based on the result of the election as indicated by a consensus of credible reporting. If there is ambiguity, this market will resolve based solely on the official results as reported by the Brazilian government, specifically the Superior Electoral Court (Tribunal Superior Eleitoral, TSE) (e.g., https://dadosabertos.tse.jus.br/).",,,brazil-presidential-election,Brazil Presidential Election,5020801.969753006,473349.63221,False,2026-10-04T23:59:00Z,"[""61078489744701316174218443335134825688547680779921710765642429680039972907213"", ""55702511089357054967370685294383563985787421290055635794639010983168945589146""]",https://polymarket.com/market/will-augusto-cury-win-the-2026-brazilian-presidential-election,0x536b507838dcdac8966510d84abb8f1c51362d632ab2023b94e810ba6fdf5cb7
601920,will-any-presidential-candidate-win-outright-in-the-first-round-of-the-brazil-election,Will any presidential candidate win outright in the first round of the Brazil election?,Will any presidential candidate win outright in the first round of the Brazil election?,"Presidential elections are scheduled to be held in Brazil on October 4, 2026. A second round will be held if no candidate secures more than 50% of the valid votes in the first round.

This market will resolve to ""Yes"" if any candidate wins this election in the first round. Otherwise, this market will resolve to ""No"".

If the result of the first round of this election isn't known by June 30, 2027, 11:59 PM ET, the market will resolve to ""No"".

This market will resolve based on the result of the election as indicated by a consensus of credible reporting. If there is ambiguity, this market will resolve based solely on the official results as reported by the Brazilian government, specifically the Superior Electoral Court (Tribunal Superior Eleitoral, TSE) (e.g., https://dadosabertos.tse.jus.br/).",,,will-any-presidential-candidate-win-outright-in-the-first-round-of-the-brazil-election,Will any presidential candidate win outright in the first round of the Brazil election?,332952.438227,62457.04872,False,2027-07-01T03:59:00Z,"[""29464249359795764732112771440808805030560641430581197204785405866716242261762"", ""45822599979868501396582860994506290061594012396386219725082308923565779306211""]",https://polymarket.com/market/will-any-presidential-candidate-win-outright-in-the-first-round-of-the-brazil-election,0x087469b4129c64c688397028059dfd366796adbd426e0079ee4cfdd2e4a07b61
601921,will-tarcisio-de-frietas-qualify-for-brazils-presidential-runoff,Will Tarcisio de Frietas qualify for Brazil's presidential runoff?,Will Tarcisio de Frietas qualify for Brazil's presidential runoff?,"General elections are scheduled to take place in Brazil on October 4, 2026. If no candidate wins outright in the first round, the top two candidates proceed to a runoff.

This market will resolve to ""Yes"" if the listed candidate advances to Brazil's presidential runoff election or otherwise wins outright in the first round. Otherwise, this market will resolve to ""No"".

If the president is decided in the first round of the election but the listed candidate is not the winner or the result of this election isn't known definitively by June 30, 2027, 11:59 PM ET, the market will resolve to ""No"".

This market will resolve based on the result of the election as indicated by a consensus of credible reporting. If there is ambiguity, this market will resolve based solely on the official results as reported by the Brazilian government, specifically the Superior Electoral Court (Tribunal Superior Eleitoral, TSE) (e.g., https://dadosabertos.tse.jus.br/).",,,which-candidates-will-advance-to-brazils-presidential-runoff,Which candidates will advance to Brazil's presidential runoff?,86659.47535200001,42804.18321,False,2027-07-01T03:59:00Z,"[""46016408901619903295207375832539898750164493226855442884509133805980187874445"", ""104364047276779956150815000750759444324012427302824233404469499322904769447374""]",https://polymarket.com/market/will-tarcisio-de-frietas-qualify-for-brazils-presidential-runoff,0xd7391798f941b8fe16773f96397ef3f91a2fc36939bdd50a78776dbf93ddd280
601922,will-luiz-incio-lula-da-silva-qualify-for-brazils-presidential-runoff,Will Luiz Inácio Lula da Silva qualify for Brazil's presidential runoff?,Will Luiz Inácio Lula da Silva qualify for Brazil's presidential runoff?,"General elections are scheduled to take place in Brazil on October 4, 2026. If no candidate wins outright in the first round, the top two candidates proceed to a runoff.

This market will resolve to ""Yes"" if the listed candidate advances to Brazil's presidential runoff election or otherwise wins outright in the first round. Otherwise, this market will resolve to ""No"".

If the president is decided in the first round of the election but the listed candidate is not the winner or the result of this election isn't known definitively by June 30, 2027, 11:59 PM ET, the market will resolve to ""No"".

This market will resolve based on the result of the election as indicated by a consensus of credible reporting. If there is ambiguity, this market will resolve based solely on the official results as reported by the Brazilian government, specifically the Superior Electoral Court (Tribunal Superior Eleitoral, TSE) (e.g., https://dadosabertos.tse.jus.br/).",,,which-candidates-will-advance-to-brazils-presidential-runoff,Which candidates will advance to Brazil's presidential runoff?,356504.14471599995,54264.77041,False,2027-07-01T03:59:00Z,"[""89033597404049535329336367676897002196779443515433514040396661411543836790585"", ""111699204507563543490907649828278526762321026750976872427871357593788391327392""]",https://polymarket.com/market/will-luiz-incio-lula-da-silva-qualify-for-brazils-presidential-runoff,0x7b22caeed454d3c7dbd07b83d8255c74e1482c4f958b4ba4dd0c27b864cd47a2
601923,will-jair-bolsonaro-qualify-for-brazils-presidential-runoff,Will Jair Bolsonaro qualify for Brazil's presidential runoff?,Will Jair Bolsonaro qualify for Brazil's presidential runoff?,"General elections are scheduled to take place in Brazil on October 4, 2026. If no candidate wins outright in the first round, the top two candidates proceed to a runoff.

This market will resolve to ""Yes"" if the listed candidate advances to Brazil's presidential runoff election or otherwise wins outright in the first round. Otherwise, this market will resolve to ""No"".

If the president is decided in the first round of the election but the listed candidate is not the winner or the result of this election isn't known definitively by June 30, 2027, 11:59 PM ET, the market will resolve to ""No"".

This market will resolve based on the result of the election as indicated by a consensus of credible reporting. If there is ambiguity, this market will resolve based solely on the official results as reported by the Brazilian government, specifically the Superior Electoral Court (Tribunal Superior Eleitoral, TSE) (e.g., https://dadosabertos.tse.jus.br/).",,,which-candidates-will-advance-to-brazils-presidential-runoff,Which candidates will advance to Brazil's presidential runoff?,18139.430158000003,25323.59513,False,2027-07-01T03:59:00Z,"[""101134393049836906975947597080054507181574464067370130043922902048539166993235"", ""36735483826570976187620023335662873012869089000041058674757539485254698650842""]",https://polymarket.com/market/will-jair-bolsonaro-qualify-for-brazils-presidential-runoff,0x385cddb4dd6eeb4e09394901122f5ca461c5d07fe83fe3f4349ea5a877c3e6cc
601924,will-fernando-haddad-qualify-for-brazils-presidential-runoff,Will Fernando Haddad qualify for Brazil's presidential runoff?,Will Fernando Haddad qualify for Brazil's presidential runoff?,"General elections are scheduled to take place in Brazil on October 4, 2026. If no candidate wins outright in the first round, the top two candidates proceed to a runoff.

This market will resolve to ""Yes"" if the listed candidate advances to Brazil's presidential runoff election or otherwise wins outright in the first round. Otherwise, this market will resolve to ""No"".

If the president is decided in the first round of the election but the listed candidate is not the winner or the result of this election isn't known definitively by June 30, 2027, 11:59 PM ET, the market will resolve to ""No"".

This market will resolve based on the result of the election as indicated by a consensus of credible reporting. If there is ambiguity, this market will resolve based solely on the official results as reported by the Brazilian government, specifically the Superior Electoral Court (Tribunal Superior Eleitoral, TSE) (e.g., https://dadosabertos.tse.jus.br/).",,,which-candidates-will-advance-to-brazils-presidential-runoff,Which candidates will advance to Brazil's presidential runoff?,66027.83247499999,15082.64014,False,2027-07-01T03:59:00Z,"[""94836043839323722879469870987760750290024098891115577626325361529691242606761"", ""25389055899102172935354466055454965931540722370421306725201557275070263171""]",https://polymarket.com/market/will-fernando-haddad-qualify-for-brazils-presidential-runoff,0x42c969b601530ece32eef646b8cbd91ac66e68bdad1fd2ba426f69a2ee2c7548
601925,will-michelle-bolsonaro-qualify-for-brazils-presidential-runoff,Will Michelle Bolsonaro qualify for Brazil's presidential runoff?,Will Michelle Bolsonaro qualify for Brazil's presidential runoff?,"General elections are scheduled to take place in Brazil on October 4, 2026. If no candidate wins outright in the first round, the top two candidates proceed to a runoff.

This market will resolve to ""Yes"" if the listed candidate advances to Brazil's presidential runoff election or otherwise wins outright in the first round. Otherwise, this market will resolve to ""No"".

If the president is decided in the first round of the election but the listed candidate is not the winner or the result of this election isn't known definitively by June 30, 2027, 11:59 PM ET, the market will resolve to ""No"".

This market will resolve based on the result of the election as indicated by a consensus of credible reporting. If there is ambiguity, this market will resolve based solely on the official results as reported by the Brazilian government, specifically the Superior Electoral Court (Tribunal Superior Eleitoral, TSE) (e.g., https://dadosabertos.tse.jus.br/).",,,which-candidates-will-advance-to-brazils-presidential-runoff,Which candidates will advance to Brazil's presidential runoff?,37891.337361000005,41881.65086,False,2027-07-01T03:59:00Z,"[""49058413537469145808340126520652205803369994566298859701509185048060495231532"", ""64140630690092928466941220518204962244509277709814669075463957847277715979794""]",https://polymarket.com/market/will-michelle-bolsonaro-qualify-for-brazils-presidential-runoff,0x003e6ffdf25f45a8d5679831551658e1b54094187f552fc6ef4b26bca404c971
608362,will-openais-market-cap-be-less-than-500b-at-market-close-on-ipo-day,Will OpenAI’s market cap be less than $500B at market close on IPO day?,Will OpenAI’s market cap be less than $500B at market close on IPO day?,"This market will resolve based on OpenAI's market capitalization at the closing price on its first day of trading.

If no IPO occurs by December 31, 2026, 11:59 PM ET, the market will resolve to ""No IPO by December 31, 2026"".

Market capitalization expresses the monetary value of a company’s outstanding shares, stated in its pricing currency. It is calculated as the number of shares outstanding multiplied by the closing share price on the first trading day.

If the relevant value falls exactly between two brackets, then this market will resolve to the higher range bracket.

Resolution will be based on the primary exchange’s official listing page. In the event that the relevant figure is not displayed, another reliable source will be used.

In the event of an interruption in the course of the normal trading session on OpenAI’s first day of trading (e.g., a circuit breaker or half-day), the market will resolve according to the official closing price of the abbreviated session. If no such official closing price is published, the market will resolve according to the next trading day on which an official closing price is published, treating that as the first day of trading for purposes of this market.",,,openai-ipo-closing-market-cap,OpenAI IPO Closing Market Cap,316904.36912299995,8863.92448,False,2027-01-01T04:59:00Z,"[""6122912536415539457721068960901205060237919057489564846781206253065694717085"", ""48451126471681390564675828610810240762308720916091458567360242927144088567337""]",https://polymarket.com/market/will-openais-market-cap-be-less-than-500b-at-market-close-on-ipo-day,0x08b39100a4d3d6ad1099e076fb69f781313c5b16975adf189d63542bd1ecca04
608363,will-openais-market-cap-be-between-500b-and-750b-at-market-close-on-ipo-day,Will OpenAI’s market cap be between $500B and $750B at market close on IPO day?,Will OpenAI’s market cap be between $500B and $750B at market close on IPO day?,"This market will resolve based on OpenAI's market capitalization at the closing price on its first day of trading.

If no IPO occurs by December 31, 2026, 11:59 PM ET, the market will resolve to ""No IPO by December 31, 2026"".

Market capitalization expresses the monetary value of a company’s outstanding shares, stated in its pricing currency. It is calculated as the number of shares outstanding multiplied by the closing share price on the first trading day.

If the relevant value falls exactly between two brackets, then this market will resolve to the higher range bracket.

Resolution will be based on the primary exchange’s official listing page. In the event that the relevant figure is not displayed, another reliable source will be used.

In the event of an interruption in the course of the normal trading session on OpenAI’s first day of trading (e.g., a circuit breaker or half-day), the market will resolve according to the official closing price of the abbreviated session. If no such official closing price is published, the market will resolve according to the next trading day on which an official closing price is published, treating that as the first day of trading for purposes of this market.",,,openai-ipo-closing-market-cap,OpenAI IPO Closing Market Cap,173709.91462199998,12492.74671,False,2027-01-01T04:59:00Z,"[""36088399593046466421453063228085042771351246231742717370399696243183381174466"", ""11947171408899503371980811142475369274013053223377767646204433492871687017998""]",https://polymarket.com/market/will-openais-market-cap-be-between-500b-and-750b-at-market-close-on-ipo-day,0x3f9f68feccc892303834833665bf204632438b028254fc2d5bceea757ff61ed3
608364,will-openais-market-cap-be-between-750b-and-1t-at-market-close-on-ipo-day,Will OpenAI’s market cap be between $750B and $1T at market close on IPO day?,Will OpenAI’s market cap be between $750B and $1T at market close on IPO day?,"This market will resolve based on OpenAI's market capitalization at the closing price on its first day of trading.

If no IPO occurs by December 31, 2026, 11:59 PM ET, the market will resolve to ""No IPO by December 31, 2026"".

Market capitalization expresses the monetary value of a company’s outstanding shares, stated in its pricing currency. It is calculated as the number of shares outstanding multiplied by the closing share price on the first trading day.

If the relevant value falls exactly between two brackets, then this market will resolve to the higher range bracket.

Resolution will be based on the primary exchange’s official listing page. In the event that the relevant figure is not displayed, another reliable source will be used.

In the event of an interruption in the course of the normal trading session on OpenAI’s first day of trading (e.g., a circuit breaker or half-day), the market will resolve according to the official closing price of the abbreviated session. If no such official closing price is published, the market will resolve according to the next trading day on which an official closing price is published, treating that as the first day of trading for purposes of this market.",,,openai-ipo-closing-market-cap,OpenAI IPO Closing Market Cap,186525.86570200004,12890.68705,False,2027-01-01T04:59:00Z,"[""86904220753614324927759730619985568200215013704321476651673438801320577270597"", ""74987521271361072746264224488245891269775371028979674431826416209897741154003""]",https://polymarket.com/market/will-openais-market-cap-be-between-750b-and-1t-at-market-close-on-ipo-day,0xb77424a53b7480164118374fb5e97b859bd12b696b1aea55d383ce798c060cf4
608365,will-openais-market-cap-be-between-1t-and-1pt25t-at-market-close-on-ipo-day,Will OpenAI’s market cap be between $1T and $1.25T at market close on IPO day?,Will OpenAI’s market cap be between $1T and $1.25T at market close on IPO day?,"This market will resolve based on OpenAI's market capitalization at the closing price on its first day of trading.

If no IPO occurs by December 31, 2026, 11:59 PM ET, the market will resolve to ""No IPO by December 31, 2026"".

Market capitalization expresses the monetary value of a company’s outstanding shares, stated in its pricing currency. It is calculated as the number of shares outstanding multiplied by the closing share price on the first trading day.

If the relevant value falls exactly between two brackets, then this market will resolve to the higher range bracket.

Resolution will be based on the primary exchange’s official listing page. In the event that the relevant figure is not displayed, another reliable source will be used.

In the event of an interruption in the course of the normal trading session on OpenAI’s first day of trading (e.g., a circuit breaker or half-day), the market will resolve according to the official closing price of the abbreviated session. If no such official closing price is published, the market will resolve according to the next trading day on which an official closing price is published, treating that as the first day of trading for purposes of this market.",,,openai-ipo-closing-market-cap,OpenAI IPO Closing Market Cap,226527.93151,12145.80587,False,2027-01-01T04:59:00Z,"[""88770632741686298370270294037614812817595949782311984579833554458717957886356"", ""18399565751068676179945656979762090460558422925963909399757895217338947077684""]",https://polymarket.com/market/will-openais-market-cap-be-between-1t-and-1pt25t-at-market-close-on-ipo-day,0x602a7a6c7d65b55932e6cf8b6904cb7acdc728ca423ffd3ccb1988dd5501de13
608366,will-openais-market-cap-be-between-1pt25t-and-1pt5t-at-market-close-on-ipo-day,Will OpenAI’s market cap be between $1.25T and $1.5T at market close on IPO day?,Will OpenAI’s market cap be between $1.25T and $1.5T at market close on IPO day?,"This market will resolve based on OpenAI's market capitalization at the closing price on its first day of trading.

If no IPO occurs by December 31, 2026, 11:59 PM ET, the market will resolve to ""No IPO by December 31, 2026"".

Market capitalization expresses the monetary value of a company’s outstanding shares, stated in its pricing currency. It is calculated as the number of shares outstanding multiplied by the closing share price on the first trading day.

If the relevant value falls exactly between two brackets, then this market will resolve to the higher range bracket.

Resolution will be based on the primary exchange’s official listing page. In the event that the relevant figure is not displayed, another reliable source will be used.

In the event of an interruption in the course of the normal trading session on OpenAI’s first day of trading (e.g., a circuit breaker or half-day), the market will resolve according to the official closing price of the abbreviated session. If no such official closing price is published, the market will resolve according to the next trading day on which an official closing price is published, treating that as the first day of trading for purposes of this market.",,,openai-ipo-closing-market-cap,OpenAI IPO Closing Market Cap,532947.2458000001,10040.41779,False,2027-01-01T04:59:00Z,"[""19470872781622450446330627562106312915240544924539183504885686468325701819521"", ""19224712151342060925250675326667957156597084749312967133447388236247487979547""]",https://polymarket.com/market/will-openais-market-cap-be-between-1pt25t-and-1pt5t-at-market-close-on-ipo-day,0xa281783fc73b1a6927a301ee34cd90795470dc64b500673e445ba5e54f697c09
608367,will-openais-market-cap-be-greater-than-1pt5t-at-market-close-on-ipo-day,Will OpenAI’s market cap be $1.5T or greater at market close on IPO day?,Will OpenAI’s market cap be $1.5T or greater at market close on IPO day?,"This market will resolve based on OpenAI's market capitalization at the closing price on its first day of trading.

If no IPO occurs by December 31, 2026, 11:59 PM ET, the market will resolve to ""No IPO by December 31, 2026"".

Market capitalization expresses the monetary value of a company’s outstanding shares, stated in its pricing currency. It is calculated as the number of shares outstanding multiplied by the closing share price on the first trading day.

If the relevant value falls exactly between two brackets, then this market will resolve to the higher range bracket.

Resolution will be based on the primary exchange’s official listing page. In the event that the relevant figure is not displayed, another reliable source will be used.

In the event of an interruption in the course of the normal trading session on OpenAI’s first day of trading (e.g., a circuit breaker or half-day), the market will resolve according to the official closing price of the abbreviated session. If no such official closing price is published, the market will resolve according to the next trading day on which an official closing price is published, treating that as the first day of trading for purposes of this market.",,,openai-ipo-closing-market-cap,OpenAI IPO Closing Market Cap,162857.781252,10201.15551,False,2027-01-01T04:59:00Z,"[""42493289531592820306292191064557160874552640520793925047778017979799601355649"", ""57920006811393570084962107679227395634282382525602277724728836928684998641754""]",https://polymarket.com/market/will-openais-market-cap-be-greater-than-1pt5t-at-market-close-on-ipo-day,0x4a8005d19b41af72c1cd5c619640d9d51da548dd7c3544b12ae0c520d9e6805b
608368,will-openai-not-ipo-by-december-31-2026,"Will OpenAI not IPO by December 31, 2026?","Will OpenAI not IPO by December 31, 2026?","This market will resolve based on OpenAI's market capitalization at the closing price on its first day of trading.

If no IPO occurs by December 31, 2026, 11:59 PM ET, the market will resolve to ""No IPO by December 31, 2026"".

Market capitalization expresses the monetary value of a company’s outstanding shares, stated in its pricing currency. It is calculated as the number of shares outstanding multiplied by the closing share price on the first trading day.

If the relevant value falls exactly between two brackets, then this market will resolve to the higher range bracket.

Resolution will be based on the primary exchange’s official listing page. In the event that the relevant figure is not displayed, another reliable source will be used.

In the event of an interruption in the course of the normal trading session on OpenAI’s first day of trading (e.g., a circuit breaker or half-day), the market will resolve according to the official closing price of the abbreviated session. If no such official closing price is published, the market will resolve according to the next trading day on which an official closing price is published, treating that as the first day of trading for purposes of this market.",,,openai-ipo-closing-market-cap,OpenAI IPO Closing Market Cap,748502.211995,69108.32998,False,2027-01-01T04:59:00Z,"[""56615676606297588259337956203332341775475048285080710344367729433788967812170"", ""8070607953656787024050950499598687532281829563384949938603247089607814583142""]",https://polymarket.com/market/will-openai-not-ipo-by-december-31-2026,0x3849e1d62e0807801913d3e2427e8caf3cc6dd1c8ef42d8d5c08c6f9c449dc5e
608540,will-kylian-mbapp-win-the-2026-ballon-dor,Will Kylian Mbappé win the 2026 Ballon d'Or?,Will Kylian Mbappé win the 2026 Ballon d'Or?,"This market will resolve according to the winner of the 2026 Ballon d’Or.

If no 2026 Ballon d’Or winner is declared by December 31, 2026, 11:59 PM ET, this market will resolve to ""Other"".

The primary resolution source for this market is official information from France Football (https://www.francefootball.fr/).",,,ballon-dor-winner-2026,Ballon d'Or Winner 2026,2563610.2362279953,111404.79355,False,2027-01-01T04:59:00Z,"[""95640549996905293510297955529586737178285694064878854803914367446504739764113"", ""43681720319477188597878188429504394796986333625436226983885469009299707562545""]",https://polymarket.com/market/will-kylian-mbapp-win-the-2026-ballon-dor,0x87091dc5932f015d80c40e71e47cb043c3f8b6098484eb5bc3943cf35ee9afc1
608541,will-erling-haaland-win-the-2026-ballon-dor,Will Erling Haaland win the 2026 Ballon d'Or?,Will Erling Haaland win the 2026 Ballon d'Or?,"This market will resolve according to the winner of the 2026 Ballon d’Or.

If no 2026 Ballon d’Or winner is declared by December 31, 2026, 11:59 PM ET, this market will resolve to ""Other"".

The primary resolution source for this market is official information from France Football (https://www.francefootball.fr/).",,,ballon-dor-winner-2026,Ballon d'Or Winner 2026,2063622.667165,269364.10444,False,2027-01-01T04:59:00Z,"[""28452090262595806306683841543702974671789939255165753137157118490078999198778"", ""41582690056299530319797949041927935989019869883198101581541874744777936907826""]",https://polymarket.com/market/will-erling-haaland-win-the-2026-ballon-dor,0xc89266786402aaabe78111eb91c6764d86857bbc4427c82b91d60a5ef69a70d0
608542,will-jude-bellingham-win-the-2026-ballon-dor,Will Jude Bellingham win the 2026 Ballon d'Or?,Will Jude Bellingham win the 2026 Ballon d'Or?,"This market will resolve according to the winner of the 2026 Ballon d’Or.

If no 2026 Ballon d’Or winner is declared by December 31, 2026, 11:59 PM ET, this market will resolve to ""Other"".

The primary resolution source for this market is official information from France Football (https://www.francefootball.fr/).",,,ballon-dor-winner-2026,Ballon d'Or Winner 2026,1487114.4867259993,539815.85434,False,2027-01-01T04:59:00Z,"[""35466012767924254839738113787085950010503473575312851228505226571790709275819"", ""24122299862711914013738626986097179741774791999132542027561549123320843148963""]",https://polymarket.com/market/will-jude-bellingham-win-the-2026-ballon-dor,0xaa95b8ce7b2c7f04102c173447ef24a8724bed88687442ab8742a73aa7bafeff
608543,will-ousmane-dembl-win-the-2026-ballon-dor,Will Ousmane Dembélé win the 2026 Ballon d'Or?,Will Ousmane Dembélé win the 2026 Ballon d'Or?,"This market will resolve according to the winner of the 2026 Ballon d’Or.

If no 2026 Ballon d’Or winner is declared by December 31, 2026, 11:59 PM ET, this market will resolve to ""Other"".

The primary resolution source for this market is official information from France Football (https://www.francefootball.fr/).",,,ballon-dor-winner-2026,Ballon d'Or Winner 2026,2674810.251303,247183.01252,False,2027-01-01T04:59:00Z,"[""98995454929502090253677005499136815786618457974539379472945759013797338791883"", ""109359154677724641879093510140547924238031773808324195577981722875545957189531""]",https://polymarket.com/market/will-ousmane-dembl-win-the-2026-ballon-dor,0x26f410f7518fa199678ef57f02637fc88be9b3b593346b00946d7ea451f4521b
608545,will-lamine-yamal-win-the-2026-ballon-dor,Will Lamine Yamal win the 2026 Ballon d'Or?,Will Lamine Yamal win the 2026 Ballon d'Or?,"This market will resolve according to the winner of the 2026 Ballon d’Or.

If no 2026 Ballon d’Or winner is declared by December 31, 2026, 11:59 PM ET, this market will resolve to ""Other"".

The primary resolution source for this market is official information from France Football (https://www.francefootball.fr/).",,,ballon-dor-winner-2026,Ballon d'Or Winner 2026,2630061.033395,124165.13284,False,2027-01-01T04:59:00Z,"[""10466835326554416965099784068156829774726248334728156046559014834812912458273"", ""115364229170068359509280114761107502298430910856477421813089992309112580316620""]",https://polymarket.com/market/will-lamine-yamal-win-the-2026-ballon-dor,0xa34edb6c898232378a9cc08744842df2cd89d278ba45b012bed3ac10c7241c4d
608546,will-vincius-jnior-win-the-2026-ballon-dor,Will Vinícius Júnior win the 2026 Ballon d'Or?,Will Vinícius Júnior win the 2026 Ballon d'Or?,"This market will resolve according to the winner of the 2026 Ballon d’Or.

If no 2026 Ballon d’Or winner is declared by December 31, 2026, 11:59 PM ET, this market will resolve to ""Other"".

The primary resolution source for this market is official information from France Football (https://www.francefootball.fr/).",,,ballon-dor-winner-2026,Ballon d'Or Winner 2026,1070485.201325,896814.45752,False,2026-10-31T00:00:00Z,"[""87463122783250401770409006373017832501980573239347362136882847193417885543780"", ""97952862579836119400061130049052339741997214184800200176298039013253952161001""]",https://polymarket.com/market/will-vincius-jnior-win-the-2026-ballon-dor,0x92546439b64eb75474e85860546f9b46d5965be9f6b39d834b5d952f25137ec0
608547,will-harry-kane-win-the-2026-ballon-dor,Will Harry Kane win the 2026 Ballon d'Or?,Will Harry Kane win the 2026 Ballon d'Or?,"This market will resolve according to the winner of the 2026 Ballon d’Or.

If no 2026 Ballon d’Or winner is declared by December 31, 2026, 11:59 PM ET, this market will resolve to ""Other"".

The primary resolution source for this market is official information from France Football (https://www.francefootball.fr/).",,,ballon-dor-winner-2026,Ballon d'Or Winner 2026,4427677.087382997,143011.13012,False,2027-01-01T04:59:00Z,"[""72710166409980712002774407052535905861151156175854323762835102340552522606004"", ""77740376296468109233042620775325425521895874827413068707200627224591548200577""]",https://polymarket.com/market/will-harry-kane-win-the-2026-ballon-dor,0x12dc2b61723b2a54fc1947a307389b5f32038e7a29a0e936ad1fe410b969d06a
608551,will-michael-olise-win-the-2026-ballon-dor,Will Michael Olise win the 2026 Ballon d'Or?,Will Michael Olise win the 2026 Ballon d'Or?,"This market will resolve according to the winner of the 2026 Ballon d’Or.

If no 2026 Ballon d’Or winner is declared by December 31, 2026, 11:59 PM ET, this market will resolve to ""Other"".

The primary resolution source for this market is official information from France Football (https://www.francefootball.fr/).",,,ballon-dor-winner-2026,Ballon d'Or Winner 2026,1942716.161327,274287.82456,False,2027-01-01T04:59:00Z,"[""80760484659859004057151567591793221748584787651268092387414945323344021679571"", ""69678850546990572440054007923329224352229570065558002681422037690918638911920""]",https://polymarket.com/market/will-michael-olise-win-the-2026-ballon-dor,0x3d5321854a1571f6f9f27fd6a87fbefdde464260a19b03404d2eb9d97f3d2b06
608552,will-declan-rice-win-the-2026-ballon-dor,Will Declan Rice win the 2026 Ballon d'Or?,Will Declan Rice win the 2026 Ballon d'Or?,"This market will resolve according to the winner of the 2026 Ballon d’Or.

If no 2026 Ballon d’Or winner is declared by December 31, 2026, 11:59 PM ET, this market will resolve to ""Other"".

The primary resolution source for this market is official information from France Football (https://www.francefootball.fr/).",,,ballon-dor-winner-2026,Ballon d'Or Winner 2026,913685.098583,581778.24839,False,2026-10-31T00:00:00Z,"[""92592184455436128494220554453387664176148977714883057890153205798000245198735"", ""23388744730555578911455173305928434366410177206274801668245847953334070817189""]",https://polymarket.com/market/will-declan-rice-win-the-2026-ballon-dor,0x36d6b5a0d75f0759c747b41afb84d86fff70db2b2eebaeb3bea92fe444de934f
608553,will-khvicha-kvaratskhelia-win-the-2026-ballon-dor,Will Khvicha Kvaratskhelia win the 2026 Ballon d'Or?,Will Khvicha Kvaratskhelia win the 2026 Ballon d'Or?,"This market will resolve according to the winner of the 2026 Ballon d’Or.

If no 2026 Ballon d’Or winner is declared by December 31, 2026, 11:59 PM ET, this market will resolve to ""Other"".

The primary resolution source for this market is official information from France Football (https://www.francefootball.fr/).",,,ballon-dor-winner-2026,Ballon d'Or Winner 2026,1798391.2188209996,127286.11257,False,2027-01-01T04:59:00Z,"[""12622519606415978744877534783705265610788882249231449850262189360805525437274"", ""36288700594382425961479916608903536580786689753480114686207439400130634390018""]",https://polymarket.com/market/will-khvicha-kvaratskhelia-win-the-2026-ballon-dor,0x9f50939c394897a984d04522b61cf62da5aaa7fc50a2b3da362accaeffe38078
608554,will-vitinha-win-the-2026-ballon-dor,Will Vitinha win the 2026 Ballon d'Or?,Will Vitinha win the 2026 Ballon d'Or?,"This market will resolve according to the winner of the 2026 Ballon d’Or.

If no 2026 Ballon d’Or winner is declared by December 31, 2026, 11:59 PM ET, this market will resolve to ""Other"".

The primary resolution source for this market is official information from France Football (https://www.francefootball.fr/).",,,ballon-dor-winner-2026,Ballon d'Or Winner 2026,854144.5728219998,881715.05002,False,2027-01-01T04:59:00Z,"[""82634650036071435661480653934114573393829890801771064904327870866332495668102"", ""14113475671812065326245061121491780906686252131696427702101700223980372257409""]",https://polymarket.com/market/will-vitinha-win-the-2026-ballon-dor,0x1bc81406764e3a1f4bb86c9bfe054f7c230902f40bcd7f682f6d79a2a0f7dc38
608559,will-achraf-hakimi-win-the-2026-ballon-dor,Will Achraf Hakimi win the 2026 Ballon d'Or?,Will Achraf Hakimi win the 2026 Ballon d'Or?,"This market will resolve according to the winner of the 2026 Ballon d’Or.

If no 2026 Ballon d’Or winner is declared by December 31, 2026, 11:59 PM ET, this market will resolve to ""Other"".

The primary resolution source for this market is official information from France Football (https://www.francefootball.fr/).",,,ballon-dor-winner-2026,Ballon d'Or Winner 2026,742245.8056430003,864499.22339,False,2026-10-31T00:00:00Z,"[""96629246041156194058643540529810407132129200453073279076767531328321906651327"", ""40928094906627286353472275889079838417665177283533959163065391799858997513382""]",https://polymarket.com/market/will-achraf-hakimi-win-the-2026-ballon-dor,0x690c19fce9277de872d336d74ed41d2777e1cd292aff46266660b103d26c959a
608560,will-bruno-fernandes-win-the-2026-ballon-dor,Will Bruno Fernandes win the 2026 Ballon d'Or?,Will Bruno Fernandes win the 2026 Ballon d'Or?,"This market will resolve according to the winner of the 2026 Ballon d’Or.

If no 2026 Ballon d’Or winner is declared by December 31, 2026, 11:59 PM ET, this market will resolve to ""Other"".

The primary resolution source for this market is official information from France Football (https://www.francefootball.fr/).",,,ballon-dor-winner-2026,Ballon d'Or Winner 2026,712221.6928900001,825246.12462,False,2027-01-01T04:59:00Z,"[""101622557465698829525744132602088194868803796460787278639335217811778299351277"", ""17439823686470220541046463367857902927622476484573633381401319836608560958807""]",https://polymarket.com/market/will-bruno-fernandes-win-the-2026-ballon-dor,0x6bf93fc8674293ec051a0b10b0ad4fc20b0087685f6c8ef080e1568e03897275
608561,will-luis-diaz-win-the-2026-ballon-dor,Will Luis Diaz win the 2026 Ballon d'Or?,Will Luis Diaz win the 2026 Ballon d'Or?,"This market will resolve according to the winner of the 2026 Ballon d’Or.

If no 2026 Ballon d’Or winner is declared by December 31, 2026, 11:59 PM ET, this market will resolve to ""Other"".

The primary resolution source for this market is official information from France Football (https://www.francefootball.fr/).",,,ballon-dor-winner-2026,Ballon d'Or Winner 2026,441734.29199999996,848624.48373,False,2026-10-31T00:00:00Z,"[""10270259122904576625713794259677323606251651109288833081827776714048972166811"", ""65547360137564590399724438199864888761784929898868765687803215452658430288650""]",https://polymarket.com/market/will-luis-diaz-win-the-2026-ballon-dor,0x29ef2d589755bce48cd5c880ad51c2e814e56725f58232bc26d2f95e0ef7929a
608562,will-lautaro-martinez-win-the-2026-ballon-dor,Will Lautaro Martinez win the 2026 Ballon d'Or?,Will Lautaro Martinez win the 2026 Ballon d'Or?,"This market will resolve according to the winner of the 2026 Ballon d’Or.

If no 2026 Ballon d’Or winner is declared by December 31, 2026, 11:59 PM ET, this market will resolve to ""Other"".

The primary resolution source for this market is official information from France Football (https://www.francefootball.fr/).",,,ballon-dor-winner-2026,Ballon d'Or Winner 2026,493016.212462,871462.16543,False,2026-10-31T00:00:00Z,"[""89194809054137575419175388726154485325193802797230727484307111472702259856508"", ""85193746274096025265438934369311056706018491766592371590154546236678323798776""]",https://polymarket.com/market/will-lautaro-martinez-win-the-2026-ballon-dor,0xc6421c3ee02a46dfff6a860fd1649ad81b168f781842ab732fd4dd6791d6c431
608565,will-lionel-messi-win-the-2026-ballon-dor,Will Lionel Messi win the 2026 Ballon d'Or?,Will Lionel Messi win the 2026 Ballon d'Or?,"This market will resolve according to the winner of the 2026 Ballon d’Or.

If no 2026 Ballon d’Or winner is declared by December 31, 2026, 11:59 PM ET, this market will resolve to ""Other"".

The primary resolution source for this market is official information from France Football (https://www.francefootball.fr/).",,,ballon-dor-winner-2026,Ballon d'Or Winner 2026,3050705.0009439993,155110.75014,False,2027-01-01T04:59:00Z,"[""14940935985254400645996902276818598247231942791302218826999289776538227075176"", ""107516035603650985174253368241692944789056496652916551006453839235487841190002""]",https://polymarket.com/market/will-lionel-messi-win-the-2026-ballon-dor,0x7034c00a24f9edbf325fd5a0b9a63412e469fc8cd2aa9b060fb5ba8e10d7ebef
608566,will-rodri-win-the-2026-ballon-dor,Will Rodri win the 2026 Ballon d'Or?,Will Rodri win the 2026 Ballon d'Or?,"This market will resolve according to the winner of the 2026 Ballon d’Or.

If no 2026 Ballon d’Or winner is declared by December 31, 2026, 11:59 PM ET, this market will resolve to ""Other"".

The primary resolution source for this market is official information from France Football (https://www.francefootball.fr/).",,,ballon-dor-winner-2026,Ballon d'Or Winner 2026,2105075.9762430005,159628.7029,False,2027-01-01T04:59:00Z,"[""78803948342995070838836736012795017072053448960983345349841661545681081452350"", ""9168297785662696773016718610761665603800700668560812756827962314315323235689""]",https://polymarket.com/market/will-rodri-win-the-2026-ballon-dor,0x30f729ef18553d8956bfd7ae7a1e96dbad07e2476160239b23ec10e6cdc5f01b
608567,will-pau-cubarsi-win-the-2026-ballon-dor,Will Pau Cubarsi win the 2026 Ballon d'Or?,Will Pau Cubarsi win the 2026 Ballon d'Or?,"This market will resolve according to the winner of the 2026 Ballon d’Or.

If no 2026 Ballon d’Or winner is declared by December 31, 2026, 11:59 PM ET, this market will resolve to ""Other"".

The primary resolution source for this market is official information from France Football (https://www.francefootball.fr/).",,,ballon-dor-winner-2026,Ballon d'Or Winner 2026,1136508.1675780003,185851.01509,False,2027-01-01T04:59:00Z,"[""5264677211728439009834470236168077987240809170451856067063934287137178859748"", ""103802139146640132358958010726298474878919300435412200287660696415707960030770""]",https://polymarket.com/market/will-pau-cubarsi-win-the-2026-ballon-dor,0xd0d342e06ca9d5b1e5ddf66ad92b42b9cc6010823507c8e3107afe2ee1db8852
608568,will-fabian-ruiz-win-the-2026-ballon-dor,Will Fabian Ruiz win the 2026 Ballon d'Or?,Will Fabian Ruiz win the 2026 Ballon d'Or?,"This market will resolve according to the winner of the 2026 Ballon d’Or.

If no 2026 Ballon d’Or winner is declared by December 31, 2026, 11:59 PM ET, this market will resolve to ""Other"".

The primary resolution source for this market is official information from France Football (https://www.francefootball.fr/).",,,ballon-dor-winner-2026,Ballon d'Or Winner 2026,1380861.2198619999,209754.91077,False,2026-10-31T00:00:00Z,"[""108195640564166028303797840625325548216682391635068759939973120172828369844863"", ""56380980982965039852901882866035095821176660818641430451942857804727544100425""]",https://polymarket.com/market/will-fabian-ruiz-win-the-2026-ballon-dor,0x484252a68d9367df54f641765866693f16ac7a07d65d417bdbedc1c821d408f6
609655,us-recession-by-end-of-2026,US recession by end of 2026?,US recession by end of 2026?,"This market will resolve to “Yes” if either of the following conditions is met:

1.  The seasonally adjusted annualized percent change in quarterly U.S. real GDP from the previous quarter is less than 0.0 for two consecutive quarters between Q2 2025 and Q4 2026 (inclusive), as reported by the Bureau of Economic Analysis (BEA). 

2.  The National Bureau of Economic Research (NBER) publicly announces that a recession has occurred in the United States, at any point during 2025 or 2026, with the announcement made by the time the BEA releases the advance estimate for Q4 2026.

Otherwise, this market will resolve to ""No"". 

Note that advance estimates will be considered. For example, if upon release, the advance estimate for Q3 2025 was negative, and the Q2 2025's most recent, up-to-date estimate was also negative, this market would resolve to ""Yes"". If on December 31, 2026 the latest estimate for quarterly GDP in Q3 2025 was negative, this market will stay open until the Advance estimate of Q4 2026 is published, at which point it will resolve to ""Yes"" if Q4 2026 was negative or if the NBER declares a recession by then.

This market will remain open until either i) one of the specified conditions is met; or ii) the GDP advance estimate for Q4 2026 is released. If the GDP advance estimate for Q4 2026 has not been released by June 30, 2027, 11:59 PM ET, this market will resolve based on the available releases at that time.

The resolution source will be the official announcements from the NBER and the BEA’s estimate of seasonally adjusted annualized percent change in quarterly US real GDP from previous quarters as released by the Bureau of Economic Analysis (BEA), https://www.bea.gov/data/gdp/gross-domestic-product",,,us-recession-by-end-of-2026,US recession by end of 2026?,2222274.5394780007,119804.3719,False,2027-01-31T00:00:00Z,"[""100379208559626151022751801118534484742123694725746262280150222742563282755057"", ""113732820231608904682346496304917888352004831436510840986547065248348999143469""]",https://polymarket.com/market/us-recession-by-end-of-2026,0xfdc73f10edf0266756686f35b5712cffa828b0940fc015e0426c76c934c2105d
616902,will-no-fed-rate-cuts-happen-in-2026,Will no Fed rate cuts happen in 2026?,Will no Fed rate cuts happen in 2026?,"This market will resolve according to the exact amount of cuts of 25 basis points in 2026 by the Fed (including any cuts made during the December meeting).

Emergency rate cuts outside of scheduled FOMC meetings will also count toward the total number of cuts in 2026. This market will remain open until December 31, 2026, 11:59 PM ET, to account for any such emergency actions.

For example, if the Fed cuts rates by 50 bps after a meeting, it would be considered 2 cuts (of 25 bps each).

This market will resolve early to ""No"" if the specified number of cuts becomes impossible — i.e., if more cuts have already occurred than the strike in question.

Note that cuts between 1–24 bps (inclusive) will also be considered 1 rate cut.

The resolution source for this market will be FOMC statements after meetings scheduled in 2026 according to the official calendar: https://www.federalreserve.gov/monetarypolicy/fomccalendars.htm. The level and change of the target federal funds rate is also published at the official website of the Federal Reserve at https://www.federalreserve.gov/monetarypolicy/openmarket.htm.",,,how-many-fed-rate-cuts-in-2026,How many Fed rate cuts in 2026?,8580700.903709998,373532.65342,False,2027-01-01T04:59:00Z,"[""12403602920039269077597917340921667997547115084613238528792639013246536343316"", ""21294592205022969346730955103773391901993330222644504059576935265667917187903""]",https://polymarket.com/market/will-no-fed-rate-cuts-happen-in-2026,0xd4e77ba6f29fc093509d24f508631abd445ecf506bbdc9c4c80e60256a318527
616903,will-1-fed-rate-cut-happen-in-2026,Will 1 Fed rate cut happen in 2026?,Will 1 Fed rate cut happen in 2026?,"This market will resolve according to the exact amount of cuts of 25 basis points in 2026 by the Fed (including any cuts made during the December meeting).

Emergency rate cuts outside of scheduled FOMC meetings will also count toward the total number of cuts in 2026. This market will remain open until December 31, 2026, 11:59 PM ET, to account for any such emergency actions.

For example, if the Fed cuts rates by 50 bps after a meeting, it would be considered 2 cuts (of 25 bps each).

This market will resolve early to ""No"" if the specified number of cuts becomes impossible — i.e., if more cuts have already occurred than the strike in question.

Note that cuts between 1–24 bps (inclusive) will also be considered 1 rate cut.

The resolution source for this market will be FOMC statements after meetings scheduled in 2026 according to the official calendar: https://www.federalreserve.gov/monetarypolicy/fomccalendars.htm. The level and change of the target federal funds rate is also published at the official website of the Federal Reserve at https://www.federalreserve.gov/monetarypolicy/openmarket.htm.",,,how-many-fed-rate-cuts-in-2026,How many Fed rate cuts in 2026?,3380621.0477239997,167788.34335,False,2027-01-01T04:59:00Z,"[""113379839734351069617987084078322474966003108854908079701423911002443710490196"", ""48058805012599375970268777474956242772204241523361869981040579395242001094965""]",https://polymarket.com/market/will-1-fed-rate-cut-happen-in-2026,0x5e082f0b57f47a29044aa35b4c5658393122e659d5feae521c06b57cdd7f905c
616904,will-2-fed-rate-cuts-happen-in-2026,Will 2 Fed rate cuts happen in 2026?,Will 2 Fed rate cuts happen in 2026?,"This market will resolve according to the exact amount of cuts of 25 basis points in 2026 by the Fed (including any cuts made during the December meeting).

Emergency rate cuts outside of scheduled FOMC meetings will also count toward the total number of cuts in 2026. This market will remain open until December 31, 2026, 11:59 PM ET, to account for any such emergency actions.

For example, if the Fed cuts rates by 50 bps after a meeting, it would be considered 2 cuts (of 25 bps each).

This market will resolve early to ""No"" if the specified number of cuts becomes impossible — i.e., if more cuts have already occurred than the strike in question.

Note that cuts between 1–24 bps (inclusive) will also be considered 1 rate cut.

The resolution source for this market will be FOMC statements after meetings scheduled in 2026 according to the official calendar: https://www.federalreserve.gov/monetarypolicy/fomccalendars.htm. The level and change of the target federal funds rate is also published at the official website of the Federal Reserve at https://www.federalreserve.gov/monetarypolicy/openmarket.htm.",,,how-many-fed-rate-cuts-in-2026,How many Fed rate cuts in 2026?,3294038.7375899996,164080.32418,False,2027-01-01T04:59:00Z,"[""72535544017897924722695722172278828562733090748474862987195303914909938482758"", ""81407142104509110921187520775072626840789848613047331773172953370174825669358""]",https://polymarket.com/market/will-2-fed-rate-cuts-happen-in-2026,0xe0d9f508a249e0070db06eb7d1e1fb17eb23c963f6fb722c4c3f81e23240c1cd
616905,will-3-fed-rate-cuts-happen-in-2026,Will 3 Fed rate cuts happen in 2026?,Will 3 Fed rate cuts happen in 2026?,"This market will resolve according to the exact amount of cuts of 25 basis points in 2026 by the Fed (including any cuts made during the December meeting).

Emergency rate cuts outside of scheduled FOMC meetings will also count toward the total number of cuts in 2026. This market will remain open until December 31, 2026, 11:59 PM ET, to account for any such emergency actions.

For example, if the Fed cuts rates by 50 bps after a meeting, it would be considered 2 cuts (of 25 bps each).

This market will resolve early to ""No"" if the specified number of cuts becomes impossible — i.e., if more cuts have already occurred than the strike in question.

Note that cuts between 1–24 bps (inclusive) will also be considered 1 rate cut.

The resolution source for this market will be FOMC statements after meetings scheduled in 2026 according to the official calendar: https://www.federalreserve.gov/monetarypolicy/fomccalendars.htm. The level and change of the target federal funds rate is also published at the official website of the Federal Reserve at https://www.federalreserve.gov/monetarypolicy/openmarket.htm.",,,how-many-fed-rate-cuts-in-2026,How many Fed rate cuts in 2026?,2937464.2890250003,302611.37134,False,2027-01-01T04:59:00Z,"[""95835705062472305459663741402900736177330733688944910993896545106260819635212"", ""52125994957619926233854688437715340370114575617673092175221127058976458963420""]",https://polymarket.com/market/will-3-fed-rate-cuts-happen-in-2026,0x8d4966e84ae80f24b2e14643fdd45364e354229e11e2c17903b4b1763cfbe67c
616906,will-4-fed-rate-cuts-happen-in-2026,Will 4 Fed rate cuts happen in 2026?,Will 4 Fed rate cuts happen in 2026?,"This market will resolve according to the exact amount of cuts of 25 basis points in 2026 by the Fed (including any cuts made during the December meeting).

Emergency rate cuts outside of scheduled FOMC meetings will also count toward the total number of cuts in 2026. This market will remain open until December 31, 2026, 11:59 PM ET, to account for any such emergency actions.

For example, if the Fed cuts rates by 50 bps after a meeting, it would be considered 2 cuts (of 25 bps each).

This market will resolve early to ""No"" if the specified number of cuts becomes impossible — i.e., if more cuts have already occurred than the strike in question.

Note that cuts between 1–24 bps (inclusive) will also be considered 1 rate cut.

The resolution source for this market will be FOMC statements after meetings scheduled in 2026 according to the official calendar: https://www.federalreserve.gov/monetarypolicy/fomccalendars.htm. The level and change of the target federal funds rate is also published at the official website of the Federal Reserve at https://www.federalreserve.gov/monetarypolicy/openmarket.htm.",,,how-many-fed-rate-cuts-in-2026,How many Fed rate cuts in 2026?,2738809.030583999,241884.01739,False,2027-01-01T04:59:00Z,"[""73197441127256680134600821323583356037261213281680365433623681075249556019477"", ""71677612305244936641085500097737038199081845621961106192204236262687669821119""]",https://polymarket.com/market/will-4-fed-rate-cuts-happen-in-2026,0xaece8d6062d3e3eb9845b32441a4ab06eb2ef332c0228bc6a36add450647c7c4
616907,will-5-fed-rate-cuts-happen-in-2026,Will 5 Fed rate cuts happen in 2026?,Will 5 Fed rate cuts happen in 2026?,"This market will resolve according to the exact amount of cuts of 25 basis points in 2026 by the Fed (including any cuts made during the December meeting).

Emergency rate cuts outside of scheduled FOMC meetings will also count toward the total number of cuts in 2026. This market will remain open until December 31, 2026, 11:59 PM ET, to account for any such emergency actions.

For example, if the Fed cuts rates by 50 bps after a meeting, it would be considered 2 cuts (of 25 bps each).

This market will resolve early to ""No"" if the specified number of cuts becomes impossible — i.e., if more cuts have already occurred than the strike in question.

Note that cuts between 1–24 bps (inclusive) will also be considered 1 rate cut.

The resolution source for this market will be FOMC statements after meetings scheduled in 2026 according to the official calendar: https://www.federalreserve.gov/monetarypolicy/fomccalendars.htm. The level and change of the target federal funds rate is also published at the official website of the Federal Reserve at https://www.federalreserve.gov/monetarypolicy/openmarket.htm.",,,how-many-fed-rate-cuts-in-2026,How many Fed rate cuts in 2026?,3000696.3082309994,246431.36561,False,2027-01-01T04:59:00Z,"[""29213252446661789250484965446100709214117256176608501943249094649759520097655"", ""39766939694460004925290266709531635660902081793543974711598767930913394552857""]",https://polymarket.com/market/will-5-fed-rate-cuts-happen-in-2026,0x7ee722a07e0f84405f1267bc1c84eb95bd6348454453abf445618e778af8fd18
616908,will-6-fed-rate-cuts-happen-in-2026,Will 6 Fed rate cuts happen in 2026?,Will 6 Fed rate cuts happen in 2026?,"This market will resolve according to the exact amount of cuts of 25 basis points in 2026 by the Fed (including any cuts made during the December meeting).

Emergency rate cuts outside of scheduled FOMC meetings will also count toward the total number of cuts in 2026. This market will remain open until December 31, 2026, 11:59 PM ET, to account for any such emergency actions.

For example, if the Fed cuts rates by 50 bps after a meeting, it would be considered 2 cuts (of 25 bps each).

This market will resolve early to ""No"" if the specified number of cuts becomes impossible — i.e., if more cuts have already occurred than the strike in question.

Note that cuts between 1–24 bps (inclusive) will also be considered 1 rate cut.

The resolution source for this market will be FOMC statements after meetings scheduled in 2026 according to the official calendar: https://www.federalreserve.gov/monetarypolicy/fomccalendars.htm. The level and change of the target federal funds rate is also published at the official website of the Federal Reserve at https://www.federalreserve.gov/monetarypolicy/openmarket.htm.",,,how-many-fed-rate-cuts-in-2026,How many Fed rate cuts in 2026?,4225099.51532,156110.41254,False,2027-01-01T04:59:00Z,"[""77531340423610587330488971960018210147778793548713753738604838920212617696839"", ""82580329456069960430455853606847264180718690130912450048527873419398759263654""]",https://polymarket.com/market/will-6-fed-rate-cuts-happen-in-2026,0x4914bfdd892a48c341b5e0f41ec10475a815f2277273110b16f95e21084bfe75
616909,will-7-fed-rate-cuts-happen-in-2026,Will 7 Fed rate cuts happen in 2026?,Will 7 Fed rate cuts happen in 2026?,"This market will resolve according to the exact amount of cuts of 25 basis points in 2026 by the Fed (including any cuts made during the December meeting).

Emergency rate cuts outside of scheduled FOMC meetings will also count toward the total number of cuts in 2026. This market will remain open until December 31, 2026, 11:59 PM ET, to account for any such emergency actions.

For example, if the Fed cuts rates by 50 bps after a meeting, it would be considered 2 cuts (of 25 bps each).

This market will resolve early to ""No"" if the specified number of cuts becomes impossible — i.e., if more cuts have already occurred than the strike in question.

Note that cuts between 1–24 bps (inclusive) will also be considered 1 rate cut.

The resolution source for this market will be FOMC statements after meetings scheduled in 2026 according to the official calendar: https://www.federalreserve.gov/monetarypolicy/fomccalendars.htm. The level and change of the target federal funds rate is also published at the official website of the Federal Reserve at https://www.federalreserve.gov/monetarypolicy/openmarket.htm.",,,how-many-fed-rate-cuts-in-2026,How many Fed rate cuts in 2026?,3526649.8001670004,176942.1251,False,2027-01-01T04:59:00Z,"[""83225062900867600837789591190756506957715645312465902979999093167287051133800"", ""70694980832312500201330660753738089732275716848386256819010620597664479406765""]",https://polymarket.com/market/will-7-fed-rate-cuts-happen-in-2026,0x2368d2604c9c2b95bc98c51bd50c66e5351caebf05b9fe79d3398c387fe29a89
616910,will-8-fed-rate-cuts-happen-in-2026,Will 8 Fed rate cuts happen in 2026?,Will 8 Fed rate cuts happen in 2026?,"This market will resolve according to the exact amount of cuts of 25 basis points in 2026 by the Fed (including any cuts made during the December meeting).

Emergency rate cuts outside of scheduled FOMC meetings will also count toward the total number of cuts in 2026. This market will remain open until December 31, 2026, 11:59 PM ET, to account for any such emergency actions.

For example, if the Fed cuts rates by 50 bps after a meeting, it would be considered 2 cuts (of 25 bps each).

This market will resolve early to ""No"" if the specified number of cuts becomes impossible — i.e., if more cuts have already occurred than the strike in question.

Note that cuts between 1–24 bps (inclusive) will also be considered 1 rate cut.

The resolution source for this market will be FOMC statements after meetings scheduled in 2026 according to the official calendar: https://www.federalreserve.gov/monetarypolicy/fomccalendars.htm. The level and change of the target federal funds rate is also published at the official website of the Federal Reserve at https://www.federalreserve.gov/monetarypolicy/openmarket.htm.",,,how-many-fed-rate-cuts-in-2026,How many Fed rate cuts in 2026?,3295912.67589,303876.01862,False,2027-01-01T04:59:00Z,"[""79224949855948800840589557145654317659028242814072850811675646040486360279565"", ""87675042073148826481646804686739465454480607542088274413944712124354466628470""]",https://polymarket.com/market/will-8-fed-rate-cuts-happen-in-2026,0xfe28cb84a714b1a964290d7fd2587e71d57e905678c8ab64488449b24be78e52
616911,will-9-fed-rate-cuts-happen-in-2026,Will 9 Fed rate cuts happen in 2026?,Will 9 Fed rate cuts happen in 2026?,"This market will resolve according to the exact amount of cuts of 25 basis points in 2026 by the Fed (including any cuts made during the December meeting).

Emergency rate cuts outside of scheduled FOMC meetings will also count toward the total number of cuts in 2026. This market will remain open until December 31, 2026, 11:59 PM ET, to account for any such emergency actions.

For example, if the Fed cuts rates by 50 bps after a meeting, it would be considered 2 cuts (of 25 bps each).

This market will resolve early to ""No"" if the specified number of cuts becomes impossible — i.e., if more cuts have already occurred than the strike in question.

Note that cuts between 1–24 bps (inclusive) will also be considered 1 rate cut.

The resolution source for this market will be FOMC statements after meetings scheduled in 2026 according to the official calendar: https://www.federalreserve.gov/monetarypolicy/fomccalendars.htm. The level and change of the target federal funds rate is also published at the official website of the Federal Reserve at https://www.federalreserve.gov/monetarypolicy/openmarket.htm.",,,how-many-fed-rate-cuts-in-2026,How many Fed rate cuts in 2026?,4291810.567518,494024.73219,False,2027-01-01T04:59:00Z,"[""23126031577449775652876745717301519312850542565907124407036782701549610893044"", ""104942649192609913825700442400757579142602100704286281267464239496183536823685""]",https://polymarket.com/market/will-9-fed-rate-cuts-happen-in-2026,0x4ec6fcb43fe1a32163c7da09d54a99ab9bf6abdc6fd49939d7ad67d696a3248b
616912,will-10-fed-rate-cuts-happen-in-2026,Will 10 Fed rate cuts happen in 2026?,Will 10 Fed rate cuts happen in 2026?,"This market will resolve according to the exact amount of cuts of 25 basis points in 2026 by the Fed (including any cuts made during the December meeting).

Emergency rate cuts outside of scheduled FOMC meetings will also count toward the total number of cuts in 2026. This market will remain open until December 31, 2026, 11:59 PM ET, to account for any such emergency actions.

For example, if the Fed cuts rates by 50 bps after a meeting, it would be considered 2 cuts (of 25 bps each).

This market will resolve early to ""No"" if the specified number of cuts becomes impossible — i.e., if more cuts have already occurred than the strike in question.

Note that cuts between 1–24 bps (inclusive) will also be considered 1 rate cut.

The resolution source for this market will be FOMC statements after meetings scheduled in 2026 according to the official calendar: https://www.federalreserve.gov/monetarypolicy/fomccalendars.htm. The level and change of the target federal funds rate is also published at the official website of the Federal Reserve at https://www.federalreserve.gov/monetarypolicy/openmarket.htm.",,,how-many-fed-rate-cuts-in-2026,How many Fed rate cuts in 2026?,4954179.949515998,524880.83965,False,2027-01-01T04:59:00Z,"[""101699865858660601590309838387762714166224752219273014726406345404403204943713"", ""66183284712764802657795502795552404612971669672765842666767416251669427449952""]",https://polymarket.com/market/will-10-fed-rate-cuts-happen-in-2026,0x757c144993b3cb831e04c42bfcff8c18864c7da4f4688a5939d2f62e031cbc87
616913,will-11-fed-rate-cuts-happen-in-2026,Will 11 Fed rate cuts happen in 2026?,Will 11 Fed rate cuts happen in 2026?,"This market will resolve according to the exact amount of cuts of 25 basis points in 2026 by the Fed (including any cuts made during the December meeting).

Emergency rate cuts outside of scheduled FOMC meetings will also count toward the total number of cuts in 2026. This market will remain open until December 31, 2026, 11:59 PM ET, to account for any such emergency actions.

For example, if the Fed cuts rates by 50 bps after a meeting, it would be considered 2 cuts (of 25 bps each).

This market will resolve early to ""No"" if the specified number of cuts becomes impossible — i.e., if more cuts have already occurred than the strike in question.

Note that cuts between 1–24 bps (inclusive) will also be considered 1 rate cut.

The resolution source for this market will be FOMC statements after meetings scheduled in 2026 according to the official calendar: https://www.federalreserve.gov/monetarypolicy/fomccalendars.htm. The level and change of the target federal funds rate is also published at the official website of the Federal Reserve at https://www.federalreserve.gov/monetarypolicy/openmarket.htm.",,,how-many-fed-rate-cuts-in-2026,How many Fed rate cuts in 2026?,5272133.838100998,545142.20709,False,2027-01-01T04:59:00Z,"[""56345349743779788266710915561914531858285418844567819631705863717318287635981"", ""26533811683673020016156821068743960771270276222852607342597705457170159668542""]",https://polymarket.com/market/will-11-fed-rate-cuts-happen-in-2026,0x1adf074e048fa613f4ddbc0766088748a48d120a3a713b0183e219032a411ae3
616914,will-12-or-more-fed-rate-cuts-happen-in-2026,Will 12 or more Fed rate cuts happen in 2026?,Will 12 or more Fed rate cuts happen in 2026?,"This market will resolve according to the exact amount of cuts of 25 basis points in 2026 by the Fed (including any cuts made during the December meeting).

Emergency rate cuts outside of scheduled FOMC meetings will also count toward the total number of cuts in 2026. This market will remain open until December 31, 2026, 11:59 PM ET, to account for any such emergency actions.

For example, if the Fed cuts rates by 50 bps after a meeting, it would be considered 2 cuts (of 25 bps each).

This market will resolve early to ""No"" if the specified number of cuts becomes impossible — i.e., if more cuts have already occurred than the strike in question.

Note that cuts between 1–24 bps (inclusive) will also be considered 1 rate cut.

The resolution source for this market will be FOMC statements after meetings scheduled in 2026 according to the official calendar: https://www.federalreserve.gov/monetarypolicy/fomccalendars.htm. The level and change of the target federal funds rate is also published at the official website of the Federal Reserve at https://www.federalreserve.gov/monetarypolicy/openmarket.htm.",,,how-many-fed-rate-cuts-in-2026,How many Fed rate cuts in 2026?,3960831.553919998,262249.69756,False,2027-01-01T04:59:00Z,"[""9348234470735473071085620208817441102005165766524508452759679947551704787649"", ""27203305404978223030553317971682713734658336588968050686197281149875057661426""]",https://polymarket.com/market/will-12-or-more-fed-rate-cuts-happen-in-2026,0xffa0accb74987c0dc33a70eb3780c1da160206bcfb3ef5d16c1667bc5c459c78
618454,opensea-fdv-above-500m-one-day-after-launch-221-468-166-873-514-375-468-384,Opensea FDV above $500M one day after launch?,Opensea FDV above $500M one day after launch?,"This market will resolve to ""Yes"" if the Fully Diluted Valuation of Opensea's token is greater than the value specified in the title 1 day after launch. Otherwise, the market will resolve to ""No.""

The token must be actively, publicly transferable and tradable to be considered a launch.

""1 day after launch"" is defined as 4:00 PM ET on the calendar day following launch. The resolution source for this market is the most liquid price source available. If Opensea doesn't launch a token by December 31, 2026, 11:59 PM ET, this market will resolve to ""No"".",,,opensea-fdv-above-one-day-after-launch,Opensea FDV above ___ one day after launch?,2283767.432578,26969.77934,False,2027-01-01T05:00:00Z,"[""42645635688384173938505005153732536262139883933750646945028210271328873690888"", ""91676177432668319691663213694187810112009835951397620031461215327421238319426""]",https://polymarket.com/market/opensea-fdv-above-500m-one-day-after-launch-221-468-166-873-514-375-468-384,0xa0192d11031455f486dd13d43438c815e5ba135e2595039991a7d09a6b438989
618455,opensea-fdv-above-1b-one-day-after-launch-426-422-754-756-879-328-494,Opensea FDV above $1B one day after launch?,Opensea FDV above $1B one day after launch?,"This market will resolve to ""Yes"" if the Fully Diluted Valuation of Opensea's token is greater than the value specified in the title 1 day after launch. Otherwise, the market will resolve to ""No.""

The token must be actively, publicly transferable and tradable to be considered a launch.

""1 day after launch"" is defined as 4:00 PM ET on the calendar day following launch. The resolution source for this market is the most liquid price source available. If Opensea doesn't launch a token by December 31, 2026, 11:59 PM ET, this market will resolve to ""No"".",,,opensea-fdv-above-one-day-after-launch,Opensea FDV above ___ one day after launch?,2112325.1323470003,27917.5797,False,2027-01-01T05:00:00Z,"[""55736535775539231856682158017890031261644294952589300517957218393676136917293"", ""71718402031669298364238907670733752499185585238670546354636156779359681992646""]",https://polymarket.com/market/opensea-fdv-above-1b-one-day-after-launch-426-422-754-756-879-328-494,0xe67c947bf8eeb8dffdeea19806cf266fe65f6d20f3e5bbf5135e11e544fe9b7f
618456,opensea-fdv-above-3b-one-day-after-launch-786-419-967-433-241-436,Opensea FDV above $3B one day after launch?,Opensea FDV above $3B one day after launch?,"This market will resolve to ""Yes"" if the Fully Diluted Valuation of Opensea's token is greater than the value specified in the title 1 day after launch. Otherwise, the market will resolve to ""No.""

The token must be actively, publicly transferable and tradable to be considered a launch.

""1 day after launch"" is defined as 4:00 PM ET on the calendar day following launch. The resolution source for this market is the most liquid price source available. If Opensea doesn't launch a token by December 31, 2026, 11:59 PM ET, this market will resolve to ""No"".",,,opensea-fdv-above-one-day-after-launch,Opensea FDV above ___ one day after launch?,827447.4614149999,27430.27046,False,2027-01-01T05:00:00Z,"[""10354824396290237452261900772542438328647475212250295212595180489652143431127"", ""83261092708741880503037907376981005952477099100574431635229306895516342056435""]",https://polymarket.com/market/opensea-fdv-above-3b-one-day-after-launch-786-419-967-433-241-436,0xa75027ddbd883169b0fef4779c912106fe9460536240a1d613d175f04b75ca25
620335,aziz-akhannouch-out-as-morocco-prime-minister-by-december-31-2026,"Aziz Akhannouch out as Morocco Prime Minister by December 31, 2026?","Aziz Akhannouch out as Morocco Prime Minister by December 31, 2026?","This market will resolve to “Yes” if Aziz Akhannouch ceases to be Prime Minister of Morocco for any period of time between market creation and the specified date (ET). Otherwise, this market will resolve to “No”.

An announcement of Aziz Akhannouch's resignation/removal before this market's end date will immediately resolve this market to ""Yes"", regardless of when the announced resignation/removal goes into effect.

If the specified individual is detained, effectively removed from the specified position, or otherwise permanently prevented from fulfilling the duties of the specified position within this market’s timeframe, it will qualify for a “Yes” resolution.

The resolution source for this market will be official information from Aziz Akhannouch and the government of Morocco; however, a consensus of credible reporting may also be used.",,,aziz-akhannouch-out-as-morocco-prime-minister-by-december-31-2026,"Aziz Akhannouch out as Morocco Prime Minister by December 31, 2026?",168555.85309900003,4052.64977,False,2027-01-01T04:59:00Z,"[""49913535691357405888189005795777119729203074497784553050607906527813175648482"", ""107283612200874762627410448315233948227070614640181631187039818267842487558132""]",https://polymarket.com/market/aziz-akhannouch-out-as-morocco-prime-minister-by-december-31-2026,0x339d8be5cb57653a9ee63e07d216543622cdefb45eed81b1680e83887a2d7bc6
620682,opensea-fdv-above-5b-one-day-after-launch-919-666-825-992-543-333,Opensea FDV above $5B one day after launch?,Opensea FDV above $5B one day after launch?,"This market will resolve to ""Yes"" if the Fully Diluted Valuation of Opensea's token is greater than the value specified in the title 1 day after launch. Otherwise, the market will resolve to ""No.""

The token must be actively, publicly transferable and tradable to be considered a launch.

""1 day after launch"" is defined as 4:00 PM ET on the calendar day following launch. The resolution source for this market is the most liquid price source available. If Opensea doesn't launch a token by December 31, 2026, 11:59 PM ET, this market will resolve to ""No"".",,,opensea-fdv-above-one-day-after-launch,Opensea FDV above ___ one day after launch?,493297.0309329999,25888.45869,False,2027-01-01T05:00:00Z,"[""48038385638420877977396364502718350116889021443391903481044114768441218972760"", ""7742946842895540103245705204391121242771062476077199058127347573343705347619""]",https://polymarket.com/market/opensea-fdv-above-5b-one-day-after-launch-919-666-825-992-543-333,0xc20be6636f316125da44ca53f6631cc00086e9fba8e1ad8d9012ae20ee7006a8
622738,will-hyperliquid-perform-an-airdrop-by-december-31-2026,"Will Hyperliquid perform an airdrop by December 31, 2026? ","Will Hyperliquid perform an airdrop by December 31, 2026? ","This market will resolve to ""Yes"" if Hyperliquid performs a second airdrop by December 31, 2026, 11:59 PM ET. Otherwise, this market will resolve to ""No"".

For the purposes of this market ""locked"" tokens or non-swappable tokens will not suffice to resolve this market to ""Yes"". Airdrops of NFTs will not qualify.

The primary resolution source for this market is on-chain information and official information from Hyperliquid, however a consensus of credible reporting will also be used.",,,hyperliquid-airdop-by,Hyperliquid airdrop by ....? ,208021.77565699987,4463.1573,False,2027-01-01T04:59:00Z,"[""101513571766435454355723114188696307527864518980689079866102837918467349506537"", ""85487630954297906857427842745787851948079273488527800245673979479655643658539""]",https://polymarket.com/market/will-hyperliquid-perform-an-airdrop-by-december-31-2026,0xfa88bedd0403281fac1b3c8b310755040aabed8ba12ded1b2e3205a3d05a4a28
628936,will-rick-caruso-win-the-california-governor-election-in-2026,Will Rick Caruso win the California Governor Election in 2026?,Will Rick Caruso win the California Governor Election in 2026?,"This market will resolve to according to the candidate who wins the 2026 California gubernatorial election currently scheduled for November 3, 2026.

If the results of the election are not confirmed by July 31, 2027, this market will resolve to ""Other"".

The resolution source for this market is the Associated Press, Fox News, and NBC. This market will resolve once all three sources call the race for the same candidate. If all three sources haven’t called the race in this state for the same candidate, this market will resolve based on official certification.",,,california-governor-election-2026,California Governor Election Winner,1797456.8857100012,371323.20624,False,2026-11-04T04:59:00Z,"[""97079880955117270083666806029014143818118511996487378321036003805764596740938"", ""73799328493543642746052258800105969283549276628347936341883522913427814616433""]",https://polymarket.com/market/will-rick-caruso-win-the-california-governor-election-in-2026,0x046941ddc09a5420aae85108b94bec3e1d7a3290b4144346cfc37e125282f958
628937,will-alex-padilla-win-the-california-governor-election-in-2026,Will Alex Padilla win the California Governor Election in 2026?,Will Alex Padilla win the California Governor Election in 2026?,"This market will resolve to according to the candidate who wins the 2026 California gubernatorial election currently scheduled for November 3, 2026.

If the results of the election are not confirmed by July 31, 2027, this market will resolve to ""Other"".

The resolution source for this market is the Associated Press, Fox News, and NBC. This market will resolve once all three sources call the race for the same candidate. If all three sources haven’t called the race in this state for the same candidate, this market will resolve based on official certification.",,,california-governor-election-2026,California Governor Election Winner,1996698.5564449998,349405.20866,False,2026-11-04T04:59:00Z,"[""27917044669327306061079144978831477036721566699378308758417293047296113420189"", ""50335130575909019570481288261923539666549269210813804299376143524912825226013""]",https://polymarket.com/market/will-alex-padilla-win-the-california-governor-election-in-2026,0x433587daba653f972f1bf49d41712ff02a0e73196c3a498a1e9d8e80c6587861
628938,will-katie-porter-win-the-california-governor-election-in-2026,Will Katie Porter win the California Governor Election in 2026?,Will Katie Porter win the California Governor Election in 2026?,"This market will resolve to according to the candidate who wins the 2026 California gubernatorial election currently scheduled for November 3, 2026.

If the results of the election are not confirmed by July 31, 2027, this market will resolve to ""Other"".

The resolution source for this market is the Associated Press, Fox News, and NBC. This market will resolve once all three sources call the race for the same candidate. If all three sources haven’t called the race in this state for the same candidate, this market will resolve based on official certification.",,,california-governor-election-2026,California Governor Election Winner,1770153.0128619997,297548.67705,False,2027-08-01T03:59:00Z,"[""59961507866677494040607532131294205317570935112758647200306330458606615546543"", ""65318982358670048763344312757450206096555525736286943316108488774916591564841""]",https://polymarket.com/market/will-katie-porter-win-the-california-governor-election-in-2026,0x11375fe1cf6665bbdee0cba5c2d48be1dedafab87841bd2eb8bc778c0402f457
628939,will-antonio-villaraigosa-win-the-california-governor-election-in-2026,Will Antonio Villaraigosa win the California Governor Election in 2026?,Will Antonio Villaraigosa win the California Governor Election in 2026?,"This market will resolve to according to the candidate who wins the 2026 California gubernatorial election currently scheduled for November 3, 2026.

If the results of the election are not confirmed by July 31, 2027, this market will resolve to ""Other"".

The resolution source for this market is the Associated Press, Fox News, and NBC. This market will resolve once all three sources call the race for the same candidate. If all three sources haven’t called the race in this state for the same candidate, this market will resolve based on official certification.",,,california-governor-election-2026,California Governor Election Winner,1617980.0696640005,305771.84684,False,2026-11-04T04:59:00Z,"[""36414954588752207538819032120216717092589056211565128836805997597026535658896"", ""44412934698771801188882994107287469209323166573685641573116152091754947428221""]",https://polymarket.com/market/will-antonio-villaraigosa-win-the-california-governor-election-in-2026,0x555d4228698fed95802ef627c79ca8a16ff13680a7eef759311827f2c355fcf0
628940,will-steve-hilton-win-the-california-governor-election-in-2026,Will Steve Hilton win the California Governor Election in 2026?,Will Steve Hilton win the California Governor Election in 2026?,"This market will resolve to according to the candidate who wins the 2026 California gubernatorial election currently scheduled for November 3, 2026.

If the results of the election are not confirmed by July 31, 2027, this market will resolve to ""Other"".

The resolution source for this market is the Associated Press, Fox News, and NBC. This market will resolve once all three sources call the race for the same candidate. If all three sources haven’t called the race in this state for the same candidate, this market will resolve based on official certification.",,,california-governor-election-2026,California Governor Election Winner,3045979.2394169983,343677.29003,False,2026-11-04T04:59:00Z,"[""82742036522262670996662794097029680950132682539859985097974842241612036171395"", ""63644763464034691367428527733393916036342796100129702980469514153898496549749""]",https://polymarket.com/market/will-steve-hilton-win-the-california-governor-election-in-2026,0x119b6b3b744ac3239c7a71100165d254234eaecea401abde5a3d303bef21d19e
628941,will-xavier-becerra-win-the-california-governor-election-in-2026,Will Xavier Becerra win the California Governor Election in 2026?,Will Xavier Becerra win the California Governor Election in 2026?,"This market will resolve to according to the candidate who wins the 2026 California gubernatorial election currently scheduled for November 3, 2026.

If the results of the election are not confirmed by July 31, 2027, this market will resolve to ""Other"".

The resolution source for this market is the Associated Press, Fox News, and NBC. This market will resolve once all three sources call the race for the same candidate. If all three sources haven’t called the race in this state for the same candidate, this market will resolve based on official certification.",,,california-governor-election-2026,California Governor Election Winner,2073163.4365839993,83431.54658,False,2026-11-04T04:59:00Z,"[""60977129292396881848833910361112107174416489010090570432106122538120602786646"", ""42544248033910169115455586624331983477679665735561815306855702312176773945155""]",https://polymarket.com/market/will-xavier-becerra-win-the-california-governor-election-in-2026,0xa5d79e71e66c9fe122f8b8b3ca6ab7a0e3048bd8508f130746944e92ed79ddf3
628942,will-stephen-cloobeck-win-the-california-governor-election-in-2026,Will Stephen Cloobeck win the California Governor Election in 2026?,Will Stephen Cloobeck win the California Governor Election in 2026?,"This market will resolve to according to the candidate who wins the 2026 California gubernatorial election currently scheduled for November 3, 2026.

If the results of the election are not confirmed by July 31, 2027, this market will resolve to ""Other"".

The resolution source for this market is the Associated Press, Fox News, and NBC. This market will resolve once all three sources call the race for the same candidate. If all three sources haven’t called the race in this state for the same candidate, this market will resolve based on official certification.",,,california-governor-election-2026,California Governor Election Winner,1572637.2133450008,327728.48761,False,2026-11-04T04:59:00Z,"[""56625712760763435913938435276890711697397809531508832909291686351381221361003"", ""94282019692429898244765914743015954424414006454008188174485435019346878337357""]",https://polymarket.com/market/will-stephen-cloobeck-win-the-california-governor-election-in-2026,0xa0a62ba83d66d748a4df1e36efffe85746d1e2b3a43167701f83826599fb51e8
628943,will-butch-ware-win-the-california-governor-election-in-2026,Will Butch Ware win the California Governor Election in 2026?,Will Butch Ware win the California Governor Election in 2026?,"This market will resolve to according to the candidate who wins the 2026 California gubernatorial election currently scheduled for November 3, 2026.

If the results of the election are not confirmed by July 31, 2027, this market will resolve to ""Other"".

The resolution source for this market is the Associated Press, Fox News, and NBC. This market will resolve once all three sources call the race for the same candidate. If all three sources haven’t called the race in this state for the same candidate, this market will resolve based on official certification.",,,california-governor-election-2026,California Governor Election Winner,1313396.2176370001,350941.4205,False,2026-11-04T04:59:00Z,"[""5596862834696125721576904607560330168562395965947471642144909672400781563525"", ""881994954653360769083594209445149225970326541801329428580213904522684972596""]",https://polymarket.com/market/will-butch-ware-win-the-california-governor-election-in-2026,0xad80f8a007ce2dad75754998cc72f162b2b2eef2c6b1017b47add4f01974a5e8
628944,will-betty-yee-win-the-california-governor-election-in-2026,Will Betty Yee win the California Governor Election in 2026?,Will Betty Yee win the California Governor Election in 2026?,"This market will resolve to according to the candidate who wins the 2026 California gubernatorial election currently scheduled for November 3, 2026.

If the results of the election are not confirmed by July 31, 2027, this market will resolve to ""Other"".

The resolution source for this market is the Associated Press, Fox News, and NBC. This market will resolve once all three sources call the race for the same candidate. If all three sources haven’t called the race in this state for the same candidate, this market will resolve based on official certification.",,,california-governor-election-2026,California Governor Election Winner,1748030.82878201,353238.8214,False,2026-11-04T04:59:00Z,"[""70281793907385086211847388621294479535878334441733358377933099446528752678794"", ""293931606759594955581635245011649018332328205337615978953530347426124688732""]",https://polymarket.com/market/will-betty-yee-win-the-california-governor-election-in-2026,0x43cf1b93d1b5420b158346f0e6e2993432014c4c09a213a1240fa7426c1c5af8
628945,will-toni-atkins-win-the-california-governor-election-in-2026,Will Toni Atkins win the California Governor Election in 2026?,Will Toni Atkins win the California Governor Election in 2026?,"This market will resolve to according to the candidate who wins the 2026 California gubernatorial election currently scheduled for November 3, 2026.

If the results of the election are not confirmed by July 31, 2027, this market will resolve to ""Other"".

The resolution source for this market is the Associated Press, Fox News, and NBC. This market will resolve once all three sources call the race for the same candidate. If all three sources haven’t called the race in this state for the same candidate, this market will resolve based on official certification.",,,california-governor-election-2026,California Governor Election Winner,1557590.4929429996,350834.43939,False,2027-08-01T03:59:00Z,"[""46795587673242136909437201632973334679982713622973285707845177101454063819719"", ""99375319872931530523544259083156956326524999773821517509514488503099472787391""]",https://polymarket.com/market/will-toni-atkins-win-the-california-governor-election-in-2026,0x394b2be88763473da1df0943c934cfdc06cd33dea1c883cb178bfc56eb3a5c52
628946,will-kyle-langford-win-the-california-governor-election-in-2026,Will Kyle Langford win the California Governor Election in 2026?,Will Kyle Langford win the California Governor Election in 2026?,"This market will resolve to according to the candidate who wins the 2026 California gubernatorial election currently scheduled for November 3, 2026.

If the results of the election are not confirmed by July 31, 2027, this market will resolve to ""Other"".

The resolution source for this market is the Associated Press, Fox News, and NBC. This market will resolve once all three sources call the race for the same candidate. If all three sources haven’t called the race in this state for the same candidate, this market will resolve based on official certification.",,,california-governor-election-2026,California Governor Election Winner,1828758.5544080008,344093.95711,False,2026-11-04T04:59:00Z,"[""52687837122619369610030804114166340063089308639039605237541487600082955039632"", ""83703459654516617790889884620903326144241957891269455699710936489803414421783""]",https://polymarket.com/market/will-kyle-langford-win-the-california-governor-election-in-2026,0x0a46731134b06c151d4f939bec58e07d784ed50ed214141286fd8bc9561608a3
628947,will-chad-bianco-win-the-california-governor-election-in-2026,Will Chad Bianco win the California Governor Election in 2026?,Will Chad Bianco win the California Governor Election in 2026?,"This market will resolve to according to the candidate who wins the 2026 California gubernatorial election currently scheduled for November 3, 2026.

If the results of the election are not confirmed by July 31, 2027, this market will resolve to ""Other"".

The resolution source for this market is the Associated Press, Fox News, and NBC. This market will resolve once all three sources call the race for the same candidate. If all three sources haven’t called the race in this state for the same candidate, this market will resolve based on official certification.",,,california-governor-election-2026,California Governor Election Winner,1947367.904909,68176.21807,False,2026-11-04T04:59:00Z,"[""89694314427486889897766629507723742460669068230376416068996390119126818537632"", ""61757469317668577515958048784869874652534541383251022341140867651976647414109""]",https://polymarket.com/market/will-chad-bianco-win-the-california-governor-election-in-2026,0x1a5b898bbfa1e697c19afeef356d9c1a6ecb95d2493c31524d3c75f16f782c3e
628948,will-eleni-kounalakis-win-the-california-governor-election-in-2026,Will Eleni Kounalakis win the California Governor Election in 2026?,Will Eleni Kounalakis win the California Governor Election in 2026?,"This market will resolve to according to the candidate who wins the 2026 California gubernatorial election currently scheduled for November 3, 2026.

If the results of the election are not confirmed by July 31, 2027, this market will resolve to ""Other"".

The resolution source for this market is the Associated Press, Fox News, and NBC. This market will resolve once all three sources call the race for the same candidate. If all three sources haven’t called the race in this state for the same candidate, this market will resolve based on official certification.",,,california-governor-election-2026,California Governor Election Winner,1431188.698478,354993.27678,False,2026-11-04T04:59:00Z,"[""80001541196533445384638857826765844622336176247558086607183828472215016820926"", ""113010527531893939378789731087528072424814820644967573635491032088087882607051""]",https://polymarket.com/market/will-eleni-kounalakis-win-the-california-governor-election-in-2026,0x331cd65740d378b98427723b33b353c62241e7bdabfaa01daac48d9caf85b401
628949,will-daniel-mercuri-win-the-california-governor-election-in-2026,Will Daniel Mercuri win the California Governor Election in 2026?,Will Daniel Mercuri win the California Governor Election in 2026?,"This market will resolve to according to the candidate who wins the 2026 California gubernatorial election currently scheduled for November 3, 2026.

If the results of the election are not confirmed by July 31, 2027, this market will resolve to ""Other"".

The resolution source for this market is the Associated Press, Fox News, and NBC. This market will resolve once all three sources call the race for the same candidate. If all three sources haven’t called the race in this state for the same candidate, this market will resolve based on official certification.",,,california-governor-election-2026,California Governor Election Winner,1396557.537934,331609.4529,False,2026-11-04T04:59:00Z,"[""53943024503150115514653967017098517943934976181100661411753055914691662047501"", ""75489492325530832648282075587602621325711066054385688667973713801701368143377""]",https://polymarket.com/market/will-daniel-mercuri-win-the-california-governor-election-in-2026,0x44efa7a078d27c6bdec7ff1f82474adfdba4626a3fd4c3c668f3b81583020cae
628950,will-tony-thurmond-win-the-california-governor-election-in-2026,Will Tony Thurmond win the California Governor Election in 2026?,Will Tony Thurmond win the California Governor Election in 2026?,"This market will resolve to according to the candidate who wins the 2026 California gubernatorial election currently scheduled for November 3, 2026.

If the results of the election are not confirmed by July 31, 2027, this market will resolve to ""Other"".

The resolution source for this market is the Associated Press, Fox News, and NBC. This market will resolve once all three sources call the race for the same candidate. If all three sources haven’t called the race in this state for the same candidate, this market will resolve based on official certification.",,,california-governor-election-2026,California Governor Election Winner,1425729.3800370004,311481.7886,False,2026-11-04T04:59:00Z,"[""97702334451352897001337910972309092345221725844052357364009019821657345731021"", ""37257869624944300545566572508726001571198863449571674924675677764748235929449""]",https://polymarket.com/market/will-tony-thurmond-win-the-california-governor-election-in-2026,0xbaa911d1bdf7f43fafd9de773a43ec8ea00dd1c405a3c996e6f0f3ab365209e0
628951,will-michael-younger-win-the-california-governor-election-in-2026,Will Michael Younger win the California Governor Election in 2026?,Will Michael Younger win the California Governor Election in 2026?,"This market will resolve to according to the candidate who wins the 2026 California gubernatorial election currently scheduled for November 3, 2026.

If the results of the election are not confirmed by July 31, 2027, this market will resolve to ""Other"".

The resolution source for this market is the Associated Press, Fox News, and NBC. This market will resolve once all three sources call the race for the same candidate. If all three sources haven’t called the race in this state for the same candidate, this market will resolve based on official certification.",,,california-governor-election-2026,California Governor Election Winner,1546579.526996,344046.30679,False,2026-11-04T04:59:00Z,"[""110624820174512595032719547193919253929632091585224629966521372245175868300590"", ""78052805145186497763106949946349241872331133557584203095696789811879123891012""]",https://polymarket.com/market/will-michael-younger-win-the-california-governor-election-in-2026,0xc6564d7fc7bb20de273fd8383fa95322a1323c18bdd3b59e04ff1140e48d04a9
628952,will-leo-zacky-win-the-california-governor-election-in-2026,Will Leo Zacky win the California Governor Election in 2026?,Will Leo Zacky win the California Governor Election in 2026?,"This market will resolve to according to the candidate who wins the 2026 California gubernatorial election currently scheduled for November 3, 2026.

If the results of the election are not confirmed by July 31, 2027, this market will resolve to ""Other"".

The resolution source for this market is the Associated Press, Fox News, and NBC. This market will resolve once all three sources call the race for the same candidate. If all three sources haven’t called the race in this state for the same candidate, this market will resolve based on official certification.",,,california-governor-election-2026,California Governor Election Winner,1094831.237383,352436.50251,False,2026-11-04T04:59:00Z,"[""28995761858308797540202767490519720137865013282800276958339531394045469725185"", ""34658433917903107167353140871253742852508953395949523799435662258348239747235""]",https://polymarket.com/market/will-leo-zacky-win-the-california-governor-election-in-2026,0x06345583ca9b85eafb51253f4346029771b3802ec2715457235ddc58ef0b19c4
628953,will-nicole-shanahan-win-the-california-governor-election-in-2026,Will Nicole Shanahan win the California Governor Election in 2026?,Will Nicole Shanahan win the California Governor Election in 2026?,"This market will resolve to according to the candidate who wins the 2026 California gubernatorial election currently scheduled for November 3, 2026.

If the results of the election are not confirmed by July 31, 2027, this market will resolve to ""Other"".

The resolution source for this market is the Associated Press, Fox News, and NBC. This market will resolve once all three sources call the race for the same candidate. If all three sources haven’t called the race in this state for the same candidate, this market will resolve based on official certification.",,,california-governor-election-2026,California Governor Election Winner,1778282.9575949998,328643.32326,False,2026-11-04T04:59:00Z,"[""90209687118917041742612656238209836178607847566398364643125772743766012953994"", ""38551324461192554007394388780133761351986051077624435049036979094162025043348""]",https://polymarket.com/market/will-nicole-shanahan-win-the-california-governor-election-in-2026,0x5ff8465273252fdc32d12e91305d51133b87b5878464477141e2e6ca61b133e7
628954,will-eric-swalwell-win-the-california-governor-election-in-2026,Will Eric Swalwell win the California Governor Election in 2026?,Will Eric Swalwell win the California Governor Election in 2026?,"This market will resolve to according to the candidate who wins the 2026 California gubernatorial election currently scheduled for November 3, 2026.

If the results of the election are not confirmed by July 31, 2027, this market will resolve to ""Other"".

The resolution source for this market is the Associated Press, Fox News, and NBC. This market will resolve once all three sources call the race for the same candidate. If all three sources haven’t called the race in this state for the same candidate, this market will resolve based on official certification.",,,california-governor-election-2026,California Governor Election Winner,1497144.6744679997,304948.40283,False,2026-11-04T04:59:00Z,"[""53108492762804322790881187287769990850666506477078895895702280937595932013486"", ""68633013825434166548260511831725682590285985025675211357136649702023732503212""]",https://polymarket.com/market/will-eric-swalwell-win-the-california-governor-election-in-2026,0x957ddc82dc11959c5e6940b0239aecc050230c5b6ce8673bff21c14fe74bcb6e
628955,will-tom-steyer-win-the-california-governor-election-in-2026,Will Tom Steyer win the California Governor Election in 2026?,Will Tom Steyer win the California Governor Election in 2026?,"This market will resolve to according to the candidate who wins the 2026 California gubernatorial election currently scheduled for November 3, 2026.

If the results of the election are not confirmed by July 31, 2027, this market will resolve to ""Other"".

The resolution source for this market is the Associated Press, Fox News, and NBC. This market will resolve once all three sources call the race for the same candidate. If all three sources haven’t called the race in this state for the same candidate, this market will resolve based on official certification.",,,california-governor-election-2026,California Governor Election Winner,4797444.896218998,140838.48555,False,2026-11-04T04:59:00Z,"[""20705956847651355292903061592334315186019059728484478747049630947764308652621"", ""36038186568927998467509291483985866554521847803798174147820946484272760262519""]",https://polymarket.com/market/will-tom-steyer-win-the-california-governor-election-in-2026,0x8d62f20324e9e7f1a3c663ab6aac9a2f6e7adb96c6a69ac2cea7e08a71a7f2ef
628956,will-kamala-harris-win-the-california-governor-election-in-2026,Will Kamala Harris win the California Governor Election in 2026?,Will Kamala Harris win the California Governor Election in 2026?,"This market will resolve to according to the candidate who wins the 2026 California gubernatorial election currently scheduled for November 3, 2026.

If the results of the election are not confirmed by July 31, 2027, this market will resolve to ""Other"".

The resolution source for this market is the Associated Press, Fox News, and NBC. This market will resolve once all three sources call the race for the same candidate. If all three sources haven’t called the race in this state for the same candidate, this market will resolve based on official certification.",,,california-governor-election-2026,California Governor Election Winner,1567326.2499179994,290875.63083,False,2026-11-04T04:59:00Z,"[""73345090003108666594794151475505970950770375486703004280822578392488185094987"", ""108971146127809728720449629781835866416113811834896025898623358136784585942719""]",https://polymarket.com/market/will-kamala-harris-win-the-california-governor-election-in-2026,0x6d6b9d5f81726194e8e5969bc5fd9ad5aefcf9ebe836f44d734e3fe18c15a805
628957,will-matt-mahan-win-the-california-governor-election-in-2026,Will Matt Mahan win the California Governor Election in 2026?,Will Matt Mahan win the California Governor Election in 2026?,"This market will resolve to according to the candidate who wins the 2026 California gubernatorial election currently scheduled for November 3, 2026.

If the results of the election are not confirmed by July 31, 2027, this market will resolve to ""Other"".

The resolution source for this market is the Associated Press, Fox News, and NBC. This market will resolve once all three sources call the race for the same candidate. If all three sources haven’t called the race in this state for the same candidate, this market will resolve based on official certification.",,,california-governor-election-2026,California Governor Election Winner,1370456.5971219998,116320.94716,False,2026-11-04T04:59:00Z,"[""113017673827188867377109454527754982157460887938297582871131403025795572613918"", ""79955017462923061878809555241564377485121752430532900591057614800269144864244""]",https://polymarket.com/market/will-matt-mahan-win-the-california-governor-election-in-2026,0x58b0474e74a03480c439d50e13dd0b75146c3596e5a475f95e70035c90cee4ca
628958,will-elaine-culotti-win-the-california-governor-election-in-2026,Will Elaine Culotti win the California Governor Election in 2026?,Will Elaine Culotti win the California Governor Election in 2026?,"This market will resolve to according to the candidate who wins the 2026 California gubernatorial election currently scheduled for November 3, 2026.

If the results of the election are not confirmed by July 31, 2027, this market will resolve to ""Other"".

The resolution source for this market is the Associated Press, Fox News, and NBC. This market will resolve once all three sources call the race for the same candidate. If all three sources haven’t called the race in this state for the same candidate, this market will resolve based on official certification.",,,california-governor-election-2026,California Governor Election Winner,1262386.390675,355561.0163,False,2026-11-04T04:59:00Z,"[""89329355062605237215079217864055066686456963400867784649256501507552422672894"", ""96180910430648580331573313226755922305219521714535664049459295909767421453355""]",https://polymarket.com/market/will-elaine-culotti-win-the-california-governor-election-in-2026,0x83d00d2378c0f5bb34a3a8e9b009bde54f0ab34668bf6a456aec1e66bf961481
629030,will-karen-bass-win-the-2026-los-angeles-mayoral-election,Will Karen Bass win the 2026 Los Angeles mayoral election?,Will Karen Bass win the 2026 Los Angeles mayoral election?,"The 2026 Los Angeles mayoral election will be held on June 2, 2026, to elect the mayor of Los Angeles, California. If no candidate receives a majority of the vote, a runoff election will be held on November 3, 2026.

This market will resolve according to the candidate that wins the election.

The primary resolution source for this market will be a consensus of credible reporting; however, if there is any ambiguity in the results, this market will resolve according to official information from the City of Los Angeles.",,,los-angeles-mayoral-election-117,Los Angeles Mayoral Election,1221263.96348,134158.3655,False,2026-12-31T23:59:00Z,"[""21099887182068653164347641846316470453763034851874063977340528628016776716246"", ""34469274651136131348321516150438492438660307886630693950137200696755429925073""]",https://polymarket.com/market/will-karen-bass-win-the-2026-los-angeles-mayoral-election,0x0c9ada12c527451fbdd43c0397a8a006b8aaf2a01567ae069d37220b51937595
629040,will-nithya-raman-win-the-2026-los-angeles-mayoral-election-876,Will Nithya Raman win the 2026 Los Angeles mayoral election?,Will Nithya Raman win the 2026 Los Angeles mayoral election?,"The 2026 Los Angeles mayoral election will be held on June 2, 2026, to elect the mayor of Los Angeles, California. If no candidate receives a majority of the vote, a runoff election will be held on November 3, 2026.

This market will resolve according to the candidate that wins the election.

The primary resolution source for this market will be a consensus of credible reporting; however, if there is any ambiguity in the results, this market will resolve according to official information from the City of Los Angeles.",,,los-angeles-mayoral-election-117,Los Angeles Mayoral Election,2077468.9992020002,160492.2824,False,2026-12-31T23:59:00Z,"[""50292933818751585369672690878774599873941191925538325333138798248932182222864"", ""58507084608782512565480280053882807505189448738098588563704773804344223603355""]",https://polymarket.com/market/will-nithya-raman-win-the-2026-los-angeles-mayoral-election-876,0x694595d0a008f10e4701285d071e4b08407495f6f8a6bd8cbdd7de522fa9b463
629183,will-the-democrat-win-the-arizona-governor-race-in-2026,Will the Democrats win the Arizona governor race in 2026?,Will the Democrats win the Arizona governor race in 2026?,"This market will resolve according to the winner of the 2026 Arizona gubernatorial election.

A candidate shall be considered to represent a party in the event that he or she is the nominee of the party in question. Candidates other than the Democratic or Republican nominee (e.g., Greens, Libertarian, independent) may be added at a later date.

Candidates who run as independents will not be encompassed by the “Democrat” or “Republican” options regardless of any affiliation they may have with the party.

The candidates may be named in the contract for the convenience of traders. In the event that any named candidate is replaced as the nominee of their respective party prior to election day, the name in the contract will be updated and the market will resolve based on the replacement nominee of the party.

The resolution source for this market is the Associated Press, Fox News, and NBC. This market will resolve once all three sources call the race for the same candidate. If all three sources haven’t called the race in this state for the same candidate, this market will resolve based on the official certification.",,,arizona-governor-winner-2026,Arizona Governor Election Winner,37229.956583,49521.7426,False,,"[""48368039124533504674394545622809320495392482760644292167644042386014017726777"", ""2523036761393218729489135332182856159698268685360641264822465280431935747282""]",https://polymarket.com/market/will-the-democrat-win-the-arizona-governor-race-in-2026,0xaf874c80349379303164629c3962b1456f667ca1d44edf95e0474dd13483a4b3
629184,will-the-republican-win-the-arizona-governor-race-in-2026,Will the Republicans win the Arizona governor race in 2026?,Will the Republicans win the Arizona governor race in 2026?,"This market will resolve according to the winner of the 2026 Arizona gubernatorial election.

A candidate shall be considered to represent a party in the event that he or she is the nominee of the party in question. Candidates other than the Democratic or Republican nominee (e.g., Greens, Libertarian, independent) may be added at a later date.

Candidates who run as independents will not be encompassed by the “Democrat” or “Republican” options regardless of any affiliation they may have with the party.

The candidates may be named in the contract for the convenience of traders. In the event that any named candidate is replaced as the nominee of their respective party prior to election day, the name in the contract will be updated and the market will resolve based on the replacement nominee of the party.

The resolution source for this market is the Associated Press, Fox News, and NBC. This market will resolve once all three sources call the race for the same candidate. If all three sources haven’t called the race in this state for the same candidate, this market will resolve based on the official certification.",,,arizona-governor-winner-2026,Arizona Governor Election Winner,45815.29394200001,54657.8378,False,,"[""18859933834391393264997730047904836599784455493762567366530805521273388590339"", ""88124433300559247959309048268928728970816174095213461359357515260826164605193""]",https://polymarket.com/market/will-the-republican-win-the-arizona-governor-race-in-2026,0x8ccbfc876e2f979a0ab1423589abea04bb71512cc6bd5d9dbeef7f820b8f8e69
629270,will-the-democrats-win-the-alabama-governor-race-in-2026,Will the Democrats win the Alabama governor race in 2026?,Will the Democrats win the Alabama governor race in 2026?,"This market will resolve according to the winner of the 2026 Alabama gubernatorial election.

A candidate shall be considered to represent a party in the event that he or she is the nominee of the party in question. Candidates other than the Democratic or Republican nominee (e.g., Greens, Libertarian, independent) may be added at a later date.

Candidates who run as independents will not be encompassed by the “Democrat” or “Republican” options regardless of any affiliation they may have with the party.

The candidates may be named in the contract for the convenience of traders. In the event that any named candidate is replaced as the nominee of their respective party prior to election day, the name in the contract will be updated and the market will resolve based on the replacement nominee of the party.

The resolution source for this market is the Associated Press, Fox News, and NBC. This market will resolve once all three sources call the race for the same candidate. If all three sources haven’t called the race in this state for the same candidate, this market will resolve based on the official certification.",,,alabama-governor-winner-2026,Alabama Governor Election Winner,10961.028717999998,19003.94603,False,,"[""66799540193763442273153807390120946960260027428359861674134091731050086258652"", ""24047710826989921604302853982918619576361902127755708458471439265448576446915""]",https://polymarket.com/market/will-the-democrats-win-the-alabama-governor-race-in-2026,0xb180e9dc07c37633541744711a43aaa70bf3a537b6e669e8c16909c7af39f0ad
629271,will-the-republicans-win-the-alabama-governor-race-in-2026,Will the Republicans win the Alabama governor race in 2026?,Will the Republicans win the Alabama governor race in 2026?,"This market will resolve according to the winner of the 2026 Alabama gubernatorial election.

A candidate shall be considered to represent a party in the event that he or she is the nominee of the party in question. Candidates other than the Democratic or Republican nominee (e.g., Greens, Libertarian, independent) may be added at a later date.

Candidates who run as independents will not be encompassed by the “Democrat” or “Republican” options regardless of any affiliation they may have with the party.

The candidates may be named in the contract for the convenience of traders. In the event that any named candidate is replaced as the nominee of their respective party prior to election day, the name in the contract will be updated and the market will resolve based on the replacement nominee of the party.

The resolution source for this market is the Associated Press, Fox News, and NBC. This market will resolve once all three sources call the race for the same candidate. If all three sources haven’t called the race in this state for the same candidate, this market will resolve based on the official certification.",,,alabama-governor-winner-2026,Alabama Governor Election Winner,12291.308560000005,12819.16244,False,,"[""109054998942213692077271472955675949350077711784792442998941210738471587356514"", ""21394111175696078564277251080686998161963462347401624447476423901276480986629""]",https://polymarket.com/market/will-the-republicans-win-the-alabama-governor-race-in-2026,0x110170493c7d4c5d438a01dbab7390bdd58ded3321ac096221cf1040f2e9270b
629283,will-the-democrats-win-the-arkansas-governor-race-in-2026,Will the Democrats win the Arkansas governor race in 2026?,Will the Democrats win the Arkansas governor race in 2026?,"This market will resolve according to the winner of the 2026 Arkansas gubernatorial election.

A candidate shall be considered to represent a party in the event that he or she is the nominee of the party in question. Candidates other than the Democratic or Republican nominee (e.g., Greens, Libertarian, independent) may be added at a later date.

Candidates who run as independents will not be encompassed by the “Democrat” or “Republican” options regardless of any affiliation they may have with the party.

The candidates may be named in the contract for the convenience of traders. In the event that any named candidate is replaced as the nominee of their respective party prior to election day, the name in the contract will be updated and the market will resolve based on the replacement nominee of the party.

The resolution source for this market is the Associated Press, Fox News, and NBC. This market will resolve once all three sources call the race for the same candidate. If all three sources haven’t called the race in this state for the same candidate, this market will resolve based on the official certification.",,,arkansas-governor-winner-2026,Arkansas Governor Election Winner,1575.6877470000002,14066.19626,False,,"[""40899822988489523883534886021948522261134770684960257613447444387617827489093"", ""35030034494631681902294217492110758656618132724500445741909954480811382889848""]",https://polymarket.com/market/will-the-democrats-win-the-arkansas-governor-race-in-2026,0x3de9b3f645419a8d8441f814605dfca1577e7306bbbfea67b4e8f19ed9d97a1d
629284,will-the-republicans-win-the-arkansas-governor-race-in-2026,Will the Republicans win the Arkansas governor race in 2026?,Will the Republicans win the Arkansas governor race in 2026?,"This market will resolve according to the winner of the 2026 Arkansas gubernatorial election.

A candidate shall be considered to represent a party in the event that he or she is the nominee of the party in question. Candidates other than the Democratic or Republican nominee (e.g., Greens, Libertarian, independent) may be added at a later date.

Candidates who run as independents will not be encompassed by the “Democrat” or “Republican” options regardless of any affiliation they may have with the party.

The candidates may be named in the contract for the convenience of traders. In the event that any named candidate is replaced as the nominee of their respective party prior to election day, the name in the contract will be updated and the market will resolve based on the replacement nominee of the party.

The resolution source for this market is the Associated Press, Fox News, and NBC. This market will resolve once all three sources call the race for the same candidate. If all three sources haven’t called the race in this state for the same candidate, this market will resolve based on the official certification.",,,arkansas-governor-winner-2026,Arkansas Governor Election Winner,9458.868538999996,18116.5392,False,,"[""102338577209265315381870206199608266895858545057511455426333199851251620807909"", ""108244966340188405225591538806662687422650826116902649764794167749158072655084""]",https://polymarket.com/market/will-the-republicans-win-the-arkansas-governor-race-in-2026,0xdab2a45cdb460dde36d3ef90e89222f5251bfbc6d6b721764803d8d95bdab6a7
629296,will-the-democrats-win-the-colorado-governor-race-in-2026,Will the Democrats win the Colorado governor race in 2026?,Will the Democrats win the Colorado governor race in 2026?,"This market will resolve according to the winner of the 2026 Colorado gubernatorial election.

A candidate shall be considered to represent a party in the event that he or she is the nominee of the party in question. Candidates other than the Democratic or Republican nominee (e.g., Greens, Libertarian, independent) may be added at a later date.

Candidates who run as independents will not be encompassed by the “Democrat” or “Republican” options regardless of any affiliation they may have with the party.

The candidates may be named in the contract for the convenience of traders. In the event that any named candidate is replaced as the nominee of their respective party prior to election day, the name in the contract will be updated and the market will resolve based on the replacement nominee of the party.

The resolution source for this market is the Associated Press, Fox News, and NBC. This market will resolve once all three sources call the race for the same candidate. If all three sources haven’t called the race in this state for the same candidate, this market will resolve based on the official certification.",,,colorado-governor-winner-2026,Colorado Governor Election Winner,10547.973217000002,19832.32377,False,,"[""13561110222018578357785114619723468880952494576477687978085608584743809891728"", ""23240918648754624979648235652725215687566970949759632721271689666058289934523""]",https://polymarket.com/market/will-the-democrats-win-the-colorado-governor-race-in-2026,0x15de5f99db14dd323df50b4c0af7d756cea681bdc3adbe1f1b6be7194a59c978
629297,will-the-republicans-win-the-colorado-governor-race-in-2026,Will the Republicans win the Colorado governor race in 2026?,Will the Republicans win the Colorado governor race in 2026?,"This market will resolve according to the winner of the 2026 Colorado gubernatorial election.

A candidate shall be considered to represent a party in the event that he or she is the nominee of the party in question. Candidates other than the Democratic or Republican nominee (e.g., Greens, Libertarian, independent) may be added at a later date.

Candidates who run as independents will not be encompassed by the “Democrat” or “Republican” options regardless of any affiliation they may have with the party.

The candidates may be named in the contract for the convenience of traders. In the event that any named candidate is replaced as the nominee of their respective party prior to election day, the name in the contract will be updated and the market will resolve based on the replacement nominee of the party.

The resolution source for this market is the Associated Press, Fox News, and NBC. This market will resolve once all three sources call the race for the same candidate. If all three sources haven’t called the race in this state for the same candidate, this market will resolve based on the official certification.",,,colorado-governor-winner-2026,Colorado Governor Election Winner,5880.383072,15908.15058,False,,"[""17546916569546560082654809047780534438941220653259855302022567325162996913878"", ""99678455340473466359487157107548906800078148061788837551165683023089300945639""]",https://polymarket.com/market/will-the-republicans-win-the-colorado-governor-race-in-2026,0x9cf6302c34e0533635870c02bf46c601b0e3a2c3ac617e62a719a2cf8b1b5ca5
629311,will-the-democrats-win-the-connecticut-governor-race-in-2026,Will the Democrats win the Connecticut governor race in 2026?,Will the Democrats win the Connecticut governor race in 2026?,"This market will resolve according to the winner of the 2026 Connecticut gubernatorial election.

A candidate shall be considered to represent a party in the event that he or she is the nominee of the party in question. Candidates other than the Democratic or Republican nominee (e.g., Greens, Libertarian, independent) may be added at a later date.

Candidates who run as independents will not be encompassed by the “Democrat” or “Republican” options regardless of any affiliation they may have with the party.

The candidates may be named in the contract for the convenience of traders. In the event that any named candidate is replaced as the nominee of their respective party prior to election day, the name in the contract will be updated and the market will resolve based on the replacement nominee of the party.

The resolution source for this market is the Associated Press, Fox News, and NBC. This market will resolve once all three sources call the race for the same candidate. If all three sources haven’t called the race in this state for the same candidate, this market will resolve based on the official certification.",,,connecticut-governor-winner-2026,Connecticut Governor Election Winner,5555.258433000001,13158.00024,False,,"[""94716743709853585469973889676994451123824166409123282527490222914006156870020"", ""79903668476273078904167389486657973102725695126491520283526754047409624544734""]",https://polymarket.com/market/will-the-democrats-win-the-connecticut-governor-race-in-2026,0x86ffa053e9aae00a47623b4806e35805df241e6ad28328727f01d29aadd4fe4f
629312,will-the-republicans-win-the-connecticut-governor-race-in-2026,Will the Republicans win the Connecticut governor race in 2026?,Will the Republicans win the Connecticut governor race in 2026?,"This market will resolve according to the winner of the 2026 Connecticut gubernatorial election.

A candidate shall be considered to represent a party in the event that he or she is the nominee of the party in question. Candidates other than the Democratic or Republican nominee (e.g., Greens, Libertarian, independent) may be added at a later date.

Candidates who run as independents will not be encompassed by the “Democrat” or “Republican” options regardless of any affiliation they may have with the party.

The candidates may be named in the contract for the convenience of traders. In the event that any named candidate is replaced as the nominee of their respective party prior to election day, the name in the contract will be updated and the market will resolve based on the replacement nominee of the party.

The resolution source for this market is the Associated Press, Fox News, and NBC. This market will resolve once all three sources call the race for the same candidate. If all three sources haven’t called the race in this state for the same candidate, this market will resolve based on the official certification.",,,connecticut-governor-winner-2026,Connecticut Governor Election Winner,3795.4482759999996,18499.60614,False,,"[""28222949582692352334110457056784683609708218641745397767642367585928375878193"", ""3641056676837946671256477781020225557556713248985258428151086443592289606284""]",https://polymarket.com/market/will-the-republicans-win-the-connecticut-governor-race-in-2026,0xb8fffc8e9845c3b07ca737a9b1ec925bbe1ef5105c1255110329bdf78cedebf9
629324,will-the-democrats-win-the-florida-governor-race-in-2026,Will the Democrats win the Florida governor race in 2026?,Will the Democrats win the Florida governor race in 2026?,"This market will resolve according to the winner of the 2026 Florida gubernatorial election.

A candidate shall be considered to represent a party in the event that he or she is the nominee of the party in question. Candidates other than the Democratic or Republican nominee (e.g., Greens, Libertarian, independent) may be added at a later date.

Candidates who run as independents will not be encompassed by the “Democrat” or “Republican” options regardless of any affiliation they may have with the party.

The candidates may be named in the contract for the convenience of traders. In the event that any named candidate is replaced as the nominee of their respective party prior to election day, the name in the contract will be updated and the market will resolve based on the replacement nominee of the party.

The resolution source for this market is the Associated Press, Fox News, and NBC. This market will resolve once all three sources call the race for the same candidate. If all three sources haven’t called the race in this state for the same candidate, this market will resolve based on the official certification.",,,florida-governor-winner-2026,Florida Governor Election Winner,119901.70016899997,92680.1132,False,,"[""45666577334498374671436529469006420565255125221309505855441517627481607414492"", ""83106526449876874573813297184176954494008138834292248374570211745966785088569""]",https://polymarket.com/market/will-the-democrats-win-the-florida-governor-race-in-2026,0x22492ab0d5c936a0c8b24e241bcbe959ee4d7e52f227a8d128d38a025316eb85
629325,will-the-republicans-win-the-florida-governor-race-in-2026,Will the Republicans win the Florida governor race in 2026?,Will the Republicans win the Florida governor race in 2026?,"This market will resolve according to the winner of the 2026 Florida gubernatorial election.

A candidate shall be considered to represent a party in the event that he or she is the nominee of the party in question. Candidates other than the Democratic or Republican nominee (e.g., Greens, Libertarian, independent) may be added at a later date.

Candidates who run as independents will not be encompassed by the “Democrat” or “Republican” options regardless of any affiliation they may have with the party.

The candidates may be named in the contract for the convenience of traders. In the event that any named candidate is replaced as the nominee of their respective party prior to election day, the name in the contract will be updated and the market will resolve based on the replacement nominee of the party.

The resolution source for this market is the Associated Press, Fox News, and NBC. This market will resolve once all three sources call the race for the same candidate. If all three sources haven’t called the race in this state for the same candidate, this market will resolve based on the official certification.",,,florida-governor-winner-2026,Florida Governor Election Winner,104365.10425099998,64656.6477,False,,"[""107409796822153809778143872196236532785178617102787858261374110829112218839748"", ""47371207337429105795077789605234118169598966393033859219795208509845903311456""]",https://polymarket.com/market/will-the-republicans-win-the-florida-governor-race-in-2026,0xcceae66d81c60f90c9679ab531b865bd7e9f95cc54f7b0634a24095519b10d65
629337,will-the-democrats-win-the-georgia-governor-race-in-2026,Will the Democrats win the Georgia governor race in 2026?,Will the Democrats win the Georgia governor race in 2026?,"This market will resolve according to the winner of the 2026 Georgia gubernatorial election.

A candidate shall be considered to represent a party in the event that he or she is the nominee of the party in question. Candidates other than the Democratic or Republican nominee (e.g., Greens, Libertarian, independent) may be added at a later date.

Candidates who run as independents will not be encompassed by the “Democrat” or “Republican” options regardless of any affiliation they may have with the party.

The candidates may be named in the contract for the convenience of traders. In the event that any named candidate is replaced as the nominee of their respective party prior to election day, the name in the contract will be updated and the market will resolve based on the replacement nominee of the party.

The resolution source for this market is the Associated Press, Fox News, and NBC. This market will resolve once all three sources call the race for the same candidate. If all three sources haven’t called the race in this state for the same candidate, this market will resolve based on the official certification.",,,georgia-governor-winner-2026,Georgia Governor Election Winner,66717.12419200002,41822.9315,False,,"[""59980150909931986777748227027020522224275707387562276219060223816867188565245"", ""29426800815897155175757951733656404312185134543823956306564757069451562558732""]",https://polymarket.com/market/will-the-democrats-win-the-georgia-governor-race-in-2026,0x73a9911393e7bd2262904c4413d9614f68bb6290ddf7d88ed607f1562d08fb05
629338,will-the-republicans-win-the-georgia-governor-race-in-2026,Will the Republicans win the Georgia governor race in 2026?,Will the Republicans win the Georgia governor race in 2026?,"This market will resolve according to the winner of the 2026 Georgia gubernatorial election.

A candidate shall be considered to represent a party in the event that he or she is the nominee of the party in question. Candidates other than the Democratic or Republican nominee (e.g., Greens, Libertarian, independent) may be added at a later date.

Candidates who run as independents will not be encompassed by the “Democrat” or “Republican” options regardless of any affiliation they may have with the party.

The candidates may be named in the contract for the convenience of traders. In the event that any named candidate is replaced as the nominee of their respective party prior to election day, the name in the contract will be updated and the market will resolve based on the replacement nominee of the party.

The resolution source for this market is the Associated Press, Fox News, and NBC. This market will resolve once all three sources call the race for the same candidate. If all three sources haven’t called the race in this state for the same candidate, this market will resolve based on the official certification.",,,georgia-governor-winner-2026,Georgia Governor Election Winner,57919.051056000004,38909.1286,False,,"[""17555504943162344098534978138053308162738914357892515623100381936995379845407"", ""53502088681539225888217182746120417070419934602682782293991096287838014660594""]",https://polymarket.com/market/will-the-republicans-win-the-georgia-governor-race-in-2026,0x71c05b735300b6087ff5588bcc7e83fecf009293d794f613c63c92ea8a16fb2b
629350,will-the-democrats-win-the-hawaii-governor-race-in-2026,Will the Democrats win the Hawaii governor race in 2026?,Will the Democrats win the Hawaii governor race in 2026?,"This market will resolve according to the winner of the 2026 Hawaii gubernatorial election.

A candidate shall be considered to represent a party in the event that he or she is the nominee of the party in question. Candidates other than the Democratic or Republican nominee (e.g., Greens, Libertarian, independent) may be added at a later date.

Candidates who run as independents will not be encompassed by the “Democrat” or “Republican” options regardless of any affiliation they may have with the party.

The candidates may be named in the contract for the convenience of traders. In the event that any named candidate is replaced as the nominee of their respective party prior to election day, the name in the contract will be updated and the market will resolve based on the replacement nominee of the party.

The resolution source for this market is the Associated Press, Fox News, and NBC. This market will resolve once all three sources call the race for the same candidate. If all three sources haven’t called the race in this state for the same candidate, this market will resolve based on the official certification.",,,hawaii-governor-winner-2026,Hawaii Governor Election Winner,7053.722167000001,15276.98128,False,,"[""110136962687751258520353298894226275160632723246908859759371791290370868364654"", ""115156135737411153581543130004616889013481834144163536136083461936312640716888""]",https://polymarket.com/market/will-the-democrats-win-the-hawaii-governor-race-in-2026,0x72cae644cd7309b4a0f7c028393e56a1fe090d89fdb5388019f974c7fcc0e942
629351,will-the-republicans-win-the-hawaii-governor-race-in-2026,Will the Republicans win the Hawaii governor race in 2026?,Will the Republicans win the Hawaii governor race in 2026?,"This market will resolve according to the winner of the 2026 Hawaii gubernatorial election.

A candidate shall be considered to represent a party in the event that he or she is the nominee of the party in question. Candidates other than the Democratic or Republican nominee (e.g., Greens, Libertarian, independent) may be added at a later date.

Candidates who run as independents will not be encompassed by the “Democrat” or “Republican” options regardless of any affiliation they may have with the party.

The candidates may be named in the contract for the convenience of traders. In the event that any named candidate is replaced as the nominee of their respective party prior to election day, the name in the contract will be updated and the market will resolve based on the replacement nominee of the party.

The resolution source for this market is the Associated Press, Fox News, and NBC. This market will resolve once all three sources call the race for the same candidate. If all three sources haven’t called the race in this state for the same candidate, this market will resolve based on the official certification.",,,hawaii-governor-winner-2026,Hawaii Governor Election Winner,9309.883987000001,16753.28726,False,,"[""6206829575409742132406519993328718521258147411060807019224318077365646262406"", ""100353087113074450324456811106016314839007387223599641723313349068598740344021""]",https://polymarket.com/market/will-the-republicans-win-the-hawaii-governor-race-in-2026,0x8df7be57234cff8d6eeae0d4498704fc24a81e85698d4739e1acb2007ed77c43
629363,will-the-democrats-win-the-idaho-governor-race-in-2026,Will the Democrats win the Idaho governor race in 2026?,Will the Democrats win the Idaho governor race in 2026?,"This market will resolve according to the winner of the 2026 Idaho gubernatorial election.

A candidate shall be considered to represent a party in the event that he or she is the nominee of the party in question. Candidates other than the Democratic or Republican nominee (e.g., Greens, Libertarian, independent) may be added at a later date.

Candidates who run as independents will not be encompassed by the “Democrat” or “Republican” options regardless of any affiliation they may have with the party.

The candidates may be named in the contract for the convenience of traders. In the event that any named candidate is replaced as the nominee of their respective party prior to election day, the name in the contract will be updated and the market will resolve based on the replacement nominee of the party.

The resolution source for this market is the Associated Press, Fox News, and NBC. This market will resolve once all three sources call the race for the same candidate. If all three sources haven’t called the race in this state for the same candidate, this market will resolve based on the official certification.",,,idaho-governor-winner-2026,Idaho Governor Election Winner,4315.027614999999,13917.88157,False,,"[""33422454484664318134839474897555797731651253833609657227452504228201243908837"", ""40571564745590344089989477714526464580243500116795170298523584156719369881208""]",https://polymarket.com/market/will-the-democrats-win-the-idaho-governor-race-in-2026,0x81cde924d7270bf4a45ba85b6d324bf26b7078a26def647277dacd3370176e24
629364,will-the-republicans-win-the-idaho-governor-race-in-2026,Will the Republicans win the Idaho governor race in 2026?,Will the Republicans win the Idaho governor race in 2026?,"This market will resolve according to the winner of the 2026 Idaho gubernatorial election.

A candidate shall be considered to represent a party in the event that he or she is the nominee of the party in question. Candidates other than the Democratic or Republican nominee (e.g., Greens, Libertarian, independent) may be added at a later date.

Candidates who run as independents will not be encompassed by the “Democrat” or “Republican” options regardless of any affiliation they may have with the party.

The candidates may be named in the contract for the convenience of traders. In the event that any named candidate is replaced as the nominee of their respective party prior to election day, the name in the contract will be updated and the market will resolve based on the replacement nominee of the party.

The resolution source for this market is the Associated Press, Fox News, and NBC. This market will resolve once all three sources call the race for the same candidate. If all three sources haven’t called the race in this state for the same candidate, this market will resolve based on the official certification.",,,idaho-governor-winner-2026,Idaho Governor Election Winner,22212.42146300002,13080.28867,False,,"[""87236158376775117473663657833358313384905412589236150240764095508530872387075"", ""82634422298850840881183023689039409946597074068273164314419715554438926559829""]",https://polymarket.com/market/will-the-republicans-win-the-idaho-governor-race-in-2026,0x60ca789c3914e542823bc01188d432a26d4a53fdc09f7dead731f9f9c603db94
629376,will-the-democrats-win-the-illinois-governor-race-in-2026,Will the Democrats win the Illinois governor race in 2026?,Will the Democrats win the Illinois governor race in 2026?,"This market will resolve according to the winner of the 2026 Illinois gubernatorial election.

A candidate shall be considered to represent a party in the event that he or she is the nominee of the party in question. Candidates other than the Democratic or Republican nominee (e.g., Greens, Libertarian, independent) may be added at a later date.

Candidates who run as independents will not be encompassed by the “Democrat” or “Republican” options regardless of any affiliation they may have with the party.

The candidates may be named in the contract for the convenience of traders. In the event that any named candidate is replaced as the nominee of their respective party prior to election day, the name in the contract will be updated and the market will resolve based on the replacement nominee of the party.

The resolution source for this market is the Associated Press, Fox News, and NBC. This market will resolve once all three sources call the race for the same candidate. If all three sources haven’t called the race in this state for the same candidate, this market will resolve based on the official certification.",,,illinois-governor-winner-2026,Illinois Governor Election Winner,5590.473128,12827.61457,False,,"[""23435178151774440115423538812688705649247609803850018642847000556068202005554"", ""77478268313210841142065181291293453793679683521836424926635787111097653950699""]",https://polymarket.com/market/will-the-democrats-win-the-illinois-governor-race-in-2026,0xce462d7dd2fcb06b3eeb9718a1489349fe2ae0ee84f10c8e6c0a1d40cc967c48
629377,will-the-republicans-win-the-illinois-governor-race-in-2026,Will the Republicans win the Illinois governor race in 2026?,Will the Republicans win the Illinois governor race in 2026?,"This market will resolve according to the winner of the 2026 Illinois gubernatorial election.

A candidate shall be considered to represent a party in the event that he or she is the nominee of the party in question. Candidates other than the Democratic or Republican nominee (e.g., Greens, Libertarian, independent) may be added at a later date.

Candidates who run as independents will not be encompassed by the “Democrat” or “Republican” options regardless of any affiliation they may have with the party.

The candidates may be named in the contract for the convenience of traders. In the event that any named candidate is replaced as the nominee of their respective party prior to election day, the name in the contract will be updated and the market will resolve based on the replacement nominee of the party.

The resolution source for this market is the Associated Press, Fox News, and NBC. This market will resolve once all three sources call the race for the same candidate. If all three sources haven’t called the race in this state for the same candidate, this market will resolve based on the official certification.",,,illinois-governor-winner-2026,Illinois Governor Election Winner,6307.915494,15609.37319,False,,"[""84456939894380206199554748929444222951802944556070526261308395410636849018567"", ""88155146065463355811852801401879409201325988911214097064440702203630027364013""]",https://polymarket.com/market/will-the-republicans-win-the-illinois-governor-race-in-2026,0x71a296ae16844c65e3e65f89958177b74965386e2e46f5519b6c3e64e69ba0b2
629397,will-the-democrats-win-the-iowa-governor-race-in-2026,Will the Democrats win the Iowa governor race in 2026?,Will the Democrats win the Iowa governor race in 2026?,"This market will resolve according to the winner of the 2026 Iowa gubernatorial election.

A candidate shall be considered to represent a party in the event that he or she is the nominee of the party in question. Candidates other than the Democratic or Republican nominee (e.g., Greens, Libertarian, independent) may be added at a later date.

Candidates who run as independents will not be encompassed by the “Democrat” or “Republican” options regardless of any affiliation they may have with the party.

The candidates may be named in the contract for the convenience of traders. In the event that any named candidate is replaced as the nominee of their respective party prior to election day, the name in the contract will be updated and the market will resolve based on the replacement nominee of the party.

The resolution source for this market is the Associated Press, Fox News, and NBC. This market will resolve once all three sources call the race for the same candidate. If all three sources haven’t called the race in this state for the same candidate, this market will resolve based on the official certification.",,,iowa-governor-winner-2026,Iowa Governor Election Winner,44176.04275000001,17033.6807,False,,"[""45621938709469399887344165091123819127263258871102896783851049824656362940868"", ""72286694793480540627539910984935225027717415042902477334885085671426791945028""]",https://polymarket.com/market/will-the-democrats-win-the-iowa-governor-race-in-2026,0xd73a3ca0e0544f2b5bd4f32fca4a7d4fb691a260b431f5afa58f52a41c13d896
629398,will-the-republicans-win-the-iowa-governor-race-in-2026,Will the Republicans win the Iowa governor race in 2026?,Will the Republicans win the Iowa governor race in 2026?,"This market will resolve according to the winner of the 2026 Iowa gubernatorial election.

A candidate shall be considered to represent a party in the event that he or she is the nominee of the party in question. Candidates other than the Democratic or Republican nominee (e.g., Greens, Libertarian, independent) may be added at a later date.

Candidates who run as independents will not be encompassed by the “Democrat” or “Republican” options regardless of any affiliation they may have with the party.

The candidates may be named in the contract for the convenience of traders. In the event that any named candidate is replaced as the nominee of their respective party prior to election day, the name in the contract will be updated and the market will resolve based on the replacement nominee of the party.

The resolution source for this market is the Associated Press, Fox News, and NBC. This market will resolve once all three sources call the race for the same candidate. If all three sources haven’t called the race in this state for the same candidate, this market will resolve based on the official certification.",,,iowa-governor-winner-2026,Iowa Governor Election Winner,51890.68648900001,33711.4785,False,,"[""35744753605838865227961720864928711626409257515092566128191701940968999011763"", ""66995205093020988805717868805435346915682775248431420622150164310292956433386""]",https://polymarket.com/market/will-the-republicans-win-the-iowa-governor-race-in-2026,0x26d2b09d5f5d5bfd520454b3e896f368672f3a9ee542e0af6ef08e3a25e445b0
629412,will-the-democrats-win-the-kansas-governor-race-in-2026,Will the Democrats win the Kansas governor race in 2026?,Will the Democrats win the Kansas governor race in 2026?,"This market will resolve according to the winner of the 2026 Kansas gubernatorial election.

A candidate shall be considered to represent a party in the event that he or she is the nominee of the party in question. Candidates other than the Democratic or Republican nominee (e.g., Greens, Libertarian, independent) may be added at a later date.

Candidates who run as independents will not be encompassed by the “Democrat” or “Republican” options regardless of any affiliation they may have with the party.

The candidates may be named in the contract for the convenience of traders. In the event that any named candidate is replaced as the nominee of their respective party prior to election day, the name in the contract will be updated and the market will resolve based on the replacement nominee of the party.

The resolution source for this market is the Associated Press, Fox News, and NBC. This market will resolve once all three sources call the race for the same candidate. If all three sources haven’t called the race in this state for the same candidate, this market will resolve based on the official certification.",,,kansas-governor-winner-2026,Kansas Governor Election Winner,16733.828640999996,26431.9375,False,,"[""79484096963248498578517243733071571984223432387663163312687533493173144145268"", ""29394102154625046234624466923627257102948178230785334718764086258965622150946""]",https://polymarket.com/market/will-the-democrats-win-the-kansas-governor-race-in-2026,0x457e4d4fc56ca3836fccb7a8bf539c787504ac841a933d65f5de0736fcae2567
629413,will-the-republicans-win-the-kansas-governor-race-in-2026,Will the Republicans win the Kansas governor race in 2026?,Will the Republicans win the Kansas governor race in 2026?,"This market will resolve according to the winner of the 2026 Kansas gubernatorial election.

A candidate shall be considered to represent a party in the event that he or she is the nominee of the party in question. Candidates other than the Democratic or Republican nominee (e.g., Greens, Libertarian, independent) may be added at a later date.

Candidates who run as independents will not be encompassed by the “Democrat” or “Republican” options regardless of any affiliation they may have with the party.

The candidates may be named in the contract for the convenience of traders. In the event that any named candidate is replaced as the nominee of their respective party prior to election day, the name in the contract will be updated and the market will resolve based on the replacement nominee of the party.

The resolution source for this market is the Associated Press, Fox News, and NBC. This market will resolve once all three sources call the race for the same candidate. If all three sources haven’t called the race in this state for the same candidate, this market will resolve based on the official certification.",,,kansas-governor-winner-2026,Kansas Governor Election Winner,28696.147352999997,12539.9713,False,,"[""63693837389044553718411703128182914158332390182546987000527783026710645197027"", ""67083865982621347962588306486968672865410439281803783157758359046366394195666""]",https://polymarket.com/market/will-the-republicans-win-the-kansas-governor-race-in-2026,0xfb866625fdfccc5a58ab7f1b53d6c7b5ac214ee38fa38668312b4adc2ee2c1d0
629425,will-the-democrats-win-the-maine-governor-race-in-2026,Will the Democrats win the Maine governor race in 2026?,Will the Democrats win the Maine governor race in 2026?,"This market will resolve according to the winner of the 2026 Maine gubernatorial election.

A candidate shall be considered to represent a party in the event that he or she is the nominee of the party in question. Candidates other than the Democratic or Republican nominee (e.g., Greens, Libertarian, independent) may be added at a later date.

Candidates who run as independents will not be encompassed by the “Democrat” or “Republican” options regardless of any affiliation they may have with the party.

The candidates may be named in the contract for the convenience of traders. In the event that any named candidate is replaced as the nominee of their respective party prior to election day, the name in the contract will be updated and the market will resolve based on the replacement nominee of the party.

The resolution source for this market is the Associated Press, Fox News, and NBC. This market will resolve once all three sources call the race for the same candidate. If all three sources haven’t called the race in this state for the same candidate, this market will resolve based on the official certification.",,,maine-governor-winner-2026,Maine Governor Election Winner,26846.034601,17957.29209,False,,"[""92845243966002494782242842696395378111295494684532387488276103452077216171518"", ""24881767450639056263521368837377769213210166022664275303369919457991423602034""]",https://polymarket.com/market/will-the-democrats-win-the-maine-governor-race-in-2026,0xd8ebecf28c4b6148a515c247e65230ae7990f5626ef8202841135b2b6963a9b9
629426,will-the-republicans-win-the-maine-governor-race-in-2026,Will the Republicans win the Maine governor race in 2026?,Will the Republicans win the Maine governor race in 2026?,"This market will resolve according to the winner of the 2026 Maine gubernatorial election.

A candidate shall be considered to represent a party in the event that he or she is the nominee of the party in question. Candidates other than the Democratic or Republican nominee (e.g., Greens, Libertarian, independent) may be added at a later date.

Candidates who run as independents will not be encompassed by the “Democrat” or “Republican” options regardless of any affiliation they may have with the party.

The candidates may be named in the contract for the convenience of traders. In the event that any named candidate is replaced as the nominee of their respective party prior to election day, the name in the contract will be updated and the market will resolve based on the replacement nominee of the party.

The resolution source for this market is the Associated Press, Fox News, and NBC. This market will resolve once all three sources call the race for the same candidate. If all three sources haven’t called the race in this state for the same candidate, this market will resolve based on the official certification.",,,maine-governor-winner-2026,Maine Governor Election Winner,8006.511174999999,20420.09184,False,,"[""77900872247159891045693614974240851672235710405168744753050508553885061962390"", ""39427014826257060612750295323428415519029045306172068408478691177307792399817""]",https://polymarket.com/market/will-the-republicans-win-the-maine-governor-race-in-2026,0x9654f26388e982fb566059486d3af4ded2f80564ea32ec0af4b51e04f1c02a07
629438,will-the-democrats-win-the-maryland-governor-race-in-2026,Will the Democrats win the Maryland governor race in 2026?,Will the Democrats win the Maryland governor race in 2026?,"This market will resolve according to the winner of the 2026 Maryland gubernatorial election.

A candidate shall be considered to represent a party in the event that he or she is the nominee of the party in question. Candidates other than the Democratic or Republican nominee (e.g., Greens, Libertarian, independent) may be added at a later date.

Candidates who run as independents will not be encompassed by the “Democrat” or “Republican” options regardless of any affiliation they may have with the party.

The candidates may be named in the contract for the convenience of traders. In the event that any named candidate is replaced as the nominee of their respective party prior to election day, the name in the contract will be updated and the market will resolve based on the replacement nominee of the party.

The resolution source for this market is the Associated Press, Fox News, and NBC. This market will resolve once all three sources call the race for the same candidate. If all three sources haven’t called the race in this state for the same candidate, this market will resolve based on the official certification.",,,maryland-governor-winner-2026,Maryland Governor Election Winner,13501.844070000001,22268.88478,False,,"[""21509039698927424303190259436702262868147960450053769072201076877922760800234"", ""61059317298180515598301968520737758441265273977469929832715117586893344185237""]",https://polymarket.com/market/will-the-democrats-win-the-maryland-governor-race-in-2026,0x88830764b3a37974653c31867d89a05ee06d83b67671fb9e5d88dfc6b4c2b68a
629439,will-the-republicans-win-the-maryland-governor-race-in-2026,Will the Republicans win the Maryland governor race in 2026?,Will the Republicans win the Maryland governor race in 2026?,"This market will resolve according to the winner of the 2026 Maryland gubernatorial election.

A candidate shall be considered to represent a party in the event that he or she is the nominee of the party in question. Candidates other than the Democratic or Republican nominee (e.g., Greens, Libertarian, independent) may be added at a later date.

Candidates who run as independents will not be encompassed by the “Democrat” or “Republican” options regardless of any affiliation they may have with the party.

The candidates may be named in the contract for the convenience of traders. In the event that any named candidate is replaced as the nominee of their respective party prior to election day, the name in the contract will be updated and the market will resolve based on the replacement nominee of the party.

The resolution source for this market is the Associated Press, Fox News, and NBC. This market will resolve once all three sources call the race for the same candidate. If all three sources haven’t called the race in this state for the same candidate, this market will resolve based on the official certification.",,,maryland-governor-winner-2026,Maryland Governor Election Winner,9118.599646000002,19156.83464,False,,"[""99454680080858182975916786322594927636228275589135289499749895045005789315019"", ""56155921462165675245063764296994337178368244177849069777989554232578924728272""]",https://polymarket.com/market/will-the-republicans-win-the-maryland-governor-race-in-2026,0x97d482b6e4872befd1d18788d262a2775021b58e9fbbcb86515799338d85a8f5
629451,will-the-democrats-win-the-massachusetts-governor-race-in-2026,Will the Democrats win the Massachusetts governor race in 2026?,Will the Democrats win the Massachusetts governor race in 2026?,"This market will resolve according to the winner of the 2026 Massachusetts gubernatorial election.

A candidate shall be considered to represent a party in the event that he or she is the nominee of the party in question. Candidates other than the Democratic or Republican nominee (e.g., Greens, Libertarian, independent) may be added at a later date.

Candidates who run as independents will not be encompassed by the “Democrat” or “Republican” options regardless of any affiliation they may have with the party.

The candidates may be named in the contract for the convenience of traders. In the event that any named candidate is replaced as the nominee of their respective party prior to election day, the name in the contract will be updated and the market will resolve based on the replacement nominee of the party.

The resolution source for this market is the Associated Press, Fox News, and NBC. This market will resolve once all three sources call the race for the same candidate. If all three sources haven’t called the race in this state for the same candidate, this market will resolve based on the official certification.",,,massachusetts-governor-winner-2026,Massachusetts Governor Election Winner,34887.93620200001,17409.40707,False,,"[""86599393407315290835574565918707146460542680358932655202787183319230565551172"", ""1074379534528472094299733191236211201333766587219308586291620262007935366404""]",https://polymarket.com/market/will-the-democrats-win-the-massachusetts-governor-race-in-2026,0x479d1a77b118ac88cc0e7e5eb4659e4954d55cd87a84d7f2b22bf5c3a8333813
629452,will-the-republicans-win-the-massachusetts-governor-race-in-2026,Will the Republicans win the Massachusetts governor race in 2026?,Will the Republicans win the Massachusetts governor race in 2026?,"This market will resolve according to the winner of the 2026 Massachusetts gubernatorial election.

A candidate shall be considered to represent a party in the event that he or she is the nominee of the party in question. Candidates other than the Democratic or Republican nominee (e.g., Greens, Libertarian, independent) may be added at a later date.

Candidates who run as independents will not be encompassed by the “Democrat” or “Republican” options regardless of any affiliation they may have with the party.

The candidates may be named in the contract for the convenience of traders. In the event that any named candidate is replaced as the nominee of their respective party prior to election day, the name in the contract will be updated and the market will resolve based on the replacement nominee of the party.

The resolution source for this market is the Associated Press, Fox News, and NBC. This market will resolve once all three sources call the race for the same candidate. If all three sources haven’t called the race in this state for the same candidate, this market will resolve based on the official certification.",,,massachusetts-governor-winner-2026,Massachusetts Governor Election Winner,60141.64775100001,55349.27374,False,,"[""60883119277247470994582429550632811829505423471772740208057726618094988141160"", ""10611280019407480266757525986655762365905028957860028005381241543984362875196""]",https://polymarket.com/market/will-the-republicans-win-the-massachusetts-governor-race-in-2026,0xcace1894a70b121e0172815c9a3b8d565ad015bdf75996963ea00969d91e5722
629464,will-the-democrats-win-the-michigan-governor-race-in-2026,Will the Democrats win the Michigan governor race in 2026?,Will the Democrats win the Michigan governor race in 2026?,"This market will resolve according to the winner of the 2026 Michigan gubernatorial election.

A candidate shall be considered to represent a party in the event that he or she is the nominee of the party in question. Candidates other than the Democratic or Republican nominee (e.g., Greens, Libertarian, independent) may be added at a later date.

Candidates who run as independents will not be encompassed by the “Democrat” or “Republican” options regardless of any affiliation they may have with the party.

The candidates may be named in the contract for the convenience of traders. In the event that any named candidate is replaced as the nominee of their respective party prior to election day, the name in the contract will be updated and the market will resolve based on the replacement nominee of the party.

The resolution source for this market is the Associated Press, Fox News, and NBC. This market will resolve once all three sources call the race for the same candidate. If all three sources haven’t called the race in this state for the same candidate, this market will resolve based on the official certification.",,,michigan-governor-winner-2026,Michigan Governor Election Winner,50700.93803400001,46847.6489,False,,"[""63517706574758177502492185078056756527324898714284142778693046697324148388357"", ""24313213949676763118562588141459255175279390673486982872182407528149814471441""]",https://polymarket.com/market/will-the-democrats-win-the-michigan-governor-race-in-2026,0x76cface9f6df604ff32447bce58656b7a72b6659324d089c73a13a99f06c8aae
629465,will-the-republicans-win-the-michigan-governor-race-in-2026,Will the Republicans win the Michigan governor race in 2026?,Will the Republicans win the Michigan governor race in 2026?,"This market will resolve according to the winner of the 2026 Michigan gubernatorial election.

A candidate shall be considered to represent a party in the event that he or she is the nominee of the party in question. Candidates other than the Democratic or Republican nominee (e.g., Greens, Libertarian, independent) may be added at a later date.

Candidates who run as independents will not be encompassed by the “Democrat” or “Republican” options regardless of any affiliation they may have with the party.

The candidates may be named in the contract for the convenience of traders. In the event that any named candidate is replaced as the nominee of their respective party prior to election day, the name in the contract will be updated and the market will resolve based on the replacement nominee of the party.

The resolution source for this market is the Associated Press, Fox News, and NBC. This market will resolve once all three sources call the race for the same candidate. If all three sources haven’t called the race in this state for the same candidate, this market will resolve based on the official certification.",,,michigan-governor-winner-2026,Michigan Governor Election Winner,157308.933439,44650.9502,False,,"[""3091929947863726371877226324959784580013579280794631063604653957812689085396"", ""113314550423744773607951568238874281430587441567297387737553364413695224215541""]",https://polymarket.com/market/will-the-republicans-win-the-michigan-governor-race-in-2026,0xeee75e18b53425c67035084fb8be5414331614ab4e5ec59574bc73e11817be93
629466,will-an-independent-win-the-michigan-governor-race-in-2026,Will an independent win the Michigan governor race in 2026?,Will an independent win the Michigan governor race in 2026?,"This market will resolve according to the winner of the 2026 Michigan gubernatorial election.

A candidate shall be considered to represent a party in the event that he or she is the nominee of the party in question. Candidates other than the Democratic or Republican nominee (e.g., Greens, Libertarian, independent) may be added at a later date.

Candidates who run as independents will not be encompassed by the “Democrat” or “Republican” options regardless of any affiliation they may have with the party.

The candidates may be named in the contract for the convenience of traders. In the event that any named candidate is replaced as the nominee of their respective party prior to election day, the name in the contract will be updated and the market will resolve based on the replacement nominee of the party.

The resolution source for this market is the Associated Press, Fox News, and NBC. This market will resolve once all three sources call the race for the same candidate. If all three sources haven’t called the race in this state for the same candidate, this market will resolve based on the official certification.",,,michigan-governor-winner-2026,Michigan Governor Election Winner,752.971581,11344.68971,False,,"[""34943144357771122375283559286014961426824813487508159555960762936802327664238"", ""50675713631634884582250834823721765666681383935493555065299676085297173217320""]",https://polymarket.com/market/will-an-independent-win-the-michigan-governor-race-in-2026,0xdfb79786d650608e4bdf010d254a9757ace465d405c858750c52bca0b985fce4
629477,will-the-democrats-win-the-minnesota-governor-race-in-2026,Will the Democrats win the Minnesota governor race in 2026?,Will the Democrats win the Minnesota governor race in 2026?,"This market will resolve according to the winner of the 2026 Minnesota gubernatorial election.

A candidate shall be considered to represent a party in the event that he or she is the nominee of the party in question. Candidates other than the Democratic or Republican nominee (e.g., Greens, Libertarian, independent) may be added at a later date.

Candidates who run as independents will not be encompassed by the “Democrat” or “Republican” options regardless of any affiliation they may have with the party.

The candidates may be named in the contract for the convenience of traders. In the event that any named candidate is replaced as the nominee of their respective party prior to election day, the name in the contract will be updated and the market will resolve based on the replacement nominee of the party.

The resolution source for this market is the Associated Press, Fox News, and NBC. This market will resolve once all three sources call the race for the same candidate. If all three sources haven’t called the race in this state for the same candidate, this market will resolve based on the official certification.",,,minnesota-governor-winner-2026,Minnesota Governor Election Winner,34926.29279299999,25787.0722,False,,"[""9126148503694470083148381233969293708563386203943196700151133094426622508276"", ""33576178139790676268585487625882069821783219374491053705510339906433025453375""]",https://polymarket.com/market/will-the-democrats-win-the-minnesota-governor-race-in-2026,0x086445ea07954a360aeeddc96c292160832662b0227bdc8f07bc353dd511966f
629478,will-the-republicans-win-the-minnesota-governor-race-in-2026,Will the Republicans win the Minnesota governor race in 2026?,Will the Republicans win the Minnesota governor race in 2026?,"This market will resolve according to the winner of the 2026 Minnesota gubernatorial election.

A candidate shall be considered to represent a party in the event that he or she is the nominee of the party in question. Candidates other than the Democratic or Republican nominee (e.g., Greens, Libertarian, independent) may be added at a later date.

Candidates who run as independents will not be encompassed by the “Democrat” or “Republican” options regardless of any affiliation they may have with the party.

The candidates may be named in the contract for the convenience of traders. In the event that any named candidate is replaced as the nominee of their respective party prior to election day, the name in the contract will be updated and the market will resolve based on the replacement nominee of the party.

The resolution source for this market is the Associated Press, Fox News, and NBC. This market will resolve once all three sources call the race for the same candidate. If all three sources haven’t called the race in this state for the same candidate, this market will resolve based on the official certification.",,,minnesota-governor-winner-2026,Minnesota Governor Election Winner,38450.285048,29231.50207,False,,"[""52147423614804649302719056405435366546705837330765266472799012257146403501281"", ""109479449074543471145484253502931698015409097892748819311501332215892915223104""]",https://polymarket.com/market/will-the-republicans-win-the-minnesota-governor-race-in-2026,0x62d780b6f32de4d5b221109eb8e6c77e13d2617d6a11724366ab8ca727927be7
629490,will-the-democrats-win-the-nebraska-governor-race-in-2026,Will the Democrats win the Nebraska governor race in 2026?,Will the Democrats win the Nebraska governor race in 2026?,"This market will resolve according to the winner of the 2026 Nebraska gubernatorial election.

A candidate shall be considered to represent a party in the event that he or she is the nominee of the party in question. Candidates other than the Democratic or Republican nominee (e.g., Greens, Libertarian, independent) may be added at a later date.

Candidates who run as independents will not be encompassed by the “Democrat” or “Republican” options regardless of any affiliation they may have with the party.

The candidates may be named in the contract for the convenience of traders. In the event that any named candidate is replaced as the nominee of their respective party prior to election day, the name in the contract will be updated and the market will resolve based on the replacement nominee of the party.

The resolution source for this market is the Associated Press, Fox News, and NBC. This market will resolve once all three sources call the race for the same candidate. If all three sources haven’t called the race in this state for the same candidate, this market will resolve based on the official certification.",,,nebraska-governor-winner-2026,Nebraska Governor Election Winner,5187.701101,23250.4799,False,,"[""3466069051818884243073756614952529401222377791973010490050674378116587529746"", ""92126133761065609991474983465510729635862551955946178295579828633955084637564""]",https://polymarket.com/market/will-the-democrats-win-the-nebraska-governor-race-in-2026,0x995a909b835457559e09acc7d804a40e0c87515dcab6e91f955d7aea33f7d707
629491,will-the-republicans-win-the-nebraska-governor-race-in-2026,Will the Republicans win the Nebraska governor race in 2026?,Will the Republicans win the Nebraska governor race in 2026?,"This market will resolve according to the winner of the 2026 Nebraska gubernatorial election.

A candidate shall be considered to represent a party in the event that he or she is the nominee of the party in question. Candidates other than the Democratic or Republican nominee (e.g., Greens, Libertarian, independent) may be added at a later date.

Candidates who run as independents will not be encompassed by the “Democrat” or “Republican” options regardless of any affiliation they may have with the party.

The candidates may be named in the contract for the convenience of traders. In the event that any named candidate is replaced as the nominee of their respective party prior to election day, the name in the contract will be updated and the market will resolve based on the replacement nominee of the party.

The resolution source for this market is the Associated Press, Fox News, and NBC. This market will resolve once all three sources call the race for the same candidate. If all three sources haven’t called the race in this state for the same candidate, this market will resolve based on the official certification.",,,nebraska-governor-winner-2026,Nebraska Governor Election Winner,8873.207842000003,17426.5818,False,,"[""73030731922944118546035998309915164095890033874433358499266850532352206183824"", ""41945421762551165990972642577535418909054419711335780279294726323846688236499""]",https://polymarket.com/market/will-the-republicans-win-the-nebraska-governor-race-in-2026,0x6a4970cc0cb28947b838cec0bc32a6f6bc9d0f81a18e2c112d5c5974a69d77cd
629505,will-the-democrats-win-the-nevada-governor-race-in-2026,Will the Democrats win the Nevada governor race in 2026?,Will the Democrats win the Nevada governor race in 2026?,"This market will resolve according to the winner of the 2026 Nevada gubernatorial election.

A candidate shall be considered to represent a party in the event that he or she is the nominee of the party in question. Candidates other than the Democratic or Republican nominee (e.g., Greens, Libertarian, independent) may be added at a later date.

Candidates who run as independents will not be encompassed by the “Democrat” or “Republican” options regardless of any affiliation they may have with the party.

The candidates may be named in the contract for the convenience of traders. In the event that any named candidate is replaced as the nominee of their respective party prior to election day, the name in the contract will be updated and the market will resolve based on the replacement nominee of the party.

The resolution source for this market is the Associated Press, Fox News, and NBC. This market will resolve once all three sources call the race for the same candidate. If all three sources haven’t called the race in this state for the same candidate, this market will resolve based on the official certification.",,,nevada-governor-winner-2026,Nevada Governor Election Winner,54304.43848699998,26402.7874,False,,"[""1246864710804983890692377994891598401616546411512113588399830364959833951829"", ""63105785868222491666410116782074992901361520126431203229953017216126863105293""]",https://polymarket.com/market/will-the-democrats-win-the-nevada-governor-race-in-2026,0x707eb5c6df23e32e0b770dd0ccd1245abb7fac0dcfd24d8b68dd99e5ca737180
629506,will-the-republicans-win-the-nevada-governor-race-in-2026,Will the Republicans win the Nevada governor race in 2026?,Will the Republicans win the Nevada governor race in 2026?,"This market will resolve according to the winner of the 2026 Nevada gubernatorial election.

A candidate shall be considered to represent a party in the event that he or she is the nominee of the party in question. Candidates other than the Democratic or Republican nominee (e.g., Greens, Libertarian, independent) may be added at a later date.

Candidates who run as independents will not be encompassed by the “Democrat” or “Republican” options regardless of any affiliation they may have with the party.

The candidates may be named in the contract for the convenience of traders. In the event that any named candidate is replaced as the nominee of their respective party prior to election day, the name in the contract will be updated and the market will resolve based on the replacement nominee of the party.

The resolution source for this market is the Associated Press, Fox News, and NBC. This market will resolve once all three sources call the race for the same candidate. If all three sources haven’t called the race in this state for the same candidate, this market will resolve based on the official certification.",,,nevada-governor-winner-2026,Nevada Governor Election Winner,117266.95001899998,21990.7495,False,,"[""26514162544090965098284473937422427465088569867873952479707540387314217381282"", ""76313209944639250426806286965492886883353059598478633315707597639545615999446""]",https://polymarket.com/market/will-the-republicans-win-the-nevada-governor-race-in-2026,0xb63fbd776203cada01a13bb21b3c52c500bcf904bdfc71627022db1f891f95c5
629518,will-the-democrats-win-the-new-hampshire-governor-race-in-2026,Will the Democrats win the New Hampshire governor race in 2026?,Will the Democrats win the New Hampshire governor race in 2026?,"This market will resolve according to the winner of the 2026 New Hampshire gubernatorial election.

A candidate shall be considered to represent a party in the event that he or she is the nominee of the party in question. Candidates other than the Democratic or Republican nominee (e.g., Greens, Libertarian, independent) may be added at a later date.

Candidates who run as independents will not be encompassed by the “Democrat” or “Republican” options regardless of any affiliation they may have with the party.

The candidates may be named in the contract for the convenience of traders. In the event that any named candidate is replaced as the nominee of their respective party prior to election day, the name in the contract will be updated and the market will resolve based on the replacement nominee of the party.

The resolution source for this market is the Associated Press, Fox News, and NBC. This market will resolve once all three sources call the race for the same candidate. If all three sources haven’t called the race in this state for the same candidate, this market will resolve based on the official certification.",,,new-hampshire-governor-winner-2026,New Hampshire Governor Election Winner,21414.76898400001,22923.71633,False,,"[""50014042446564445111498439180144732017863294969428914194102372141019045896702"", ""38923169084089463430603971435663780560871986004214398164473514082879434955128""]",https://polymarket.com/market/will-the-democrats-win-the-new-hampshire-governor-race-in-2026,0x4900fd99a53dc19621b3de761cdd75401fcd5733d785b9840275fe14ccd7d74c
629519,will-the-republicans-win-the-new-hampshire-governor-race-in-2026,Will the Republicans win the New Hampshire governor race in 2026?,Will the Republicans win the New Hampshire governor race in 2026?,"This market will resolve according to the winner of the 2026 New Hampshire gubernatorial election.

A candidate shall be considered to represent a party in the event that he or she is the nominee of the party in question. Candidates other than the Democratic or Republican nominee (e.g., Greens, Libertarian, independent) may be added at a later date.

Candidates who run as independents will not be encompassed by the “Democrat” or “Republican” options regardless of any affiliation they may have with the party.

The candidates may be named in the contract for the convenience of traders. In the event that any named candidate is replaced as the nominee of their respective party prior to election day, the name in the contract will be updated and the market will resolve based on the replacement nominee of the party.

The resolution source for this market is the Associated Press, Fox News, and NBC. This market will resolve once all three sources call the race for the same candidate. If all three sources haven’t called the race in this state for the same candidate, this market will resolve based on the official certification.",,,new-hampshire-governor-winner-2026,New Hampshire Governor Election Winner,17700.979005,52103.1091,False,,"[""74721757099502856629978429446702729437619614092592091000501653336065671742582"", ""30088412391482363624377816393145245827324760089787001501690465830184683596344""]",https://polymarket.com/market/will-the-republicans-win-the-new-hampshire-governor-race-in-2026,0x01175ab5a40ea7f54b7b0a0aaf3574232e3374091e0bad5a0b9603741ae5d85b
629531,will-the-democrats-win-the-new-mexico-governor-race-in-2026,Will the Democrats win the New Mexico governor race in 2026?,Will the Democrats win the New Mexico governor race in 2026?,"This market will resolve according to the winner of the 2026 New Mexico gubernatorial election.

A candidate shall be considered to represent a party in the event that he or she is the nominee of the party in question. Candidates other than the Democratic or Republican nominee (e.g., Greens, Libertarian, independent) may be added at a later date.

Candidates who run as independents will not be encompassed by the “Democrat” or “Republican” options regardless of any affiliation they may have with the party.

The candidates may be named in the contract for the convenience of traders. In the event that any named candidate is replaced as the nominee of their respective party prior to election day, the name in the contract will be updated and the market will resolve based on the replacement nominee of the party.

The resolution source for this market is the Associated Press, Fox News, and NBC. This market will resolve once all three sources call the race for the same candidate. If all three sources haven’t called the race in this state for the same candidate, this market will resolve based on the official certification.",,,new-mexico-governor-winner-2026,New Mexico Governor Election Winner,23125.567401999997,16492.7449,False,,"[""17781069937970314001472355582427331102577624490515546410398313363226785264562"", ""36751080180193208611679715282017036514262692646839311614046859811593442232572""]",https://polymarket.com/market/will-the-democrats-win-the-new-mexico-governor-race-in-2026,0x5eb660082d749c35ec496dae4c1f52e3950487b4d3c63215d2e27910dab38819
629532,will-the-republicans-win-the-new-mexico-governor-race-in-2026,Will the Republicans win the New Mexico governor race in 2026?,Will the Republicans win the New Mexico governor race in 2026?,"This market will resolve according to the winner of the 2026 New Mexico gubernatorial election.

A candidate shall be considered to represent a party in the event that he or she is the nominee of the party in question. Candidates other than the Democratic or Republican nominee (e.g., Greens, Libertarian, independent) may be added at a later date.

Candidates who run as independents will not be encompassed by the “Democrat” or “Republican” options regardless of any affiliation they may have with the party.

The candidates may be named in the contract for the convenience of traders. In the event that any named candidate is replaced as the nominee of their respective party prior to election day, the name in the contract will be updated and the market will resolve based on the replacement nominee of the party.

The resolution source for this market is the Associated Press, Fox News, and NBC. This market will resolve once all three sources call the race for the same candidate. If all three sources haven’t called the race in this state for the same candidate, this market will resolve based on the official certification.",,,new-mexico-governor-winner-2026,New Mexico Governor Election Winner,17493.096971000003,20409.3722,False,,"[""66486026915087812107390926299428531209332603871609345502520740675575639289776"", ""28560287983606987850204671484619002594173232176549531922535113255113148304679""]",https://polymarket.com/market/will-the-republicans-win-the-new-mexico-governor-race-in-2026,0xc5b92069aa1a3319830b2e44bf51ecee36e849790bde3fd68339f5beb5a8ffad
629544,will-the-democrats-win-the-new-york-governor-race-in-2026,Will the Democrats win the New York governor race in 2026?,Will the Democrats win the New York governor race in 2026?,"This market will resolve according to the winner of the 2026 New York gubernatorial election.

A candidate shall be considered to represent a party in the event that he or she is the nominee of the party in question. Candidates other than the Democratic or Republican nominee (e.g., Greens, Libertarian, independent) may be added at a later date.

Candidates who run as independents will not be encompassed by the “Democrat” or “Republican” options regardless of any affiliation they may have with the party.

The candidates may be named in the contract for the convenience of traders. In the event that any named candidate is replaced as the nominee of their respective party prior to election day, the name in the contract will be updated and the market will resolve based on the replacement nominee of the party.

The resolution source for this market is the Associated Press, Fox News, and NBC. This market will resolve once all three sources call the race for the same candidate. If all three sources haven’t called the race in this state for the same candidate, this market will resolve based on the official certification.",,,new-york-governor-winner-2026,New York Governor Election Winner,55426.98354299999,19522.8498,False,,"[""64050273355694113671090110638685043795558853994186493795797238541534244584786"", ""89871775413723061310900874811289289046282365859042241773701889222569854585191""]",https://polymarket.com/market/will-the-democrats-win-the-new-york-governor-race-in-2026,0x4cd035dcfb450c9a6bc9aa13f3aa94fabc01e47499d05d28ef653ef42939c364
629545,will-the-republicans-win-the-new-york-governor-race-in-2026,Will the Republicans win the New York governor race in 2026?,Will the Republicans win the New York governor race in 2026?,"This market will resolve according to the winner of the 2026 New York gubernatorial election.

A candidate shall be considered to represent a party in the event that he or she is the nominee of the party in question. Candidates other than the Democratic or Republican nominee (e.g., Greens, Libertarian, independent) may be added at a later date.

Candidates who run as independents will not be encompassed by the “Democrat” or “Republican” options regardless of any affiliation they may have with the party.

The candidates may be named in the contract for the convenience of traders. In the event that any named candidate is replaced as the nominee of their respective party prior to election day, the name in the contract will be updated and the market will resolve based on the replacement nominee of the party.

The resolution source for this market is the Associated Press, Fox News, and NBC. This market will resolve once all three sources call the race for the same candidate. If all three sources haven’t called the race in this state for the same candidate, this market will resolve based on the official certification.",,,new-york-governor-winner-2026,New York Governor Election Winner,72016.39452999999,46719.4063,False,,"[""108106288970534575307495623455701128869187166289634633189375113923142364674394"", ""32946988346851809083717853909672502303533938428804197173672614672441945179683""]",https://polymarket.com/market/will-the-republicans-win-the-new-york-governor-race-in-2026,0x50b78cd83de62d75d504d7a184ba1171436628068b3c3d4dd0384e65d4a40d1b
629557,will-the-democrats-win-the-ohio-governor-race-in-2026,Will the Democrats win the Ohio governor race in 2026?,Will the Democrats win the Ohio governor race in 2026?,"This market will resolve according to the winner of the 2026 Ohio gubernatorial election.

A candidate shall be considered to represent a party in the event that he or she is the nominee of the party in question. Candidates other than the Democratic or Republican nominee (e.g., Greens, Libertarian, independent) may be added at a later date.

Candidates who run as independents will not be encompassed by the “Democrat” or “Republican” options regardless of any affiliation they may have with the party.

The candidates may be named in the contract for the convenience of traders. In the event that any named candidate is replaced as the nominee of their respective party prior to election day, the name in the contract will be updated and the market will resolve based on the replacement nominee of the party.

The resolution source for this market is the Associated Press, Fox News, and NBC. This market will resolve once all three sources call the race for the same candidate. If all three sources haven’t called the race in this state for the same candidate, this market will resolve based on the official certification.",,,ohio-governor-winner-2026,Ohio Governor Election Winner,104464.46734200003,31661.5147,False,,"[""63255709540320761353971859526848930870803944190764324681913735372035438815215"", ""16976595754865702888942253430173145813500518669245701188211359895815715104826""]",https://polymarket.com/market/will-the-democrats-win-the-ohio-governor-race-in-2026,0x3babe91f8d2fac44027f9ba7f0f1a59e61b72419828e6e517f96bbcf4e132498
629558,will-the-republicans-win-the-ohio-governor-race-in-2026,Will the Republicans win the Ohio governor race in 2026?,Will the Republicans win the Ohio governor race in 2026?,"This market will resolve according to the winner of the 2026 Ohio gubernatorial election.

A candidate shall be considered to represent a party in the event that he or she is the nominee of the party in question. Candidates other than the Democratic or Republican nominee (e.g., Greens, Libertarian, independent) may be added at a later date.

Candidates who run as independents will not be encompassed by the “Democrat” or “Republican” options regardless of any affiliation they may have with the party.

The candidates may be named in the contract for the convenience of traders. In the event that any named candidate is replaced as the nominee of their respective party prior to election day, the name in the contract will be updated and the market will resolve based on the replacement nominee of the party.

The resolution source for this market is the Associated Press, Fox News, and NBC. This market will resolve once all three sources call the race for the same candidate. If all three sources haven’t called the race in this state for the same candidate, this market will resolve based on the official certification.",,,ohio-governor-winner-2026,Ohio Governor Election Winner,125819.73134399997,37002.3748,False,,"[""3104629708171062356498135654472461762731791851667035051301931240755518332250"", ""104526794566859391085042814952967251260974275524059793655101271789052995794634""]",https://polymarket.com/market/will-the-republicans-win-the-ohio-governor-race-in-2026,0x650e3ebc043ddbcfa1d1ffda0c5830f19da7389827889fb5db3474bde5b007fb
629570,will-the-democrats-win-the-oklahoma-governor-race-in-2026,Will the Democrats win the Oklahoma governor race in 2026?,Will the Democrats win the Oklahoma governor race in 2026?,"This market will resolve according to the winner of the 2026 Oklahoma gubernatorial election.

A candidate shall be considered to represent a party in the event that he or she is the nominee of the party in question. Candidates other than the Democratic or Republican nominee (e.g., Greens, Libertarian, independent) may be added at a later date.

Candidates who run as independents will not be encompassed by the “Democrat” or “Republican” options regardless of any affiliation they may have with the party.

The candidates may be named in the contract for the convenience of traders. In the event that any named candidate is replaced as the nominee of their respective party prior to election day, the name in the contract will be updated and the market will resolve based on the replacement nominee of the party.

The resolution source for this market is the Associated Press, Fox News, and NBC. This market will resolve once all three sources call the race for the same candidate. If all three sources haven’t called the race in this state for the same candidate, this market will resolve based on the official certification.",,,oklahoma-governor-winner-2026,Oklahoma Governor Election Winner,16837.79713,20801.2487,False,,"[""37700214927702560862325287464231700075479667077774217635210792305464305010407"", ""82608334051864142932873144348121852324089451792525985503537377336006986101897""]",https://polymarket.com/market/will-the-democrats-win-the-oklahoma-governor-race-in-2026,0xccd6eb4ec0c8ac284e280ab6ceedcdd1a1813d1e130892ed1b6e98189077013e
629571,will-the-republicans-win-the-oklahoma-governor-race-in-2026,Will the Republicans win the Oklahoma governor race in 2026?,Will the Republicans win the Oklahoma governor race in 2026?,"This market will resolve according to the winner of the 2026 Oklahoma gubernatorial election.

A candidate shall be considered to represent a party in the event that he or she is the nominee of the party in question. Candidates other than the Democratic or Republican nominee (e.g., Greens, Libertarian, independent) may be added at a later date.

Candidates who run as independents will not be encompassed by the “Democrat” or “Republican” options regardless of any affiliation they may have with the party.

The candidates may be named in the contract for the convenience of traders. In the event that any named candidate is replaced as the nominee of their respective party prior to election day, the name in the contract will be updated and the market will resolve based on the replacement nominee of the party.

The resolution source for this market is the Associated Press, Fox News, and NBC. This market will resolve once all three sources call the race for the same candidate. If all three sources haven’t called the race in this state for the same candidate, this market will resolve based on the official certification.",,,oklahoma-governor-winner-2026,Oklahoma Governor Election Winner,14706.473386000003,13439.8681,False,,"[""12195532376431728872322429427491005809800415403259444414908025975252692275196"", ""70400850745105924579032258999370614016356127378629300586837478000148390833708""]",https://polymarket.com/market/will-the-republicans-win-the-oklahoma-governor-race-in-2026,0x45165a4a2a03b178007446496ec61a551125ec2bc56eae79d444b68b322af3cd
629583,will-the-democrats-win-the-oregon-governor-race-in-2026,Will the Democrats win the Oregon governor race in 2026?,Will the Democrats win the Oregon governor race in 2026?,"This market will resolve according to the winner of the 2026 Oregon gubernatorial election.

A candidate shall be considered to represent a party in the event that he or she is the nominee of the party in question. Candidates other than the Democratic or Republican nominee (e.g., Greens, Libertarian, independent) may be added at a later date.

Candidates who run as independents will not be encompassed by the “Democrat” or “Republican” options regardless of any affiliation they may have with the party.

The candidates may be named in the contract for the convenience of traders. In the event that any named candidate is replaced as the nominee of their respective party prior to election day, the name in the contract will be updated and the market will resolve based on the replacement nominee of the party.

The resolution source for this market is the Associated Press, Fox News, and NBC. This market will resolve once all three sources call the race for the same candidate. If all three sources haven’t called the race in this state for the same candidate, this market will resolve based on the official certification.",,,oregon-governor-winner-2026,Oregon Governor Election Winner,28846.499484000004,27923.2467,False,,"[""9755787435930070640870536823763281543938387827225853124824813626465365556107"", ""46486910951407358308537327861577419089696653684888928429256333235431031567968""]",https://polymarket.com/market/will-the-democrats-win-the-oregon-governor-race-in-2026,0x8d65ff57f443011c4c10e7aa50aa54b3a3b5e2b940cb3ca97c0357bbcaee0b36
629584,will-the-republicans-win-the-oregon-governor-race-in-2026,Will the Republicans win the Oregon governor race in 2026?,Will the Republicans win the Oregon governor race in 2026?,"This market will resolve according to the winner of the 2026 Oregon gubernatorial election.

A candidate shall be considered to represent a party in the event that he or she is the nominee of the party in question. Candidates other than the Democratic or Republican nominee (e.g., Greens, Libertarian, independent) may be added at a later date.

Candidates who run as independents will not be encompassed by the “Democrat” or “Republican” options regardless of any affiliation they may have with the party.

The candidates may be named in the contract for the convenience of traders. In the event that any named candidate is replaced as the nominee of their respective party prior to election day, the name in the contract will be updated and the market will resolve based on the replacement nominee of the party.

The resolution source for this market is the Associated Press, Fox News, and NBC. This market will resolve once all three sources call the race for the same candidate. If all three sources haven’t called the race in this state for the same candidate, this market will resolve based on the official certification.",,,oregon-governor-winner-2026,Oregon Governor Election Winner,27951.461198999998,35713.2378,False,,"[""60638893393471159707288518099941698438888451383700859041754575565737488871199"", ""20648510697913817659399065554892739311338993894582582168950491913704093219808""]",https://polymarket.com/market/will-the-republicans-win-the-oregon-governor-race-in-2026,0x883c09380a078565f29485a9d3671fff48853a87de9a5bf48bc204f7161250c9
629614,will-the-democrats-win-the-pennsylvania-governor-race-in-2026,Will the Democrats win the Pennsylvania governor race in 2026?,Will the Democrats win the Pennsylvania governor race in 2026?,"This market will resolve according to the winner of the 2026 Pennsylvania gubernatorial election.

A candidate shall be considered to represent a party in the event that he or she is the nominee of the party in question. Candidates other than the Democratic or Republican nominee (e.g., Greens, Libertarian, independent) may be added at a later date.

Candidates who run as independents will not be encompassed by the “Democrat” or “Republican” options regardless of any affiliation they may have with the party.

The candidates may be named in the contract for the convenience of traders. In the event that any named candidate is replaced as the nominee of their respective party prior to election day, the name in the contract will be updated and the market will resolve based on the replacement nominee of the party.

The resolution source for this market is the Associated Press, Fox News, and NBC. This market will resolve once all three sources call the race for the same candidate. If all three sources haven’t called the race in this state for the same candidate, this market will resolve based on the official certification.",,,pennsylvania-governor-winner-2026,Pennsylvania Governor Election Winner,7519.756956,17150.17662,False,,"[""86158564038726526008163887440654010269502827272776903587995739265573029112945"", ""20918140760474946630045567241666208575510335017424226516022596966030394605413""]",https://polymarket.com/market/will-the-democrats-win-the-pennsylvania-governor-race-in-2026,0x58b1d112b4a3a2616da6a77b8d755cc478c1d6f71ed3dedaa5e1fd794e4b0e61
629615,will-the-republicans-win-the-pennsylvania-governor-race-in-2026,Will the Republicans win the Pennsylvania governor race in 2026?,Will the Republicans win the Pennsylvania governor race in 2026?,"This market will resolve according to the winner of the 2026 Pennsylvania gubernatorial election.

A candidate shall be considered to represent a party in the event that he or she is the nominee of the party in question. Candidates other than the Democratic or Republican nominee (e.g., Greens, Libertarian, independent) may be added at a later date.

Candidates who run as independents will not be encompassed by the “Democrat” or “Republican” options regardless of any affiliation they may have with the party.

The candidates may be named in the contract for the convenience of traders. In the event that any named candidate is replaced as the nominee of their respective party prior to election day, the name in the contract will be updated and the market will resolve based on the replacement nominee of the party.

The resolution source for this market is the Associated Press, Fox News, and NBC. This market will resolve once all three sources call the race for the same candidate. If all three sources haven’t called the race in this state for the same candidate, this market will resolve based on the official certification.",,,pennsylvania-governor-winner-2026,Pennsylvania Governor Election Winner,42434.98651699999,47556.774,False,,"[""5688801435889428424829669547673250506620304454224290559333533905846390372394"", ""21024189438556491499983312864085506291201006475691953166988844977583635820413""]",https://polymarket.com/market/will-the-republicans-win-the-pennsylvania-governor-race-in-2026,0xb3529e4cbcc5756ae7d5662ad1d6ddd8dd97b53bd459e2684af9bb8c4dbf582c
629627,will-the-democrats-win-the-rhode-island-governor-race-in-2026,Will the Democrats win the Rhode Island governor race in 2026?,Will the Democrats win the Rhode Island governor race in 2026?,"This market will resolve according to the winner of the 2026 Rhode Island gubernatorial election.

A candidate shall be considered to represent a party in the event that he or she is the nominee of the party in question. Candidates other than the Democratic or Republican nominee (e.g., Greens, Libertarian, independent) may be added at a later date.

Candidates who run as independents will not be encompassed by the “Democrat” or “Republican” options regardless of any affiliation they may have with the party.

The candidates may be named in the contract for the convenience of traders. In the event that any named candidate is replaced as the nominee of their respective party prior to election day, the name in the contract will be updated and the market will resolve based on the replacement nominee of the party.

The resolution source for this market is the Associated Press, Fox News, and NBC. This market will resolve once all three sources call the race for the same candidate. If all three sources haven’t called the race in this state for the same candidate, this market will resolve based on the official certification.",,,rhode-island-governor-winner-2026,Rhode Island Governor Election Winner,57009.886310999995,38302.4811,False,,"[""12963869833838696349134591178892586509546549676681530057691780490969939726649"", ""75325800980805191432247713433059602003287797994426454877102862804464373217417""]",https://polymarket.com/market/will-the-democrats-win-the-rhode-island-governor-race-in-2026,0xc65ec2459a79fb749948503161d42e13c4cb8bb0b670f0dd1ce2c71d7950b459
629628,will-the-republicans-win-the-rhode-island-governor-race-in-2026,Will the Republicans win the Rhode Island governor race in 2026?,Will the Republicans win the Rhode Island governor race in 2026?,"This market will resolve according to the winner of the 2026 Rhode Island gubernatorial election.

A candidate shall be considered to represent a party in the event that he or she is the nominee of the party in question. Candidates other than the Democratic or Republican nominee (e.g., Greens, Libertarian, independent) may be added at a later date.

Candidates who run as independents will not be encompassed by the “Democrat” or “Republican” options regardless of any affiliation they may have with the party.

The candidates may be named in the contract for the convenience of traders. In the event that any named candidate is replaced as the nominee of their respective party prior to election day, the name in the contract will be updated and the market will resolve based on the replacement nominee of the party.

The resolution source for this market is the Associated Press, Fox News, and NBC. This market will resolve once all three sources call the race for the same candidate. If all three sources haven’t called the race in this state for the same candidate, this market will resolve based on the official certification.",,,rhode-island-governor-winner-2026,Rhode Island Governor Election Winner,10528.977798000002,15747.93467,False,,"[""102532646565376609462398061495436415751549869365588135784659237547896983513156"", ""10715098541516047115241310337325864327460214984462087775958463808642042359347""]",https://polymarket.com/market/will-the-republicans-win-the-rhode-island-governor-race-in-2026,0xc9e6a0be2fe2d015dc1cd9d75f4dc5b48dddee1a7043935ef5d1e981c55d5ffc
629629,will-an-independent-win-the-rhode-island-governor-race-in-2026,Will an independent win the Rhode Island governor race in 2026?,Will an independent win the Rhode Island governor race in 2026?,"This market will resolve according to the winner of the 2026 Rhode Island gubernatorial election.

A candidate shall be considered to represent a party in the event that he or she is the nominee of the party in question. Candidates other than the Democratic or Republican nominee (e.g., Greens, Libertarian, independent) may be added at a later date.

Candidates who run as independents will not be encompassed by the “Democrat” or “Republican” options regardless of any affiliation they may have with the party.

The candidates may be named in the contract for the convenience of traders. In the event that any named candidate is replaced as the nominee of their respective party prior to election day, the name in the contract will be updated and the market will resolve based on the replacement nominee of the party.

The resolution source for this market is the Associated Press, Fox News, and NBC. This market will resolve once all three sources call the race for the same candidate. If all three sources haven’t called the race in this state for the same candidate, this market will resolve based on the official certification.",,,rhode-island-governor-winner-2026,Rhode Island Governor Election Winner,2205.8961929999996,13501.81328,False,,"[""13165388174900569619328636459480727052834519645059869980549561071064022087971"", ""111202902854619594912757736606690792075061552960837186030975224474972751918924""]",https://polymarket.com/market/will-an-independent-win-the-rhode-island-governor-race-in-2026,0x4ff66babd9440e4ca4097607aafa868bf734c5411463e14bffc5c330d7d0f524
629640,will-the-democrats-win-the-south-carolina-governor-race-in-2026,Will the Democrats win the South Carolina governor race in 2026?,Will the Democrats win the South Carolina governor race in 2026?,"This market will resolve according to the winner of the 2026 South Carolina gubernatorial election.

A candidate shall be considered to represent a party in the event that he or she is the nominee of the party in question. Candidates other than the Democratic or Republican nominee (e.g., Greens, Libertarian, independent) may be added at a later date.

Candidates who run as independents will not be encompassed by the ""Democrat"" or ""Republican"" options regardless of any affiliation they may have with the party.

The candidates may be named in the contract for the convenience of traders. In the event that any named candidate is replaced as the nominee of their respective party prior to election day, the name in the contract will be updated and the market will resolve based on the replacement nominee of the party.

The resolution source for this market is the Associated Press, Fox News, and NBC. This market will resolve once all three sources call the race for the same candidate. If all three sources haven't called the race in this state for the same candidate, this market will resolve based on the official certification.",,,south-carolina-governor-winner-2026,South Carolina Governor Election Winner,8785.006929,20645.64387,False,,"[""69673263487139231624315897585768201230841320475352635832819992690850228911127"", ""60881151017130321740345136601526104676952077782755755891584789189096989545525""]",https://polymarket.com/market/will-the-democrats-win-the-south-carolina-governor-race-in-2026,0x9767768d75f0fde1ad998e52b83999315cd5f45152a143a0153366915513e0d2
629641,will-the-republicans-win-the-south-carolina-governor-race-in-2026,Will the Republicans win the South Carolina governor race in 2026?,Will the Republicans win the South Carolina governor race in 2026?,"This market will resolve according to the winner of the 2026 South Carolina gubernatorial election.

A candidate shall be considered to represent a party in the event that he or she is the nominee of the party in question. Candidates other than the Democratic or Republican nominee (e.g., Greens, Libertarian, independent) may be added at a later date.

Candidates who run as independents will not be encompassed by the ""Democrat"" or ""Republican"" options regardless of any affiliation they may have with the party.

The candidates may be named in the contract for the convenience of traders. In the event that any named candidate is replaced as the nominee of their respective party prior to election day, the name in the contract will be updated and the market will resolve based on the replacement nominee of the party.

The resolution source for this market is the Associated Press, Fox News, and NBC. This market will resolve once all three sources call the race for the same candidate. If all three sources haven't called the race in this state for the same candidate, this market will resolve based on the official certification.",,,south-carolina-governor-winner-2026,South Carolina Governor Election Winner,10046.889976999997,20741.2852,False,,"[""115258259561547414610995893322363332894307320697384633557391293684664191320185"", ""17477959378122758499540906149943925432690452353416410038176243997158408694887""]",https://polymarket.com/market/will-the-republicans-win-the-south-carolina-governor-race-in-2026,0x1b7fa10e6b102c964bbd4a7cb0a4b7a341e17fcb9f8a2c8a5d6a3b30dfb5c394
629653,will-the-democrats-win-the-south-dakota-governor-race-in-2026,Will the Democrats win the South Dakota governor race in 2026?,Will the Democrats win the South Dakota governor race in 2026?,"This market will resolve according to the winner of the 2026 South Dakota gubernatorial election.

A candidate shall be considered to represent a party in the event that he or she is the nominee of the party in question. Candidates other than the Democratic or Republican nominee (e.g., Greens, Libertarian, independent) may be added at a later date.

Candidates who run as independents will not be encompassed by the ""Democrat"" or ""Republican"" options regardless of any affiliation they may have with the party.

The candidates may be named in the contract for the convenience of traders. In the event that any named candidate is replaced as the nominee of their respective party prior to election day, the name in the contract will be updated and the market will resolve based on the replacement nominee of the party.

The resolution source for this market is the Associated Press, Fox News, and NBC. This market will resolve once all three sources call the race for the same candidate. If all three sources haven't called the race in this state for the same candidate, this market will resolve based on the official certification.",,,south-dakota-governor-winner-2026,South Dakota Governor Election Winner,17515.391258,23110.83991,False,,"[""19857809653204352084235953967001149759321806996646353766198011041287290557051"", ""81928830076368461059680704904933018599743089984775447893064772019302534185483""]",https://polymarket.com/market/will-the-democrats-win-the-south-dakota-governor-race-in-2026,0xfc63bcdc71629dd77fba7e016021e4d9283d972d2a06f8552cbd25f87e5ce918
629654,will-the-republicans-win-the-south-dakota-governor-race-in-2026,Will the Republicans win the South Dakota governor race in 2026?,Will the Republicans win the South Dakota governor race in 2026?,"This market will resolve according to the winner of the 2026 South Dakota gubernatorial election.

A candidate shall be considered to represent a party in the event that he or she is the nominee of the party in question. Candidates other than the Democratic or Republican nominee (e.g., Greens, Libertarian, independent) may be added at a later date.

Candidates who run as independents will not be encompassed by the ""Democrat"" or ""Republican"" options regardless of any affiliation they may have with the party.

The candidates may be named in the contract for the convenience of traders. In the event that any named candidate is replaced as the nominee of their respective party prior to election day, the name in the contract will be updated and the market will resolve based on the replacement nominee of the party.

The resolution source for this market is the Associated Press, Fox News, and NBC. This market will resolve once all three sources call the race for the same candidate. If all three sources haven't called the race in this state for the same candidate, this market will resolve based on the official certification.",,,south-dakota-governor-winner-2026,South Dakota Governor Election Winner,9073.248070999998,16662.25364,False,,"[""33837211479232375079024923304907620849682048653904904303440832993092201214603"", ""38302880535951403336098668563481174440950945234701506433179054905474679477705""]",https://polymarket.com/market/will-the-republicans-win-the-south-dakota-governor-race-in-2026,0x89e2bb6a985d0ca0c23b64dd396c11dd1c16ccd004e3ee34f575578b2152c762
629666,will-the-democrats-win-the-tennessee-governor-race-in-2026,Will the Democrats win the Tennessee governor race in 2026?,Will the Democrats win the Tennessee governor race in 2026?,"This market will resolve according to the winner of the 2026 Tennessee gubernatorial election.

A candidate shall be considered to represent a party in the event that he or she is the nominee of the party in question. Candidates other than the Democratic or Republican nominee (e.g., Greens, Libertarian, independent) may be added at a later date.

Candidates who run as independents will not be encompassed by the “Democrat” or “Republican” options regardless of any affiliation they may have with the party.

The candidates may be named in the contract for the convenience of traders. In the event that any named candidate is replaced as the nominee of their respective party prior to election day, the name in the contract will be updated and the market will resolve based on the replacement nominee of the party.

The resolution source for this market is the Associated Press, Fox News, and NBC. This market will resolve once all three sources call the race for the same candidate. If all three sources haven’t called the race in this state for the same candidate, this market will resolve based on the official certification.",,,tennessee-governor-winner-2026,Tennessee Governor Election Winner,4124.302624999999,17558.7968,False,,"[""42092635016892213098098431597314233695276464574605657188222427223673881775927"", ""98575404987824247968035554378138502826375834662434598159433509586324667676456""]",https://polymarket.com/market/will-the-democrats-win-the-tennessee-governor-race-in-2026,0x3b1d01d11565a800485bdb04958e28bab4369e3f2ebc2134d12d74bde5f3baa7
629667,will-the-republicans-win-the-tennessee-governor-race-in-2026,Will the Republicans win the Tennessee governor race in 2026?,Will the Republicans win the Tennessee governor race in 2026?,"This market will resolve according to the winner of the 2026 Tennessee gubernatorial election.

A candidate shall be considered to represent a party in the event that he or she is the nominee of the party in question. Candidates other than the Democratic or Republican nominee (e.g., Greens, Libertarian, independent) may be added at a later date.

Candidates who run as independents will not be encompassed by the “Democrat” or “Republican” options regardless of any affiliation they may have with the party.

The candidates may be named in the contract for the convenience of traders. In the event that any named candidate is replaced as the nominee of their respective party prior to election day, the name in the contract will be updated and the market will resolve based on the replacement nominee of the party.

The resolution source for this market is the Associated Press, Fox News, and NBC. This market will resolve once all three sources call the race for the same candidate. If all three sources haven’t called the race in this state for the same candidate, this market will resolve based on the official certification.",,,tennessee-governor-winner-2026,Tennessee Governor Election Winner,5729.317656999999,13743.9486,False,,"[""24326213014906491852819643583064878883456155870415421965354259617491710449915"", ""48343513797313535139742557170888827052841827464414389814991107121857596719575""]",https://polymarket.com/market/will-the-republicans-win-the-tennessee-governor-race-in-2026,0xf9b998d7de887c1c905b1e1bd9ae38e32eda748c42bd958d3ba1cec9bf5ab79f
629690,will-the-democrats-win-the-texas-governor-race-in-2026,Will the Democrats win the Texas governor race in 2026?,Will the Democrats win the Texas governor race in 2026?,"This market will resolve according to the winner of the 2026 Texas gubernatorial election.

A candidate shall be considered to represent a party in the event that he or she is the nominee of the party in question. Candidates other than the Democratic or Republican nominee (e.g., Greens, Libertarian, independent) may be added at a later date.

Candidates who run as independents will not be encompassed by the ""Democrat"" or ""Republican"" options regardless of any affiliation they may have with the party.

The candidates may be named in the contract for the convenience of traders. In the event that any named candidate is replaced as the nominee of their respective party prior to election day, the name in the contract will be updated and the market will resolve based on the replacement nominee of the party.

The resolution source for this market is the Associated Press, Fox News, and NBC. This market will resolve once all three sources call the race for the same candidate. If all three sources haven't called the race in this state for the same candidate, this market will resolve based on the official certification.",,,texas-governor-winner-2026,Texas Governor Election Winner,115906.556905,114423.9579,False,,"[""48232987449750988261789196083999659380058157021032932634331257492238853387252"", ""72484470323457781490418074887818414956328925259630173408815876344351328006429""]",https://polymarket.com/market/will-the-democrats-win-the-texas-governor-race-in-2026,0x12b727031b38130d945b3e164386874360d9a32fdd7e3d00ed2adb13857e089b
629691,will-the-republicans-win-the-texas-governor-race-in-2026,Will the Republicans win the Texas governor race in 2026?,Will the Republicans win the Texas governor race in 2026?,"This market will resolve according to the winner of the 2026 Texas gubernatorial election.

A candidate shall be considered to represent a party in the event that he or she is the nominee of the party in question. Candidates other than the Democratic or Republican nominee (e.g., Greens, Libertarian, independent) may be added at a later date.

Candidates who run as independents will not be encompassed by the ""Democrat"" or ""Republican"" options regardless of any affiliation they may have with the party.

The candidates may be named in the contract for the convenience of traders. In the event that any named candidate is replaced as the nominee of their respective party prior to election day, the name in the contract will be updated and the market will resolve based on the replacement nominee of the party.

The resolution source for this market is the Associated Press, Fox News, and NBC. This market will resolve once all three sources call the race for the same candidate. If all three sources haven't called the race in this state for the same candidate, this market will resolve based on the official certification.",,,texas-governor-winner-2026,Texas Governor Election Winner,114739.02209600002,103308.62296,False,,"[""54743173400191373818547682740700297683169841200363505623023527116388816282328"", ""1866695229821909795321299492017203124655045093500207568743162324352894510180""]",https://polymarket.com/market/will-the-republicans-win-the-texas-governor-race-in-2026,0xcd953913ecd5bf5387092bf447fe13190871b2bc9436c85b0918b4767c3fa58a
629707,will-the-democrats-win-the-vermont-governor-race-in-2026,Will the Democrats win the Vermont governor race in 2026?,Will the Democrats win the Vermont governor race in 2026?,"This market will resolve according to the winner of the 2026 Vermont gubernatorial election.

A candidate shall be considered to represent a party in the event that he or she is the nominee of the party in question. Candidates other than the Democratic or Republican nominee (e.g., Greens, Libertarian, independent) may be added at a later date.

Candidates who run as independents will not be encompassed by the ""Democrat"" or ""Republican"" options regardless of any affiliation they may have with the party.

The candidates may be named in the contract for the convenience of traders. In the event that any named candidate is replaced as the nominee of their respective party prior to election day, the name in the contract will be updated and the market will resolve based on the replacement nominee of the party.

The resolution source for this market is the Associated Press, Fox News, and NBC. This market will resolve once all three sources call the race for the same candidate. If all three sources haven't called the race in this state for the same candidate, this market will resolve based on the official certification.",,,vermont-governor-winner-2026,Vermont Governor Election Winner,45549.10606600001,49882.82919,False,,"[""60184991030711150053889856154789765911962237408503307206289529109604385579009"", ""63691357964355397861776339416833450653158434687925250159757815624217137833471""]",https://polymarket.com/market/will-the-democrats-win-the-vermont-governor-race-in-2026,0x5dacb3919e3eb6372770cba85c42e0f980ddf18b1a767751de700ee272269233
629708,will-the-republicans-win-the-vermont-governor-race-in-2026,Will the Republicans win the Vermont governor race in 2026?,Will the Republicans win the Vermont governor race in 2026?,"This market will resolve according to the winner of the 2026 Vermont gubernatorial election.

A candidate shall be considered to represent a party in the event that he or she is the nominee of the party in question. Candidates other than the Democratic or Republican nominee (e.g., Greens, Libertarian, independent) may be added at a later date.

Candidates who run as independents will not be encompassed by the ""Democrat"" or ""Republican"" options regardless of any affiliation they may have with the party.

The candidates may be named in the contract for the convenience of traders. In the event that any named candidate is replaced as the nominee of their respective party prior to election day, the name in the contract will be updated and the market will resolve based on the replacement nominee of the party.

The resolution source for this market is the Associated Press, Fox News, and NBC. This market will resolve once all three sources call the race for the same candidate. If all three sources haven't called the race in this state for the same candidate, this market will resolve based on the official certification.",,,vermont-governor-winner-2026,Vermont Governor Election Winner,51589.080236999995,26698.6822,False,,"[""41583919731714354912849507182398941127545694257513505398713274521520484370640"", ""77561864081904257466881861992966973663334838144590020887681006880259960197549""]",https://polymarket.com/market/will-the-republicans-win-the-vermont-governor-race-in-2026,0x6664de877892786b699c552ef88f25ff6e4828f9a847e4f40e4d6d9cd30b1485
629720,will-the-democrats-win-the-wisconsin-governor-race-in-2026,Will the Democrats win the Wisconsin governor race in 2026?,Will the Democrats win the Wisconsin governor race in 2026?,"This market will resolve according to the winner of the 2026 Wisconsin gubernatorial election.

A candidate shall be considered to represent a party in the event that he or she is the nominee of the party in question. Candidates other than the Democratic or Republican nominee (e.g., Greens, Libertarian, independent) may be added at a later date.

Candidates who run as independents will not be encompassed by the ""Democrat"" or ""Republican"" options regardless of any affiliation they may have with the party.

The candidates may be named in the contract for the convenience of traders. In the event that any named candidate is replaced as the nominee of their respective party prior to election day, the name in the contract will be updated and the market will resolve based on the replacement nominee of the party.

The resolution source for this market is the Associated Press, Fox News, and NBC. This market will resolve once all three sources call the race for the same candidate. If all three sources haven't called the race in this state for the same candidate, this market will resolve based on the official certification.",,,wisconsin-governor-winner-2026,Wisconsin Governor Election Winner,329741.942455,86864.5325,False,,"[""47540146623620182724372695903724852067595146419459482790641441152489267651664"", ""9425494630420524762356091484606706289169789796333686976670441967109493832767""]",https://polymarket.com/market/will-the-democrats-win-the-wisconsin-governor-race-in-2026,0xfbd0a65112e26d9a2a68dc47f8a95c6c14d22650cb4837c5429b546726661b71
629721,will-the-republicans-win-the-wisconsin-governor-race-in-2026,Will the Republicans win the Wisconsin governor race in 2026?,Will the Republicans win the Wisconsin governor race in 2026?,"This market will resolve according to the winner of the 2026 Wisconsin gubernatorial election.

A candidate shall be considered to represent a party in the event that he or she is the nominee of the party in question. Candidates other than the Democratic or Republican nominee (e.g., Greens, Libertarian, independent) may be added at a later date.

Candidates who run as independents will not be encompassed by the ""Democrat"" or ""Republican"" options regardless of any affiliation they may have with the party.

The candidates may be named in the contract for the convenience of traders. In the event that any named candidate is replaced as the nominee of their respective party prior to election day, the name in the contract will be updated and the market will resolve based on the replacement nominee of the party.

The resolution source for this market is the Associated Press, Fox News, and NBC. This market will resolve once all three sources call the race for the same candidate. If all three sources haven't called the race in this state for the same candidate, this market will resolve based on the official certification.",,,wisconsin-governor-winner-2026,Wisconsin Governor Election Winner,287353.5494460001,55669.6658,False,,"[""110568426700454908727813010666782278712329569099119457880819387703511785225289"", ""94997938472772845981621371346408480728260037625129184428077443070579239724265""]",https://polymarket.com/market/will-the-republicans-win-the-wisconsin-governor-race-in-2026,0xd66eadbd64b3e815e31c7994470b44fe15c7ef1146f78937d0cfaa4c04fcfda7
629733,will-the-democrats-win-the-wyoming-governor-race-in-2026,Will the Democrats win the Wyoming governor race in 2026?,Will the Democrats win the Wyoming governor race in 2026?,"This market will resolve according to the winner of the 2026 Wyoming gubernatorial election.

A candidate shall be considered to represent a party in the event that he or she is the nominee of the party in question. Candidates other than the Democratic or Republican nominee (e.g., Greens, Libertarian, independent) may be added at a later date.

Candidates who run as independents will not be encompassed by the ""Democrat"" or ""Republican"" options regardless of any affiliation they may have with the party.

The candidates may be named in the contract for the convenience of traders. In the event that any named candidate is replaced as the nominee of their respective party prior to election day, the name in the contract will be updated and the market will resolve based on the replacement nominee of the party.

The resolution source for this market is the Associated Press, Fox News, and NBC. This market will resolve once all three sources call the race for the same candidate. If all three sources haven't called the race in this state for the same candidate, this market will resolve based on the official certification.",,,wyoming-governor-winner-2026,Wyoming Governor Election Winner,2392.3965009999997,18422.24333,False,,"[""27698880682601961151205903485139737259763277359865731443999905606295817799595"", ""96583137082549706198480677389115178770016108390630706701207381056297764196817""]",https://polymarket.com/market/will-the-democrats-win-the-wyoming-governor-race-in-2026,0x08cf528519394c3bdbca3299cf993db6d38dabcfb78addb80cfd82d6e273a82c
629734,will-the-republicans-win-the-wyoming-governor-race-in-2026,Will the Republicans win the Wyoming governor race in 2026?,Will the Republicans win the Wyoming governor race in 2026?,"This market will resolve according to the winner of the 2026 Wyoming gubernatorial election.

A candidate shall be considered to represent a party in the event that he or she is the nominee of the party in question. Candidates other than the Democratic or Republican nominee (e.g., Greens, Libertarian, independent) may be added at a later date.

Candidates who run as independents will not be encompassed by the ""Democrat"" or ""Republican"" options regardless of any affiliation they may have with the party.

The candidates may be named in the contract for the convenience of traders. In the event that any named candidate is replaced as the nominee of their respective party prior to election day, the name in the contract will be updated and the market will resolve based on the replacement nominee of the party.

The resolution source for this market is the Associated Press, Fox News, and NBC. This market will resolve once all three sources call the race for the same candidate. If all three sources haven't called the race in this state for the same candidate, this market will resolve based on the official certification.",,,wyoming-governor-winner-2026,Wyoming Governor Election Winner,9151.935657,17553.2714,False,,"[""110662231382210721528347530139180000273032668591469451320298639508988983810813"", ""99976219015035965574168901976309503181134185471894698064889695342472682228094""]",https://polymarket.com/market/will-the-republicans-win-the-wyoming-governor-race-in-2026,0xa7ff180532ac8e0a5efa29eeee07fc8cfdc0cd3bd830ef93b5ca53cbb9922633
630627,will-the-democrats-win-the-alabama-senate-race-in-2026,Will the Democrats win the Alabama Senate race in 2026?,Will the Democrats win the Alabama Senate race in 2026?,"This market will resolve according to the winner of the 2026 midterm Alabama U.S. Senate election, inclusive of any run-offs.

A candidate shall be considered to represent a party in the event that he or she is the nominee of the party in question. Candidates other than the Democratic or Republican nominee (e.g., Greens, Libertarian, independent) may be added at a later date.

Candidates who run as independents will not be encompassed by the “Democrat” or “Republican” options regardless of any affiliation they may have with the party.

The candidates may be named in the contract for the convenience of traders. In the event that any named candidate is replaced as the nominee of their respective party prior to election day, the name in the contract will be updated and the market will resolve based on the replacement nominee of the party.

The resolution source for this market is the Associated Press, Fox News, and NBC. This market will resolve once all three sources call the race for the same candidate. If all three sources haven’t called the race in this state for the same candidate, this market will resolve based on the official certification.",,,alabama-senate-election-winner-154,Alabama Senate Election Winner,5827.655706999998,13747.13485,False,,"[""77232568388576878990477542833081311975859328857370439688711702313039178600550"", ""41305309737809315151633117199490064099794235884838684383222141982080157632024""]",https://polymarket.com/market/will-the-democrats-win-the-alabama-senate-race-in-2026,0xffc0030fa887b259b313f7a695e34ce8776fdf1b674d1d7812f0e31782c3aca0
630628,will-the-republicans-win-the-alabama-senate-race-in-2026,Will the Republicans win the Alabama Senate race in 2026?,Will the Republicans win the Alabama Senate race in 2026?,"This market will resolve according to the winner of the 2026 midterm Alabama U.S. Senate election, inclusive of any run-offs.

A candidate shall be considered to represent a party in the event that he or she is the nominee of the party in question. Candidates other than the Democratic or Republican nominee (e.g., Greens, Libertarian, independent) may be added at a later date.

Candidates who run as independents will not be encompassed by the “Democrat” or “Republican” options regardless of any affiliation they may have with the party.

The candidates may be named in the contract for the convenience of traders. In the event that any named candidate is replaced as the nominee of their respective party prior to election day, the name in the contract will be updated and the market will resolve based on the replacement nominee of the party.

The resolution source for this market is the Associated Press, Fox News, and NBC. This market will resolve once all three sources call the race for the same candidate. If all three sources haven’t called the race in this state for the same candidate, this market will resolve based on the official certification.",,,alabama-senate-election-winner-154,Alabama Senate Election Winner,7127.421447999999,11228.12045,False,,"[""95119856323193627993348587708417756152568014985721929036628780323821873817569"", ""95286107028750601502051168250844687833938339238703778383649184813520093295024""]",https://polymarket.com/market/will-the-republicans-win-the-alabama-senate-race-in-2026,0x54ff2e4ca18c44b46a5d538a09054c97665cc7a01ead6e6baad4ffdd126a7c8a
630653,will-the-democrats-win-the-arkansas-senate-race-in-2026,Will the Democrats win the Arkansas Senate race in 2026?,Will the Democrats win the Arkansas Senate race in 2026?,"This market will resolve according to the winner of the 2026 midterm Arkansas U.S. Senate election, inclusive of any run-offs.

A candidate shall be considered to represent a party in the event that he or she is the nominee of the party in question. Candidates other than the Democratic or Republican nominee (e.g., Greens, Libertarian, independent) may be added at a later date.

Candidates who run as independents will not be encompassed by the “Democrat” or “Republican” options regardless of any affiliation they may have with the party.

The candidates may be named in the contract for the convenience of traders. In the event that any named candidate is replaced as the nominee of their respective party prior to election day, the name in the contract will be updated and the market will resolve based on the replacement nominee of the party.

The resolution source for this market is the Associated Press, Fox News, and NBC. This market will resolve once all three sources call the race for the same candidate. If all three sources haven’t called the race in this state for the same candidate, this market will resolve based on the official certification.",,,arkansas-senate-election-winner,Arkansas Senate Election Winner,6266.594669,19652.54114,False,,"[""68370995073141964079913803663665941780115677360430806954011390499916208708512"", ""13262930035751293044299030051076946493579310948743085503128810162298115061024""]",https://polymarket.com/market/will-the-democrats-win-the-arkansas-senate-race-in-2026,0xfd583ce731a731f6500cf5427090f1e708ec102140146200306b56c489ed4364
630654,will-the-republicans-win-the-arkansas-senate-race-in-2026,Will the Republicans win the Arkansas Senate race in 2026?,Will the Republicans win the Arkansas Senate race in 2026?,"This market will resolve according to the winner of the 2026 midterm Arkansas U.S. Senate election, inclusive of any run-offs.

A candidate shall be considered to represent a party in the event that he or she is the nominee of the party in question. Candidates other than the Democratic or Republican nominee (e.g., Greens, Libertarian, independent) may be added at a later date.

Candidates who run as independents will not be encompassed by the “Democrat” or “Republican” options regardless of any affiliation they may have with the party.

The candidates may be named in the contract for the convenience of traders. In the event that any named candidate is replaced as the nominee of their respective party prior to election day, the name in the contract will be updated and the market will resolve based on the replacement nominee of the party.

The resolution source for this market is the Associated Press, Fox News, and NBC. This market will resolve once all three sources call the race for the same candidate. If all three sources haven’t called the race in this state for the same candidate, this market will resolve based on the official certification.",,,arkansas-senate-election-winner,Arkansas Senate Election Winner,16362.143551999996,36834.96967,False,,"[""48125407658537781630126353551882211313520827583468729408685633955919030034320"", ""1797580469213095171880719393862360781916964211483452267877668487044757332006""]",https://polymarket.com/market/will-the-republicans-win-the-arkansas-senate-race-in-2026,0x814f5203f08088877a5e70911f5f1c7d13030d986a9237822e6f708a27111c62
630666,will-the-democrats-win-the-colorado-senate-race-in-2026,Will the Democrats win the Colorado Senate race in 2026?,Will the Democrats win the Colorado Senate race in 2026?,"This market will resolve according to the winner of the 2026 midterm Colorado U.S. Senate election, inclusive of any run-offs.

A candidate shall be considered to represent a party in the event that he or she is the nominee of the party in question. Candidates other than the Democratic or Republican nominee (e.g., Greens, Libertarian, independent) may be added at a later date.

Candidates who run as independents will not be encompassed by the “Democrat” or “Republican” options regardless of any affiliation they may have with the party.

The candidates may be named in the contract for the convenience of traders. In the event that any named candidate is replaced as the nominee of their respective party prior to election day, the name in the contract will be updated and the market will resolve based on the replacement nominee of the party.

The resolution source for this market is the Associated Press, Fox News, and NBC. This market will resolve once all three sources call the race for the same candidate. If all three sources haven’t called the race in this state for the same candidate, this market will resolve based on the official certification.",,,colorado-senate-election-winner,Colorado Senate Election Winner,13933.943194999996,17382.65128,False,,"[""68194463917260305435439145066031544476540679280823247532132832363696000101185"", ""106192530786960539135535008575818346767459617102414049409342524139150698862791""]",https://polymarket.com/market/will-the-democrats-win-the-colorado-senate-race-in-2026,0x3f8d20cfcf2136d0c001663603c2d7f7be0fb920534d09a193f3165a40fe9469
630667,will-the-republicans-win-the-colorado-senate-race-in-2026,Will the Republicans win the Colorado Senate race in 2026?,Will the Republicans win the Colorado Senate race in 2026?,"This market will resolve according to the winner of the 2026 midterm Colorado U.S. Senate election, inclusive of any run-offs.

A candidate shall be considered to represent a party in the event that he or she is the nominee of the party in question. Candidates other than the Democratic or Republican nominee (e.g., Greens, Libertarian, independent) may be added at a later date.

Candidates who run as independents will not be encompassed by the “Democrat” or “Republican” options regardless of any affiliation they may have with the party.

The candidates may be named in the contract for the convenience of traders. In the event that any named candidate is replaced as the nominee of their respective party prior to election day, the name in the contract will be updated and the market will resolve based on the replacement nominee of the party.

The resolution source for this market is the Associated Press, Fox News, and NBC. This market will resolve once all three sources call the race for the same candidate. If all three sources haven’t called the race in this state for the same candidate, this market will resolve based on the official certification.",,,colorado-senate-election-winner,Colorado Senate Election Winner,37004.71475499999,22455.77285,False,,"[""94387913280398317052582281843978069916338462525042652614881277797162415545237"", ""2474994172812821906731940905046937405647772936830086080400122272424376650343""]",https://polymarket.com/market/will-the-republicans-win-the-colorado-senate-race-in-2026,0xf67cdc929ad7442696e3c61a88445a5cf06d99e1a6e7eb41f17e48d20da35ee9
630679,will-the-democrats-win-the-delaware-senate-race-in-2026,Will the Democrats win the Delaware Senate race in 2026?,Will the Democrats win the Delaware Senate race in 2026?,"This market will resolve according to the winner of the 2026 midterm Delaware U.S. Senate election, inclusive of any run-offs.

A candidate shall be considered to represent a party in the event that he or she is the nominee of the party in question. Candidates other than the Democratic or Republican nominee (e.g., Greens, Libertarian, independent) may be added at a later date.

Candidates who run as independents will not be encompassed by the “Democrat” or “Republican” options regardless of any affiliation they may have with the party.

The candidates may be named in the contract for the convenience of traders. In the event that any named candidate is replaced as the nominee of their respective party prior to election day, the name in the contract will be updated and the market will resolve based on the replacement nominee of the party.

The resolution source for this market is the Associated Press, Fox News, and NBC. This market will resolve once all three sources call the race for the same candidate. If all three sources haven’t called the race in this state for the same candidate, this market will resolve based on the official certification.",,,delaware-senate-election-winner,Delaware Senate Election Winner,12065.903503000005,18175.69151,False,,"[""109467029375682717672947466588331781838347232688418556926634334189471462678711"", ""56515783740067714541146024238690731191171951191676227554534304907999316653689""]",https://polymarket.com/market/will-the-democrats-win-the-delaware-senate-race-in-2026,0xad23b96e7a01232f86955c2a719bd7b63f937e093a220bad52fbc8bd0664dedb
630680,will-the-republicans-win-the-delaware-senate-race-in-2026,Will the Republicans win the Delaware Senate race in 2026?,Will the Republicans win the Delaware Senate race in 2026?,"This market will resolve according to the winner of the 2026 midterm Delaware U.S. Senate election, inclusive of any run-offs.

A candidate shall be considered to represent a party in the event that he or she is the nominee of the party in question. Candidates other than the Democratic or Republican nominee (e.g., Greens, Libertarian, independent) may be added at a later date.

Candidates who run as independents will not be encompassed by the “Democrat” or “Republican” options regardless of any affiliation they may have with the party.

The candidates may be named in the contract for the convenience of traders. In the event that any named candidate is replaced as the nominee of their respective party prior to election day, the name in the contract will be updated and the market will resolve based on the replacement nominee of the party.

The resolution source for this market is the Associated Press, Fox News, and NBC. This market will resolve once all three sources call the race for the same candidate. If all three sources haven’t called the race in this state for the same candidate, this market will resolve based on the official certification.",,,delaware-senate-election-winner,Delaware Senate Election Winner,19582.645721000004,31021.39576,False,,"[""18791277393217683755628516529477058015186638022373024614300661393042993809537"", ""111410260998316519094031668071734601628657437474531224521985946937751497012846""]",https://polymarket.com/market/will-the-republicans-win-the-delaware-senate-race-in-2026,0xe70151207ba1c9696abc51293ff65c9d6e8cbb133af3b5430453d112977cd252
630692,will-the-democrats-win-the-georgia-senate-race-in-2026,Will the Democrats win the Georgia Senate race in 2026?,Will the Democrats win the Georgia Senate race in 2026?,"This market will resolve according to the winner of the 2026 midterm Georgia U.S. Senate election, inclusive of any run-offs.

A candidate shall be considered to represent a party in the event that he or she is the nominee of the party in question. Candidates other than the Democratic or Republican nominee (e.g., Greens, Libertarian, independent) may be added at a later date.

Candidates who run as independents will not be encompassed by the “Democrat” or “Republican” options regardless of any affiliation they may have with the party.

The candidates may be named in the contract for the convenience of traders. In the event that any named candidate is replaced as the nominee of their respective party prior to election day, the name in the contract will be updated and the market will resolve based on the replacement nominee of the party.

The resolution source for this market is the Associated Press, Fox News, and NBC. This market will resolve once all three sources call the race for the same candidate. If all three sources haven’t called the race in this state for the same candidate, this market will resolve based on the official certification.",,,georgia-senate-election-winner,Georgia Senate Election Winner,80611.517424,88255.853,False,,"[""21024219148268989748704207701411444044468128261642675917026452687231462203167"", ""35836144845762083734936716777818582913796871841916057482479347577598882811767""]",https://polymarket.com/market/will-the-democrats-win-the-georgia-senate-race-in-2026,0x3c5b93b91196c8db64e63c424979da8cfbf44a4501afd70d2480ee28fbf306a2
630693,will-the-republicans-win-the-georgia-senate-race-in-2026,Will the Republicans win the Georgia Senate race in 2026?,Will the Republicans win the Georgia Senate race in 2026?,"This market will resolve according to the winner of the 2026 midterm Georgia U.S. Senate election, inclusive of any run-offs.

A candidate shall be considered to represent a party in the event that he or she is the nominee of the party in question. Candidates other than the Democratic or Republican nominee (e.g., Greens, Libertarian, independent) may be added at a later date.

Candidates who run as independents will not be encompassed by the “Democrat” or “Republican” options regardless of any affiliation they may have with the party.

The candidates may be named in the contract for the convenience of traders. In the event that any named candidate is replaced as the nominee of their respective party prior to election day, the name in the contract will be updated and the market will resolve based on the replacement nominee of the party.

The resolution source for this market is the Associated Press, Fox News, and NBC. This market will resolve once all three sources call the race for the same candidate. If all three sources haven’t called the race in this state for the same candidate, this market will resolve based on the official certification.",,,georgia-senate-election-winner,Georgia Senate Election Winner,95552.36899799999,97640.03904,False,,"[""43777191461245536274027792855557351629362906569064322165760098912770293918104"", ""61124290990237905740819218004087985253159695156484630843664573685734418084158""]",https://polymarket.com/market/will-the-republicans-win-the-georgia-senate-race-in-2026,0x54e4e816cc5868e2f933c6bbc597e3313bdad382be3ecf7eaa4d8fa5c3f1a1bd
630705,will-the-democrats-win-the-idaho-senate-race-in-2026,Will the Democrats win the Idaho Senate race in 2026?,Will the Democrats win the Idaho Senate race in 2026?,"This market will resolve according to the winner of the 2026 midterm Idaho U.S. Senate election, inclusive of any run-offs.

A candidate shall be considered to represent a party in the event that he or she is the nominee of the party in question. Candidates other than the Democratic or Republican nominee (e.g., Greens, Libertarian, independent) may be added at a later date.

Candidates who run as independents will not be encompassed by the “Democrat” or “Republican” options regardless of any affiliation they may have with the party.

The candidates may be named in the contract for the convenience of traders. In the event that any named candidate is replaced as the nominee of their respective party prior to election day, the name in the contract will be updated and the market will resolve based on the replacement nominee of the party.

The resolution source for this market is the Associated Press, Fox News, and NBC. This market will resolve once all three sources call the race for the same candidate. If all three sources haven’t called the race in this state for the same candidate, this market will resolve based on the official certification.",,,idaho-senate-election-winner,Idaho Senate Election Winner,17611.297163000003,14363.5978,False,,"[""106941193163110167696426338043140728938381127310653153528096347878604033727123"", ""80934691869338927255837304938089888360426615780964561477823921040289407849741""]",https://polymarket.com/market/will-the-democrats-win-the-idaho-senate-race-in-2026,0xbf4144ee69c04fafaf23f455cee1e240cb4a643aec6276ef6159929a4a070280
630706,will-the-republicans-win-the-idaho-senate-race-in-2026,Will the Republicans win the Idaho Senate race in 2026?,Will the Republicans win the Idaho Senate race in 2026?,"This market will resolve according to the winner of the 2026 midterm Idaho U.S. Senate election, inclusive of any run-offs.

A candidate shall be considered to represent a party in the event that he or she is the nominee of the party in question. Candidates other than the Democratic or Republican nominee (e.g., Greens, Libertarian, independent) may be added at a later date.

Candidates who run as independents will not be encompassed by the “Democrat” or “Republican” options regardless of any affiliation they may have with the party.

The candidates may be named in the contract for the convenience of traders. In the event that any named candidate is replaced as the nominee of their respective party prior to election day, the name in the contract will be updated and the market will resolve based on the replacement nominee of the party.

The resolution source for this market is the Associated Press, Fox News, and NBC. This market will resolve once all three sources call the race for the same candidate. If all three sources haven’t called the race in this state for the same candidate, this market will resolve based on the official certification.",,,idaho-senate-election-winner,Idaho Senate Election Winner,51483.97495800002,55966.85577,False,,"[""6756779810577885828704276397389282544084821591107025125954859235939281991675"", ""87565258770725265966392236652709967744698603916603639644457593228770340754031""]",https://polymarket.com/market/will-the-republicans-win-the-idaho-senate-race-in-2026,0x22e986868fae24a9e7b6fff86e063cc90843c85c4a9dd65b2628bbf5663997c7
630707,will-person-a-win-the-idaho-senate-race-in-2026,Will Todd Achilles win the Idaho Senate race in 2026?,Will Todd Achilles win the Idaho Senate race in 2026?,"This market will resolve according to the winner of the 2026 midterm Idaho U.S. Senate election, inclusive of any run-offs.

A candidate shall be considered to represent a party in the event that he or she is the nominee of the party in question. Candidates other than the Democratic or Republican nominee (e.g., Greens, Libertarian, independent) may be added at a later date.

Candidates who run as independents will not be encompassed by the “Democrat” or “Republican” options regardless of any affiliation they may have with the party.

The candidates may be named in the contract for the convenience of traders. In the event that any named candidate is replaced as the nominee of their respective party prior to election day, the name in the contract will be updated and the market will resolve based on the replacement nominee of the party.

The resolution source for this market is the Associated Press, Fox News, and NBC. This market will resolve once all three sources call the race for the same candidate. If all three sources haven’t called the race in this state for the same candidate, this market will resolve based on the official certification.",,,idaho-senate-election-winner,Idaho Senate Election Winner,5321.8800759999995,72447.21405,False,,"[""109865291951183941149765892685776097643915392898762342965012269207177841238467"", ""57925461341104910435866398583612621937921844618146243318901522652628878376322""]",https://polymarket.com/market/will-person-a-win-the-idaho-senate-race-in-2026,0xd598aae4819d33b840423b82ded0de2a5f583529a1790ff318a4531f98c5c301
630720,will-the-democrats-win-the-illinois-senate-race-in-2026,Will the Democrats win the Illinois Senate race in 2026?,Will the Democrats win the Illinois Senate race in 2026?,"This market will resolve according to the winner of the 2026 midterm Illinois U.S. Senate election, inclusive of any run-offs.

A candidate shall be considered to represent a party in the event that he or she is the nominee of the party in question. Candidates other than the Democratic or Republican nominee (e.g., Greens, Libertarian, independent) may be added at a later date.

Candidates who run as independents will not be encompassed by the “Democrat” or “Republican” options regardless of any affiliation they may have with the party.

The candidates may be named in the contract for the convenience of traders. In the event that any named candidate is replaced as the nominee of their respective party prior to election day, the name in the contract will be updated and the market will resolve based on the replacement nominee of the party.

The resolution source for this market is the Associated Press, Fox News, and NBC. This market will resolve once all three sources call the race for the same candidate. If all three sources haven’t called the race in this state for the same candidate, this market will resolve based on the official certification.",,,illinois-senate-election-winner,Illinois Senate Election Winner,16889.952889,16635.38725,False,,"[""3015477455071606958014729552697672689898195807324746948280693702257424620276"", ""115316081925755141262134681282752103796078250770988305202716210672556966594698""]",https://polymarket.com/market/will-the-democrats-win-the-illinois-senate-race-in-2026,0xdb9b47929435349bfc4f7a65e0ceb89d5cea388a87c4c6f10d0f736253ae0d76
630721,will-the-republicans-win-the-illinois-senate-race-in-2026,Will the Republicans win the Illinois Senate race in 2026?,Will the Republicans win the Illinois Senate race in 2026?,"This market will resolve according to the winner of the 2026 midterm Illinois U.S. Senate election, inclusive of any run-offs.

A candidate shall be considered to represent a party in the event that he or she is the nominee of the party in question. Candidates other than the Democratic or Republican nominee (e.g., Greens, Libertarian, independent) may be added at a later date.

Candidates who run as independents will not be encompassed by the “Democrat” or “Republican” options regardless of any affiliation they may have with the party.

The candidates may be named in the contract for the convenience of traders. In the event that any named candidate is replaced as the nominee of their respective party prior to election day, the name in the contract will be updated and the market will resolve based on the replacement nominee of the party.

The resolution source for this market is the Associated Press, Fox News, and NBC. This market will resolve once all three sources call the race for the same candidate. If all three sources haven’t called the race in this state for the same candidate, this market will resolve based on the official certification.",,,illinois-senate-election-winner,Illinois Senate Election Winner,16580.21758,19456.08506,False,,"[""28293677056280080359554222049156424637171556977737746792223933800049748849083"", ""33213488937256662530482377056557065500011938647623670350418977541117315454320""]",https://polymarket.com/market/will-the-republicans-win-the-illinois-senate-race-in-2026,0xaed6455cc597aac64c06e4e85506a0efdbc1fe0d37824e77a29b09559214ada1
630733,will-the-democrats-win-the-iowa-senate-race-in-2026,Will the Democrats win the Iowa Senate race in 2026?,Will the Democrats win the Iowa Senate race in 2026?,"This market will resolve according to the winner of the 2026 midterm Iowa U.S. Senate election, inclusive of any run-offs.

A candidate shall be considered to represent a party in the event that he or she is the nominee of the party in question. Candidates other than the Democratic or Republican nominee (e.g., Greens, Libertarian, independent) may be added at a later date.

Candidates who run as independents will not be encompassed by the “Democrat” or “Republican” options regardless of any affiliation they may have with the party.

The candidates may be named in the contract for the convenience of traders. In the event that any named candidate is replaced as the nominee of their respective party prior to election day, the name in the contract will be updated and the market will resolve based on the replacement nominee of the party.

The resolution source for this market is the Associated Press, Fox News, and NBC. This market will resolve once all three sources call the race for the same candidate. If all three sources haven’t called the race in this state for the same candidate, this market will resolve based on the official certification.",,,iowa-senate-election-winner,Iowa Senate Election Winner,309495.4104899999,143479.9955,False,,"[""90689690530039118737607894922148077480097700217322320781526913496162509181445"", ""105412116375859456386463067772529895223931027977055063584054608854983174999392""]",https://polymarket.com/market/will-the-democrats-win-the-iowa-senate-race-in-2026,0xd50c016598c499fceea10a1a714e48d9b4953487fe215daeaf916068fae722f1
630734,will-the-republicans-win-the-iowa-senate-race-in-2026,Will the Republicans win the Iowa Senate race in 2026?,Will the Republicans win the Iowa Senate race in 2026?,"This market will resolve according to the winner of the 2026 midterm Iowa U.S. Senate election, inclusive of any run-offs.

A candidate shall be considered to represent a party in the event that he or she is the nominee of the party in question. Candidates other than the Democratic or Republican nominee (e.g., Greens, Libertarian, independent) may be added at a later date.

Candidates who run as independents will not be encompassed by the “Democrat” or “Republican” options regardless of any affiliation they may have with the party.

The candidates may be named in the contract for the convenience of traders. In the event that any named candidate is replaced as the nominee of their respective party prior to election day, the name in the contract will be updated and the market will resolve based on the replacement nominee of the party.

The resolution source for this market is the Associated Press, Fox News, and NBC. This market will resolve once all three sources call the race for the same candidate. If all three sources haven’t called the race in this state for the same candidate, this market will resolve based on the official certification.",,,iowa-senate-election-winner,Iowa Senate Election Winner,278925.1638299999,149626.1648,False,,"[""107844449523890311740907586041395758413047559802389895859202256336422357556837"", ""45697952169290210733788647908439282215277461482653377209044144054693714912010""]",https://polymarket.com/market/will-the-republicans-win-the-iowa-senate-race-in-2026,0x38a1025bfc56539ed1ff8fdd468283d55cf9002412decd61aa8d6c578c7d01a2
630746,will-the-democrats-win-the-kansas-senate-race-in-2026,Will the Democrats win the Kansas Senate race in 2026?,Will the Democrats win the Kansas Senate race in 2026?,"This market will resolve according to the winner of the 2026 midterm Kansas U.S. Senate election, inclusive of any run-offs.

A candidate shall be considered to represent a party in the event that he or she is the nominee of the party in question. Candidates other than the Democratic or Republican nominee (e.g., Greens, Libertarian, independent) may be added at a later date.

Candidates who run as independents will not be encompassed by the “Democrat” or “Republican” options regardless of any affiliation they may have with the party.

The candidates may be named in the contract for the convenience of traders. In the event that any named candidate is replaced as the nominee of their respective party prior to election day, the name in the contract will be updated and the market will resolve based on the replacement nominee of the party.

The resolution source for this market is the Associated Press, Fox News, and NBC. This market will resolve once all three sources call the race for the same candidate. If all three sources haven’t called the race in this state for the same candidate, this market will resolve based on the official certification.",,,kansas-senate-election-winner,Kansas Senate Election Winner,153998.48881699998,177353.2068,False,,"[""75079868093228966915894372964099062660587490227046756021175661325867722540666"", ""37327444084035787269854507880662541101916131726641992937390933740081521292625""]",https://polymarket.com/market/will-the-democrats-win-the-kansas-senate-race-in-2026,0x460d3942d385cdeda20519c0c5ad804ae48dc18efc9a82e1f1be87a29e69adb3
630747,will-the-republicans-win-the-kansas-senate-race-in-2026,Will the Republicans win the Kansas Senate race in 2026?,Will the Republicans win the Kansas Senate race in 2026?,"This market will resolve according to the winner of the 2026 midterm Kansas U.S. Senate election, inclusive of any run-offs.

A candidate shall be considered to represent a party in the event that he or she is the nominee of the party in question. Candidates other than the Democratic or Republican nominee (e.g., Greens, Libertarian, independent) may be added at a later date.

Candidates who run as independents will not be encompassed by the “Democrat” or “Republican” options regardless of any affiliation they may have with the party.

The candidates may be named in the contract for the convenience of traders. In the event that any named candidate is replaced as the nominee of their respective party prior to election day, the name in the contract will be updated and the market will resolve based on the replacement nominee of the party.

The resolution source for this market is the Associated Press, Fox News, and NBC. This market will resolve once all three sources call the race for the same candidate. If all three sources haven’t called the race in this state for the same candidate, this market will resolve based on the official certification.",,,kansas-senate-election-winner,Kansas Senate Election Winner,158315.288546,114270.2733,False,,"[""18131974965869813060047290511060211742274666573066200470724290584768041211203"", ""99954012845363784422380244269243499000117818896422626871954380344984773420508""]",https://polymarket.com/market/will-the-republicans-win-the-kansas-senate-race-in-2026,0xb8b5349814450b8bba2ecdda2eeb9f48bd3c795bfb858bedf7a383712b877743
630759,will-the-democrats-win-the-kentucky-senate-race-in-2026,Will the Democrats win the Kentucky Senate race in 2026?,Will the Democrats win the Kentucky Senate race in 2026?,"This market will resolve according to the winner of the 2026 midterm Kentucky U.S. Senate election, inclusive of any run-offs.

A candidate shall be considered to represent a party in the event that he or she is the nominee of the party in question. Candidates other than the Democratic or Republican nominee (e.g., Greens, Libertarian, independent) may be added at a later date.

Candidates who run as independents will not be encompassed by the “Democrat” or “Republican” options regardless of any affiliation they may have with the party.

The candidates may be named in the contract for the convenience of traders. In the event that any named candidate is replaced as the nominee of their respective party prior to election day, the name in the contract will be updated and the market will resolve based on the replacement nominee of the party.

The resolution source for this market is the Associated Press, Fox News, and NBC. This market will resolve once all three sources call the race for the same candidate. If all three sources haven’t called the race in this state for the same candidate, this market will resolve based on the official certification.",,,kentucky-senate-election-winner,Kentucky Senate Election Winner,7453.996246000001,22720.70501,False,,"[""37649267567982889592011384409533519112993266261975620703097847510820818713285"", ""25714364921494590153126712070237148273556585153060830557346938682702981481913""]",https://polymarket.com/market/will-the-democrats-win-the-kentucky-senate-race-in-2026,0xf27ea17046f54cfa5e7dda5c58f06a3f391f3ae6a3cfaddcda8c432c5afcf2dd
630760,will-the-republicans-win-the-kentucky-senate-race-in-2026,Will the Republicans win the Kentucky Senate race in 2026?,Will the Republicans win the Kentucky Senate race in 2026?,"This market will resolve according to the winner of the 2026 midterm Kentucky U.S. Senate election, inclusive of any run-offs.

A candidate shall be considered to represent a party in the event that he or she is the nominee of the party in question. Candidates other than the Democratic or Republican nominee (e.g., Greens, Libertarian, independent) may be added at a later date.

Candidates who run as independents will not be encompassed by the “Democrat” or “Republican” options regardless of any affiliation they may have with the party.

The candidates may be named in the contract for the convenience of traders. In the event that any named candidate is replaced as the nominee of their respective party prior to election day, the name in the contract will be updated and the market will resolve based on the replacement nominee of the party.

The resolution source for this market is the Associated Press, Fox News, and NBC. This market will resolve once all three sources call the race for the same candidate. If all three sources haven’t called the race in this state for the same candidate, this market will resolve based on the official certification.",,,kentucky-senate-election-winner,Kentucky Senate Election Winner,26990.582565,49730.91152,False,,"[""48498511771232100148522166869811267217315069499419645745771730197179043728388"", ""65439356235045131807396247896357430551043166853377401069960230324723866335352""]",https://polymarket.com/market/will-the-republicans-win-the-kentucky-senate-race-in-2026,0x4151b05d1d98bb10d1a459f013d8583267b5fc6fa9e7bc755653f074f4a5e33a
630772,will-the-democrats-win-the-maine-senate-race-in-2026,Will the Democrats win the Maine Senate race in 2026?,Will the Democrats win the Maine Senate race in 2026?,"This market will resolve according to the winner of the 2026 midterm Maine U.S. Senate election, inclusive of any run-offs.

A candidate shall be considered to represent a party in the event that he or she is the nominee of the party in question. Candidates other than the Democratic or Republican nominee (e.g., Greens, Libertarian, independent) may be added at a later date.

Candidates who run as independents will not be encompassed by the “Democrat” or “Republican” options regardless of any affiliation they may have with the party.

The candidates may be named in the contract for the convenience of traders. In the event that any named candidate is replaced as the nominee of their respective party prior to election day, the name in the contract will be updated and the market will resolve based on the replacement nominee of the party.

The resolution source for this market is the Associated Press, Fox News, and NBC. This market will resolve once all three sources call the race for the same candidate. If all three sources haven’t called the race in this state for the same candidate, this market will resolve based on the official certification.",,,maine-senate-election-winner,Maine Senate Election Winner,1147194.8221250002,73043.1858,False,,"[""7589880081658059374445882095611024032084645048848237404312287942463647821549"", ""6136336712352911156426560180855478229745540927722899997193789497766196705020""]",https://polymarket.com/market/will-the-democrats-win-the-maine-senate-race-in-2026,0x66bbf6d55e0296278858b3147689f3df9259374f158f9f028b608baa322a639c
630773,will-the-republicans-win-the-maine-senate-race-in-2026,Will the Republicans win the Maine Senate race in 2026?,Will the Republicans win the Maine Senate race in 2026?,"This market will resolve according to the winner of the 2026 midterm Maine U.S. Senate election, inclusive of any run-offs.

A candidate shall be considered to represent a party in the event that he or she is the nominee of the party in question. Candidates other than the Democratic or Republican nominee (e.g., Greens, Libertarian, independent) may be added at a later date.

Candidates who run as independents will not be encompassed by the “Democrat” or “Republican” options regardless of any affiliation they may have with the party.

The candidates may be named in the contract for the convenience of traders. In the event that any named candidate is replaced as the nominee of their respective party prior to election day, the name in the contract will be updated and the market will resolve based on the replacement nominee of the party.

The resolution source for this market is the Associated Press, Fox News, and NBC. This market will resolve once all three sources call the race for the same candidate. If all three sources haven’t called the race in this state for the same candidate, this market will resolve based on the official certification.",,,maine-senate-election-winner,Maine Senate Election Winner,824235.157477,102590.9336,False,,"[""2142948285506077695096498341598672159464223074468931276310105532825810210121"", ""43295283577056639281694071578249936735369407445693289764095672178175084599787""]",https://polymarket.com/market/will-the-republicans-win-the-maine-senate-race-in-2026,0x2c00cb09722a0f0501c5e49131b898ed57bb5c075db4dc2bcbc14908f45b8c48
630790,will-the-democrats-win-the-massachusetts-senate-race-in-2026,Will the Democrats win the Massachusetts Senate race in 2026?,Will the Democrats win the Massachusetts Senate race in 2026?,"This market will resolve according to the winner of the 2026 midterm Massachusetts U.S. Senate election, inclusive of any run-offs.

A candidate shall be considered to represent a party in the event that he or she is the nominee of the party in question. Candidates other than the Democratic or Republican nominee (e.g., Greens, Libertarian, independent) may be added at a later date.

Candidates who run as independents will not be encompassed by the “Democrat” or “Republican” options regardless of any affiliation they may have with the party.

The candidates may be named in the contract for the convenience of traders. In the event that any named candidate is replaced as the nominee of their respective party prior to election day, the name in the contract will be updated and the market will resolve based on the replacement nominee of the party.

The resolution source for this market is the Associated Press, Fox News, and NBC. This market will resolve once all three sources call the race for the same candidate. If all three sources haven’t called the race in this state for the same candidate, this market will resolve based on the official certification.",,,massachusetts-senate-election-winner,Massachusetts Senate Election Winner,35482.31492399999,29058.95001,False,,"[""37806907368043161074949113436745462734936336037202698916361016094424427186209"", ""12372043962778394976024486768688292040496139295686161489871763438144310710290""]",https://polymarket.com/market/will-the-democrats-win-the-massachusetts-senate-race-in-2026,0x6f56cdf896a8cdb2552661dd7b3d54dab6ef418d5be0d8a96dea3f16cbf31632
630791,will-the-republicans-win-the-massachusetts-senate-race-in-2026,Will the Republicans win the Massachusetts Senate race in 2026?,Will the Republicans win the Massachusetts Senate race in 2026?,"This market will resolve according to the winner of the 2026 midterm Massachusetts U.S. Senate election, inclusive of any run-offs.

A candidate shall be considered to represent a party in the event that he or she is the nominee of the party in question. Candidates other than the Democratic or Republican nominee (e.g., Greens, Libertarian, independent) may be added at a later date.

Candidates who run as independents will not be encompassed by the “Democrat” or “Republican” options regardless of any affiliation they may have with the party.

The candidates may be named in the contract for the convenience of traders. In the event that any named candidate is replaced as the nominee of their respective party prior to election day, the name in the contract will be updated and the market will resolve based on the replacement nominee of the party.

The resolution source for this market is the Associated Press, Fox News, and NBC. This market will resolve once all three sources call the race for the same candidate. If all three sources haven’t called the race in this state for the same candidate, this market will resolve based on the official certification.",,,massachusetts-senate-election-winner,Massachusetts Senate Election Winner,13095.249139999998,25117.35312,False,,"[""94720102345103978732985991591541449349105398685307981352929740529082927790385"", ""89749451189659806236078281140753717284965641684284805325103046978904196883787""]",https://polymarket.com/market/will-the-republicans-win-the-massachusetts-senate-race-in-2026,0xc07048f298bae3ec73447a92cdc2dfd2e44d10ae1164b6d50db68ec5ab4b2766
630805,will-the-democrats-win-the-michigan-senate-race-in-2026,Will the Democrats win the Michigan Senate race in 2026?,Will the Democrats win the Michigan Senate race in 2026?,"This market will resolve according to the winner of the 2026 midterm Michigan U.S. Senate election, inclusive of any run-offs.

A candidate shall be considered to represent a party in the event that he or she is the nominee of the party in question. Candidates other than the Democratic or Republican nominee (e.g., Greens, Libertarian, independent) may be added at a later date.

Candidates who run as independents will not be encompassed by the “Democrat” or “Republican” options regardless of any affiliation they may have with the party.

The candidates may be named in the contract for the convenience of traders. In the event that any named candidate is replaced as the nominee of their respective party prior to election day, the name in the contract will be updated and the market will resolve based on the replacement nominee of the party.

The resolution source for this market is the Associated Press, Fox News, and NBC. This market will resolve once all three sources call the race for the same candidate. If all three sources haven’t called the race in this state for the same candidate, this market will resolve based on the official certification.",,,michigan-senate-election-winner,Michigan Senate Election Winner,610920.5379529998,135590.7518,False,,"[""71772627544132140586824126381855151743830987860593343955509593715269534710061"", ""64025664961497419708095468282573682984741903075312816516046832361290996190088""]",https://polymarket.com/market/will-the-democrats-win-the-michigan-senate-race-in-2026,0xbfeb6d4cf3eab6071e204219b0647c8224d63a12778df467311b5f2a4b3a5bd4
630806,will-the-republicans-win-the-michigan-senate-race-in-2026,Will the Republicans win the Michigan Senate race in 2026?,Will the Republicans win the Michigan Senate race in 2026?,"This market will resolve according to the winner of the 2026 midterm Michigan U.S. Senate election, inclusive of any run-offs.

A candidate shall be considered to represent a party in the event that he or she is the nominee of the party in question. Candidates other than the Democratic or Republican nominee (e.g., Greens, Libertarian, independent) may be added at a later date.

Candidates who run as independents will not be encompassed by the “Democrat” or “Republican” options regardless of any affiliation they may have with the party.

The candidates may be named in the contract for the convenience of traders. In the event that any named candidate is replaced as the nominee of their respective party prior to election day, the name in the contract will be updated and the market will resolve based on the replacement nominee of the party.

The resolution source for this market is the Associated Press, Fox News, and NBC. This market will resolve once all three sources call the race for the same candidate. If all three sources haven’t called the race in this state for the same candidate, this market will resolve based on the official certification.",,,michigan-senate-election-winner,Michigan Senate Election Winner,465861.76685699983,133139.9602,False,,"[""1046980875306043125128331871114794349002409233139736033870402475326170083426"", ""71610581811588451243087930916572592402913705975252472987256607890992191263885""]",https://polymarket.com/market/will-the-republicans-win-the-michigan-senate-race-in-2026,0x3fd189cac9280dfc49a07115581e8d4c9e0b7e1c1e8580a44e9ff3d74e39cf2d
630818,will-the-democrats-win-the-minnesota-senate-race-in-2026,Will the Democrats win the Minnesota Senate race in 2026?,Will the Democrats win the Minnesota Senate race in 2026?,"This market will resolve according to the winner of the 2026 midterm Minnesota U.S. Senate election, inclusive of any run-offs.

A candidate shall be considered to represent a party in the event that he or she is the nominee of the party in question. Candidates other than the Democratic or Republican nominee (e.g., Greens, Libertarian, independent) may be added at a later date.

Candidates who run as independents will not be encompassed by the “Democrat” or “Republican” options regardless of any affiliation they may have with the party.

The candidates may be named in the contract for the convenience of traders. In the event that any named candidate is replaced as the nominee of their respective party prior to election day, the name in the contract will be updated and the market will resolve based on the replacement nominee of the party.

The resolution source for this market is the Associated Press, Fox News, and NBC. This market will resolve once all three sources call the race for the same candidate. If all three sources haven’t called the race in this state for the same candidate, this market will resolve based on the official certification.",,,minnesota-senate-election-winner,Minnesota Senate Election Winner,66763.302977,28491.692,False,,"[""5210147086444382339849101722545511095151948730486562412029285471203011774407"", ""31436003141911636826257012170104365274669938022228084492450613161428480917013""]",https://polymarket.com/market/will-the-democrats-win-the-minnesota-senate-race-in-2026,0x44b642636473fb07f0c2319a1d25729a36134969076ffdbb8979cbfdda612b14
630819,will-the-republicans-win-the-minnesota-senate-race-in-2026,Will the Republicans win the Minnesota Senate race in 2026?,Will the Republicans win the Minnesota Senate race in 2026?,"This market will resolve according to the winner of the 2026 midterm Minnesota U.S. Senate election, inclusive of any run-offs.

A candidate shall be considered to represent a party in the event that he or she is the nominee of the party in question. Candidates other than the Democratic or Republican nominee (e.g., Greens, Libertarian, independent) may be added at a later date.

Candidates who run as independents will not be encompassed by the “Democrat” or “Republican” options regardless of any affiliation they may have with the party.

The candidates may be named in the contract for the convenience of traders. In the event that any named candidate is replaced as the nominee of their respective party prior to election day, the name in the contract will be updated and the market will resolve based on the replacement nominee of the party.

The resolution source for this market is the Associated Press, Fox News, and NBC. This market will resolve once all three sources call the race for the same candidate. If all three sources haven’t called the race in this state for the same candidate, this market will resolve based on the official certification.",,,minnesota-senate-election-winner,Minnesota Senate Election Winner,42839.07660099999,52057.6078,False,,"[""70179930004460104520571721963263381325865077807861641105900318902168490512539"", ""6282889705019268501830975677564258188191770886711457649647605609853326924852""]",https://polymarket.com/market/will-the-republicans-win-the-minnesota-senate-race-in-2026,0xae1d21f8632f37e11493fef7307b4d09c6b27697be5c820806a840559b1b2e06
630831,will-the-democrats-win-the-montana-senate-race-in-2026,Will the Democrats win the Montana Senate race in 2026?,Will the Democrats win the Montana Senate race in 2026?,"This market will resolve according to the winner of the 2026 midterm Montana U.S. Senate election, inclusive of any run-offs.

A candidate shall be considered to represent a party in the event that he or she is the nominee of the party in question. Candidates other than the Democratic or Republican nominee (e.g., Greens, Libertarian, independent) may be added at a later date.

Candidates who run as independents will not be encompassed by the “Democrat” or “Republican” options regardless of any affiliation they may have with the party.

The candidates may be named in the contract for the convenience of traders. In the event that any named candidate is replaced as the nominee of their respective party prior to election day, the name in the contract will be updated and the market will resolve based on the replacement nominee of the party.

The resolution source for this market is the Associated Press, Fox News, and NBC. This market will resolve once all three sources call the race for the same candidate. If all three sources haven’t called the race in this state for the same candidate, this market will resolve based on the official certification.",,,montana-senate-election-winner,Montana Senate Election Winner,42068.65336600001,17359.61851,False,,"[""88799262678230165893255813616837100962595819984760588859765042402182443138810"", ""80548090613166591367082748340054574729693035025508775289880033317294974030893""]",https://polymarket.com/market/will-the-democrats-win-the-montana-senate-race-in-2026,0x1bbb01c67b1520c5db8e02c65b395176b7e2b43d16cc8f8810beb64d70f6e69b
630832,will-the-republicans-win-the-montana-senate-race-in-2026,Will the Republicans win the Montana Senate race in 2026?,Will the Republicans win the Montana Senate race in 2026?,"This market will resolve according to the winner of the 2026 midterm Montana U.S. Senate election, inclusive of any run-offs.

A candidate shall be considered to represent a party in the event that he or she is the nominee of the party in question. Candidates other than the Democratic or Republican nominee (e.g., Greens, Libertarian, independent) may be added at a later date.

Candidates who run as independents will not be encompassed by the “Democrat” or “Republican” options regardless of any affiliation they may have with the party.

The candidates may be named in the contract for the convenience of traders. In the event that any named candidate is replaced as the nominee of their respective party prior to election day, the name in the contract will be updated and the market will resolve based on the replacement nominee of the party.

The resolution source for this market is the Associated Press, Fox News, and NBC. This market will resolve once all three sources call the race for the same candidate. If all three sources haven’t called the race in this state for the same candidate, this market will resolve based on the official certification.",,,montana-senate-election-winner,Montana Senate Election Winner,69520.85495,26947.1599,False,,"[""102325039069045369431277041414667266705633344716966967751024692805337688459829"", ""58046186222956557148380567481022348507421740788139654872430510492438761636276""]",https://polymarket.com/market/will-the-republicans-win-the-montana-senate-race-in-2026,0xd103195d48bf6183e28c4140bd374dd3e907e8f8d411374cb4d2d124ec4c216d
630833,will-an-independent-win-the-montana-senate-race-in-2026,Will an Independent win the Montana Senate race in 2026?,Will an Independent win the Montana Senate race in 2026?,"This market will resolve according to the winner of the 2026 midterm Montana U.S. Senate election, inclusive of any run-offs.

A candidate shall be considered to represent a party in the event that he or she is the nominee of the party in question. Candidates other than the Democratic or Republican nominee (e.g., Greens, Libertarian, independent) may be added at a later date.

Candidates who run as independents will not be encompassed by the “Democrat” or “Republican” options regardless of any affiliation they may have with the party.

The candidates may be named in the contract for the convenience of traders. In the event that any named candidate is replaced as the nominee of their respective party prior to election day, the name in the contract will be updated and the market will resolve based on the replacement nominee of the party.

The resolution source for this market is the Associated Press, Fox News, and NBC. This market will resolve once all three sources call the race for the same candidate. If all three sources haven’t called the race in this state for the same candidate, this market will resolve based on the official certification.",,,montana-senate-election-winner,Montana Senate Election Winner,23141.218673000003,34577.15031,False,,"[""29340710087203628054916881063653310634997647642374537159652441277893390730162"", ""72519790371061340119765172065780798251360397199188255055934152186624799324027""]",https://polymarket.com/market/will-an-independent-win-the-montana-senate-race-in-2026,0x3b5260e993f1eb6e127dffa8ee40b29a30a7b7343ad1041c33c389e15810c565
630844,will-the-democrats-win-the-new-hampshire-senate-race-in-2026,Will the Democrats win the New Hampshire Senate race in 2026?,Will the Democrats win the New Hampshire Senate race in 2026?,"This market will resolve according to the winner of the 2026 midterm New Hampshire U.S. Senate election, inclusive of any run-offs.

A candidate shall be considered to represent a party in the event that he or she is the nominee of the party in question. Candidates other than the Democratic or Republican nominee (e.g., Greens, Libertarian, independent) may be added at a later date.

Candidates who run as independents will not be encompassed by the “Democrat” or “Republican” options regardless of any affiliation they may have with the party.

The candidates may be named in the contract for the convenience of traders. In the event that any named candidate is replaced as the nominee of their respective party prior to election day, the name in the contract will be updated and the market will resolve based on the replacement nominee of the party.

The resolution source for this market is the Associated Press, Fox News, and NBC. This market will resolve once all three sources call the race for the same candidate. If all three sources haven’t called the race in this state for the same candidate, this market will resolve based on the official certification.",,,new-hampshire-senate-election-winner,New Hampshire Senate Election Winner,121059.68571300007,66322.9634,False,,"[""82410058691149830741200014405570918770267839390767234397030380747995715352939"", ""28709552853916742051233428360468180906283732902940871675642481670799666825242""]",https://polymarket.com/market/will-the-democrats-win-the-new-hampshire-senate-race-in-2026,0xfc5c740e4617eb9908ceada7c91bfbe1cd41f172d703ef811d544e60a7a70bb5
630845,will-the-republicans-win-the-new-hampshire-senate-race-in-2026,Will the Republicans win the New Hampshire Senate race in 2026?,Will the Republicans win the New Hampshire Senate race in 2026?,"This market will resolve according to the winner of the 2026 midterm New Hampshire U.S. Senate election, inclusive of any run-offs.

A candidate shall be considered to represent a party in the event that he or she is the nominee of the party in question. Candidates other than the Democratic or Republican nominee (e.g., Greens, Libertarian, independent) may be added at a later date.

Candidates who run as independents will not be encompassed by the “Democrat” or “Republican” options regardless of any affiliation they may have with the party.

The candidates may be named in the contract for the convenience of traders. In the event that any named candidate is replaced as the nominee of their respective party prior to election day, the name in the contract will be updated and the market will resolve based on the replacement nominee of the party.

The resolution source for this market is the Associated Press, Fox News, and NBC. This market will resolve once all three sources call the race for the same candidate. If all three sources haven’t called the race in this state for the same candidate, this market will resolve based on the official certification.",,,new-hampshire-senate-election-winner,New Hampshire Senate Election Winner,124731.860597,82272.5729,False,,"[""62227089537100115269143206481757249285124282589590263790284791475153705872216"", ""58757590052289479996371632351141005979216013605386057994994985198930000872621""]",https://polymarket.com/market/will-the-republicans-win-the-new-hampshire-senate-race-in-2026,0x57599a84bf50c94b958adb020aa2a25bf02e26453e500d3b739d86e6b783774c
630857,will-the-democrats-win-the-new-jersey-senate-race-in-2026,Will the Democrats win the New Jersey Senate race in 2026?,Will the Democrats win the New Jersey Senate race in 2026?,"This market will resolve according to the winner of the 2026 midterm New Jersey U.S. Senate election, inclusive of any run-offs.

A candidate shall be considered to represent a party in the event that he or she is the nominee of the party in question. Candidates other than the Democratic or Republican nominee (e.g., Greens, Libertarian, independent) may be added at a later date.

Candidates who run as independents will not be encompassed by the “Democrat” or “Republican” options regardless of any affiliation they may have with the party.

The candidates may be named in the contract for the convenience of traders. In the event that any named candidate is replaced as the nominee of their respective party prior to election day, the name in the contract will be updated and the market will resolve based on the replacement nominee of the party.

The resolution source for this market is the Associated Press, Fox News, and NBC. This market will resolve once all three sources call the race for the same candidate. If all three sources haven’t called the race in this state for the same candidate, this market will resolve based on the official certification.",,,new-jersey-senate-election-winner,New Jersey Senate Election Winner,11525.024505000001,22026.72095,False,,"[""57191420250913616150846676905047388827581537310894242160546701872955141155912"", ""68681443500357642360075283680830487598986161680464858837462763850367316916961""]",https://polymarket.com/market/will-the-democrats-win-the-new-jersey-senate-race-in-2026,0xd059a400cfceb9720559a5a67f53aa94381da88fa2007af5ce30f75facf57953
630858,will-the-republicans-win-the-new-jersey-senate-race-in-2026,Will the Republicans win the New Jersey Senate race in 2026?,Will the Republicans win the New Jersey Senate race in 2026?,"This market will resolve according to the winner of the 2026 midterm New Jersey U.S. Senate election, inclusive of any run-offs.

A candidate shall be considered to represent a party in the event that he or she is the nominee of the party in question. Candidates other than the Democratic or Republican nominee (e.g., Greens, Libertarian, independent) may be added at a later date.

Candidates who run as independents will not be encompassed by the “Democrat” or “Republican” options regardless of any affiliation they may have with the party.

The candidates may be named in the contract for the convenience of traders. In the event that any named candidate is replaced as the nominee of their respective party prior to election day, the name in the contract will be updated and the market will resolve based on the replacement nominee of the party.

The resolution source for this market is the Associated Press, Fox News, and NBC. This market will resolve once all three sources call the race for the same candidate. If all three sources haven’t called the race in this state for the same candidate, this market will resolve based on the official certification.",,,new-jersey-senate-election-winner,New Jersey Senate Election Winner,9693.806745000004,27892.02912,False,,"[""80469582416211324277551196813384851504222711072116234686695188046152640511225"", ""68311829543741021184558122622902784954644849677046739184908916756688634040204""]",https://polymarket.com/market/will-the-republicans-win-the-new-jersey-senate-race-in-2026,0x378f6ce7b81670608a5a4f0fcf740e3dbb44c3e402e5b0beba49871a5c05b259
630870,will-the-democrats-win-the-new-mexico-senate-race-in-2026,Will the Democrats win the New Mexico Senate race in 2026?,Will the Democrats win the New Mexico Senate race in 2026?,"This market will resolve according to the winner of the 2026 midterm New Mexico U.S. Senate election, inclusive of any run-offs.

A candidate shall be considered to represent a party in the event that he or she is the nominee of the party in question. Candidates other than the Democratic or Republican nominee (e.g., Greens, Libertarian, independent) may be added at a later date.

Candidates who run as independents will not be encompassed by the “Democrat” or “Republican” options regardless of any affiliation they may have with the party.

The candidates may be named in the contract for the convenience of traders. In the event that any named candidate is replaced as the nominee of their respective party prior to election day, the name in the contract will be updated and the market will resolve based on the replacement nominee of the party.

The resolution source for this market is the Associated Press, Fox News, and NBC. This market will resolve once all three sources call the race for the same candidate. If all three sources haven’t called the race in this state for the same candidate, this market will resolve based on the official certification.",,,new-mexico-senate-election-winner,New Mexico Senate Election Winner,16734.725415,16057.59519,False,,"[""86827974851753312617441915824618617861250657564707166327567168877893121374182"", ""36658361636301944946350626333493677081031062692438134395348552977069133544334""]",https://polymarket.com/market/will-the-democrats-win-the-new-mexico-senate-race-in-2026,0x3ce6295fd9f1a6e2798a8a8a8845f69aca182b8cf35dc59db7203415cbe8d48e
630871,will-the-republicans-win-the-new-mexico-senate-race-in-2026,Will the Republicans win the New Mexico Senate race in 2026?,Will the Republicans win the New Mexico Senate race in 2026?,"This market will resolve according to the winner of the 2026 midterm New Mexico U.S. Senate election, inclusive of any run-offs.

A candidate shall be considered to represent a party in the event that he or she is the nominee of the party in question. Candidates other than the Democratic or Republican nominee (e.g., Greens, Libertarian, independent) may be added at a later date.

Candidates who run as independents will not be encompassed by the “Democrat” or “Republican” options regardless of any affiliation they may have with the party.

The candidates may be named in the contract for the convenience of traders. In the event that any named candidate is replaced as the nominee of their respective party prior to election day, the name in the contract will be updated and the market will resolve based on the replacement nominee of the party.

The resolution source for this market is the Associated Press, Fox News, and NBC. This market will resolve once all three sources call the race for the same candidate. If all three sources haven’t called the race in this state for the same candidate, this market will resolve based on the official certification.",,,new-mexico-senate-election-winner,New Mexico Senate Election Winner,9258.421268000004,16138.16872,False,,"[""47410821361368319377218522333433306313753572972827491807608363074924233552004"", ""34151693471054832326907352504678670863317940877946622594683256674473306466921""]",https://polymarket.com/market/will-the-republicans-win-the-new-mexico-senate-race-in-2026,0xe8f6367e334e7440084773c1dc7ec294d37cf39ea6b84b470bbe2bb26f506436
630883,will-the-democrats-win-the-north-carolina-senate-race-in-2026,Will the Democrats win the North Carolina Senate race in 2026?,Will the Democrats win the North Carolina Senate race in 2026?,"This market will resolve according to the winner of the 2026 midterm North Carolina U.S. Senate election, inclusive of any run-offs.

A candidate shall be considered to represent a party in the event that he or she is the nominee of the party in question. Candidates other than the Democratic or Republican nominee (e.g., Greens, Libertarian, independent) may be added at a later date.

Candidates who run as independents will not be encompassed by the “Democrat” or “Republican” options regardless of any affiliation they may have with the party.

The candidates may be named in the contract for the convenience of traders. In the event that any named candidate is replaced as the nominee of their respective party prior to election day, the name in the contract will be updated and the market will resolve based on the replacement nominee of the party.

The resolution source for this market is the Associated Press, Fox News, and NBC. This market will resolve once all three sources call the race for the same candidate. If all three sources haven’t called the race in this state for the same candidate, this market will resolve based on the official certification.",,,north-carolina-senate-election-winner,North Carolina Senate Election Winner,95069.45451999998,64503.1005,False,,"[""107151098936186723859677628536733880558851060002514795735761427447010628440047"", ""111394826590193310622075208085123253955586587501538476190057516703346418362600""]",https://polymarket.com/market/will-the-democrats-win-the-north-carolina-senate-race-in-2026,0x129dbcb7d39ff8df5f0d7685a2db6400b5db37d3963914486fbb7fd2bc96a923
630884,will-the-republicans-win-the-north-carolina-senate-race-in-2026,Will the Republicans win the North Carolina Senate race in 2026?,Will the Republicans win the North Carolina Senate race in 2026?,"This market will resolve according to the winner of the 2026 midterm North Carolina U.S. Senate election, inclusive of any run-offs.

A candidate shall be considered to represent a party in the event that he or she is the nominee of the party in question. Candidates other than the Democratic or Republican nominee (e.g., Greens, Libertarian, independent) may be added at a later date.

Candidates who run as independents will not be encompassed by the “Democrat” or “Republican” options regardless of any affiliation they may have with the party.

The candidates may be named in the contract for the convenience of traders. In the event that any named candidate is replaced as the nominee of their respective party prior to election day, the name in the contract will be updated and the market will resolve based on the replacement nominee of the party.

The resolution source for this market is the Associated Press, Fox News, and NBC. This market will resolve once all three sources call the race for the same candidate. If all three sources haven’t called the race in this state for the same candidate, this market will resolve based on the official certification.",,,north-carolina-senate-election-winner,North Carolina Senate Election Winner,89705.18044899996,116592.3506,False,,"[""62831517509825405761763142539845746280269675872170259538293560849475982647892"", ""66273785459475184474276423059036741814958495126134511275805524603240865775761""]",https://polymarket.com/market/will-the-republicans-win-the-north-carolina-senate-race-in-2026,0xd59f25520a8c0ea44a9c9741a97c8c3d769e21f1479b9a14e1a9d475e91f522a
630898,will-the-democrats-win-the-oregon-senate-race-in-2026,Will the Democrats win the Oregon Senate race in 2026?,Will the Democrats win the Oregon Senate race in 2026?,"This market will resolve according to the winner of the 2026 midterm Oregon U.S. Senate election, inclusive of any run-offs.

A candidate shall be considered to represent a party in the event that he or she is the nominee of the party in question. Candidates other than the Democratic or Republican nominee (e.g., Greens, Libertarian, independent) may be added at a later date.

Candidates who run as independents will not be encompassed by the “Democrat” or “Republican” options regardless of any affiliation they may have with the party.

The candidates may be named in the contract for the convenience of traders. In the event that any named candidate is replaced as the nominee of their respective party prior to election day, the name in the contract will be updated and the market will resolve based on the replacement nominee of the party.

The resolution source for this market is the Associated Press, Fox News, and NBC. This market will resolve once all three sources call the race for the same candidate. If all three sources haven’t called the race in this state for the same candidate, this market will resolve based on the official certification.",,,oregon-senate-election-winner,Oregon Senate Election Winner,3659.3219640000007,23187.09781,False,,"[""2092757373218904768373533040846280132805161861393140519418262456097465213332"", ""115425469352125405408452417281297924379268274749766556673380359025991529324753""]",https://polymarket.com/market/will-the-democrats-win-the-oregon-senate-race-in-2026,0x4d8d13e33bec0960ea72b2631464f34fb7b96044eb86c16f65c069d118a5bdbc
630899,will-the-republicans-win-the-oregon-senate-race-in-2026,Will the Republicans win the Oregon Senate race in 2026?,Will the Republicans win the Oregon Senate race in 2026?,"This market will resolve according to the winner of the 2026 midterm Oregon U.S. Senate election, inclusive of any run-offs.

A candidate shall be considered to represent a party in the event that he or she is the nominee of the party in question. Candidates other than the Democratic or Republican nominee (e.g., Greens, Libertarian, independent) may be added at a later date.

Candidates who run as independents will not be encompassed by the “Democrat” or “Republican” options regardless of any affiliation they may have with the party.

The candidates may be named in the contract for the convenience of traders. In the event that any named candidate is replaced as the nominee of their respective party prior to election day, the name in the contract will be updated and the market will resolve based on the replacement nominee of the party.

The resolution source for this market is the Associated Press, Fox News, and NBC. This market will resolve once all three sources call the race for the same candidate. If all three sources haven’t called the race in this state for the same candidate, this market will resolve based on the official certification.",,,oregon-senate-election-winner,Oregon Senate Election Winner,3077.2892280000005,28215.66396,False,,"[""79489800771199803792838465972773376352837733018768490302999836500381020065853"", ""29850921617086885622321882518009992617707565675149598556157682973609083717715""]",https://polymarket.com/market/will-the-republicans-win-the-oregon-senate-race-in-2026,0xafd1395ea679b3083729751de28c04b1d0bceb685a243ce55b2c1da7a1351376
630911,will-the-democrats-win-the-rhode-island-senate-race-in-2026,Will the Democrats win the Rhode Island Senate race in 2026?,Will the Democrats win the Rhode Island Senate race in 2026?,"This market will resolve according to the winner of the 2026 midterm Rhode Island U.S. Senate election, inclusive of any run-offs.

A candidate shall be considered to represent a party in the event that he or she is the nominee of the party in question. Candidates other than the Democratic or Republican nominee (e.g., Greens, Libertarian, independent) may be added at a later date.

Candidates who run as independents will not be encompassed by the “Democrat” or “Republican” options regardless of any affiliation they may have with the party.

The candidates may be named in the contract for the convenience of traders. In the event that any named candidate is replaced as the nominee of their respective party prior to election day, the name in the contract will be updated and the market will resolve based on the replacement nominee of the party.

The resolution source for this market is the Associated Press, Fox News, and NBC. This market will resolve once all three sources call the race for the same candidate. If all three sources haven’t called the race in this state for the same candidate, this market will resolve based on the official certification.",,,rhode-island-senate-election-winner,Rhode Island Senate Election Winner,7515.532805999999,12887.38928,False,,"[""77004273724753899183699441849597881417275931290950171679615354396048734034984"", ""56999680715177473430966804355924370363620765680932198467899001505216633500449""]",https://polymarket.com/market/will-the-democrats-win-the-rhode-island-senate-race-in-2026,0xe9b5814b6b770008d8ed384c45d41703e648d9dce3cdf3d2d15108431d4d865f
630912,will-the-republicans-win-the-rhode-island-senate-race-in-2026,Will the Republicans win the Rhode Island Senate race in 2026?,Will the Republicans win the Rhode Island Senate race in 2026?,"This market will resolve according to the winner of the 2026 midterm Rhode Island U.S. Senate election, inclusive of any run-offs.

A candidate shall be considered to represent a party in the event that he or she is the nominee of the party in question. Candidates other than the Democratic or Republican nominee (e.g., Greens, Libertarian, independent) may be added at a later date.

Candidates who run as independents will not be encompassed by the “Democrat” or “Republican” options regardless of any affiliation they may have with the party.

The candidates may be named in the contract for the convenience of traders. In the event that any named candidate is replaced as the nominee of their respective party prior to election day, the name in the contract will be updated and the market will resolve based on the replacement nominee of the party.

The resolution source for this market is the Associated Press, Fox News, and NBC. This market will resolve once all three sources call the race for the same candidate. If all three sources haven’t called the race in this state for the same candidate, this market will resolve based on the official certification.",,,rhode-island-senate-election-winner,Rhode Island Senate Election Winner,19055.489786,16407.98215,False,,"[""18128207363125529330540526475108389147728645885887417700651189282375630645842"", ""21708830464136004242050467178622400680068868627075028819168121519801996195940""]",https://polymarket.com/market/will-the-republicans-win-the-rhode-island-senate-race-in-2026,0xb6e955082987f030d073fce0f5f5d0e7373e31d88c1b5171504bccec5b62c998
630924,will-the-democrats-win-the-south-carolina-senate-race-in-2026,Will the Democrats win the South Carolina Senate race in 2026?,Will the Democrats win the South Carolina Senate race in 2026?,"This market will resolve according to the winner of the 2026 midterm South Carolina U.S. Senate election, inclusive of any run-offs.

A candidate shall be considered to represent a party in the event that he or she is the nominee of the party in question. Candidates other than the Democratic or Republican nominee (e.g., Greens, Libertarian, independent) may be added at a later date.

Candidates who run as independents will not be encompassed by the “Democrat” or “Republican” options regardless of any affiliation they may have with the party.

The candidates may be named in the contract for the convenience of traders. In the event that any named candidate is replaced as the nominee of their respective party prior to election day, the name in the contract will be updated and the market will resolve based on the replacement nominee of the party.

The resolution source for this market is the Associated Press, Fox News, and NBC. This market will resolve once all three sources call the race for the same candidate. If all three sources haven’t called the race in this state for the same candidate, this market will resolve based on the official certification.",,,south-carolina-senate-election-winner,South Carolina Senate Election Winner,230230.01339599997,58591.025,False,,"[""30718966535311015751929217398361750334834655110246828806892843311659716192347"", ""33485925353171072312284533208639606685310281710515007938376691890027292332545""]",https://polymarket.com/market/will-the-democrats-win-the-south-carolina-senate-race-in-2026,0x4de72138204727d2821bff847d8158819ab5b591db1b5b263676126cbb3a0430
630925,will-the-republicans-win-the-south-carolina-senate-race-in-2026,Will the Republicans win the South Carolina Senate race in 2026?,Will the Republicans win the South Carolina Senate race in 2026?,"This market will resolve according to the winner of the 2026 midterm South Carolina U.S. Senate election, inclusive of any run-offs.

A candidate shall be considered to represent a party in the event that he or she is the nominee of the party in question. Candidates other than the Democratic or Republican nominee (e.g., Greens, Libertarian, independent) may be added at a later date.

Candidates who run as independents will not be encompassed by the “Democrat” or “Republican” options regardless of any affiliation they may have with the party.

The candidates may be named in the contract for the convenience of traders. In the event that any named candidate is replaced as the nominee of their respective party prior to election day, the name in the contract will be updated and the market will resolve based on the replacement nominee of the party.

The resolution source for this market is the Associated Press, Fox News, and NBC. This market will resolve once all three sources call the race for the same candidate. If all three sources haven’t called the race in this state for the same candidate, this market will resolve based on the official certification.",,,south-carolina-senate-election-winner,South Carolina Senate Election Winner,107252.04897400002,73496.6623,False,,"[""84368524152268016512433556151474175385160499638069024812438264090070245734708"", ""106735117676771824247027811445178447955204027242855029915419117736623883137120""]",https://polymarket.com/market/will-the-republicans-win-the-south-carolina-senate-race-in-2026,0x1c017cbb38a9d0ab233ebb265b25c78290317e6a2470657ca18a73a112397b55
630937,will-the-democrats-win-the-south-dakota-senate-race-in-2026,Will the Democrats win the South Dakota Senate race in 2026?,Will the Democrats win the South Dakota Senate race in 2026?,"This market will resolve according to the winner of the 2026 midterm South Dakota U.S. Senate election, inclusive of any run-offs.

A candidate shall be considered to represent a party in the event that he or she is the nominee of the party in question. Candidates other than the Democratic or Republican nominee (e.g., Greens, Libertarian, independent) may be added at a later date.

Candidates who run as independents will not be encompassed by the “Democrat” or “Republican” options regardless of any affiliation they may have with the party.

The candidates may be named in the contract for the convenience of traders. In the event that any named candidate is replaced as the nominee of their respective party prior to election day, the name in the contract will be updated and the market will resolve based on the replacement nominee of the party.

The resolution source for this market is the Associated Press, Fox News, and NBC. This market will resolve once all three sources call the race for the same candidate. If all three sources haven’t called the race in this state for the same candidate, this market will resolve based on the official certification.",,,south-dakota-senate-election-winner,South Dakota Senate Election Winner,12730.230559999998,13431.69732,False,,"[""67967023811721834738685695249992484419619114809767608640505747182577663027691"", ""87788307834855462980201710464461387411969659581088060979543565160826300016750""]",https://polymarket.com/market/will-the-democrats-win-the-south-dakota-senate-race-in-2026,0xf4f5714f7e70dda23fcbe21b9de67060cd6ab7a8a972686ff8495e45059ae531
630938,will-the-republicans-win-the-south-dakota-senate-race-in-2026,Will the Republicans win the South Dakota Senate race in 2026?,Will the Republicans win the South Dakota Senate race in 2026?,"This market will resolve according to the winner of the 2026 midterm South Dakota U.S. Senate election, inclusive of any run-offs.

A candidate shall be considered to represent a party in the event that he or she is the nominee of the party in question. Candidates other than the Democratic or Republican nominee (e.g., Greens, Libertarian, independent) may be added at a later date.

Candidates who run as independents will not be encompassed by the “Democrat” or “Republican” options regardless of any affiliation they may have with the party.

The candidates may be named in the contract for the convenience of traders. In the event that any named candidate is replaced as the nominee of their respective party prior to election day, the name in the contract will be updated and the market will resolve based on the replacement nominee of the party.

The resolution source for this market is the Associated Press, Fox News, and NBC. This market will resolve once all three sources call the race for the same candidate. If all three sources haven’t called the race in this state for the same candidate, this market will resolve based on the official certification.",,,south-dakota-senate-election-winner,South Dakota Senate Election Winner,26599.750709000004,22905.23609,False,,"[""90757273431062483956880101601137522271949785755347720675502304224330457712154"", ""5040161955776484296351499962568185593215052681792686729696166479023057001842""]",https://polymarket.com/market/will-the-republicans-win-the-south-dakota-senate-race-in-2026,0xeec26e9d0efd895ba65bc3f1f0cbe99f66a56833682430dc266277a6c9e6e60f
630939,will-person-a-win-the-south-dakota-senate-race-in-2026,Will Brian Bengs win the South Dakota Senate race in 2026?,Will Brian Bengs win the South Dakota Senate race in 2026?,"This market will resolve according to the winner of the 2026 midterm South Dakota U.S. Senate election, inclusive of any run-offs.

A candidate shall be considered to represent a party in the event that he or she is the nominee of the party in question. Candidates other than the Democratic or Republican nominee (e.g., Greens, Libertarian, independent) may be added at a later date.

Candidates who run as independents will not be encompassed by the “Democrat” or “Republican” options regardless of any affiliation they may have with the party.

The candidates may be named in the contract for the convenience of traders. In the event that any named candidate is replaced as the nominee of their respective party prior to election day, the name in the contract will be updated and the market will resolve based on the replacement nominee of the party.

The resolution source for this market is the Associated Press, Fox News, and NBC. This market will resolve once all three sources call the race for the same candidate. If all three sources haven’t called the race in this state for the same candidate, this market will resolve based on the official certification.",,,south-dakota-senate-election-winner,South Dakota Senate Election Winner,1289.2239490000002,25268.44419,False,,"[""85091920580146708593441393469155645206377351164316133922062262386625039242645"", ""69975697607439985475728016095706749612060905267125933380755060370332287585393""]",https://polymarket.com/market/will-person-a-win-the-south-dakota-senate-race-in-2026,0x68acb5646c4c275a600092285dbca2177903f9f74440744ae9c05771fb7accc5
630950,will-the-democrats-win-the-tennessee-senate-race-in-2026,Will the Democrats win the Tennessee Senate race in 2026?,Will the Democrats win the Tennessee Senate race in 2026?,"This market will resolve according to the winner of the 2026 midterm Tennessee U.S. Senate election, inclusive of any run-offs.

A candidate shall be considered to represent a party in the event that he or she is the nominee of the party in question. Candidates other than the Democratic or Republican nominee (e.g., Greens, Libertarian, independent) may be added at a later date.

Candidates who run as independents will not be encompassed by the “Democrat” or “Republican” options regardless of any affiliation they may have with the party.

The candidates may be named in the contract for the convenience of traders. In the event that any named candidate is replaced as the nominee of their respective party prior to election day, the name in the contract will be updated and the market will resolve based on the replacement nominee of the party.

The resolution source for this market is the Associated Press, Fox News, and NBC. This market will resolve once all three sources call the race for the same candidate. If all three sources haven’t called the race in this state for the same candidate, this market will resolve based on the official certification.",,,tennessee-senate-election-winner,Tennessee Senate Election Winner,10389.710425000001,14511.20173,False,,"[""109770398277480657132311708823042764648778271467537669934185093015733099277755"", ""50635500573145079077706052236022272447121646566197183315877718515529765028366""]",https://polymarket.com/market/will-the-democrats-win-the-tennessee-senate-race-in-2026,0xa0af1b2ca6a3251cad3845f8172febb2182cd7a60744cc9cb685c626e595d0da
630951,will-the-republicans-win-the-tennessee-senate-race-in-2026,Will the Republicans win the Tennessee Senate race in 2026?,Will the Republicans win the Tennessee Senate race in 2026?,"This market will resolve according to the winner of the 2026 midterm Tennessee U.S. Senate election, inclusive of any run-offs.

A candidate shall be considered to represent a party in the event that he or she is the nominee of the party in question. Candidates other than the Democratic or Republican nominee (e.g., Greens, Libertarian, independent) may be added at a later date.

Candidates who run as independents will not be encompassed by the “Democrat” or “Republican” options regardless of any affiliation they may have with the party.

The candidates may be named in the contract for the convenience of traders. In the event that any named candidate is replaced as the nominee of their respective party prior to election day, the name in the contract will be updated and the market will resolve based on the replacement nominee of the party.

The resolution source for this market is the Associated Press, Fox News, and NBC. This market will resolve once all three sources call the race for the same candidate. If all three sources haven’t called the race in this state for the same candidate, this market will resolve based on the official certification.",,,tennessee-senate-election-winner,Tennessee Senate Election Winner,19537.476581999992,18700.27083,False,,"[""23982348354062524972887126807952244605287433791462351968680411830837664790435"", ""111826527981770711646207152944245816318333631371057419351067163207926937998489""]",https://polymarket.com/market/will-the-republicans-win-the-tennessee-senate-race-in-2026,0x17d8c697aa69e53ef8062fc4b42ff6f8f7983ec569a021aab6d707d6f797780a
630963,will-the-democrats-win-the-texas-senate-race-in-2026,Will the Democrats win the Texas Senate race in 2026?,Will the Democrats win the Texas Senate race in 2026?,"This market will resolve according to the winner of the 2026 midterm Texas U.S. Senate election, inclusive of any run-offs.

A candidate shall be considered to represent a party in the event that he or she is the nominee of the party in question. Candidates other than the Democratic or Republican nominee (e.g., Greens, Libertarian, independent) may be added at a later date.

Candidates who run as independents will not be encompassed by the “Democrat” or “Republican” options regardless of any affiliation they may have with the party.

The candidates may be named in the contract for the convenience of traders. In the event that any named candidate is replaced as the nominee of their respective party prior to election day, the name in the contract will be updated and the market will resolve based on the replacement nominee of the party.

The resolution source for this market is the Associated Press, Fox News, and NBC. This market will resolve once all three sources call the race for the same candidate. If all three sources haven’t called the race in this state for the same candidate, this market will resolve based on the official certification.",,,texas-senate-election-winner,Texas Senate Election Winner,706898.8618999999,159077.0268,False,,"[""15290572385458522370285732869432740297199321382471116558439914335588167718663"", ""25172545206000541692667496253531562288536270988826888609620735617040533835056""]",https://polymarket.com/market/will-the-democrats-win-the-texas-senate-race-in-2026,0x34918035a590555ba1fb1d6a019d766ab6e557d63e7f3140b63b4550eee7f417
630964,will-the-republicans-win-the-texas-senate-race-in-2026,Will the Republicans win the Texas Senate race in 2026?,Will the Republicans win the Texas Senate race in 2026?,"This market will resolve according to the winner of the 2026 midterm Texas U.S. Senate election, inclusive of any run-offs.

A candidate shall be considered to represent a party in the event that he or she is the nominee of the party in question. Candidates other than the Democratic or Republican nominee (e.g., Greens, Libertarian, independent) may be added at a later date.

Candidates who run as independents will not be encompassed by the “Democrat” or “Republican” options regardless of any affiliation they may have with the party.

The candidates may be named in the contract for the convenience of traders. In the event that any named candidate is replaced as the nominee of their respective party prior to election day, the name in the contract will be updated and the market will resolve based on the replacement nominee of the party.

The resolution source for this market is the Associated Press, Fox News, and NBC. This market will resolve once all three sources call the race for the same candidate. If all three sources haven’t called the race in this state for the same candidate, this market will resolve based on the official certification.",,,texas-senate-election-winner,Texas Senate Election Winner,809221.044265,177918.0444,False,,"[""21265207456609426291246075480390336499088453711419597084147957999650569091884"", ""9846414914422486942750462555692240718767368950832862364324602361738794436048""]",https://polymarket.com/market/will-the-republicans-win-the-texas-senate-race-in-2026,0x94521176f57d2ce81dde01e0b7699ca4279423042d37ed53908f0c8bfefe7e14
630976,will-the-democrats-win-the-virginia-senate-race-in-2026,Will the Democrats win the Virginia Senate race in 2026?,Will the Democrats win the Virginia Senate race in 2026?,"This market will resolve according to the winner of the 2026 midterm Virginia U.S. Senate election, inclusive of any run-offs.

A candidate shall be considered to represent a party in the event that he or she is the nominee of the party in question. Candidates other than the Democratic or Republican nominee (e.g., Greens, Libertarian, independent) may be added at a later date.

Candidates who run as independents will not be encompassed by the “Democrat” or “Republican” options regardless of any affiliation they may have with the party.

The candidates may be named in the contract for the convenience of traders. In the event that any named candidate is replaced as the nominee of their respective party prior to election day, the name in the contract will be updated and the market will resolve based on the replacement nominee of the party.

The resolution source for this market is the Associated Press, Fox News, and NBC. This market will resolve once all three sources call the race for the same candidate. If all three sources haven’t called the race in this state for the same candidate, this market will resolve based on the official certification.",,,virginia-senate-election-winner,Virginia Senate Election Winner,16193.49505,19810.66821,False,,"[""103672405579571940023321290271521195736672061427193452636021280058761450574865"", ""59197529092850285387032753654097584799334029532851852306533311157622884742559""]",https://polymarket.com/market/will-the-democrats-win-the-virginia-senate-race-in-2026,0x6710d045eb7bceb5467d0e2cf1084f353ab9eff53f627d33589e8bcbe4851162
630977,will-the-republicans-win-the-virginia-senate-race-in-2026,Will the Republicans win the Virginia Senate race in 2026?,Will the Republicans win the Virginia Senate race in 2026?,"This market will resolve according to the winner of the 2026 midterm Virginia U.S. Senate election, inclusive of any run-offs.

A candidate shall be considered to represent a party in the event that he or she is the nominee of the party in question. Candidates other than the Democratic or Republican nominee (e.g., Greens, Libertarian, independent) may be added at a later date.

Candidates who run as independents will not be encompassed by the “Democrat” or “Republican” options regardless of any affiliation they may have with the party.

The candidates may be named in the contract for the convenience of traders. In the event that any named candidate is replaced as the nominee of their respective party prior to election day, the name in the contract will be updated and the market will resolve based on the replacement nominee of the party.

The resolution source for this market is the Associated Press, Fox News, and NBC. This market will resolve once all three sources call the race for the same candidate. If all three sources haven’t called the race in this state for the same candidate, this market will resolve based on the official certification.",,,virginia-senate-election-winner,Virginia Senate Election Winner,7454.679110000001,22148.0072,False,,"[""30879673422883665658998557649780314115615509792114924412311244164523672753717"", ""90754958922510400552842169151468277929530764031411953233776577468931244763939""]",https://polymarket.com/market/will-the-republicans-win-the-virginia-senate-race-in-2026,0xbb35bf34a3f27ed8ecaa744e3e0427eafa5ae5a28798fac80ff46b8c942277bf
630989,will-the-democrats-win-the-west-virginia-senate-race-in-2026,Will the Democrats win the West Virginia Senate race in 2026?,Will the Democrats win the West Virginia Senate race in 2026?,"This market will resolve according to the winner of the 2026 midterm West Virginia U.S. Senate election, inclusive of any run-offs.

A candidate shall be considered to represent a party in the event that he or she is the nominee of the party in question. Candidates other than the Democratic or Republican nominee (e.g., Greens, Libertarian, independent) may be added at a later date.

Candidates who run as independents will not be encompassed by the “Democrat” or “Republican” options regardless of any affiliation they may have with the party.

The candidates may be named in the contract for the convenience of traders. In the event that any named candidate is replaced as the nominee of their respective party prior to election day, the name in the contract will be updated and the market will resolve based on the replacement nominee of the party.

The resolution source for this market is the Associated Press, Fox News, and NBC. This market will resolve once all three sources call the race for the same candidate. If all three sources haven’t called the race in this state for the same candidate, this market will resolve based on the official certification.",,,west-virginia-senate-election-winner,West Virginia Senate Election Winner,5351.339320000001,14445.78972,False,,"[""110692470670299760609405767524469998656804613573367102042492015567399413436772"", ""89611284751983444666516772199088261836184128361026213372833195934667653681164""]",https://polymarket.com/market/will-the-democrats-win-the-west-virginia-senate-race-in-2026,0xe109380d49786b25c8c20ca88bfbf5ffabbe0a91a25a9d8795312d5a9701f998
630990,will-the-republicans-win-the-west-virginia-senate-race-in-2026,Will the Republicans win the West Virginia Senate race in 2026?,Will the Republicans win the West Virginia Senate race in 2026?,"This market will resolve according to the winner of the 2026 midterm West Virginia U.S. Senate election, inclusive of any run-offs.

A candidate shall be considered to represent a party in the event that he or she is the nominee of the party in question. Candidates other than the Democratic or Republican nominee (e.g., Greens, Libertarian, independent) may be added at a later date.

Candidates who run as independents will not be encompassed by the “Democrat” or “Republican” options regardless of any affiliation they may have with the party.

The candidates may be named in the contract for the convenience of traders. In the event that any named candidate is replaced as the nominee of their respective party prior to election day, the name in the contract will be updated and the market will resolve based on the replacement nominee of the party.

The resolution source for this market is the Associated Press, Fox News, and NBC. This market will resolve once all three sources call the race for the same candidate. If all three sources haven’t called the race in this state for the same candidate, this market will resolve based on the official certification.",,,west-virginia-senate-election-winner,West Virginia Senate Election Winner,10846.194514000003,15731.95573,False,,"[""103563721501446582736235672026641229118201717908465299005521462931975944512517"", ""23395400070140850878802468480151807289611968843746307012852845052388143063303""]",https://polymarket.com/market/will-the-republicans-win-the-west-virginia-senate-race-in-2026,0x45603784c0d1f2dab989eee4771b16a64d8ae01eac147df2e56a1582def49aab
631002,will-the-democrats-win-the-wyoming-senate-race-in-2026,Will the Democrats win the Wyoming Senate race in 2026?,Will the Democrats win the Wyoming Senate race in 2026?,"This market will resolve according to the winner of the 2026 midterm Wyoming U.S. Senate election, inclusive of any run-offs.

A candidate shall be considered to represent a party in the event that he or she is the nominee of the party in question. Candidates other than the Democratic or Republican nominee (e.g., Greens, Libertarian, independent) may be added at a later date.

Candidates who run as independents will not be encompassed by the “Democrat” or “Republican” options regardless of any affiliation they may have with the party.

The candidates may be named in the contract for the convenience of traders. In the event that any named candidate is replaced as the nominee of their respective party prior to election day, the name in the contract will be updated and the market will resolve based on the replacement nominee of the party.

The resolution source for this market is the Associated Press, Fox News, and NBC. This market will resolve once all three sources call the race for the same candidate. If all three sources haven’t called the race in this state for the same candidate, this market will resolve based on the official certification.",,,wyoming-senate-election-winner,Wyoming Senate Election Winner,5684.753125,26575.87756,False,,"[""49797779751182114244550178900838522175054943127409025738411962628574218037267"", ""19478516824999166368089016534393288198149272568651281887970566028826732946055""]",https://polymarket.com/market/will-the-democrats-win-the-wyoming-senate-race-in-2026,0x4b025f45ecb861a81d74f472acd662f10553b18fa0ad71de7d5391bf2ba068ed
631003,will-the-republicans-win-the-wyoming-senate-race-in-2026,Will the Republicans win the Wyoming Senate race in 2026?,Will the Republicans win the Wyoming Senate race in 2026?,"This market will resolve according to the winner of the 2026 midterm Wyoming U.S. Senate election, inclusive of any run-offs.

A candidate shall be considered to represent a party in the event that he or she is the nominee of the party in question. Candidates other than the Democratic or Republican nominee (e.g., Greens, Libertarian, independent) may be added at a later date.

Candidates who run as independents will not be encompassed by the “Democrat” or “Republican” options regardless of any affiliation they may have with the party.

The candidates may be named in the contract for the convenience of traders. In the event that any named candidate is replaced as the nominee of their respective party prior to election day, the name in the contract will be updated and the market will resolve based on the replacement nominee of the party.

The resolution source for this market is the Associated Press, Fox News, and NBC. This market will resolve once all three sources call the race for the same candidate. If all three sources haven’t called the race in this state for the same candidate, this market will resolve based on the official certification.",,,wyoming-senate-election-winner,Wyoming Senate Election Winner,13460.274727,26534.9449,False,,"[""79928077180713102609948647660034580156932658823394290272651325523866637424642"", ""45404313587021591687645147323535282421303802762508782139776179473077300208474""]",https://polymarket.com/market/will-the-republicans-win-the-wyoming-senate-race-in-2026,0xd2812e59bd6fed210509d41594231dbdd9fc3f0de0f8312c0b671e9d43c51b91
631017,will-the-democrats-win-the-mississippi-senate-race-in-2026,Will the Democrats win the Mississippi Senate race in 2026?,Will the Democrats win the Mississippi Senate race in 2026?,"This market will resolve according to the winner of the 2026 midterm Mississippi U.S. Senate election, inclusive of any run-offs.

A candidate shall be considered to represent a party in the event that he or she is the nominee of the party in question. Candidates other than the Democratic or Republican nominee (e.g., Greens, Libertarian, independent) may be added at a later date.

Candidates who run as independents will not be encompassed by the “Democrat” or “Republican” options regardless of any affiliation they may have with the party.

The candidates may be named in the contract for the convenience of traders. In the event that any named candidate is replaced as the nominee of their respective party prior to election day, the name in the contract will be updated and the market will resolve based on the replacement nominee of the party.

The resolution source for this market is the Associated Press, Fox News, and NBC. This market will resolve once all three sources call the race for the same candidate. If all three sources haven’t called the race in this state for the same candidate, this market will resolve based on the official certification.",,,mississippi-senate-election-winner,Mississippi Senate Election Winner,38965.43406699999,49278.4969,False,,"[""77001639760095266374534198365421436593389036687975321536722226607654949914567"", ""109329484956764506378760583725617100193692863947320202695087573398990069238209""]",https://polymarket.com/market/will-the-democrats-win-the-mississippi-senate-race-in-2026,0x8c9b8ad3a64088a06d45e0b296a9a836203bc7f3ef35d134c57abead446a8b72
631018,will-the-republicans-win-the-mississippi-senate-race-in-2026,Will the Republicans win the Mississippi Senate race in 2026?,Will the Republicans win the Mississippi Senate race in 2026?,"This market will resolve according to the winner of the 2026 midterm Mississippi U.S. Senate election, inclusive of any run-offs.

A candidate shall be considered to represent a party in the event that he or she is the nominee of the party in question. Candidates other than the Democratic or Republican nominee (e.g., Greens, Libertarian, independent) may be added at a later date.

Candidates who run as independents will not be encompassed by the “Democrat” or “Republican” options regardless of any affiliation they may have with the party.

The candidates may be named in the contract for the convenience of traders. In the event that any named candidate is replaced as the nominee of their respective party prior to election day, the name in the contract will be updated and the market will resolve based on the replacement nominee of the party.

The resolution source for this market is the Associated Press, Fox News, and NBC. This market will resolve once all three sources call the race for the same candidate. If all three sources haven’t called the race in this state for the same candidate, this market will resolve based on the official certification.",,,mississippi-senate-election-winner,Mississippi Senate Election Winner,59007.50957100001,37298.1903,False,,"[""36589074670521348842786325911391532620430247097981345860356484520500173888573"", ""4639340586725578716005500791739559303082924048072534329825226706547465941088""]",https://polymarket.com/market/will-the-republicans-win-the-mississippi-senate-race-in-2026,0xc8c5760c26490b0cd0bedcf1c61aa86c5e09c8b2886b84ff4ea2db81d5f29388
631030,will-the-democrats-win-the-oklahoma-senate-race-in-2026,Will the Democrats win the Oklahoma Senate race in 2026?,Will the Democrats win the Oklahoma Senate race in 2026?,"This market will resolve according to the winner of the 2026 midterm Oklahoma U.S. Senate election, inclusive of any run-offs.

A candidate shall be considered to represent a party in the event that he or she is the nominee of the party in question. Candidates other than the Democratic or Republican nominee (e.g., Greens, Libertarian, independent) may be added at a later date.

Candidates who run as independents will not be encompassed by the “Democrat” or “Republican” options regardless of any affiliation they may have with the party.

The candidates may be named in the contract for the convenience of traders. In the event that any named candidate is replaced as the nominee of their respective party prior to election day, the name in the contract will be updated and the market will resolve based on the replacement nominee of the party.

The resolution source for this market is the Associated Press, Fox News, and NBC. This market will resolve once all three sources call the race for the same candidate. If all three sources haven’t called the race in this state for the same candidate, this market will resolve based on the official certification.",,,oklahoma-senate-election-winner,Oklahoma Senate Election Winner,6845.741003000001,15390.64399,False,,"[""112281295057865404870041957222562306206517476142557838682690649172966968734671"", ""64564597855888410825779066289398082874334191307203738739152847250485409164101""]",https://polymarket.com/market/will-the-democrats-win-the-oklahoma-senate-race-in-2026,0x83337f7e7a080c796fea1192addc126b415f21ea534cbe2ba2b3af3483c08b88
631031,will-the-republicans-win-the-oklahoma-senate-race-in-2026,Will the Republicans win the Oklahoma Senate race in 2026?,Will the Republicans win the Oklahoma Senate race in 2026?,"This market will resolve according to the winner of the 2026 midterm Oklahoma U.S. Senate election, inclusive of any run-offs.

A candidate shall be considered to represent a party in the event that he or she is the nominee of the party in question. Candidates other than the Democratic or Republican nominee (e.g., Greens, Libertarian, independent) may be added at a later date.

Candidates who run as independents will not be encompassed by the “Democrat” or “Republican” options regardless of any affiliation they may have with the party.

The candidates may be named in the contract for the convenience of traders. In the event that any named candidate is replaced as the nominee of their respective party prior to election day, the name in the contract will be updated and the market will resolve based on the replacement nominee of the party.

The resolution source for this market is the Associated Press, Fox News, and NBC. This market will resolve once all three sources call the race for the same candidate. If all three sources haven’t called the race in this state for the same candidate, this market will resolve based on the official certification.",,,oklahoma-senate-election-winner,Oklahoma Senate Election Winner,19636.15527,14097.89253,False,,"[""83554519035704522672644117478876258278018394754028161940314277335853541553559"", ""104309452422982046070067427008177275696484241243440409773417263901405335891407""]",https://polymarket.com/market/will-the-republicans-win-the-oklahoma-senate-race-in-2026,0xc1e1d5a2814a6abf40e304c00a43cfd05519caa11b04665c709b0a94d8c34d05
631044,will-the-democrats-win-the-florida-senate-race-in-2026,Will the Democrats win the Florida Senate race in 2026?,Will the Democrats win the Florida Senate race in 2026?,"This market will resolve according to the winner of the 2026 Florida U.S. Senate special election currently scheduled for November 3, inclusive of any run-offs.

A candidate shall be considered to represent a party in the event that he or she is the nominee of the party in question. Candidates other than the Democratic or Republican nominee (e.g., Greens, Libertarian, independent) may be added at a later date.

Candidates who run as independents will not be encompassed by the “Democrat” or “Republican” options regardless of any affiliation they may have with the party.

The candidates may be named in the contract for the convenience of traders. In the event that any named candidate is replaced as the nominee of their respective party prior to election day, the name in the contract will be updated and the market will resolve based on the replacement nominee of the party.

The resolution source for this market is the Associated Press, Fox News, and NBC. This market will resolve once all three sources call the race for the same candidate. If all three sources haven’t called the race in this state for the same candidate, this market will resolve based on the official certification.",,,florida-senate-election-winner,Florida Senate Election Winner,61782.868241,47038.1576,False,,"[""109815773012907461372639157658293071578555374097742562684476865021743386609433"", ""37755135088405799849800190027343457715121200916302661996402931566317384140291""]",https://polymarket.com/market/will-the-democrats-win-the-florida-senate-race-in-2026,0x0465cd005a54781e052b679e2c42c7ae5b772490fdda54316f157bf537536456
631045,will-the-republicans-win-the-florida-senate-race-in-2026,Will the Republicans win the Florida Senate race in 2026?,Will the Republicans win the Florida Senate race in 2026?,"This market will resolve according to the winner of the 2026 Florida U.S. Senate special election currently scheduled for November 3, inclusive of any run-offs.

A candidate shall be considered to represent a party in the event that he or she is the nominee of the party in question. Candidates other than the Democratic or Republican nominee (e.g., Greens, Libertarian, independent) may be added at a later date.

Candidates who run as independents will not be encompassed by the “Democrat” or “Republican” options regardless of any affiliation they may have with the party.

The candidates may be named in the contract for the convenience of traders. In the event that any named candidate is replaced as the nominee of their respective party prior to election day, the name in the contract will be updated and the market will resolve based on the replacement nominee of the party.

The resolution source for this market is the Associated Press, Fox News, and NBC. This market will resolve once all three sources call the race for the same candidate. If all three sources haven’t called the race in this state for the same candidate, this market will resolve based on the official certification.",,,florida-senate-election-winner,Florida Senate Election Winner,70392.09322899998,40114.4458,False,,"[""47848555635748009983462962481545341194026880518141560747711492227563791266566"", ""93154595056268120397334102801062018916555787278126869430194069115332749753248""]",https://polymarket.com/market/will-the-republicans-win-the-florida-senate-race-in-2026,0xe655180a65e17b6959aa722821312de23513cba6c6d2e3a55f47f198977316bf
631057,will-the-democrats-win-the-ohio-senate-race-in-2026,Will the Democrats win the Ohio Senate race in 2026?,Will the Democrats win the Ohio Senate race in 2026?,"This market will resolve according to the winner of the 2026 Ohio U.S. Senate special election currently scheduled for November 3, inclusive of any run-offs.

A candidate shall be considered to represent a party in the event that he or she is the nominee of the party in question. Candidates other than the Democratic or Republican nominee (e.g., Greens, Libertarian, independent) may be added at a later date.

Candidates who run as independents will not be encompassed by the “Democrat” or “Republican” options regardless of any affiliation they may have with the party.

The candidates may be named in the contract for the convenience of traders. In the event that any named candidate is replaced as the nominee of their respective party prior to election day, the name in the contract will be updated and the market will resolve based on the replacement nominee of the party.

The resolution source for this market is the Associated Press, Fox News, and NBC. This market will resolve once all three sources call the race for the same candidate. If all three sources haven’t called the race in this state for the same candidate, this market will resolve based on the official certification.",,,ohio-senate-election-winner,Ohio Senate Election Winner,431337.42785200005,120606.6693,False,,"[""83018072688154066292491996133599479395547801317505487833443670253228061205312"", ""79825167762459488478206414509755176562349257846652439268369145558426777722770""]",https://polymarket.com/market/will-the-democrats-win-the-ohio-senate-race-in-2026,0x968a1a79e001d49fa3ee1429e3b95eb01797587740f86d4e6becf3ab1b275bfb
631058,will-the-republicans-win-the-ohio-senate-race-in-2026,Will the Republicans win the Ohio Senate race in 2026?,Will the Republicans win the Ohio Senate race in 2026?,"This market will resolve according to the winner of the 2026 Ohio U.S. Senate special election currently scheduled for November 3, inclusive of any run-offs.

A candidate shall be considered to represent a party in the event that he or she is the nominee of the party in question. Candidates other than the Democratic or Republican nominee (e.g., Greens, Libertarian, independent) may be added at a later date.

Candidates who run as independents will not be encompassed by the “Democrat” or “Republican” options regardless of any affiliation they may have with the party.

The candidates may be named in the contract for the convenience of traders. In the event that any named candidate is replaced as the nominee of their respective party prior to election day, the name in the contract will be updated and the market will resolve based on the replacement nominee of the party.

The resolution source for this market is the Associated Press, Fox News, and NBC. This market will resolve once all three sources call the race for the same candidate. If all three sources haven’t called the race in this state for the same candidate, this market will resolve based on the official certification.",,,ohio-senate-election-winner,Ohio Senate Election Winner,302340.794283,103254.7145,False,,"[""69908185249078099348466099388148864764525845923415294308139153388799352317616"", ""23913381536137166406579511315285934624565002001604591688105636176511254870797""]",https://polymarket.com/market/will-the-republicans-win-the-ohio-senate-race-in-2026,0x771873c365f87bffd990644e4b688aebc1be7f18396d2eab64b996ff66e88669
634878,will-the-democrats-win-the-louisiana-senate-race-in-2026,Will the Democrats win the Louisiana Senate race in 2026?,Will the Democrats win the Louisiana Senate race in 2026?,"This market will resolve according to the winner of the 2026 midterm Louisiana U.S. Senate election, inclusive of any run-offs.

A candidate shall be considered to represent a party in the event that he or she is the nominee of the party in question. Candidates other than the Democratic or Republican nominee (e.g., Greens, Libertarian, independent) may be added at a later date.

Candidates who run as independents will not be encompassed by the “Democrat” or “Republican” options regardless of any affiliation they may have with the party.

The candidates may be named in the contract for the convenience of traders. In the event that any named candidate is replaced as the nominee of their respective party prior to election day, the name in the contract will be updated and the market will resolve based on the replacement nominee of the party.

The resolution source for this market is the Associated Press, Fox News, and NBC. This market will resolve once all three sources call the race for the same candidate. If all three sources haven’t called the race in this state for the same candidate, this market will resolve based on the official certification.",,,louisiana-senate-election-winner,Louisiana Senate Election Winner,22405.227246000002,38211.5003,False,2026-11-04T04:59:00Z,"[""80536528552003281640741026890878925456783654983296822683495274364289350034456"", ""109090022960169506693280284802447236443468818742086703354686360167548384699439""]",https://polymarket.com/market/will-the-democrats-win-the-louisiana-senate-race-in-2026,0x1bf5eb603d6bd74a11ba051d2cd8d7fff85100d0af19d6e9d91b29cef01f2c91
634879,will-the-republicans-win-the-louisiana-senate-race-in-2026,Will the Republicans win the Louisiana Senate race in 2026?,Will the Republicans win the Louisiana Senate race in 2026?,"This market will resolve according to the winner of the 2026 midterm Louisiana U.S. Senate election, inclusive of any run-offs.

A candidate shall be considered to represent a party in the event that he or she is the nominee of the party in question. Candidates other than the Democratic or Republican nominee (e.g., Greens, Libertarian, independent) may be added at a later date.

Candidates who run as independents will not be encompassed by the “Democrat” or “Republican” options regardless of any affiliation they may have with the party.

The candidates may be named in the contract for the convenience of traders. In the event that any named candidate is replaced as the nominee of their respective party prior to election day, the name in the contract will be updated and the market will resolve based on the replacement nominee of the party.

The resolution source for this market is the Associated Press, Fox News, and NBC. This market will resolve once all three sources call the race for the same candidate. If all three sources haven’t called the race in this state for the same candidate, this market will resolve based on the official certification.",,,louisiana-senate-election-winner,Louisiana Senate Election Winner,17268.015627000004,40589.3441,False,2026-11-04T04:59:00Z,"[""79597156840177168343562124064866301094619106642263695929345529947536386203124"", ""40600137944982070120020561148201046074034528738262880058756488608210871246278""]",https://polymarket.com/market/will-the-republicans-win-the-louisiana-senate-race-in-2026,0x3bb59c17b8ec156f8ef55d6de522c53c8bcc8fc708bfba00e1c7820c208ee28b
634891,will-the-democrats-win-the-nebraska-senate-race-in-2026,Will the Democrats win the Nebraska Senate race in 2026?,Will the Democrats win the Nebraska Senate race in 2026?,"This market will resolve according to the winner of the 2026 midterm Nebraska U.S. Senate election, inclusive of any run-offs.

A candidate shall be considered to represent a party in the event that he or she is the nominee of the party in question. Candidates other than the Democratic or Republican nominee (e.g., Greens, Libertarian, independent) may be added at a later date.

Candidates who run as independents will not be encompassed by the “Democrat” or “Republican” options regardless of any affiliation they may have with the party.

The candidates may be named in the contract for the convenience of traders. In the event that any named candidate is replaced as the nominee of their respective party prior to election day, the name in the contract will be updated and the market will resolve based on the replacement nominee of the party.

The resolution source for this market is the Associated Press, Fox News, and NBC. This market will resolve once all three sources call the race for the same candidate. If all three sources haven’t called the race in this state for the same candidate, this market will resolve based on the official certification.",,,nebraska-senate-election-winner,Nebraska Senate Election Winner  ,98516.67643100001,28231.26322,False,2026-11-03T00:00:00Z,"[""55269299240433422758148290868724152324629587438760275683104577693660207425448"", ""81262665299593332402996254810488669553080330014117799642811352427402737700753""]",https://polymarket.com/market/will-the-democrats-win-the-nebraska-senate-race-in-2026,0x12ac475399b12fd74917ccf0e29ce338eb4fc76c066cc8b56d01d2f9a2b17597
634892,will-the-republicans-win-the-nebraska-senate-race-in-2026,Will the Republicans win the Nebraska Senate race in 2026?,Will the Republicans win the Nebraska Senate race in 2026?,"This market will resolve according to the winner of the 2026 midterm Nebraska U.S. Senate election, inclusive of any run-offs.

A candidate shall be considered to represent a party in the event that he or she is the nominee of the party in question. Candidates other than the Democratic or Republican nominee (e.g., Greens, Libertarian, independent) may be added at a later date.

Candidates who run as independents will not be encompassed by the “Democrat” or “Republican” options regardless of any affiliation they may have with the party.

The candidates may be named in the contract for the convenience of traders. In the event that any named candidate is replaced as the nominee of their respective party prior to election day, the name in the contract will be updated and the market will resolve based on the replacement nominee of the party.

The resolution source for this market is the Associated Press, Fox News, and NBC. This market will resolve once all three sources call the race for the same candidate. If all three sources haven’t called the race in this state for the same candidate, this market will resolve based on the official certification.",,,nebraska-senate-election-winner,Nebraska Senate Election Winner  ,240967.15529999995,66719.3981,False,2026-11-03T00:00:00Z,"[""92576281548134350814800877416860562553699794074017301653635964206220838638047"", ""20545755397554366279105844241414821565747450256261992143596340747510834590543""]",https://polymarket.com/market/will-the-republicans-win-the-nebraska-senate-race-in-2026,0x71e9f5312aac62bdc9b87fa8d171fa929eca6243d815298c4c7d61303f7d53dd
634893,will-an-independent-win-the-nebraska-senate-race-in-2026,Will an independent win the Nebraska Senate race in 2026?,Will an independent win the Nebraska Senate race in 2026?,"This market will resolve according to the winner of the 2026 midterm Nebraska U.S. Senate election, inclusive of any run-offs.

A candidate shall be considered to represent a party in the event that he or she is the nominee of the party in question. Candidates other than the Democratic or Republican nominee (e.g., Greens, Libertarian, independent) may be added at a later date.

Candidates who run as independents will not be encompassed by the “Democrat” or “Republican” options regardless of any affiliation they may have with the party.

The candidates may be named in the contract for the convenience of traders. In the event that any named candidate is replaced as the nominee of their respective party prior to election day, the name in the contract will be updated and the market will resolve based on the replacement nominee of the party.

The resolution source for this market is the Associated Press, Fox News, and NBC. This market will resolve once all three sources call the race for the same candidate. If all three sources haven’t called the race in this state for the same candidate, this market will resolve based on the official certification.",,,nebraska-senate-election-winner,Nebraska Senate Election Winner  ,108718.07253100003,84558.8097,False,2026-11-03T00:00:00Z,"[""47975366268282823322598946778919483335780002591367838795894307024076579116518"", ""89524111316754281233016446935787527194216234343076592935555965327756401377156""]",https://polymarket.com/market/will-an-independent-win-the-nebraska-senate-race-in-2026,0x5554740293afa7aafd5fed10fd2de43a898e2884c1f98bd65185e703f371b9db
634974,will-dan-sullivan-win-the-alaska-senate-race-in-2026,Will Dan Sullivan win the Alaska Senate race in 2026?,Will Dan Sullivan win the Alaska Senate race in 2026?,"This market will resolve according to the winner of the 2026 midterm Alaska U.S. Senate election, inclusive of any run-offs, currently scheduled for November 3, 2026.

If the results of the election are not confirmed by July 31, 2027, this market will resolve to ""Other"".

The resolution source for this market is the Associated Press, Fox News, and NBC. This market will resolve once all three sources call the race for the same candidate. If all three sources haven’t called the race in this state for the same candidate, this market will resolve based on official certification.",,,alaska-senate-election-winner,Alaska Senate Election Winner,295287.0429189999,134908.3118,False,2026-11-03T00:00:00Z,"[""2618138322856109565904469085316346602627882727483900432328802655317079880335"", ""64264976954058187238724333554507208255303776435657387002861226761784169752307""]",https://polymarket.com/market/will-dan-sullivan-win-the-alaska-senate-race-in-2026,0x741bb46008b72234857c5118c8365ab3c2f69dbf28b30b59de04f173b8a778de
634975,will-ann-diener-win-the-alaska-senate-race-in-2026,Will Ann Diener win the Alaska Senate race in 2026?,Will Ann Diener win the Alaska Senate race in 2026?,"This market will resolve according to the winner of the 2026 midterm Alaska U.S. Senate election, inclusive of any run-offs, currently scheduled for November 3, 2026.

If the results of the election are not confirmed by July 31, 2027, this market will resolve to ""Other"".

The resolution source for this market is the Associated Press, Fox News, and NBC. This market will resolve once all three sources call the race for the same candidate. If all three sources haven’t called the race in this state for the same candidate, this market will resolve based on official certification.",,,alaska-senate-election-winner,Alaska Senate Election Winner,36064.20757799999,33560.89179,False,2026-11-03T00:00:00Z,"[""20310786951537091150920478212676759242565921145568245906943451694162568762258"", ""48713763040486181338331079866717596249762656714232229227842124521446386366432""]",https://polymarket.com/market/will-ann-diener-win-the-alaska-senate-race-in-2026,0xa26ab383a1f115fa8d2b0fcbac29bcd6a9843ec8c1d160b0a122917230c3c96a
634976,will-mary-peltola-win-the-alaska-senate-race-in-2026,Will Mary Peltola win the Alaska Senate race in 2026?,Will Mary Peltola win the Alaska Senate race in 2026?,"This market will resolve according to the winner of the 2026 midterm Alaska U.S. Senate election, inclusive of any run-offs, currently scheduled for November 3, 2026.

If the results of the election are not confirmed by July 31, 2027, this market will resolve to ""Other"".

The resolution source for this market is the Associated Press, Fox News, and NBC. This market will resolve once all three sources call the race for the same candidate. If all three sources haven’t called the race in this state for the same candidate, this market will resolve based on official certification.",,,alaska-senate-election-winner,Alaska Senate Election Winner,658960.8921110001,96456.8518,False,2026-11-03T00:00:00Z,"[""72139607190315861034411702195742538105117960260100800877125381826122747504258"", ""38274379050640062523611849065721372699838119672720475300345842413156391540232""]",https://polymarket.com/market/will-mary-peltola-win-the-alaska-senate-race-in-2026,0x19d2ff72e389d190c183e6b114817301d29eba651d67d75a38ee201a05188fd9
634977,will-dustin-darden-win-the-alaska-senate-race-in-2026,Will Dustin Darden win the Alaska Senate race in 2026?,Will Dustin Darden win the Alaska Senate race in 2026?,"This market will resolve according to the winner of the 2026 midterm Alaska U.S. Senate election, inclusive of any run-offs, currently scheduled for November 3, 2026.

If the results of the election are not confirmed by July 31, 2027, this market will resolve to ""Other"".

The resolution source for this market is the Associated Press, Fox News, and NBC. This market will resolve once all three sources call the race for the same candidate. If all three sources haven’t called the race in this state for the same candidate, this market will resolve based on official certification.",,,alaska-senate-election-winner,Alaska Senate Election Winner,23336.347311999973,31609.9744,False,2026-11-03T00:00:00Z,"[""29311755935786363205680204536643787054260832125056777867606384726291200747800"", ""111132744939015293345579629653521058184443656082780857026315550111238286737914""]",https://polymarket.com/market/will-dustin-darden-win-the-alaska-senate-race-in-2026,0xec751bd3e1cf4d22a1dee41ee85c7304bdb7b6ed6dccc807e88ef2603b4a6449
634978,will-richard-grayson-win-the-alaska-senate-race-in-2026,Will Richard Grayson win the Alaska Senate race in 2026?,Will Richard Grayson win the Alaska Senate race in 2026?,"This market will resolve according to the winner of the 2026 midterm Alaska U.S. Senate election, inclusive of any run-offs, currently scheduled for November 3, 2026.

If the results of the election are not confirmed by July 31, 2027, this market will resolve to ""Other"".

The resolution source for this market is the Associated Press, Fox News, and NBC. This market will resolve once all three sources call the race for the same candidate. If all three sources haven’t called the race in this state for the same candidate, this market will resolve based on official certification.",,,alaska-senate-election-winner,Alaska Senate Election Winner,24856.937521000007,37141.37009,False,2026-11-03T00:00:00Z,"[""59588004575158257289531312065982350985369269880352045258164216668046489178917"", ""11471799481163674496775067856640475180065538077790138430250870270740237488281""]",https://polymarket.com/market/will-richard-grayson-win-the-alaska-senate-race-in-2026,0x998ee2bd25cea8e07eaf1b1f1be82ba6c3ecfd74c28a87497786103d84fd06d8
634979,will-candidate-a-win-the-alaska-senate-race-in-2026,Will Daniel J. Sullivan Jr. win the Alaska Senate race in 2026?,Will Daniel J. Sullivan Jr. win the Alaska Senate race in 2026?,"This market will resolve according to the winner of the 2026 midterm Alaska U.S. Senate election, inclusive of any run-offs, currently scheduled for November 3, 2026.

If the results of the election are not confirmed by July 31, 2027, this market will resolve to ""Other"".

The resolution source for this market is the Associated Press, Fox News, and NBC. This market will resolve once all three sources call the race for the same candidate. If all three sources haven’t called the race in this state for the same candidate, this market will resolve based on official certification.",,,alaska-senate-election-winner,Alaska Senate Election Winner,,23053.08166,False,2026-11-03T00:00:00Z,"[""31278241752941344554610792783012172134444604028259739462416674476234786013273"", ""13231388127543519616516159916643367248093095039397650799836461362573356049800""]",https://polymarket.com/market/will-candidate-a-win-the-alaska-senate-race-in-2026,0x10d6e079450f84c35ab6fae1857352c9cb5ed5c63d25a918854ae26ab76af12f
634980,will-candidate-b-win-the-alaska-senate-race-in-2026,Will David Leslie win the Alaska Senate race in 2026?,Will David Leslie win the Alaska Senate race in 2026?,"This market will resolve according to the winner of the 2026 midterm Alaska U.S. Senate election, inclusive of any run-offs, currently scheduled for November 3, 2026.

If the results of the election are not confirmed by July 31, 2027, this market will resolve to ""Other"".

The resolution source for this market is the Associated Press, Fox News, and NBC. This market will resolve once all three sources call the race for the same candidate. If all three sources haven’t called the race in this state for the same candidate, this market will resolve based on official certification.",,,alaska-senate-election-winner,Alaska Senate Election Winner,2405.94,24207.1513,False,2026-11-03T00:00:00Z,"[""67134560637395660573557297151091376379195027709682746465847662052614726627045"", ""29272976156208880523524518696977571662352794148119684805059222229362154113559""]",https://polymarket.com/market/will-candidate-b-win-the-alaska-senate-race-in-2026,0x809ee6925f52191d93cf13f3221f36cd72d7f71c121b7a07ca854a8fd4e6db97
635003,will-click-bishop-win-the-2026-alaska-governor-election,Will Click Bishop win the 2026 Alaska governor election?,Will Click Bishop win the 2026 Alaska governor election?,"This market will resolve according to the candidate who wins the 2026 Alaska gubernatorial election currently scheduled for November 3, 2026.  

If the results of the election are not confirmed by July 31, 2027, this market will resolve to ""Other"".  

The resolution source for this market is the Associated Press, Fox News, and NBC. This market will resolve once all three sources call the race for the same candidate. If all three sources haven’t called the race in Alaska for the same candidate, this market will resolve based on official certification.",,,alaska-governor-election-winner,Alaska Governor Election Winner  ,31737.621413999997,22501.37722,False,2026-11-04T04:59:00Z,"[""39154002125405197763794707136923968604358387984246909531145654626829957893230"", ""60418842426512534469642130512596061192215988595473467000352213671045616492638""]",https://polymarket.com/market/will-click-bishop-win-the-2026-alaska-governor-election,0xb2fddc90e11d6c55351bfbd5c01e67323f4d177f55f612274a90da92d1ae68db
635004,will-david-bronson-win-the-2026-alaska-governor-election,Will David Bronson win the 2026 Alaska governor election?,Will David Bronson win the 2026 Alaska governor election?,"This market will resolve according to the candidate who wins the 2026 Alaska gubernatorial election currently scheduled for November 3, 2026.  

If the results of the election are not confirmed by July 31, 2027, this market will resolve to ""Other"".  

The resolution source for this market is the Associated Press, Fox News, and NBC. This market will resolve once all three sources call the race for the same candidate. If all three sources haven’t called the race in Alaska for the same candidate, this market will resolve based on official certification.",,,alaska-governor-election-winner,Alaska Governor Election Winner  ,26513.169160999998,27475.28273,False,2026-11-04T04:59:00Z,"[""23047817297095829703205789623007814925017477005361786493221231421140774736099"", ""27589735007801809920895792521249110991864778093988837036036503689605174002385""]",https://polymarket.com/market/will-david-bronson-win-the-2026-alaska-governor-election,0x8377be7973fda37582973f6533625ff035bd7ece986a9762d12b1cfb81baf057
635005,will-adam-crum-win-the-2026-alaska-governor-election,Will Adam Crum win the 2026 Alaska governor election?,Will Adam Crum win the 2026 Alaska governor election?,"This market will resolve according to the candidate who wins the 2026 Alaska gubernatorial election currently scheduled for November 3, 2026.  

If the results of the election are not confirmed by July 31, 2027, this market will resolve to ""Other"".  

The resolution source for this market is the Associated Press, Fox News, and NBC. This market will resolve once all three sources call the race for the same candidate. If all three sources haven’t called the race in Alaska for the same candidate, this market will resolve based on official certification.",,,alaska-governor-election-winner,Alaska Governor Election Winner  ,52171.95690099999,14809.75485,False,2026-11-04T04:59:00Z,"[""112101678667388918252758604047145833695065509511438805706635695881082938013669"", ""9195147677734768024442742821036736857536764911670176289004381980919601134562""]",https://polymarket.com/market/will-adam-crum-win-the-2026-alaska-governor-election,0x807371dcb1fd0b3e3b406d8b2afa2f72285a896ae5198749a04b7d93c7b57529
635006,will-nancy-dahlstrom-win-the-2026-alaska-governor-election,Will Nancy Dahlstrom win the 2026 Alaska governor election?,Will Nancy Dahlstrom win the 2026 Alaska governor election?,"This market will resolve according to the candidate who wins the 2026 Alaska gubernatorial election currently scheduled for November 3, 2026.  

If the results of the election are not confirmed by July 31, 2027, this market will resolve to ""Other"".  

The resolution source for this market is the Associated Press, Fox News, and NBC. This market will resolve once all three sources call the race for the same candidate. If all three sources haven’t called the race in Alaska for the same candidate, this market will resolve based on official certification.",,,alaska-governor-election-winner,Alaska Governor Election Winner  ,131122.15730299999,21813.1363,False,2026-11-04T04:59:00Z,"[""59674642039945632434991200982713662256203307690119588561924436416775168289415"", ""13361710535557089617208062932593011837316081914436155241873375541608580739238""]",https://polymarket.com/market/will-nancy-dahlstrom-win-the-2026-alaska-governor-election,0x90c810df015547545998cc0952258c102fac052861896acf6d58e17938cce0c7
635007,will-edna-devries-win-the-2026-alaska-governor-election,Will Edna DeVries win the 2026 Alaska governor election?,Will Edna DeVries win the 2026 Alaska governor election?,"This market will resolve according to the candidate who wins the 2026 Alaska gubernatorial election currently scheduled for November 3, 2026.  

If the results of the election are not confirmed by July 31, 2027, this market will resolve to ""Other"".  

The resolution source for this market is the Associated Press, Fox News, and NBC. This market will resolve once all three sources call the race for the same candidate. If all three sources haven’t called the race in Alaska for the same candidate, this market will resolve based on official certification.",,,alaska-governor-election-winner,Alaska Governor Election Winner  ,29460.527506000002,16616.88666,False,2026-11-04T04:59:00Z,"[""48980909355655999335735137257645181263137606430167981969161035375590984102791"", ""64966896006719008074063340757705725595139708147746532030558042213894942485771""]",https://polymarket.com/market/will-edna-devries-win-the-2026-alaska-governor-election,0xe2edbfb83c9b0256b10c93e59f4677d942792ea014274d9c00dc72a38b3c2592
635008,will-matt-heilala-win-the-2026-alaska-governor-election,Will Matt Heilala win the 2026 Alaska governor election?,Will Matt Heilala win the 2026 Alaska governor election?,"This market will resolve according to the candidate who wins the 2026 Alaska gubernatorial election currently scheduled for November 3, 2026.  

If the results of the election are not confirmed by July 31, 2027, this market will resolve to ""Other"".  

The resolution source for this market is the Associated Press, Fox News, and NBC. This market will resolve once all three sources call the race for the same candidate. If all three sources haven’t called the race in Alaska for the same candidate, this market will resolve based on official certification.",,,alaska-governor-election-winner,Alaska Governor Election Winner  ,42955.350325999985,30259.07995,False,2026-11-04T04:59:00Z,"[""41775449479665930068266329795278714167204411479685732105862933499385131340367"", ""113473521542910478197158103741391826457123704776487916253298517201682293793688""]",https://polymarket.com/market/will-matt-heilala-win-the-2026-alaska-governor-election,0x9e7789f9f3bb79883fab8c7c35db58a8834ef442a67d30c780cca57a5f251dc7
635009,will-shelley-hughes-win-the-2026-alaska-governor-election,Will Shelley Hughes win the 2026 Alaska governor election?,Will Shelley Hughes win the 2026 Alaska governor election?,"This market will resolve according to the candidate who wins the 2026 Alaska gubernatorial election currently scheduled for November 3, 2026.  

If the results of the election are not confirmed by July 31, 2027, this market will resolve to ""Other"".  

The resolution source for this market is the Associated Press, Fox News, and NBC. This market will resolve once all three sources call the race for the same candidate. If all three sources haven’t called the race in Alaska for the same candidate, this market will resolve based on official certification.",,,alaska-governor-election-winner,Alaska Governor Election Winner  ,17123.834035000003,17836.58256,False,2026-11-04T04:59:00Z,"[""29296582863501339972029548154128549466562842084431320516838210161873614946088"", ""104855517422265025076370671183295591131138907769453226583035147182707514195839""]",https://polymarket.com/market/will-shelley-hughes-win-the-2026-alaska-governor-election,0x12923582cca8ff08ea1bb23e4e042b80e11fae9974d528d9f19249e5ad131f2a
635010,will-james-parkin-win-the-2026-alaska-governor-election,Will James Parkin win the 2026 Alaska governor election?,Will James Parkin win the 2026 Alaska governor election?,"This market will resolve according to the candidate who wins the 2026 Alaska gubernatorial election currently scheduled for November 3, 2026.  

If the results of the election are not confirmed by July 31, 2027, this market will resolve to ""Other"".  

The resolution source for this market is the Associated Press, Fox News, and NBC. This market will resolve once all three sources call the race for the same candidate. If all three sources haven’t called the race in Alaska for the same candidate, this market will resolve based on official certification.",,,alaska-governor-election-winner,Alaska Governor Election Winner  ,117566.264952,21119.8673,False,2026-11-04T04:59:00Z,"[""94636756301597598205450967882875575281158446830532208819280555769682215362951"", ""77720965006807607253936909552495699887933379945549132362659973376686128746867""]",https://polymarket.com/market/will-james-parkin-win-the-2026-alaska-governor-election,0x6ff8d96a792130aa08cfb1e8e1488aa9d4eb4ada325d46af666bb6a8d0e2b0b0
635011,will-treg-taylor-win-the-2026-alaska-governor-election,Will Treg Taylor win the 2026 Alaska governor election?,Will Treg Taylor win the 2026 Alaska governor election?,"This market will resolve according to the candidate who wins the 2026 Alaska gubernatorial election currently scheduled for November 3, 2026.  

If the results of the election are not confirmed by July 31, 2027, this market will resolve to ""Other"".  

The resolution source for this market is the Associated Press, Fox News, and NBC. This market will resolve once all three sources call the race for the same candidate. If all three sources haven’t called the race in Alaska for the same candidate, this market will resolve based on official certification.",,,alaska-governor-election-winner,Alaska Governor Election Winner  ,40006.148711,20196.44158,False,2026-11-04T04:59:00Z,"[""93969985011170776056000925561172416309286101442856109696106983204369499012978"", ""72506703256469236704803392095389359754054700969674670489618759577406730106828""]",https://polymarket.com/market/will-treg-taylor-win-the-2026-alaska-governor-election,0xbc9964ab2e4e4886796e86263769e34451476172200f99e378e74adc6e202663
635012,will-bernadette-wilson-win-the-2026-alaska-governor-election,Will Bernadette Wilson win the 2026 Alaska governor election?,Will Bernadette Wilson win the 2026 Alaska governor election?,"This market will resolve according to the candidate who wins the 2026 Alaska gubernatorial election currently scheduled for November 3, 2026.  

If the results of the election are not confirmed by July 31, 2027, this market will resolve to ""Other"".  

The resolution source for this market is the Associated Press, Fox News, and NBC. This market will resolve once all three sources call the race for the same candidate. If all three sources haven’t called the race in Alaska for the same candidate, this market will resolve based on official certification.",,,alaska-governor-election-winner,Alaska Governor Election Winner  ,183296.14640099998,26395.4025,False,2026-11-04T04:59:00Z,"[""64751505184958139146196081658481476813866015817972108997333100399972093820939"", ""15859382751346746343939036525053853077867668968518299817855187651744506002496""]",https://polymarket.com/market/will-bernadette-wilson-win-the-2026-alaska-governor-election,0x9aba5bf074182d803c1b6a10814497875562ebb1c62483b36d2a305fc49e0792
635013,will-lisa-murkowski-win-the-2026-alaska-governor-election,Will Lisa Murkowski win the 2026 Alaska governor election?,Will Lisa Murkowski win the 2026 Alaska governor election?,"This market will resolve according to the candidate who wins the 2026 Alaska gubernatorial election currently scheduled for November 3, 2026.  

If the results of the election are not confirmed by July 31, 2027, this market will resolve to ""Other"".  

The resolution source for this market is the Associated Press, Fox News, and NBC. This market will resolve once all three sources call the race for the same candidate. If all three sources haven’t called the race in Alaska for the same candidate, this market will resolve based on official certification.",,,alaska-governor-election-winner,Alaska Governor Election Winner  ,28433.799504000002,16626.03727,False,2026-11-04T04:59:00Z,"[""27870085196735337387089467371194098802406160667325183183674887905666301487196"", ""82283852366812661010100556525768894264835563690203837127337401846759129565617""]",https://polymarket.com/market/will-lisa-murkowski-win-the-2026-alaska-governor-election,0xe4016942ae2f6c1b349ff44253cec219c4e09a18b05ff44e16ba500fbfffac1e
635014,will-tom-begich-win-the-2026-alaska-governor-election,Will Tom Begich win the 2026 Alaska governor election?,Will Tom Begich win the 2026 Alaska governor election?,"This market will resolve according to the candidate who wins the 2026 Alaska gubernatorial election currently scheduled for November 3, 2026.  

If the results of the election are not confirmed by July 31, 2027, this market will resolve to ""Other"".  

The resolution source for this market is the Associated Press, Fox News, and NBC. This market will resolve once all three sources call the race for the same candidate. If all three sources haven’t called the race in Alaska for the same candidate, this market will resolve based on official certification.",,,alaska-governor-election-winner,Alaska Governor Election Winner  ,165545.626278,18516.95526,False,2026-11-04T04:59:00Z,"[""88923835626751439335001852098823598444201043849577093630790185644778054232354"", ""39720463685457026846596900903719403712373357015082509595546409524414612455841""]",https://polymarket.com/market/will-tom-begich-win-the-2026-alaska-governor-election,0xb120cb1c26ad4568844f8e7ee7a91487d5cf4d246fd40410c1f3d4061bfd3587
635015,will-mary-peltola-win-the-2026-alaska-governor-election,Will Mary Peltola win the 2026 Alaska governor election?,Will Mary Peltola win the 2026 Alaska governor election?,"This market will resolve according to the candidate who wins the 2026 Alaska gubernatorial election currently scheduled for November 3, 2026.  

If the results of the election are not confirmed by July 31, 2027, this market will resolve to ""Other"".  

The resolution source for this market is the Associated Press, Fox News, and NBC. This market will resolve once all three sources call the race for the same candidate. If all three sources haven’t called the race in Alaska for the same candidate, this market will resolve based on official certification.",,,alaska-governor-election-winner,Alaska Governor Election Winner  ,339241.64129099995,18768.73717,False,2026-11-04T04:59:00Z,"[""115303242217186990312218497459537227886423425931711349439197270624601721951066"", ""102710958896541853009226651136193733163206380234516394117132219353801605357276""]",https://polymarket.com/market/will-mary-peltola-win-the-2026-alaska-governor-election,0x74a5ea8aed0261817e6be4371a73a9647bf143857c62bc66211c2d9b97d091a5
635016,will-jonathan-kreiss-tomkins-win-the-2026-alaska-governor-election,Will Jonathan Kreiss-Tomkins win the 2026 Alaska governor election?,Will Jonathan Kreiss-Tomkins win the 2026 Alaska governor election?,"This market will resolve according to the candidate who wins the 2026 Alaska gubernatorial election currently scheduled for November 3, 2026.  

If the results of the election are not confirmed by July 31, 2027, this market will resolve to ""Other"".  

The resolution source for this market is the Associated Press, Fox News, and NBC. This market will resolve once all three sources call the race for the same candidate. If all three sources haven’t called the race in Alaska for the same candidate, this market will resolve based on official certification.",,,alaska-governor-election-winner,Alaska Governor Election Winner  ,90246.79139799997,57078.93536,False,2026-11-04T04:59:00Z,"[""20244362049417025533374049121400436676833898969884666612361039499958684857530"", ""37982054955350769473225274338511206092834110396688311841877176075150786948028""]",https://polymarket.com/market/will-jonathan-kreiss-tomkins-win-the-2026-alaska-governor-election,0x43cedce4a6af0136d37d53408fc965388baee3145db6da72a5b5da8d2746ced3
635017,will-hank-kroll-win-the-2026-alaska-governor-election,Will Hank Kroll win the 2026 Alaska governor election?,Will Hank Kroll win the 2026 Alaska governor election?,"This market will resolve according to the candidate who wins the 2026 Alaska gubernatorial election currently scheduled for November 3, 2026.  

If the results of the election are not confirmed by July 31, 2027, this market will resolve to ""Other"".  

The resolution source for this market is the Associated Press, Fox News, and NBC. This market will resolve once all three sources call the race for the same candidate. If all three sources haven’t called the race in Alaska for the same candidate, this market will resolve based on official certification.",,,alaska-governor-election-winner,Alaska Governor Election Winner  ,20448.468199000003,19204.67992,False,2026-11-04T04:59:00Z,"[""95635456605992781069478891718039467857246490713143468096085991589901671594183"", ""91225137864927557918564359258664686497955882591355277709464604776409873406547""]",https://polymarket.com/market/will-hank-kroll-win-the-2026-alaska-governor-election,0xb2d876d58365e2c4c8af6a84df51a5425c8a3084b6485d7f4a10af29ce8f49e4
635018,will-bruce-walden-win-the-2026-alaska-governor-election,Will Bruce Walden win the 2026 Alaska governor election?,Will Bruce Walden win the 2026 Alaska governor election?,"This market will resolve according to the candidate who wins the 2026 Alaska gubernatorial election currently scheduled for November 3, 2026.  

If the results of the election are not confirmed by July 31, 2027, this market will resolve to ""Other"".  

The resolution source for this market is the Associated Press, Fox News, and NBC. This market will resolve once all three sources call the race for the same candidate. If all three sources haven’t called the race in Alaska for the same candidate, this market will resolve based on official certification.",,,alaska-governor-election-winner,Alaska Governor Election Winner  ,13144.109632,20318.50275,False,2026-11-04T04:59:00Z,"[""106363031797138111754039591152977193305538801813676060053033754519035914760518"", ""41727895688258693376847903957662821256714173440177609445045457726450459227657""]",https://polymarket.com/market/will-bruce-walden-win-the-2026-alaska-governor-election,0x0d87ce304cab9d63b941d93b7d8052d0b8c9033ef5383a2436ede5117f029dae
635019,will-matt-claman-win-the-2026-alaska-governor-election,Will Matt Claman win the 2026 Alaska governor election?,Will Matt Claman win the 2026 Alaska governor election?,"This market will resolve according to the candidate who wins the 2026 Alaska gubernatorial election currently scheduled for November 3, 2026.  

If the results of the election are not confirmed by July 31, 2027, this market will resolve to ""Other"".  

The resolution source for this market is the Associated Press, Fox News, and NBC. This market will resolve once all three sources call the race for the same candidate. If all three sources haven’t called the race in Alaska for the same candidate, this market will resolve based on official certification.",,,alaska-governor-election-winner,Alaska Governor Election Winner  ,21348.063914,21727.02937,False,2026-11-04T04:59:00Z,"[""28604200858776949725443771900532479947528528058757267516640410601091432067720"", ""91229309270355860713419309118667426703750737891164301386889922666802507208098""]",https://polymarket.com/market/will-matt-claman-win-the-2026-alaska-governor-election,0xef25acd9423c7c1aeb1a85a2f2e295ce6bcee19abd84a8b99c7e84713434abf3
635020,will-lesil-mcguire-win-the-2026-alaska-governor-election,Will Lesil McGuire win the 2026 Alaska governor election?,Will Lesil McGuire win the 2026 Alaska governor election?,"This market will resolve according to the candidate who wins the 2026 Alaska gubernatorial election currently scheduled for November 3, 2026.  

If the results of the election are not confirmed by July 31, 2027, this market will resolve to ""Other"".  

The resolution source for this market is the Associated Press, Fox News, and NBC. This market will resolve once all three sources call the race for the same candidate. If all three sources haven’t called the race in Alaska for the same candidate, this market will resolve based on official certification.",,,alaska-governor-election-winner,Alaska Governor Election Winner  ,6540.987,17394.69261,False,2026-11-04T04:59:00Z,"[""22529706558204688498320021777045565403912945442011622921877074565980935596194"", ""107660395767216529314208472319656520318890894389780384645697742878670378593126""]",https://polymarket.com/market/will-lesil-mcguire-win-the-2026-alaska-governor-election,0x9ae7125f02766aec1a6b8fc3c0fa8a536a424d07b290f870eecfbac5bb3a8f3f
635021,will-gregg-brelsford-win-the-2026-alaska-governor-election,Will Gregg Brelsford win the 2026 Alaska governor election?,Will Gregg Brelsford win the 2026 Alaska governor election?,"This market will resolve according to the candidate who wins the 2026 Alaska gubernatorial election currently scheduled for November 3, 2026.  

If the results of the election are not confirmed by July 31, 2027, this market will resolve to ""Other"".  

The resolution source for this market is the Associated Press, Fox News, and NBC. This market will resolve once all three sources call the race for the same candidate. If all three sources haven’t called the race in Alaska for the same candidate, this market will resolve based on official certification.",,,alaska-governor-election-winner,Alaska Governor Election Winner  ,3936.4213330000002,17421.08805,False,2026-11-04T04:59:00Z,"[""90372155390861985927725007208426512628481630954974454396465379243202196045659"", ""2701913449823469466380873774659154852878836766994267419008628654782137185923""]",https://polymarket.com/market/will-gregg-brelsford-win-the-2026-alaska-governor-election,0x4fd145201e8036b8c040dd9797c4d79c8eb7f1053fef07920d8b2a7bdf6f8170
635022,will-jessica-faircloth-win-the-2026-alaska-governor-election,Will Jessica Faircloth win the 2026 Alaska governor election?,Will Jessica Faircloth win the 2026 Alaska governor election?,"This market will resolve according to the candidate who wins the 2026 Alaska gubernatorial election currently scheduled for November 3, 2026.  

If the results of the election are not confirmed by July 31, 2027, this market will resolve to ""Other"".  

The resolution source for this market is the Associated Press, Fox News, and NBC. This market will resolve once all three sources call the race for the same candidate. If all three sources haven’t called the race in Alaska for the same candidate, this market will resolve based on official certification.",,,alaska-governor-election-winner,Alaska Governor Election Winner  ,4287.5472,18080.43004,False,2026-11-04T04:59:00Z,"[""5086764460439224896909495789484939252244135243589938028556782950980839670109"", ""46178221517819340873304464752949449694008471239018842509293907666064868164423""]",https://polymarket.com/market/will-jessica-faircloth-win-the-2026-alaska-governor-election,0x3742856e68e342615e2a4ffbbd53e47b631f2d7097ef0713e41fb2fa2bc9d901
635023,will-destry-j-payne-sr-win-the-2026-alaska-governor-election,Will Destry J. Payne Sr. win the 2026 Alaska governor election?,Will Destry J. Payne Sr. win the 2026 Alaska governor election?,"This market will resolve according to the candidate who wins the 2026 Alaska gubernatorial election currently scheduled for November 3, 2026.  

If the results of the election are not confirmed by July 31, 2027, this market will resolve to ""Other"".  

The resolution source for this market is the Associated Press, Fox News, and NBC. This market will resolve once all three sources call the race for the same candidate. If all three sources haven’t called the race in Alaska for the same candidate, this market will resolve based on official certification.",,,alaska-governor-election-winner,Alaska Governor Election Winner  ,3827.87575,17170.77889,False,2026-11-04T04:59:00Z,"[""94275275907070640522712534747053008279341178769916658518917564436899584909430"", ""65059827140173427877494565540061589018062765634764662931826204007544666003583""]",https://polymarket.com/market/will-destry-j-payne-sr-win-the-2026-alaska-governor-election,0x13aa3adfac590cb337445b0a96faef834cc27d3a4d417c397b43b96a4d54e751
635024,will-candidate-i-win-the-2026-alaska-governor-election,Will Bill Walker win the 2026 Alaska governor election?,Will Bill Walker win the 2026 Alaska governor election?,"This market will resolve according to the candidate who wins the 2026 Alaska gubernatorial election currently scheduled for November 3, 2026.  

If the results of the election are not confirmed by July 31, 2027, this market will resolve to ""Other"".  

The resolution source for this market is the Associated Press, Fox News, and NBC. This market will resolve once all three sources call the race for the same candidate. If all three sources haven’t called the race in Alaska for the same candidate, this market will resolve based on official certification.",,,alaska-governor-election-winner,Alaska Governor Election Winner  ,10219.461314,21603.25072,False,2026-11-04T04:59:00Z,"[""89440386514063730127176054212356569265462224863655993641953910953752586860824"", ""12748549410366691485814745487527011946617511780417271837791094564317034321850""]",https://polymarket.com/market/will-candidate-i-win-the-2026-alaska-governor-election,0x1aaa09e9174c89de226b4ed98bbf3992bd0b7abd287a32dc9d495ad1b0e9f9b0
637002,will-donald-trump-win-the-nobel-peace-prize-in-2026-382,Will Donald Trump win the Nobel Peace Prize in 2026?,Will Donald Trump win the Nobel Peace Prize in 2026?,"This market will resolve according to the winner of the 2026 Nobel Peace Prize, as announced by the Norwegian Nobel Committee.

If multiple listed individuals or entities jointly receive the prize, the market will resolve to a single winner. If Donald Trump, Volodymyr Zelenskyy,  Benjamin Netanyahu, Vladimir Putin, or Elon Musk are among the recipients, the market will resolve to the highest-ranked among them in that exact order of precedence. If none of those five are among the winners and the prize is awarded jointly to at least one listed individual and at least one listed organization, the market will resolve in favor of the individual. If no prioritized individuals are among the winners and all listed recipients are of the same type (all individuals or all organizations), the market will resolve to the person whose last name, or the entity’s name, comes first in alphabetical order as listed in this market.

If no official announcement regarding the 2026 Nobel Peace Prize has been made by March 31, 2027, 11:59 PM ET, this market will resolve to ""Other.""

The resolution source for this market will be the first official announcement from the Norwegian Nobel Committee.",,,nobel-peace-prize-winner-2026-139,Nobel Peace Prize Winner 2026,5208476.983568001,487745.03496,False,2027-04-01T03:59:00Z,"[""96308556109755835434254900303426519652053230974356832970824534225192181988516"", ""75648553599758807820760400986240186978327005811004242427218252697572451485336""]",https://polymarket.com/market/will-donald-trump-win-the-nobel-peace-prize-in-2026-382,0x962e5b226a77266ab429029ee04665e8fcfeb10b91af593786ceab871d2e945f
637003,will-pope-leo-xiv-win-the-nobel-peace-prize-in-2026-698,Will Pope Leo XIV win the Nobel Peace Prize in 2026?,Will Pope Leo XIV win the Nobel Peace Prize in 2026?,"This market will resolve according to the winner of the 2026 Nobel Peace Prize, as announced by the Norwegian Nobel Committee.

If multiple listed individuals or entities jointly receive the prize, the market will resolve to a single winner. If Donald Trump, Volodymyr Zelenskyy,  Benjamin Netanyahu, Vladimir Putin, or Elon Musk are among the recipients, the market will resolve to the highest-ranked among them in that exact order of precedence. If none of those five are among the winners and the prize is awarded jointly to at least one listed individual and at least one listed organization, the market will resolve in favor of the individual. If no prioritized individuals are among the winners and all listed recipients are of the same type (all individuals or all organizations), the market will resolve to the person whose last name, or the entity’s name, comes first in alphabetical order as listed in this market.

If no official announcement regarding the 2026 Nobel Peace Prize has been made by March 31, 2027, 11:59 PM ET, this market will resolve to ""Other.""

The resolution source for this market will be the first official announcement from the Norwegian Nobel Committee.",,,nobel-peace-prize-winner-2026-139,Nobel Peace Prize Winner 2026,824450.6075080003,53988.05443,False,2027-04-01T03:59:00Z,"[""113237755645921715758233944722306063215233909018006486973579082721270649678448"", ""95174951397252701626356005587736778177787845584080929573568339678125892550453""]",https://polymarket.com/market/will-pope-leo-xiv-win-the-nobel-peace-prize-in-2026-698,0xec2e51ebb99006172b05548fc53d6842d30c9c0cccaf4c34569f0431b94d4bfc
637004,will-yulia-navalnaya-win-the-nobel-peace-prize-in-2026-261,Will Yulia Navalnaya win the Nobel Peace Prize in 2026?,Will Yulia Navalnaya win the Nobel Peace Prize in 2026?,"This market will resolve according to the winner of the 2026 Nobel Peace Prize, as announced by the Norwegian Nobel Committee.

If multiple listed individuals or entities jointly receive the prize, the market will resolve to a single winner. If Donald Trump, Volodymyr Zelenskyy,  Benjamin Netanyahu, Vladimir Putin, or Elon Musk are among the recipients, the market will resolve to the highest-ranked among them in that exact order of precedence. If none of those five are among the winners and the prize is awarded jointly to at least one listed individual and at least one listed organization, the market will resolve in favor of the individual. If no prioritized individuals are among the winners and all listed recipients are of the same type (all individuals or all organizations), the market will resolve to the person whose last name, or the entity’s name, comes first in alphabetical order as listed in this market.

If no official announcement regarding the 2026 Nobel Peace Prize has been made by March 31, 2027, 11:59 PM ET, this market will resolve to ""Other.""

The resolution source for this market will be the first official announcement from the Norwegian Nobel Committee.",,,nobel-peace-prize-winner-2026-139,Nobel Peace Prize Winner 2026,313474.86967700004,81812.4783,False,2027-04-01T03:59:00Z,"[""3494130919441794744300504897798612438496650716124466384425423765833752918969"", ""28096161697269491739201577018265114286225290564353204301878588204336630210171""]",https://polymarket.com/market/will-yulia-navalnaya-win-the-nobel-peace-prize-in-2026-261,0xae76ef049f09b109cfb0a9bfa2335d7c9fde5bd262c64548b43308c810c314ec
637005,will-julian-assange-win-the-nobel-peace-prize-in-2026-899,Will Julian Assange win the Nobel Peace Prize in 2026?,Will Julian Assange win the Nobel Peace Prize in 2026?,"This market will resolve according to the winner of the 2026 Nobel Peace Prize, as announced by the Norwegian Nobel Committee.

If multiple listed individuals or entities jointly receive the prize, the market will resolve to a single winner. If Donald Trump, Volodymyr Zelenskyy,  Benjamin Netanyahu, Vladimir Putin, or Elon Musk are among the recipients, the market will resolve to the highest-ranked among them in that exact order of precedence. If none of those five are among the winners and the prize is awarded jointly to at least one listed individual and at least one listed organization, the market will resolve in favor of the individual. If no prioritized individuals are among the winners and all listed recipients are of the same type (all individuals or all organizations), the market will resolve to the person whose last name, or the entity’s name, comes first in alphabetical order as listed in this market.

If no official announcement regarding the 2026 Nobel Peace Prize has been made by March 31, 2027, 11:59 PM ET, this market will resolve to ""Other.""

The resolution source for this market will be the first official announcement from the Norwegian Nobel Committee.",,,nobel-peace-prize-winner-2026-139,Nobel Peace Prize Winner 2026,857622.5384619997,47171.13157,False,2027-04-01T03:59:00Z,"[""2514203837854735205913781359327052377275050226163878960745268210971566855346"", ""112167985448024082869173908935600668305426586702085278841767559334167398447501""]",https://polymarket.com/market/will-julian-assange-win-the-nobel-peace-prize-in-2026-899,0x0cfec4bdb5b2060bba705259a76c489a9b0cc36da5edad65ecd796f461a89af5
637006,will-greta-thunberg-win-the-nobel-peace-prize-in-2026-767,Will Greta Thunberg win the Nobel Peace Prize in 2026?,Will Greta Thunberg win the Nobel Peace Prize in 2026?,"This market will resolve according to the winner of the 2026 Nobel Peace Prize, as announced by the Norwegian Nobel Committee.

If multiple listed individuals or entities jointly receive the prize, the market will resolve to a single winner. If Donald Trump, Volodymyr Zelenskyy,  Benjamin Netanyahu, Vladimir Putin, or Elon Musk are among the recipients, the market will resolve to the highest-ranked among them in that exact order of precedence. If none of those five are among the winners and the prize is awarded jointly to at least one listed individual and at least one listed organization, the market will resolve in favor of the individual. If no prioritized individuals are among the winners and all listed recipients are of the same type (all individuals or all organizations), the market will resolve to the person whose last name, or the entity’s name, comes first in alphabetical order as listed in this market.

If no official announcement regarding the 2026 Nobel Peace Prize has been made by March 31, 2027, 11:59 PM ET, this market will resolve to ""Other.""

The resolution source for this market will be the first official announcement from the Norwegian Nobel Committee.",,,nobel-peace-prize-winner-2026-139,Nobel Peace Prize Winner 2026,1478778.3033130006,63475.73327,False,2027-04-01T03:59:00Z,"[""110720206167890822616321575705807171983245849150110799188723045022216595670551"", ""88258427153334602839061103957324557393993316504272753015676420313968562088509""]",https://polymarket.com/market/will-greta-thunberg-win-the-nobel-peace-prize-in-2026-767,0xdd84a0f9830eb540be5cd7a22bcaaa27aedced37c7994c480f95669a341f1c4e
637007,will-elon-musk-win-the-nobel-peace-prize-in-2026-756,Will Elon Musk win the Nobel Peace Prize in 2026?,Will Elon Musk win the Nobel Peace Prize in 2026?,"This market will resolve according to the winner of the 2026 Nobel Peace Prize, as announced by the Norwegian Nobel Committee.

If multiple listed individuals or entities jointly receive the prize, the market will resolve to a single winner. If Donald Trump, Volodymyr Zelenskyy,  Benjamin Netanyahu, Vladimir Putin, or Elon Musk are among the recipients, the market will resolve to the highest-ranked among them in that exact order of precedence. If none of those five are among the winners and the prize is awarded jointly to at least one listed individual and at least one listed organization, the market will resolve in favor of the individual. If no prioritized individuals are among the winners and all listed recipients are of the same type (all individuals or all organizations), the market will resolve to the person whose last name, or the entity’s name, comes first in alphabetical order as listed in this market.

If no official announcement regarding the 2026 Nobel Peace Prize has been made by March 31, 2027, 11:59 PM ET, this market will resolve to ""Other.""

The resolution source for this market will be the first official announcement from the Norwegian Nobel Committee.",,,nobel-peace-prize-winner-2026-139,Nobel Peace Prize Winner 2026,1227821.8108280003,127835.65517,False,2027-04-01T03:59:00Z,"[""75607128808577269329357564425293012652006155264327001987967114873720422847762"", ""12399441569018704651613633276106609828289317349737964099492012443734276929050""]",https://polymarket.com/market/will-elon-musk-win-the-nobel-peace-prize-in-2026-756,0x97115010af13666600dc8776dce48290f5c4c23d387a86a97f6b4b38561dd5af
637008,will-unrwa-win-the-nobel-peace-prize-in-2026-983,Will UNRWA win the Nobel Peace Prize in 2026?,Will UNRWA win the Nobel Peace Prize in 2026?,"This market will resolve according to the winner of the 2026 Nobel Peace Prize, as announced by the Norwegian Nobel Committee.

If multiple listed individuals or entities jointly receive the prize, the market will resolve to a single winner. If Donald Trump, Volodymyr Zelenskyy,  Benjamin Netanyahu, Vladimir Putin, or Elon Musk are among the recipients, the market will resolve to the highest-ranked among them in that exact order of precedence. If none of those five are among the winners and the prize is awarded jointly to at least one listed individual and at least one listed organization, the market will resolve in favor of the individual. If no prioritized individuals are among the winners and all listed recipients are of the same type (all individuals or all organizations), the market will resolve to the person whose last name, or the entity’s name, comes first in alphabetical order as listed in this market.

If no official announcement regarding the 2026 Nobel Peace Prize has been made by March 31, 2027, 11:59 PM ET, this market will resolve to ""Other.""

The resolution source for this market will be the first official announcement from the Norwegian Nobel Committee.",,,nobel-peace-prize-winner-2026-139,Nobel Peace Prize Winner 2026,2058401.4529259996,44632.09739,False,2027-04-01T03:59:00Z,"[""44648805494496128018486302258584216672381875589441286537181971476979030040822"", ""100774842773502634308392264835606396497542279688738306742145099064280129552022""]",https://polymarket.com/market/will-unrwa-win-the-nobel-peace-prize-in-2026-983,0xb3fefe9667acca5ca31a8e330219dc67a01b374331d9bf4875357655a5508815
637009,will-the-international-court-of-justice-win-the-nobel-peace-prize-in-2026-885,Will the International Court of Justice win the Nobel Peace Prize in 2026?,Will the International Court of Justice win the Nobel Peace Prize in 2026?,"This market will resolve according to the winner of the 2026 Nobel Peace Prize, as announced by the Norwegian Nobel Committee.

If multiple listed individuals or entities jointly receive the prize, the market will resolve to a single winner. If Donald Trump, Volodymyr Zelenskyy,  Benjamin Netanyahu, Vladimir Putin, or Elon Musk are among the recipients, the market will resolve to the highest-ranked among them in that exact order of precedence. If none of those five are among the winners and the prize is awarded jointly to at least one listed individual and at least one listed organization, the market will resolve in favor of the individual. If no prioritized individuals are among the winners and all listed recipients are of the same type (all individuals or all organizations), the market will resolve to the person whose last name, or the entity’s name, comes first in alphabetical order as listed in this market.

If no official announcement regarding the 2026 Nobel Peace Prize has been made by March 31, 2027, 11:59 PM ET, this market will resolve to ""Other.""

The resolution source for this market will be the first official announcement from the Norwegian Nobel Committee.",,,nobel-peace-prize-winner-2026-139,Nobel Peace Prize Winner 2026,918128.304854,34473.52438,False,2027-04-01T03:59:00Z,"[""71369127494310794272479391274205452287676771660414011081710844125846890526676"", ""100825934865672220288878913199795346535221985257911240162629731201658697455767""]",https://polymarket.com/market/will-the-international-court-of-justice-win-the-nobel-peace-prize-in-2026-885,0x36081a32ac369bad207447fa2bc5d6d663fb576e935178a4a297931ec571f5d1
637010,will-antnio-guterres-win-the-nobel-peace-prize-in-2026-623,Will António Guterres win the Nobel Peace Prize in 2026?,Will António Guterres win the Nobel Peace Prize in 2026?,"This market will resolve according to the winner of the 2026 Nobel Peace Prize, as announced by the Norwegian Nobel Committee.

If multiple listed individuals or entities jointly receive the prize, the market will resolve to a single winner. If Donald Trump, Volodymyr Zelenskyy,  Benjamin Netanyahu, Vladimir Putin, or Elon Musk are among the recipients, the market will resolve to the highest-ranked among them in that exact order of precedence. If none of those five are among the winners and the prize is awarded jointly to at least one listed individual and at least one listed organization, the market will resolve in favor of the individual. If no prioritized individuals are among the winners and all listed recipients are of the same type (all individuals or all organizations), the market will resolve to the person whose last name, or the entity’s name, comes first in alphabetical order as listed in this market.

If no official announcement regarding the 2026 Nobel Peace Prize has been made by March 31, 2027, 11:59 PM ET, this market will resolve to ""Other.""

The resolution source for this market will be the first official announcement from the Norwegian Nobel Committee.",,,nobel-peace-prize-winner-2026-139,Nobel Peace Prize Winner 2026,642817.0865399997,49694.18988,False,2027-04-01T03:59:00Z,"[""23342261653888694132200522593527487238848562692306851598440649086435121500976"", ""74898968531597218741457817445756371218150329069760332671745694661596010747348""]",https://polymarket.com/market/will-antnio-guterres-win-the-nobel-peace-prize-in-2026-623,0xb9212b9cb5404a1db7aa30477619222b4100802f03f32a6fc5639c6e24fe0e1f
637011,will-volodymyr-zelensky-win-the-nobel-peace-prize-in-2026-637,Will Volodymyr Zelenskyy win the Nobel Peace Prize in 2026?,Will Volodymyr Zelenskyy win the Nobel Peace Prize in 2026?,"This market will resolve according to the winner of the 2026 Nobel Peace Prize, as announced by the Norwegian Nobel Committee.

If multiple listed individuals or entities jointly receive the prize, the market will resolve to a single winner. If Donald Trump, Volodymyr Zelenskyy,  Benjamin Netanyahu, Vladimir Putin, or Elon Musk are among the recipients, the market will resolve to the highest-ranked among them in that exact order of precedence. If none of those five are among the winners and the prize is awarded jointly to at least one listed individual and at least one listed organization, the market will resolve in favor of the individual. If no prioritized individuals are among the winners and all listed recipients are of the same type (all individuals or all organizations), the market will resolve to the person whose last name, or the entity’s name, comes first in alphabetical order as listed in this market.

If no official announcement regarding the 2026 Nobel Peace Prize has been made by March 31, 2027, 11:59 PM ET, this market will resolve to ""Other.""

The resolution source for this market will be the first official announcement from the Norwegian Nobel Committee.",,,nobel-peace-prize-winner-2026-139,Nobel Peace Prize Winner 2026,844763.0938420001,93149.74121,False,2027-04-01T03:59:00Z,"[""69233785052194635705851216099911823720821171641039286350179421202360326472771"", ""8338529888438948644585537691079019147027137862127077274522691678941032005403""]",https://polymarket.com/market/will-volodymyr-zelensky-win-the-nobel-peace-prize-in-2026-637,0xe2cd08587e1f67a41341994fc3ea053a8ed92b5258d42acf3d4448c75095eaa5
637012,will-tamim-bin-hamad-al-thani-win-the-nobel-peace-prize-in-2026-755,Will Tamim bin Hamad Al Thani win the Nobel Peace Prize in 2026?,Will Tamim bin Hamad Al Thani win the Nobel Peace Prize in 2026?,"This market will resolve according to the winner of the 2026 Nobel Peace Prize, as announced by the Norwegian Nobel Committee.

If multiple listed individuals or entities jointly receive the prize, the market will resolve to a single winner. If Donald Trump, Volodymyr Zelenskyy,  Benjamin Netanyahu, Vladimir Putin, or Elon Musk are among the recipients, the market will resolve to the highest-ranked among them in that exact order of precedence. If none of those five are among the winners and the prize is awarded jointly to at least one listed individual and at least one listed organization, the market will resolve in favor of the individual. If no prioritized individuals are among the winners and all listed recipients are of the same type (all individuals or all organizations), the market will resolve to the person whose last name, or the entity’s name, comes first in alphabetical order as listed in this market.

If no official announcement regarding the 2026 Nobel Peace Prize has been made by March 31, 2027, 11:59 PM ET, this market will resolve to ""Other.""

The resolution source for this market will be the first official announcement from the Norwegian Nobel Committee.",,,nobel-peace-prize-winner-2026-139,Nobel Peace Prize Winner 2026,804616.7398589997,110511.26061,False,2027-04-01T03:59:00Z,"[""38629843016683821271278712298908281184814663635088376266062295059246738422381"", ""5589769935476462129484153271836175288080453728912236522871901218697147752772""]",https://polymarket.com/market/will-tamim-bin-hamad-al-thani-win-the-nobel-peace-prize-in-2026-755,0x720e7267b2bd49feeaed5cf254b5d5243aa4d5e4f2ac03e4a5cb1bd9eea8a6eb
637013,will-vladimir-putin-win-the-nobel-peace-prize-in-2026-126,Will Vladimir Putin win the Nobel Peace Prize in 2026?,Will Vladimir Putin win the Nobel Peace Prize in 2026?,"This market will resolve according to the winner of the 2026 Nobel Peace Prize, as announced by the Norwegian Nobel Committee.

If multiple listed individuals or entities jointly receive the prize, the market will resolve to a single winner. If Donald Trump, Volodymyr Zelenskyy,  Benjamin Netanyahu, Vladimir Putin, or Elon Musk are among the recipients, the market will resolve to the highest-ranked among them in that exact order of precedence. If none of those five are among the winners and the prize is awarded jointly to at least one listed individual and at least one listed organization, the market will resolve in favor of the individual. If no prioritized individuals are among the winners and all listed recipients are of the same type (all individuals or all organizations), the market will resolve to the person whose last name, or the entity’s name, comes first in alphabetical order as listed in this market.

If no official announcement regarding the 2026 Nobel Peace Prize has been made by March 31, 2027, 11:59 PM ET, this market will resolve to ""Other.""

The resolution source for this market will be the first official announcement from the Norwegian Nobel Committee.",,,nobel-peace-prize-winner-2026-139,Nobel Peace Prize Winner 2026,955948.708104,112693.26779,False,2027-04-01T03:59:00Z,"[""3072654272549368438022392135276167382428661847959009954134234860002162565563"", ""113985315011147639722353242178466700648968151094441125067915688418671668934701""]",https://polymarket.com/market/will-vladimir-putin-win-the-nobel-peace-prize-in-2026-126,0x1e7a7b53f33712909925d133f51a3454a97f8d39bb2651761c4ee44d580ae2df
637014,will-khaled-mashal-win-the-nobel-peace-prize-in-2026-787,Will Khaled Mashal win the Nobel Peace Prize in 2026?,Will Khaled Mashal win the Nobel Peace Prize in 2026?,"This market will resolve according to the winner of the 2026 Nobel Peace Prize, as announced by the Norwegian Nobel Committee.

If multiple listed individuals or entities jointly receive the prize, the market will resolve to a single winner. If Donald Trump, Volodymyr Zelenskyy,  Benjamin Netanyahu, Vladimir Putin, or Elon Musk are among the recipients, the market will resolve to the highest-ranked among them in that exact order of precedence. If none of those five are among the winners and the prize is awarded jointly to at least one listed individual and at least one listed organization, the market will resolve in favor of the individual. If no prioritized individuals are among the winners and all listed recipients are of the same type (all individuals or all organizations), the market will resolve to the person whose last name, or the entity’s name, comes first in alphabetical order as listed in this market.

If no official announcement regarding the 2026 Nobel Peace Prize has been made by March 31, 2027, 11:59 PM ET, this market will resolve to ""Other.""

The resolution source for this market will be the first official announcement from the Norwegian Nobel Committee.",,,nobel-peace-prize-winner-2026-139,Nobel Peace Prize Winner 2026,909578.1192650001,88585.22076,False,2027-04-01T03:59:00Z,"[""4817558919700430121831697879056774909752184660255737582917693916506064447935"", ""87180602681563575283368867567629117475002741678602916739029207915550777119916""]",https://polymarket.com/market/will-khaled-mashal-win-the-nobel-peace-prize-in-2026-787,0x05bd10e73dc1cef3f5305cae9cb015e62476c4f44a1744713611ca774cb96fcc
637015,will-benjamin-netanyahu-win-the-nobel-peace-prize-in-2026,Will Benjamin Netanyahu win the Nobel Peace Prize in 2026?,Will Benjamin Netanyahu win the Nobel Peace Prize in 2026?,"This market will resolve according to the winner of the 2026 Nobel Peace Prize, as announced by the Norwegian Nobel Committee.

If multiple listed individuals or entities jointly receive the prize, the market will resolve to a single winner. If Donald Trump, Volodymyr Zelenskyy,  Benjamin Netanyahu, Vladimir Putin, or Elon Musk are among the recipients, the market will resolve to the highest-ranked among them in that exact order of precedence. If none of those five are among the winners and the prize is awarded jointly to at least one listed individual and at least one listed organization, the market will resolve in favor of the individual. If no prioritized individuals are among the winners and all listed recipients are of the same type (all individuals or all organizations), the market will resolve to the person whose last name, or the entity’s name, comes first in alphabetical order as listed in this market.

If no official announcement regarding the 2026 Nobel Peace Prize has been made by March 31, 2027, 11:59 PM ET, this market will resolve to ""Other.""

The resolution source for this market will be the first official announcement from the Norwegian Nobel Committee.",,,nobel-peace-prize-winner-2026-139,Nobel Peace Prize Winner 2026,753655.9338480001,94234.17992,False,2027-04-01T03:59:00Z,"[""8075661047254567797432306525558519998052391236898258911573171689963344650999"", ""112058520838328908682687058357533850521842794205200289227549070997672330839618""]",https://polymarket.com/market/will-benjamin-netanyahu-win-the-nobel-peace-prize-in-2026,0x73ea54d2bbd4a4bb22cc78f1ef9b8373c76e57fe2a4bf09784413002885f69f7
637016,will-recep-tayyip-erdoan-win-the-nobel-peace-prize-in-2026,Will Recep Tayyip Erdoğan win the Nobel Peace Prize in 2026?,Will Recep Tayyip Erdoğan win the Nobel Peace Prize in 2026?,"This market will resolve according to the winner of the 2026 Nobel Peace Prize, as announced by the Norwegian Nobel Committee.

If multiple listed individuals or entities jointly receive the prize, the market will resolve to a single winner. If Donald Trump, Volodymyr Zelenskyy,  Benjamin Netanyahu, Vladimir Putin, or Elon Musk are among the recipients, the market will resolve to the highest-ranked among them in that exact order of precedence. If none of those five are among the winners and the prize is awarded jointly to at least one listed individual and at least one listed organization, the market will resolve in favor of the individual. If no prioritized individuals are among the winners and all listed recipients are of the same type (all individuals or all organizations), the market will resolve to the person whose last name, or the entity’s name, comes first in alphabetical order as listed in this market.

If no official announcement regarding the 2026 Nobel Peace Prize has been made by March 31, 2027, 11:59 PM ET, this market will resolve to ""Other.""

The resolution source for this market will be the first official announcement from the Norwegian Nobel Committee.",,,nobel-peace-prize-winner-2026-139,Nobel Peace Prize Winner 2026,1070859.7796760004,73288.0141,False,2027-04-01T03:59:00Z,"[""85146181675473345857517501170400200068194836865848336579180316943778562621184"", ""95932030235748967242599691240359532539860303333387793931050103786551928194397""]",https://polymarket.com/market/will-recep-tayyip-erdoan-win-the-nobel-peace-prize-in-2026,0x32146c285b1d126556a309e3eae227f614076c93c0b080bae4ed6aaf6b1e9e5f
637017,will-xi-jinping-win-the-nobel-peace-prize-in-2026,Will Xi Jinping win the Nobel Peace Prize in 2026?,Will Xi Jinping win the Nobel Peace Prize in 2026?,"This market will resolve according to the winner of the 2026 Nobel Peace Prize, as announced by the Norwegian Nobel Committee.

If multiple listed individuals or entities jointly receive the prize, the market will resolve to a single winner. If Donald Trump, Volodymyr Zelenskyy,  Benjamin Netanyahu, Vladimir Putin, or Elon Musk are among the recipients, the market will resolve to the highest-ranked among them in that exact order of precedence. If none of those five are among the winners and the prize is awarded jointly to at least one listed individual and at least one listed organization, the market will resolve in favor of the individual. If no prioritized individuals are among the winners and all listed recipients are of the same type (all individuals or all organizations), the market will resolve to the person whose last name, or the entity’s name, comes first in alphabetical order as listed in this market.

If no official announcement regarding the 2026 Nobel Peace Prize has been made by March 31, 2027, 11:59 PM ET, this market will resolve to ""Other.""

The resolution source for this market will be the first official announcement from the Norwegian Nobel Committee.",,,nobel-peace-prize-winner-2026-139,Nobel Peace Prize Winner 2026,1522063.1740040001,82051.11234,False,2027-04-01T03:59:00Z,"[""43017540324415003826064618020596028072344969424808059974990020921868559630137"", ""53191751382453576965267402331097248438966776523725261860140290292986323884318""]",https://polymarket.com/market/will-xi-jinping-win-the-nobel-peace-prize-in-2026,0x7f347ed733252dc7afbd91e28104e23651b81ef6d2ef6805c7915c22e89a69b5
637018,will-ahmed-al-sharaa-win-the-nobel-peace-prize-in-2026,Will Ahmed al-Sharaa win the Nobel Peace Prize in 2026?,Will Ahmed al-Sharaa win the Nobel Peace Prize in 2026?,"This market will resolve according to the winner of the 2026 Nobel Peace Prize, as announced by the Norwegian Nobel Committee.

If multiple listed individuals or entities jointly receive the prize, the market will resolve to a single winner. If Donald Trump, Volodymyr Zelenskyy,  Benjamin Netanyahu, Vladimir Putin, or Elon Musk are among the recipients, the market will resolve to the highest-ranked among them in that exact order of precedence. If none of those five are among the winners and the prize is awarded jointly to at least one listed individual and at least one listed organization, the market will resolve in favor of the individual. If no prioritized individuals are among the winners and all listed recipients are of the same type (all individuals or all organizations), the market will resolve to the person whose last name, or the entity’s name, comes first in alphabetical order as listed in this market.

If no official announcement regarding the 2026 Nobel Peace Prize has been made by March 31, 2027, 11:59 PM ET, this market will resolve to ""Other.""

The resolution source for this market will be the first official announcement from the Norwegian Nobel Committee.",,,nobel-peace-prize-winner-2026-139,Nobel Peace Prize Winner 2026,1275622.1551530003,72646.26198,False,2027-04-01T03:59:00Z,"[""29384252153498040908016173010534270095096285030713208216637067996773126537603"", ""46197450022186203692773393723350125064749764592137974055513793856533004524452""]",https://polymarket.com/market/will-ahmed-al-sharaa-win-the-nobel-peace-prize-in-2026,0x0d58510591b53c9837c30c1f5a202232da376460634aee9da71a6bfeb15350bb
637019,will-charlie-kirk-win-the-nobel-peace-prize-in-2026,Will Charlie Kirk win the Nobel Peace Prize in 2026?,Will Charlie Kirk win the Nobel Peace Prize in 2026?,"This market will resolve according to the winner of the 2026 Nobel Peace Prize, as announced by the Norwegian Nobel Committee.

If multiple listed individuals or entities jointly receive the prize, the market will resolve to a single winner. If Donald Trump, Volodymyr Zelenskyy,  Benjamin Netanyahu, Vladimir Putin, or Elon Musk are among the recipients, the market will resolve to the highest-ranked among them in that exact order of precedence. If none of those five are among the winners and the prize is awarded jointly to at least one listed individual and at least one listed organization, the market will resolve in favor of the individual. If no prioritized individuals are among the winners and all listed recipients are of the same type (all individuals or all organizations), the market will resolve to the person whose last name, or the entity’s name, comes first in alphabetical order as listed in this market.

If no official announcement regarding the 2026 Nobel Peace Prize has been made by March 31, 2027, 11:59 PM ET, this market will resolve to ""Other.""

The resolution source for this market will be the first official announcement from the Norwegian Nobel Committee.",,,nobel-peace-prize-winner-2026-139,Nobel Peace Prize Winner 2026,1317567.2886759997,90037.90956,False,2027-04-01T03:59:00Z,"[""41901357708237118584313729261027657874621373325486663648640954008517926947624"", ""107916695552123881373896612045522214231652174566866222064470731766327560477162""]",https://polymarket.com/market/will-charlie-kirk-win-the-nobel-peace-prize-in-2026,0xda9e24f8b6b8f71f02a79fe9d27348f6cbf2ff670cbef4afc58ae52fb4c8b1cb
637020,will-mohammed-bin-salman-win-the-nobel-peace-prize-in-2026,Will Mohammed bin Salman win the Nobel Peace Prize in 2026?,Will Mohammed bin Salman win the Nobel Peace Prize in 2026?,"This market will resolve according to the winner of the 2026 Nobel Peace Prize, as announced by the Norwegian Nobel Committee.

If multiple listed individuals or entities jointly receive the prize, the market will resolve to a single winner. If Donald Trump, Volodymyr Zelenskyy,  Benjamin Netanyahu, Vladimir Putin, or Elon Musk are among the recipients, the market will resolve to the highest-ranked among them in that exact order of precedence. If none of those five are among the winners and the prize is awarded jointly to at least one listed individual and at least one listed organization, the market will resolve in favor of the individual. If no prioritized individuals are among the winners and all listed recipients are of the same type (all individuals or all organizations), the market will resolve to the person whose last name, or the entity’s name, comes first in alphabetical order as listed in this market.

If no official announcement regarding the 2026 Nobel Peace Prize has been made by March 31, 2027, 11:59 PM ET, this market will resolve to ""Other.""

The resolution source for this market will be the first official announcement from the Norwegian Nobel Committee.",,,nobel-peace-prize-winner-2026-139,Nobel Peace Prize Winner 2026,1225113.742545,118009.70778,False,2027-04-01T03:59:00Z,"[""99055846750090671053174250706531692511641252423756205459914574198871664904532"", ""99569292711324733780517452708294994018768004149545080530428877556903437821239""]",https://polymarket.com/market/will-mohammed-bin-salman-win-the-nobel-peace-prize-in-2026,0x8f77f96697dea0909edb2946e0eb866c08e9c2280964e70b1e5f25fcc0a747d0
637021,will-narendra-modi-win-the-nobel-peace-prize-in-2026,Will Narendra Modi win the Nobel Peace Prize in 2026?,Will Narendra Modi win the Nobel Peace Prize in 2026?,"This market will resolve according to the winner of the 2026 Nobel Peace Prize, as announced by the Norwegian Nobel Committee.

If multiple listed individuals or entities jointly receive the prize, the market will resolve to a single winner. If Donald Trump, Volodymyr Zelenskyy,  Benjamin Netanyahu, Vladimir Putin, or Elon Musk are among the recipients, the market will resolve to the highest-ranked among them in that exact order of precedence. If none of those five are among the winners and the prize is awarded jointly to at least one listed individual and at least one listed organization, the market will resolve in favor of the individual. If no prioritized individuals are among the winners and all listed recipients are of the same type (all individuals or all organizations), the market will resolve to the person whose last name, or the entity’s name, comes first in alphabetical order as listed in this market.

If no official announcement regarding the 2026 Nobel Peace Prize has been made by March 31, 2027, 11:59 PM ET, this market will resolve to ""Other.""

The resolution source for this market will be the first official announcement from the Norwegian Nobel Committee.",,,nobel-peace-prize-winner-2026-139,Nobel Peace Prize Winner 2026,689839.371866,101990.42282,False,2027-04-01T03:59:00Z,"[""95036065107529622997025744213041265776694292492123977042470465876649211394600"", ""62116206887522199306412248927926622780699787095863900215476866802754406552079""]",https://polymarket.com/market/will-narendra-modi-win-the-nobel-peace-prize-in-2026,0xbe70d1b2d9c50c2d91f5f309417735f4238682239593a6a0bb1340188befb6cd
637022,will-sudans-emergency-response-rooms-win-the-nobel-peace-prize-in-2026,Will Sudan's Emergency Response Rooms win the Nobel Peace Prize in 2026?,Will Sudan's Emergency Response Rooms win the Nobel Peace Prize in 2026?,"This market will resolve according to the winner of the 2026 Nobel Peace Prize, as announced by the Norwegian Nobel Committee.

If multiple listed individuals or entities jointly receive the prize, the market will resolve to a single winner. If Donald Trump, Volodymyr Zelenskyy,  Benjamin Netanyahu, Vladimir Putin, or Elon Musk are among the recipients, the market will resolve to the highest-ranked among them in that exact order of precedence. If none of those five are among the winners and the prize is awarded jointly to at least one listed individual and at least one listed organization, the market will resolve in favor of the individual. If no prioritized individuals are among the winners and all listed recipients are of the same type (all individuals or all organizations), the market will resolve to the person whose last name, or the entity’s name, comes first in alphabetical order as listed in this market.

If no official announcement regarding the 2026 Nobel Peace Prize has been made by March 31, 2027, 11:59 PM ET, this market will resolve to ""Other.""

The resolution source for this market will be the first official announcement from the Norwegian Nobel Committee.",,,nobel-peace-prize-winner-2026-139,Nobel Peace Prize Winner 2026,33765.249775,18585.66954,False,2026-10-10T00:00:00Z,"[""113860439310209834379650305681784267754566328071884567820308690850948160355731"", ""42071576944649653386808436328659912686152449101731792166671109971516856047741""]",https://polymarket.com/market/will-sudans-emergency-response-rooms-win-the-nobel-peace-prize-in-2026,0xf43c1ec924a35e1f55453c31b662ea65e623ca9d21aeec1b2af24844567f15c9
637023,will-sviatlana-tsikhanouskaya-win-the-nobel-peace-prize-in-2026,Will Sviatlana Tsikhanouskaya win the Nobel Peace Prize in 2026?,Will Sviatlana Tsikhanouskaya win the Nobel Peace Prize in 2026?,"This market will resolve according to the winner of the 2026 Nobel Peace Prize, as announced by the Norwegian Nobel Committee.

If multiple listed individuals or entities jointly receive the prize, the market will resolve to a single winner. If Donald Trump, Volodymyr Zelenskyy,  Benjamin Netanyahu, Vladimir Putin, or Elon Musk are among the recipients, the market will resolve to the highest-ranked among them in that exact order of precedence. If none of those five are among the winners and the prize is awarded jointly to at least one listed individual and at least one listed organization, the market will resolve in favor of the individual. If no prioritized individuals are among the winners and all listed recipients are of the same type (all individuals or all organizations), the market will resolve to the person whose last name, or the entity’s name, comes first in alphabetical order as listed in this market.

If no official announcement regarding the 2026 Nobel Peace Prize has been made by March 31, 2027, 11:59 PM ET, this market will resolve to ""Other.""

The resolution source for this market will be the first official announcement from the Norwegian Nobel Committee.",,,nobel-peace-prize-winner-2026-139,Nobel Peace Prize Winner 2026,3625.3253,6301.08023,False,2026-10-10T00:00:00Z,"[""52998917295525562696356890315650820379426837163994507286031921657410394704248"", ""84404069030412981656053602867848211842884034387082688377410789782110691719734""]",https://polymarket.com/market/will-sviatlana-tsikhanouskaya-win-the-nobel-peace-prize-in-2026,0x72f08edaa21371e4959926442e61037b87e602ddc7f007da1490327b5c218f79
637024,will-chow-hang-tung-win-the-nobel-peace-prize-in-2026,Will Chow Hang-tung win the Nobel Peace Prize in 2026?,Will Chow Hang-tung win the Nobel Peace Prize in 2026?,"This market will resolve according to the winner of the 2026 Nobel Peace Prize, as announced by the Norwegian Nobel Committee.

If multiple listed individuals or entities jointly receive the prize, the market will resolve to a single winner. If Donald Trump, Volodymyr Zelenskyy,  Benjamin Netanyahu, Vladimir Putin, or Elon Musk are among the recipients, the market will resolve to the highest-ranked among them in that exact order of precedence. If none of those five are among the winners and the prize is awarded jointly to at least one listed individual and at least one listed organization, the market will resolve in favor of the individual. If no prioritized individuals are among the winners and all listed recipients are of the same type (all individuals or all organizations), the market will resolve to the person whose last name, or the entity’s name, comes first in alphabetical order as listed in this market.

If no official announcement regarding the 2026 Nobel Peace Prize has been made by March 31, 2027, 11:59 PM ET, this market will resolve to ""Other.""

The resolution source for this market will be the first official announcement from the Norwegian Nobel Committee.",,,nobel-peace-prize-winner-2026-139,Nobel Peace Prize Winner 2026,14486.791382000001,4352.92348,False,2026-10-10T00:00:00Z,"[""105947906922563655180714590395599065906628938535396764846938514485565718401515"", ""106969539109555331977875241289513347798702437361045747075299297161876783231041""]",https://polymarket.com/market/will-chow-hang-tung-win-the-nobel-peace-prize-in-2026,0x813a4c6dc8456234317771d08379b2869acdd45de537794075a52523af2463ff
637025,will-committee-to-protect-journalists-win-the-nobel-peace-prize-in-2026,Will Committee to Protect Journalists win the Nobel Peace Prize in 2026?,Will Committee to Protect Journalists win the Nobel Peace Prize in 2026?,"This market will resolve according to the winner of the 2026 Nobel Peace Prize, as announced by the Norwegian Nobel Committee.

If multiple listed individuals or entities jointly receive the prize, the market will resolve to a single winner. If Donald Trump, Volodymyr Zelenskyy,  Benjamin Netanyahu, Vladimir Putin, or Elon Musk are among the recipients, the market will resolve to the highest-ranked among them in that exact order of precedence. If none of those five are among the winners and the prize is awarded jointly to at least one listed individual and at least one listed organization, the market will resolve in favor of the individual. If no prioritized individuals are among the winners and all listed recipients are of the same type (all individuals or all organizations), the market will resolve to the person whose last name, or the entity’s name, comes first in alphabetical order as listed in this market.

If no official announcement regarding the 2026 Nobel Peace Prize has been made by March 31, 2027, 11:59 PM ET, this market will resolve to ""Other.""

The resolution source for this market will be the first official announcement from the Norwegian Nobel Committee.",,,nobel-peace-prize-winner-2026-139,Nobel Peace Prize Winner 2026,6638.713285999999,2074.40294,False,2026-10-10T00:00:00Z,"[""2982941198819724769049162464851645519419973475826729269890970699176428607783"", ""32106064879271189181878414354685466104982610448029149207642349069617565880763""]",https://polymarket.com/market/will-committee-to-protect-journalists-win-the-nobel-peace-prize-in-2026,0xd2b5b529c939126c0e6d054fe82865ac61912ce0377d216cb6807b44f723e543
637026,will-reporters-without-borders-win-the-nobel-peace-prize-in-2026,Will Reporters Without Borders win the Nobel Peace Prize in 2026?,Will Reporters Without Borders win the Nobel Peace Prize in 2026?,"This market will resolve according to the winner of the 2026 Nobel Peace Prize, as announced by the Norwegian Nobel Committee.

If multiple listed individuals or entities jointly receive the prize, the market will resolve to a single winner. If Donald Trump, Volodymyr Zelenskyy,  Benjamin Netanyahu, Vladimir Putin, or Elon Musk are among the recipients, the market will resolve to the highest-ranked among them in that exact order of precedence. If none of those five are among the winners and the prize is awarded jointly to at least one listed individual and at least one listed organization, the market will resolve in favor of the individual. If no prioritized individuals are among the winners and all listed recipients are of the same type (all individuals or all organizations), the market will resolve to the person whose last name, or the entity’s name, comes first in alphabetical order as listed in this market.

If no official announcement regarding the 2026 Nobel Peace Prize has been made by March 31, 2027, 11:59 PM ET, this market will resolve to ""Other.""

The resolution source for this market will be the first official announcement from the Norwegian Nobel Committee.",,,nobel-peace-prize-winner-2026-139,Nobel Peace Prize Winner 2026,6011.81143,4764.46541,False,2026-10-10T00:00:00Z,"[""55907292921576518193024634812422407522345920977239996383752595092335920572514"", ""51508351872380199628352200429867498855678252297635058409202376784894643830413""]",https://polymarket.com/market/will-reporters-without-borders-win-the-nobel-peace-prize-in-2026,0xacdaffa2ea50a83f01ed7e23a6f0818289e9ab2abd54ec687fbee8a003344dd6
637027,will-unhcr-win-the-nobel-peace-prize-in-2026,Will UNHCR win the Nobel Peace Prize in 2026?,Will UNHCR win the Nobel Peace Prize in 2026?,"This market will resolve according to the winner of the 2026 Nobel Peace Prize, as announced by the Norwegian Nobel Committee.

If multiple listed individuals or entities jointly receive the prize, the market will resolve to a single winner. If Donald Trump, Volodymyr Zelenskyy,  Benjamin Netanyahu, Vladimir Putin, or Elon Musk are among the recipients, the market will resolve to the highest-ranked among them in that exact order of precedence. If none of those five are among the winners and the prize is awarded jointly to at least one listed individual and at least one listed organization, the market will resolve in favor of the individual. If no prioritized individuals are among the winners and all listed recipients are of the same type (all individuals or all organizations), the market will resolve to the person whose last name, or the entity’s name, comes first in alphabetical order as listed in this market.

If no official announcement regarding the 2026 Nobel Peace Prize has been made by March 31, 2027, 11:59 PM ET, this market will resolve to ""Other.""

The resolution source for this market will be the first official announcement from the Norwegian Nobel Committee.",,,nobel-peace-prize-winner-2026-139,Nobel Peace Prize Winner 2026,6174.405,6963.95497,False,2026-10-10T00:00:00Z,"[""54247550831029564350002152938863811265299643305071795946150069669421486031284"", ""35302044482214191662485764938121616651128805538887935187129367803249488229995""]",https://polymarket.com/market/will-unhcr-win-the-nobel-peace-prize-in-2026,0x09a5349f54b0b9de163a527856ddb519d6e93e80ae02e72e408dae27ff6824e1
637028,will-icrc-win-the-nobel-peace-prize-in-2026,Will ICRC win the Nobel Peace Prize in 2026?,Will ICRC win the Nobel Peace Prize in 2026?,"This market will resolve according to the winner of the 2026 Nobel Peace Prize, as announced by the Norwegian Nobel Committee.

If multiple listed individuals or entities jointly receive the prize, the market will resolve to a single winner. If Donald Trump, Volodymyr Zelenskyy,  Benjamin Netanyahu, Vladimir Putin, or Elon Musk are among the recipients, the market will resolve to the highest-ranked among them in that exact order of precedence. If none of those five are among the winners and the prize is awarded jointly to at least one listed individual and at least one listed organization, the market will resolve in favor of the individual. If no prioritized individuals are among the winners and all listed recipients are of the same type (all individuals or all organizations), the market will resolve to the person whose last name, or the entity’s name, comes first in alphabetical order as listed in this market.

If no official announcement regarding the 2026 Nobel Peace Prize has been made by March 31, 2027, 11:59 PM ET, this market will resolve to ""Other.""

The resolution source for this market will be the first official announcement from the Norwegian Nobel Committee.",,,nobel-peace-prize-winner-2026-139,Nobel Peace Prize Winner 2026,4396.511112,6564.36613,False,2026-10-10T00:00:00Z,"[""31180366200606632801642139644517069563457285339230600860347358065810036367119"", ""33515942967954711223002094064383691008195973281202075564563502260936732691014""]",https://polymarket.com/market/will-icrc-win-the-nobel-peace-prize-in-2026,0xa8dc2a80624c0e61c1548feeb16fba19359e98e9eb6d3b96cb31b508eac2eb0e
637029,will-hussam-abu-safiya-win-the-nobel-peace-prize-in-2026,Will Hussam Abu Safiya win the Nobel Peace Prize in 2026?,Will Hussam Abu Safiya win the Nobel Peace Prize in 2026?,"This market will resolve according to the winner of the 2026 Nobel Peace Prize, as announced by the Norwegian Nobel Committee.

If multiple listed individuals or entities jointly receive the prize, the market will resolve to a single winner. If Donald Trump, Volodymyr Zelenskyy,  Benjamin Netanyahu, Vladimir Putin, or Elon Musk are among the recipients, the market will resolve to the highest-ranked among them in that exact order of precedence. If none of those five are among the winners and the prize is awarded jointly to at least one listed individual and at least one listed organization, the market will resolve in favor of the individual. If no prioritized individuals are among the winners and all listed recipients are of the same type (all individuals or all organizations), the market will resolve to the person whose last name, or the entity’s name, comes first in alphabetical order as listed in this market.

If no official announcement regarding the 2026 Nobel Peace Prize has been made by March 31, 2027, 11:59 PM ET, this market will resolve to ""Other.""

The resolution source for this market will be the first official announcement from the Norwegian Nobel Committee.",,,nobel-peace-prize-winner-2026-139,Nobel Peace Prize Winner 2026,8072.996513000001,5157.4777,False,2026-10-10T00:00:00Z,"[""82798421466165992494821245891026337862326886523854683483843043437091963896080"", ""17475765036795375126818207648712053639135212850470329577936951161408532865668""]",https://polymarket.com/market/will-hussam-abu-safiya-win-the-nobel-peace-prize-in-2026,0x54abc814e1dd40d23d21c39553025183396c1cc5bfc1e360d8bd7f48d9cb4b99
637030,will-world-central-kitchen-win-the-nobel-peace-prize-in-2026,Will World Central Kitchen win the Nobel Peace Prize in 2026?,Will World Central Kitchen win the Nobel Peace Prize in 2026?,"This market will resolve according to the winner of the 2026 Nobel Peace Prize, as announced by the Norwegian Nobel Committee.

If multiple listed individuals or entities jointly receive the prize, the market will resolve to a single winner. If Donald Trump, Volodymyr Zelenskyy,  Benjamin Netanyahu, Vladimir Putin, or Elon Musk are among the recipients, the market will resolve to the highest-ranked among them in that exact order of precedence. If none of those five are among the winners and the prize is awarded jointly to at least one listed individual and at least one listed organization, the market will resolve in favor of the individual. If no prioritized individuals are among the winners and all listed recipients are of the same type (all individuals or all organizations), the market will resolve to the person whose last name, or the entity’s name, comes first in alphabetical order as listed in this market.

If no official announcement regarding the 2026 Nobel Peace Prize has been made by March 31, 2027, 11:59 PM ET, this market will resolve to ""Other.""

The resolution source for this market will be the first official announcement from the Norwegian Nobel Committee.",,,nobel-peace-prize-winner-2026-139,Nobel Peace Prize Winner 2026,4908.238246999999,7158.51592,False,2026-10-10T00:00:00Z,"[""65230882958279043225849720898081993097020681980630835391300802401158523376950"", ""109538999230450187634819660726895899192741766284384012191762370007754006261254""]",https://polymarket.com/market/will-world-central-kitchen-win-the-nobel-peace-prize-in-2026,0x5b6a87caa0a93e49a04d388cce83dca172bc0346b8807c7548f5a7ab2d6c6987
637031,will-save-the-children-win-the-nobel-peace-prize-in-2026,Will Save the Children win the Nobel Peace Prize in 2026?,Will Save the Children win the Nobel Peace Prize in 2026?,"This market will resolve according to the winner of the 2026 Nobel Peace Prize, as announced by the Norwegian Nobel Committee.

If multiple listed individuals or entities jointly receive the prize, the market will resolve to a single winner. If Donald Trump, Volodymyr Zelenskyy,  Benjamin Netanyahu, Vladimir Putin, or Elon Musk are among the recipients, the market will resolve to the highest-ranked among them in that exact order of precedence. If none of those five are among the winners and the prize is awarded jointly to at least one listed individual and at least one listed organization, the market will resolve in favor of the individual. If no prioritized individuals are among the winners and all listed recipients are of the same type (all individuals or all organizations), the market will resolve to the person whose last name, or the entity’s name, comes first in alphabetical order as listed in this market.

If no official announcement regarding the 2026 Nobel Peace Prize has been made by March 31, 2027, 11:59 PM ET, this market will resolve to ""Other.""

The resolution source for this market will be the first official announcement from the Norwegian Nobel Committee.",,,nobel-peace-prize-winner-2026-139,Nobel Peace Prize Winner 2026,16323.319747,20204.64558,False,2026-10-10T00:00:00Z,"[""39583919934610440332558769763360781409192681900400811815062781481701623629139"", ""114185423859871247373899716459096165725443923891377637507451681876635535545783""]",https://polymarket.com/market/will-save-the-children-win-the-nobel-peace-prize-in-2026,0x203d265db32b42e82c6d5152fe16498e995d7696ce6de64643bbca4318e2b325
637032,will-sara-al-saqqa-win-the-nobel-peace-prize-in-2026,Will Sara Al-Saqqa win the Nobel Peace Prize in 2026?,Will Sara Al-Saqqa win the Nobel Peace Prize in 2026?,"This market will resolve according to the winner of the 2026 Nobel Peace Prize, as announced by the Norwegian Nobel Committee.

If multiple listed individuals or entities jointly receive the prize, the market will resolve to a single winner. If Donald Trump, Volodymyr Zelenskyy,  Benjamin Netanyahu, Vladimir Putin, or Elon Musk are among the recipients, the market will resolve to the highest-ranked among them in that exact order of precedence. If none of those five are among the winners and the prize is awarded jointly to at least one listed individual and at least one listed organization, the market will resolve in favor of the individual. If no prioritized individuals are among the winners and all listed recipients are of the same type (all individuals or all organizations), the market will resolve to the person whose last name, or the entity’s name, comes first in alphabetical order as listed in this market.

If no official announcement regarding the 2026 Nobel Peace Prize has been made by March 31, 2027, 11:59 PM ET, this market will resolve to ""Other.""

The resolution source for this market will be the first official announcement from the Norwegian Nobel Committee.",,,nobel-peace-prize-winner-2026-139,Nobel Peace Prize Winner 2026,6562.674,9521.63543,False,2026-10-10T00:00:00Z,"[""88930210059810515665564138375145474408818453750714066900582048033060855911539"", ""22631878991377292745737064814929008113974307349341485315710378493567114688678""]",https://polymarket.com/market/will-sara-al-saqqa-win-the-nobel-peace-prize-in-2026,0x5ac101a0e4d46ce341b9740c05c70c70541abaec7a9174360c9e73416abf7ba3
637456,ink-fdv-above-500m-one-day-after-launch-253-778,Ink FDV above $500M one day after launch?,Ink FDV above $500M one day after launch?,"This market will resolve to ""Yes"" if the Fully Diluted Valuation of Ink's token is greater than the value specified in the title 1 day after launch. Otherwise, the market will resolve to ""No.""

The token must be actively, publicly transferable and tradable to be considered a launch.

""1 day after launch"" is defined as 4:00 PM ET on the calendar day following launch. The resolution source for this market is the most liquid price source available. If Ink (http://inkonchain.com/) doesn't launch a token by December 31, 2026, 11:59 PM ET, this market will resolve to ""No"".",,,ink-fdv-above-one-day-after-launch,Ink FDV above ___ one day after launch?,346285.2301580002,22193.0486,False,2027-01-01T05:00:00Z,"[""111038777903810500955184501816954346973829614534020117303301259782775956752807"", ""108830332357648093614878097095693133437816733704835183274262063910374798976168""]",https://polymarket.com/market/ink-fdv-above-500m-one-day-after-launch-253-778,0x4211e9bc23a48128233d2fbf2be43e246a56d58161796c07749b117243a7ea69
637457,ink-fdv-above-1b-one-day-after-launch-289-587-241,Ink FDV above $1B one day after launch?,Ink FDV above $1B one day after launch?,"This market will resolve to ""Yes"" if the Fully Diluted Valuation of Ink's token is greater than the value specified in the title 1 day after launch. Otherwise, the market will resolve to ""No.""

The token must be actively, publicly transferable and tradable to be considered a launch.

""1 day after launch"" is defined as 4:00 PM ET on the calendar day following launch. The resolution source for this market is the most liquid price source available. If Ink (http://inkonchain.com/) doesn't launch a token by December 31, 2026, 11:59 PM ET, this market will resolve to ""No"".",,,ink-fdv-above-one-day-after-launch,Ink FDV above ___ one day after launch?,245535.364748,19364.8177,False,2027-01-01T05:00:00Z,"[""1669403929476904842828383184875082532297077185996813535692439685266884704967"", ""20044115650716430426965705049717303626014883755010628726585624665838456945972""]",https://polymarket.com/market/ink-fdv-above-1b-one-day-after-launch-289-587-241,0x5a9f7345715079de0aec1d9ec2f119c6ba2861aa9054f5b0134ec79834a861fe
637910,will-mitch-mcconnell-resign-from-the-senate-before-his-term-ends,Mitch McConnell steps down from Senate before his term ends?,Mitch McConnell steps down from Senate before his term ends?,"This market will resolve to “Yes” if Mitch McConnell formally announces an intention to step down or otherwise vacates his U.S. Senate seat before his current term is scheduled to end (January 3, 2027, 11:59 PM ET). Otherwise, this market will resolve to “No.”

An announcement will qualify only if it indicates that McConnell will leave office prior to the scheduled end of his term. Statements reaffirming an existing plan to retire at the end of his term will not qualify.

The primary resolution sources will be official statements from Mitch McConnell, his office or representatives, and/or official communications from the U.S. Senate or government.",,,will-mitch-mcconnell-resign-from-the-senate-before-his-term-ends,Mitch McConnell steps down from Senate before his term ends?,1743354.90594,51897.7205,False,2027-01-04T04:59:00Z,"[""79397895660526576528066965797785113521241099187839967306891454236823723226031"", ""6176387069967725418539368518279260352303182827227966329832868478861860932409""]",https://polymarket.com/market/will-mitch-mcconnell-resign-from-the-senate-before-his-term-ends,0x15d2e66dcf1d63c5695d6d0e9e2f8e06dd246d00fd5dfc254f2b22baa33bfa1b
648383,billionaire-one-time-wealth-tax-passes-in-california-election-2026,Billionaire one-time wealth tax passes in California election 2026?,Billionaire one-time wealth tax passes in California election 2026?,"A one-time wealth tax on billionaires has been proposed to potentially appear on California's ballot for the November 3, 2026 general election. You can read more about that here: https://6abc.com/post/california-union-proposes-taxing-billionaires-offset-medicaid-cuts-low-income-people/18066430/

This market will resolve to ""Yes"" if any proposition containing a one-time tax targeting individuals, households, or family units with wealth, assets, or net worth of at least $1 billion (USD or equivalent) passes in the named election. Otherwise, this market will resolve to ""No"".

If no qualifying ballot initiative is certified to appear on the official statewide California ballot as a proposition to be voted on in the stated election by June 25, 2026, 11:59 PM ET (the official cutoff date for new initiatives to be approved), or if all qualifying propositions/initiatives are removed from the ballot or amended before the election such that the main threshold drops below $1 billion, this market will resolve ""No"".

The primary resolution source for this market will be official information from the Government of the State of California, however a consensus of credible reporting may also be used.",,,billionaire-one-time-wealth-tax-passes-in-california-election-2026,Billionaire one-time wealth tax passes in California election 2026?,3817404.2218680005,70602.5546,False,2026-06-26T03:59:00Z,"[""38487155026041533062980821872238023790862908049855818921747904019478875496931"", ""7330556727383706468662351173040823924339817877848787483691015397124505109410""]",https://polymarket.com/market/billionaire-one-time-wealth-tax-passes-in-california-election-2026,0x9345d5142a67f5541264c96515496affee02580f1c572680759eac9fd2a1588a
651327,will-gavin-newsom-announce-a-presidential-run-by-december-31-2026,"Will Gavin Newsom announce a Presidential run by December 31, 2026?","Will Gavin Newsom announce a Presidential run by December 31, 2026?","This market will resolve to ""Yes"" if Gavin Newsom officially announces that he is running for U.S. President in the 2028 presidential election, by the specified date, 11:59 PM ET. Otherwise, this market will resolve to ""No.""

For the purpose of resolving this market, an announcement by Gavin Newsom will be sufficient to trigger a ""Yes"" resolution, regardless of whether he actually filed a nomination to run, or whether he actually files a nomination to run in the future.

The primary resolution source for this market will be official statements by Gavin Newsom (e.g., via speech, social media, etc.) or his official or legal representatives; however, a consensus of credible reporting may also be used.",,,will-gavin-newsom-announce-presidential-run-by,Will Gavin Newsom announce Presidential run by...?,61793.53519799999,11796.5499,False,2027-01-01T04:59:00Z,"[""37047640727055104154491541966367763466139953161675548075316317067988588663853"", ""45200102949427176349999568908324938980741775964477026787123052544602998293488""]",https://polymarket.com/market/will-gavin-newsom-announce-a-presidential-run-by-december-31-2026,0x52226ec4393285ffc942019f20e3210e9311fc64cf1c7a9d1e9fbf27237352a6
651395,will-ari-leave-openai-by-december-31-2026,"Will Ari Weinstein leave OpenAI by December 31, 2026?","Will Ari Weinstein leave OpenAI by December 31, 2026?","This market will resolve to ""Yes"" if Ari Weinstein ceases any employment or formal contractual involvement with OpenAI, for any length of time by December 31, 2026, 11:59 PM ET. Otherwise, this market will resolve to “No”.

This includes any termination, suspension, or withdrawal of his contractual or partnership obligations with OpenAI.

An official announcement of Ari’s departure from OpenAI (e.g., a statement from OpenAI or Ari indicating he will no longer be engaged with OpenAI) will qualify, regardless of when the announced departure takes effect.

The resolution source for this market will be a consensus of credible reporting.",,,will-ari-leave-openai-by-december-31-2026,"Will Ari Weinstein leave OpenAI by December 31, 2026?",12830.677397999998,296.22048,False,2027-01-01T04:59:00Z,"[""20622838391940429819873792223789849493273117599734129087725440960996613818069"", ""106772470598389023253324409790798286734997744630208218904860155239025342452839""]",https://polymarket.com/market/will-ari-leave-openai-by-december-31-2026,0xdc808e5438c051e4578f38ef5ddb8addba84dd11d61be6af61f2a0f9894a13c4
651400,will-conrad-leave-openai-by-december-31-2026,"Will Conrad Kramer leave OpenAI by December 31, 2026?","Will Conrad Kramer leave OpenAI by December 31, 2026?","This market will resolve to ""Yes"" if Conrad Kramer ceases any employment or formal contractual involvement with OpenAI, for any length of time by December 31, 2026, 11:59 PM ET. Otherwise, this market will resolve to “No”.

This includes any termination, suspension, or withdrawal of his contractual or partnership obligations with OpenAI.

An official announcement of Conrad’s departure from OpenAI (e.g., a statement from OpenAI or Conrad indicating he will no longer be engaged with OpenAI) will qualify, regardless of when the announced departure takes effect.

The resolution source for this market will be a consensus of credible reporting.",,,will-conrad-leave-openai-by-december-31-2026,"Will Conrad Kramer leave OpenAI by December 31, 2026?",5721.162016999999,14.87891,False,2026-12-31T00:00:00Z,"[""29874563369040433575118862419770749480563086667350654739557445346608098986844"", ""111323618240382392771582999962158332851276152255675942803764996958191189161182""]",https://polymarket.com/market/will-conrad-leave-openai-by-december-31-2026,0x63dccd9f171bbe74ad2950320ab645f0cd338c584176da1fa47d85860b759788
653788,openai-announces-it-has-achieved-agi-before-2027,OpenAI announces it has achieved AGI before 2027?,OpenAI announces it has achieved AGI before 2027?,"This market will resolve to ""Yes"" if OpenAI or an official representative of the company announces that it has created an artificial general intelligence (AGI) by December 31, 2026 ET. Otherwise, this market will resolve to ""No"".

The primary resolution source for this market will be official information from OpenAI and/or its official representative, however a consensus of credible reporting will also be used.",,,openai-announces-it-has-achieved-agi-before-2027,OpenAI announces it has achieved AGI before 2027?,275190.61681299994,17210.1029,False,2027-01-01T04:59:00Z,"[""115755033510457721528230598637869053553488546416290388126901840137082000566077"", ""58838271673442942930994176154161427544885549058162072292968389861347162593682""]",https://polymarket.com/market/openai-announces-it-has-achieved-agi-before-2027,0x454005ba2b2a2f3bfeb354e18d8c0cb82136009c8f39589645f9cf2af25f0d25
656312,will-openai-ipo-by-december-31-2026,Will OpenAI IPO by December 31 2026?,Will OpenAI IPO by December 31 2026?,"This market will resolve to ""Yes"" if OpenAI completes an Initial Public Offering (IPO) by the listed date ET, as confirmed by official company announcements and credible news sources. Otherwise, this market will resolve to ""No"".

The IPO refers to the first sale of stock by the listed company to the public on any recognized stock exchange.

If OpenAI is acquired by another company that is already public, this market will immediately resolve to ""No.""

The resolution source for this market is a consensus of credible reporting.",,,openai-ipo-by,OpenAI IPO by...?,1020765.0958940001,27891.78084,False,2027-01-01T04:59:00Z,"[""78959017184382580042532738046363918551357602274462396865643365060706535362447"", ""10592971839058012204379818734015951513876214421642216097933518020153836601713""]",https://polymarket.com/market/will-openai-ipo-by-december-31-2026,0x66f5b8203ee1c36b993af623fd7f9ef7271dd87b3aebf6df508048ad4b563432
656313,openai-1t-ipo-before-2027,OpenAI $1t+ IPO before 2027?,OpenAI $1t+ IPO before 2027?,"This market will resolve to “Yes” if OpenAI completes an initial public offering (IPO) valued at $1 trillion USD or higher at the time of the IPO by December 31, 2026, 11:59 PM ET. Otherwise, it will resolve to “No.”

An “initial public offering (IPO)” refers to the first sale of OpenAI’s equity securities to the public through a regulated stock exchange.

OpenAI will be considered to have achieved a $1 trillion valuation if the market capitalization implied by the IPO offering price multiplied by the total number of outstanding shares equals or exceeds $1 trillion USD.

Announcements, filings, or planned IPOs that do not result in public trading by that time will not qualify. Private funding rounds, secondary share sales, or employee-share transactions will not be considered. A direct listing or merger via SPAC will qualify only if it results in OpenAI’s common shares becoming publicly traded for the first time on a major exchange.

If OpenAI’s IPO is priced before the resolution deadline but public trading has not yet commenced, the market may remain open for up to 30 calendar days to determine whether the IPO is completed.

If OpenAI is acquired, dissolved, or merged into another entity before an IPO occurs, this market will resolve to “No.” In the event of a restructuring, the market will resolve based on the entity legally recognized as OpenAI’s successor will 

The resolution source will be a consensus for credible reporting.",,,openai-1t-ipo-before-2027,OpenAI $1t+ IPO before 2027?,312775.833816,6903.19557,False,2027-01-01T04:59:00Z,"[""39763921554641941061304829681183678894833246741338293177697266335996130248563"", ""53455249154698091892597546188646780074388526414669356079477086663348609285332""]",https://polymarket.com/market/openai-1t-ipo-before-2027,0x98dbb998749ae773baf35697d695f5efdc098def32decd687b91c634d8d0481d
663583,will-the-iranian-regime-fall-by-the-end-of-2026,Will the Iranian regime fall before 2027?,Will the Iranian regime fall before 2027?,"This market will resolve to ""Yes"" if the Islamic Republic of Iran’s current ruling regime is overthrown, collapsed, or otherwise ceases to govern by December 31, 2026, 11:59 PM ET. Otherwise, this market will resolve to “No”.

This requires a broad consensus of reporting indicating that core structures of the Islamic Republic (e.g. the office of the Supreme Leader, the Guardian Council, IRGC control under clerical authority) have been dissolved, incapacitated, or replaced by a fundamentally different governing system or otherwise lost de facto power over a majority of the population of Iran. This could occur via revolution, civil war, military coup, or voluntary abdication, but only qualifies if the Islamic Republic no longer exercises sovereign power.

Routine political events such as elections, reforms, or leadership succession do not qualify. Internal coups or power shifts that preserve the Islamic Republic’s core structures also do not qualify. Only a clear break in continuity—such as a new provisional government, revolutionary council, or constitution replacing the Islamic Republic will qualify.

Partial loss of territory or challenges from rebel or exile groups will not qualify unless the Islamic Republic no longer administers the majority of the Iranian population within Iran. 

The resolution source will be a consensus of credible reporting. ",,,will-the-iranian-regime-fall-by-the-end-of-2026,Will the Iranian regime fall before 2027?,26346027.29912398,731425.9834,False,2027-01-01T04:59:00Z,"[""10991849228756847439673778874175365458450913336396982752046655649803657501964"", ""106181075047366745139197108801635573283215248045056329679360376976893016488727""]",https://polymarket.com/market/will-the-iranian-regime-fall-by-the-end-of-2026,0xbb4d51e6364066d92eb6f9b8413dd7193de70966736044463b205834805a1f3b
664045,will-mamdani-freeze-nyc-rents-before-2027,Will Mamdani freeze NYC rents before 2027?,Will Mamdani freeze NYC rents before 2027?,"This market will resolve to “Yes” if both the following occur:

1. Zohran Mamdani wins the 2025 NYC Mayoral election.

2. The New York City Rent Guidelines Board implements rent adjustments at 0.0 % for both one-year and two-year renewal leases for rent-stabilized apartments citywide by December 31, 2026, 11:59 PM ET.

The policy will be considered implemented only if a 0.0 % increases for both one-year and two-year renewal leases is in effect by the resolution date. An announced intention or proposed order not yet effective will not qualify. Orders that are blocked, enjoined, or otherwise prevented from taking effect by the deadline will not qualify.

If the policy is enacted through another official mechanism, including but not limited to a mayoral executive order, local legislation, or state law, and goes into effect by the resolution date it will qualify.

Orders that apply only to one lease term (e.g., 0 % on one-year but > 0 % on two-year), apply only to specific unit types (e.g., hotels or SROs), or relate to non-stabilized units will not qualify. Policies which include limited exceptions — such as exclusions for specific categories of rent-stabilized units (e.g., hardship exemptions, temporarily exempt buildings, or administrative carveouts) — will still qualify as long as a general policy of 0 % rent adjustment for both one-year and two-year renewal leases on rent-stabilized apartments and lofts is in effect citywide.

If Mamdani is confirmed to have lost the 2025 NYC Mayoral election by a consensus of credible reporting, this market will immediately resolve to “No.”

The resolution source for this market will be a consensus of credible reporting and official Rent Guidelines Board materials.",,,will-mamdani-freeze-nyc-rents-before-2027,Will Mamdani freeze NYC rents before 2027?,289593.07711099996,9045.51288,False,2027-01-01T04:59:00Z,"[""106102449360267073046637097096598048592436928340059823162151571020807191828087"", ""86934023414665345422427506679433864279296027898426531732170959339104415335162""]",https://polymarket.com/market/will-mamdani-freeze-nyc-rents-before-2027,0x921330240e4d92f8535d54bcb34b31750fc235761f97b064d92e54a48c2f9dca
664884,will-consensys-ipo-by-september-30-2026,Will Consensys IPO by September 30 2026?,Will Consensys IPO by September 30 2026?,"This market will resolve to ""Yes"" if ConsenSys (the parent company of MetaMask) completes an Initial Public Offering (IPO) by the listed date ET, as confirmed by official company announcements and credible news sources. Otherwise, this market will resolve to ""No.""

The IPO refers to the first sale of stock by the listed company to the public on any recognized stock exchange.

If ConsenSys is acquired by another company that is already public, this market will immediately resolve to ""No.""

The resolution source for this market is a consensus of credible reporting.",,,will-consensys-ipo-by-december-31-2025,Consensys IPO by ___ ?,200061.971104,13869.21656,False,2026-10-01T04:00:00Z,"[""44287323850020972283935211352775826540687209058466814665073875307486513170314"", ""37883654715006963242132896450609198459500623242319081575718912327432284149793""]",https://polymarket.com/market/will-consensys-ipo-by-september-30-2026,0x239b9eb8c8a176360c0e732e359c0086e4f7c321c53df88eba6bf9c67f41b637
664885,will-consensys-ipo-by-december-31-2026,Will Consensys IPO by December 31 2026?,Will Consensys IPO by December 31 2026?,"This market will resolve to ""Yes"" if ConsenSys (the parent company of MetaMask) completes an Initial Public Offering (IPO) by the listed date ET, as confirmed by official company announcements and credible news sources. Otherwise, this market will resolve to ""No.""

The IPO refers to the first sale of stock by the listed company to the public on any recognized stock exchange.

If ConsenSys is acquired by another company that is already public, this market will immediately resolve to ""No.""

The resolution source for this market is a consensus of credible reporting.",,,will-consensys-ipo-by-december-31-2025,Consensys IPO by ___ ?,171013.16619799996,1366.48706,False,2027-01-01T05:00:00Z,"[""4927822480860592396593692483043642132200897775575124930148385016112430190854"", ""44547152496212847740061080841265650032108158993466836859412259707179444064344""]",https://polymarket.com/market/will-consensys-ipo-by-december-31-2026,0xbab3d060ed4ce246b1f383dc47fd9fa210ef79c9a7b76c4a428236f1cf17ef0f
664895,will-metamask-launch-a-token-by-september-30-2026,"Will MetaMask launch a token by September 30, 2026?","Will MetaMask launch a token by September 30, 2026?","This market will resolve to ""Yes"" if Metamask officially launches a token by September 30, 2026, 11:59 PM ET. Otherwise, this market will resolve to ""No"".

The token must be actively and publicly transferable and tradable. Announcements alone do not qualify

The primary resolution source for this market will be information from Metamask, however a consensus of credible reporting will also be used.
",,,will-metamask-launch-a-token-in-2025,Will MetaMask launch a token by ___ ?,1027893.6173689995,5551.1595,False,2026-10-01T03:59:00Z,"[""82017167864405769499774134034352265993930681918536647755800225490639218464999"", ""24192542941326556420937589393283472461812173299056788843809804465380232715721""]",https://polymarket.com/market/will-metamask-launch-a-token-by-september-30-2026,0x404da036e872fe1c9bdb2176564502a43f12831ddcc346395aca3146f9e71bdc
665205,us-national-bitcoin-reserve-before-2027,US national Bitcoin reserve before 2027?,US national Bitcoin reserve before 2027?,"This market will resolve to ""Yes"" if the US government holds any amount of Bitcoin in its reserves at any point by December 31, 2026, 11:59 PM ET. Otherwise, this market will resolve to ""No"".

Note that the US government confiscating Bitcoin does not count as holding Bitcoin reserves.

The primary resolution source for this market will be official information from the US government and/or the US federal reserve, however a consensus of credible reporting will also be used.",,,us-national-bitcoin-reserve-before-2027,US national Bitcoin reserve before 2027?,64747.670461,6054.2623,False,2027-01-01T04:59:00Z,"[""115563279943088574368475763566308524191598627607680105838058505260056381768939"", ""30455770425041126193569940063234142577691408508440512817158696601142733755169""]",https://polymarket.com/market/us-national-bitcoin-reserve-before-2027,0x953b1439569eef0a0e639566acd35d32ebadee8ab70dbb2f8e00bb936a277aa2
665218,israel-and-saudi-arabia-normalize-relations-before-2027,Israel and Saudi Arabia normalize relations before 2027?,Israel and Saudi Arabia normalize relations before 2027?,"This market will resolve to ""Yes"" if both Israel and the Kingdom of Saudi Arabia officially announce the establishment of diplomatic relations by December 31, 2026, 11:59 PM ET. Otherwise, this market will resolve to ""No"".

The primary resolution source for this market will be official information from Israel and the Kingdom of Saudi Arabia, however a consensus of credible reporting may also be used.
",,,israel-and-saudi-arabia-normalize-relations-before-2027,Israel and Saudi Arabia normalize relations before 2027?,443121.19371499994,42458.3268,False,2027-01-01T04:59:00Z,"[""86727316187077924188803504745015598973723867072517640274231186919208073176698"", ""63409286016973577903012142269621228305682014726736632772295861872995350316136""]",https://polymarket.com/market/israel-and-saudi-arabia-normalize-relations-before-2027,0x95783b62c693ea42d8613482a625828fc14a288e8e8440b974c54d42f4ffd04b
665224,ukraine-signs-peace-deal-with-russia-before-2027,Ukraine signs peace deal with Russia before 2027?,Ukraine signs peace deal with Russia before 2027?,"This market will resolve to “Yes”  if, Ukraine signs any written instrument (e.g., treaty, ceasefire/armistice, framework/“roadmap,” exchange of letters, or mediated agreement text) that: (i) includes both Ukraine and the Russian Federation as parties, and (ii) either ends hostilities/establishes a ceasefire or commits both sides to a defined process toward ending the war (i.e., stated objective of peace/normalization plus principles, steps, and/or a timetable) by December 31, 2026, 11:59 PM ET. Otherwise, this market will resolve to “No”. 

Only Ukraine’s signature is required; Russia’s signature or ratification is not.

Localized, temporary, or issue-specific arrangements—such as airstrike-limitation or deconfliction protocols, humanitarian pauses, evacuation corridors, prisoner-exchange or trade/export arrangements, border/DMZ adjustments, or ceasefires limited to a particular sector/front/municipality—will not qualify.

The document must bear a wet-ink or officially issued electronic signature of an authorized Ukrainian representative. Unsigned agreements (e.g., the 2023 Ohrid arrangement) will not qualify regardless of if they are otherwise officially enacted. 

The primary resolution source will be a consensus of credible reporting. 
",,,ukraine-signs-peace-deal-with-russia-before-2027,Ukraine signs peace deal with Russia before 2027?,2816863.575694001,56163.682,False,2027-01-01T04:59:00Z,"[""93579588306754356558129639371052358607099327699211232141859164590129536814208"", ""50854871681873904159181209043129993931106057788784391855429428220428495613305""]",https://polymarket.com/market/ukraine-signs-peace-deal-with-russia-before-2027,0x4167e22670f31e5f93d132f78108f3fae809bd15cadf78983eff096845ed1415
665243,nato-article-5-before-2027,NATO article 5 before 2027?,NATO article 5 before 2027?,"If any NATO member country invokes Article 5 of the North Atlantic Treaty at any time between November 5, 2025 and December 31, 2026, 11:59 PM ET, this market will resolve to ""Yes"". Otherwise, this market will resolve to ""No"".

The primary resolution source for this market will be official information from NATO (nato.int), however a consensus of credible media will also suffice.",,,nato-article-5-before-2027,NATO article 5 before 2027?,263724.40733500005,21905.77129,False,2027-01-01T04:59:00Z,"[""43163627642054688181815035851547282838254727740867654146202339736338923379962"", ""2023566903018276614249600567472475788663508489795373839831574790501932782080""]",https://polymarket.com/market/nato-article-5-before-2027,0xe7743a393cd98bb7a7cd011361b74a0fd12bac3412643873f4661fcc431ed165
665246,yoon-out-of-custody-before-2027,Yoon out of custody before 2027?,Yoon out of custody before 2027?,"This market will resolve to ""Yes"" if President of South Korea Yoon Suk Yeol is released from custody by December 31, 2026, 11:59 PM ET. Otherwise, this market will resolve to ""No"".

If Yoon is released but remains under house arrest, the market will still resolve to ""Yes"".

If Yoon is released on parole, bond, or any other condition that results in them leaving state custody, the market will resolve to ""Yes"".

Transporting Yoon to another location of custody (e.g., a different prison, court, or hospital within the correctional system) will not suffice to resolve this market to ""Yes"".

The primary resolution source for this market will be official information from government authorities or corrections departments; however, a consensus of credible reporting may also be used.",,,yoon-out-of-custody-before-2027,Yoon out of custody before 2027?,211654.2804389999,32575.55655,False,2027-01-01T04:59:00Z,"[""72458525119108210179841170267525414270186496838019970198206850900384026496886"", ""15459599865606870462804403532889014965106643564265630331850488546419850096177""]",https://polymarket.com/market/yoon-out-of-custody-before-2027,0x9f94a3f64e8db20bf9d1766643b3bf4c345e3439d282d779775e171c780e9ddf
665258,will-china-unban-bitcoin-by-2027,Will China unban Bitcoin by 2027?,Will China unban Bitcoin by 2027?,"This market will resolve to ""Yes"" if the government of the People's Republic of China (PRC) explicitly announces that Chinese citizens will be allowed to legally buy Bitcoin with yuan (renminbi) from inside China by December 31, 2026, 11:59 PM ET. Otherwise, this market will resolve to ""No"".

For this market to resolve to ""Yes"" it is only necessary that the PRC announces this change will take place. Whether it actually does will have no bearing on the resolution of this market.

The primary resolution source for this market will be official information from the PRC, however a consensus of credible reporting will also be used.",,,will-china-unban-bitcoin-by-2027,Will China unban Bitcoin by 2027?,1098814.997152,12489.19014,False,2027-01-01T04:59:00Z,"[""91810646921497227084241579668235102205462718984593674693010693975258849328842"", ""51080463689161030375818291005097816690283354390568417705958874093502264623871""]",https://polymarket.com/market/will-china-unban-bitcoin-by-2027,0x4bd2d6744cfb40bd33520963069947643140e9facccec0b44d1e61944aa96997
665260,will-donald-trump-visit-israel-in-2026,Will Donald Trump visit Israel in 2026?,Will Donald Trump visit Israel in 2026?,"If U.S. President Donald Trump visits a listed country between January 1 and December 31, 2026 11:59 PM ET, the relevant market will resolve to ""Yes"". Otherwise, this market will resolve to ""No"".

For the purpose of this market, a ""visit"" is defined as Trump physically entering the terrestrial or maritime territory of the listed country. Whether or not Trump enters the country's airspace during the timeframe of this market will have no bearing on a positive resolution.

The primary resolution source for this information will be official information from government of the United States of America, official information from Trump or released by his verified social media accounts (e.g. https://twitter.com/POTUS), however, a consensus of credible reporting will also be used.",,,which-countries-will-donald-trump-visit-in-2026,Which countries will Donald Trump visit in 2026?,30386.693453999993,1022.0874,False,2027-01-02T04:59:00Z,"[""17310312046830507121308439157055105976196613647072768511530359658718851345502"", ""55699747018158096547665700344519381648470601856074046829620128350713749925122""]",https://polymarket.com/market/will-donald-trump-visit-israel-in-2026,0x572971eede0909d69662fe3e09d7c6ada9065ee792b6fa14548e85d6af90ee0b
665261,will-donald-trump-visit-canada-in-2026,Will Donald Trump visit Canada in 2026?,Will Donald Trump visit Canada in 2026?,"If U.S. President Donald Trump visits a listed country between January 1 and December 31, 2026 11:59 PM ET, the relevant market will resolve to ""Yes"". Otherwise, this market will resolve to ""No"".

For the purpose of this market, a ""visit"" is defined as Trump physically entering the terrestrial or maritime territory of the listed country. Whether or not Trump enters the country's airspace during the timeframe of this market will have no bearing on a positive resolution.

The primary resolution source for this information will be official information from government of the United States of America, official information from Trump or released by his verified social media accounts (e.g. https://twitter.com/POTUS), however, a consensus of credible reporting will also be used.",,,which-countries-will-donald-trump-visit-in-2026,Which countries will Donald Trump visit in 2026?,4586.3804439999985,204.7406,False,2027-01-02T04:59:00Z,"[""111173078110622502975146485705635994101700742486118900857120119365219959759902"", ""27078551761335802816699526818159218716574326271849800902753456601877380119172""]",https://polymarket.com/market/will-donald-trump-visit-canada-in-2026,0xf6279279a7d6a8f5b3389ffea499313812180672d2d13ed32a8524ebd18e3b36
665262,will-donald-trump-visit-mexico-in-2026,Will Donald Trump visit Mexico in 2026?,Will Donald Trump visit Mexico in 2026?,"If U.S. President Donald Trump visits a listed country between January 1 and December 31, 2026 11:59 PM ET, the relevant market will resolve to ""Yes"". Otherwise, this market will resolve to ""No"".

For the purpose of this market, a ""visit"" is defined as Trump physically entering the terrestrial or maritime territory of the listed country. Whether or not Trump enters the country's airspace during the timeframe of this market will have no bearing on a positive resolution.

The primary resolution source for this information will be official information from government of the United States of America, official information from Trump or released by his verified social media accounts (e.g. https://twitter.com/POTUS), however, a consensus of credible reporting will also be used.",,,which-countries-will-donald-trump-visit-in-2026,Which countries will Donald Trump visit in 2026?,6047.5057719999995,545.9231,False,2027-01-02T04:59:00Z,"[""2660935913959156877980210209659597107865021816700470286853937891105902736403"", ""53795656236776744406903869502504610117667322983088759030488700518678321503882""]",https://polymarket.com/market/will-donald-trump-visit-mexico-in-2026,0x4f95cd46bd8135256e761691edad83c8e648b86cafa2e772d3084d3e35153efa
665263,will-donald-trump-visit-saudi-arabia-in-2026,Will Donald Trump visit Saudi Arabia in 2026?,Will Donald Trump visit Saudi Arabia in 2026?,"If U.S. President Donald Trump visits a listed country between January 1 and December 31, 2026 11:59 PM ET, the relevant market will resolve to ""Yes"". Otherwise, this market will resolve to ""No"".

For the purpose of this market, a ""visit"" is defined as Trump physically entering the terrestrial or maritime territory of the listed country. Whether or not Trump enters the country's airspace during the timeframe of this market will have no bearing on a positive resolution.

The primary resolution source for this information will be official information from government of the United States of America, official information from Trump or released by his verified social media accounts (e.g. https://twitter.com/POTUS), however, a consensus of credible reporting will also be used.",,,which-countries-will-donald-trump-visit-in-2026,Which countries will Donald Trump visit in 2026?,895.3363639999999,330.7684,False,2027-01-02T04:59:00Z,"[""98958316908671280985410943834693562833778446454499354254876277510277360020516"", ""11272214191603541172656467050516705715276285235791385530896243499800816425667""]",https://polymarket.com/market/will-donald-trump-visit-saudi-arabia-in-2026,0xa8da044bb908d46d98bfda6f2dbe2ca94007efe851e80dc4467e8856082a2a70
