market_id,market_slug,market_name,question,description,category,tags,event_slug,event_title,volume,liquidity,closed,close_time,clob_token_ids,market_url
559651,xi-jinping-out-before-2027,Xi Jinping out before 2027?,Xi Jinping out before 2027?,"This market will resolve to ""Yes"" if China's General Secretary of the Communist Party, Xi Jinping, is removed from power for any length of time between July 3, 2025, and December 31, 2026, 11:59 PM ET. Otherwise, this market will resolve to ""No"".

CCP General Secretary Xi Jinping will be considered removed from power if he announces his resignation from his role as General Secretary, or is otherwise dismissed, detained, disqualified, or otherwise loses his position or is prevented from fulfilling his duties as General Secretary within this market's timeframe.

The primary resolution source for this market will be a consensus of credible reporting.",,,xi-jinping-out-before-2027,Xi Jinping out before 2027?,12056368.324326,238185.62209,False,2026-12-31T00:00:00Z,"[""32338220190071351435772801779725302244575775216413325951443816017994629993401"", ""25659310674993675562345759665114759892400026242514633218387667107987341231962""]",https://polymarket.com/market/xi-jinping-out-before-2027
559652,will-gavin-newsom-win-the-2028-democratic-presidential-nomination-568,Will Gavin Newsom win the 2028 Democratic presidential nomination?,Will Gavin Newsom win the 2028 Democratic presidential nomination?,"This market will resolve to “Yes” if the named individual wins and accepts the 2028 nomination of the Democratic Party for U.S. president. Otherwise, this market will resolve to “No”.

The resolution source for this market will be a consensus of official Democratic Party sources.

Any replacement of the democratic nominee before election day will not change the resolution of the market.",,,democratic-presidential-nominee-2028,Democratic Presidential Nominee 2028,26730773.102003988,348217.02859,False,2028-11-07T00:00:00Z,"[""54533043819946592547517511176940999955633860128497669742211153063842200957669"", ""87854174148074652060467921081181402357467303721471806610111179101805869578687""]",https://polymarket.com/market/will-gavin-newsom-win-the-2028-democratic-presidential-nomination-568
559653,will-alexandria-ocasio-cortez-win-the-2028-democratic-presidential-nomination-653,Will Alexandria Ocasio-Cortez win the 2028 Democratic presidential nomination?,Will Alexandria Ocasio-Cortez win the 2028 Democratic presidential nomination?,"This market will resolve to “Yes” if the named individual wins and accepts the 2028 nomination of the Democratic Party for U.S. president. Otherwise, this market will resolve to “No”.

The resolution source for this market will be a consensus of official Democratic Party sources.

Any replacement of the democratic nominee before election day will not change the resolution of the market.",,,democratic-presidential-nominee-2028,Democratic Presidential Nominee 2028,14598663.638908017,422453.35012,False,2028-11-07T00:00:00Z,"[""107064985435494333113391038470401719113272800530429703182710416066774068907304"", ""65176072261324737856085688071627118509549293922582857186996392180609764586527""]",https://polymarket.com/market/will-alexandria-ocasio-cortez-win-the-2028-democratic-presidential-nomination-653
559654,will-pete-buttigieg-win-the-2028-democratic-presidential-nomination-687,Will Pete Buttigieg win the 2028 Democratic presidential nomination?,Will Pete Buttigieg win the 2028 Democratic presidential nomination?,"This market will resolve to “Yes” if the named individual wins and accepts the 2028 nomination of the Democratic Party for U.S. president. Otherwise, this market will resolve to “No”.

The resolution source for this market will be a consensus of official Democratic Party sources.

Any replacement of the democratic nominee before election day will not change the resolution of the market.",,,democratic-presidential-nominee-2028,Democratic Presidential Nominee 2028,11811360.798366023,444853.64954,False,2028-11-07T00:00:00Z,"[""91031279171981959197361710127213577102576826515163085396576756946418341946256"", ""18494065527924073750217237765784380365430319396356251245973222791140100738948""]",https://polymarket.com/market/will-pete-buttigieg-win-the-2028-democratic-presidential-nomination-687
559655,will-josh-shapiro-win-the-2028-democratic-presidential-nomination-977,Will Josh Shapiro win the 2028 Democratic presidential nomination?,Will Josh Shapiro win the 2028 Democratic presidential nomination?,"This market will resolve to “Yes” if the named individual wins and accepts the 2028 nomination of the Democratic Party for U.S. president. Otherwise, this market will resolve to “No”.

The resolution source for this market will be a consensus of official Democratic Party sources.

Any replacement of the democratic nominee before election day will not change the resolution of the market.",,,democratic-presidential-nominee-2028,Democratic Presidential Nominee 2028,9494115.506486008,422260.8062,False,2028-11-07T00:00:00Z,"[""71169839497420596285841847514123589847893415750912355173877524195175834054354"", ""55290827599553280245963175724940496753557722439999671239772487781170052583987""]",https://polymarket.com/market/will-josh-shapiro-win-the-2028-democratic-presidential-nomination-977
559656,will-wes-moore-win-the-2028-democratic-presidential-nomination-714,Will Wes Moore win the 2028 Democratic presidential nomination?,Will Wes Moore win the 2028 Democratic presidential nomination?,"This market will resolve to “Yes” if the named individual wins and accepts the 2028 nomination of the Democratic Party for U.S. president. Otherwise, this market will resolve to “No”.

The resolution source for this market will be a consensus of official Democratic Party sources.

Any replacement of the democratic nominee before election day will not change the resolution of the market.",,,democratic-presidential-nominee-2028,Democratic Presidential Nominee 2028,17515831.120976,462336.89073,False,2028-11-07T00:00:00Z,"[""90227223115596293448966158151606153337847900483048338623540402385929720677904"", ""105134691322323565615831879054043168027913414000042547943201361115853277749482""]",https://polymarket.com/market/will-wes-moore-win-the-2028-democratic-presidential-nomination-714
559657,will-stephen-a-smith-win-the-2028-democratic-presidential-nomination-914,Will Stephen A. Smith win the 2028 Democratic presidential nomination?,Will Stephen A. Smith win the 2028 Democratic presidential nomination?,"This market will resolve to “Yes” if the named individual wins and accepts the 2028 nomination of the Democratic Party for U.S. president. Otherwise, this market will resolve to “No”.

The resolution source for this market will be a consensus of official Democratic Party sources.

Any replacement of the democratic nominee before election day will not change the resolution of the market.",,,democratic-presidential-nominee-2028,Democratic Presidential Nominee 2028,21643424.849859,1331735.70745,False,2028-11-07T00:00:00Z,"[""60590045489347122735554346200880179420435533609307820342798544098823516727807"", ""76005700027045000587004110133818166617024719626220722682005164003117993034812""]",https://polymarket.com/market/will-stephen-a-smith-win-the-2028-democratic-presidential-nomination-914
559658,will-kamala-harris-win-the-2028-democratic-presidential-nomination-641,Will Kamala Harris win the 2028 Democratic presidential nomination?,Will Kamala Harris win the 2028 Democratic presidential nomination?,"This market will resolve to “Yes” if the named individual wins and accepts the 2028 nomination of the Democratic Party for U.S. president. Otherwise, this market will resolve to “No”.

The resolution source for this market will be a consensus of official Democratic Party sources.

Any replacement of the democratic nominee before election day will not change the resolution of the market.",,,democratic-presidential-nominee-2028,Democratic Presidential Nominee 2028,12926892.539565993,345830.50812,False,2028-11-07T00:00:00Z,"[""38171024903091354977195167437673496224420673639143973968032407064172828043588"", ""26930844951471612827925270830087046333229637930899178134435055616497220846773""]",https://polymarket.com/market/will-kamala-harris-win-the-2028-democratic-presidential-nomination-641
559659,will-gretchen-whitmer-win-the-2028-democratic-presidential-nomination-676,Will Gretchen Whitmer win the 2028 Democratic presidential nomination?,Will Gretchen Whitmer win the 2028 Democratic presidential nomination?,"This market will resolve to “Yes” if the named individual wins and accepts the 2028 nomination of the Democratic Party for U.S. president. Otherwise, this market will resolve to “No”.

The resolution source for this market will be a consensus of official Democratic Party sources.

Any replacement of the democratic nominee before election day will not change the resolution of the market.",,,democratic-presidential-nominee-2028,Democratic Presidential Nominee 2028,11941083.162520994,264327.61006,False,2028-11-07T00:00:00Z,"[""57761428076807364758801249497410455358987881775226117256631754592198558850468"", ""64300336035644500626313522990854070672468621241744347587785777226296613235598""]",https://polymarket.com/market/will-gretchen-whitmer-win-the-2028-democratic-presidential-nomination-676
559660,will-andy-beshear-win-the-2028-democratic-presidential-nomination-832,Will Andy Beshear win the 2028 Democratic presidential nomination?,Will Andy Beshear win the 2028 Democratic presidential nomination?,"This market will resolve to “Yes” if the named individual wins and accepts the 2028 nomination of the Democratic Party for U.S. president. Otherwise, this market will resolve to “No”.

The resolution source for this market will be a consensus of official Democratic Party sources.

Any replacement of the democratic nominee before election day will not change the resolution of the market.",,,democratic-presidential-nominee-2028,Democratic Presidential Nominee 2028,12974329.762804989,513032.29356,False,2028-11-07T00:00:00Z,"[""26468656392978559668331516709623917078428425933265692717836103090220693717685"", ""26335362363448644358593284423242327477307616743233875606762153873424287882825""]",https://polymarket.com/market/will-andy-beshear-win-the-2028-democratic-presidential-nomination-832
559661,will-jon-ossoff-win-the-2028-democratic-presidential-nomination-885,Will Jon Ossoff win the 2028 Democratic presidential nomination?,Will Jon Ossoff win the 2028 Democratic presidential nomination?,"This market will resolve to “Yes” if the named individual wins and accepts the 2028 nomination of the Democratic Party for U.S. president. Otherwise, this market will resolve to “No”.

The resolution source for this market will be a consensus of official Democratic Party sources.

Any replacement of the democratic nominee before election day will not change the resolution of the market.",,,democratic-presidential-nominee-2028,Democratic Presidential Nominee 2028,12597707.365180008,317846.68218,False,2028-11-07T00:00:00Z,"[""70071592420137476676935286377781779672157004436137616627487590484756055232944"", ""107829893465244243112531790315844862173967342141753896250561816305880797209350""]",https://polymarket.com/market/will-jon-ossoff-win-the-2028-democratic-presidential-nomination-885
559662,will-mark-cuban-win-the-2028-democratic-presidential-nomination-329,Will Mark Cuban win the 2028 Democratic presidential nomination?,Will Mark Cuban win the 2028 Democratic presidential nomination?,"This market will resolve to “Yes” if the named individual wins and accepts the 2028 nomination of the Democratic Party for U.S. president. Otherwise, this market will resolve to “No”.

The resolution source for this market will be a consensus of official Democratic Party sources.

Any replacement of the democratic nominee before election day will not change the resolution of the market.",,,democratic-presidential-nominee-2028,Democratic Presidential Nominee 2028,22795550.334050015,1911924.31315,False,2028-11-07T00:00:00Z,"[""58378309871183461257693288827678410871907006920578755035402846056315798427503"", ""55392527126713018429304496836617506663024188480522297953714346140749923557790""]",https://polymarket.com/market/will-mark-cuban-win-the-2028-democratic-presidential-nomination-329
559663,will-jb-pritzker-win-the-2028-democratic-presidential-nomination-288,Will J.B. Pritzker win the 2028 Democratic presidential nomination?,Will J.B. Pritzker win the 2028 Democratic presidential nomination?,"This market will resolve to “Yes” if the named individual wins and accepts the 2028 nomination of the Democratic Party for U.S. president. Otherwise, this market will resolve to “No”.

The resolution source for this market will be a consensus of official Democratic Party sources.

Any replacement of the democratic nominee before election day will not change the resolution of the market.",,,democratic-presidential-nominee-2028,Democratic Presidential Nominee 2028,15378544.729333002,447716.17933,False,2028-11-07T00:00:00Z,"[""103988345069738240821107916249290759786442703283901164377120414690701074137717"", ""108650988487983371520585351370999192979899647080710024226285750050382033453124""]",https://polymarket.com/market/will-jb-pritzker-win-the-2028-democratic-presidential-nomination-288
559664,will-raphael-warnock-win-the-2028-democratic-presidential-nomination-914,Will Raphael Warnock win the 2028 Democratic presidential nomination?,Will Raphael Warnock win the 2028 Democratic presidential nomination?,"This market will resolve to “Yes” if the named individual wins and accepts the 2028 nomination of the Democratic Party for U.S. president. Otherwise, this market will resolve to “No”.

The resolution source for this market will be a consensus of official Democratic Party sources.

Any replacement of the democratic nominee before election day will not change the resolution of the market.",,,democratic-presidential-nominee-2028,Democratic Presidential Nominee 2028,32070837.629531004,1681774.45264,False,2028-11-07T00:00:00Z,"[""52310257194926233099477326083312959938983447523839326865869372741334281264830"", ""88403451835230950222119400360490338078378790763472355557584611572247419676051""]",https://polymarket.com/market/will-raphael-warnock-win-the-2028-democratic-presidential-nomination-914
559665,will-corey-booker-win-the-2028-democratic-presidential-nomination-125,Will Cory Booker win the 2028 Democratic presidential nomination?,Will Cory Booker win the 2028 Democratic presidential nomination?,"This market will resolve to “Yes” if the named individual wins and accepts the 2028 nomination of the Democratic Party for U.S. president. Otherwise, this market will resolve to “No”.

The resolution source for this market will be a consensus of official Democratic Party sources.

Any replacement of the democratic nominee before election day will not change the resolution of the market.",,,democratic-presidential-nominee-2028,Democratic Presidential Nominee 2028,25620184.105238017,1985106.37623,False,2028-11-07T00:00:00Z,"[""50887272939612765629559172143901565817521391945540156085421963433918821328137"", ""29006371059590547574472177233842141554614007974283936149779962779213443973844""]",https://polymarket.com/market/will-corey-booker-win-the-2028-democratic-presidential-nomination-125
559666,will-tim-walz-win-the-2028-democratic-presidential-nomination-475,Will Tim Walz win the 2028 Democratic presidential nomination?,Will Tim Walz win the 2028 Democratic presidential nomination?,"This market will resolve to “Yes” if the named individual wins and accepts the 2028 nomination of the Democratic Party for U.S. president. Otherwise, this market will resolve to “No”.

The resolution source for this market will be a consensus of official Democratic Party sources.

Any replacement of the democratic nominee before election day will not change the resolution of the market.",,,democratic-presidential-nominee-2028,Democratic Presidential Nominee 2028,43002234.005428016,2880120.66424,False,2028-11-07T00:00:00Z,"[""104464678880204778606895232389511543522030897731392516718349574106843434770446"", ""90935594925886073322524509252821043048115343298080885997215308777385571383769""]",https://polymarket.com/market/will-tim-walz-win-the-2028-democratic-presidential-nomination-475
559667,will-michelle-obama-win-the-2028-democratic-presidential-nomination-777,Will Michelle Obama win the 2028 Democratic presidential nomination?,Will Michelle Obama win the 2028 Democratic presidential nomination?,"This market will resolve to “Yes” if the named individual wins and accepts the 2028 nomination of the Democratic Party for U.S. president. Otherwise, this market will resolve to “No”.

The resolution source for this market will be a consensus of official Democratic Party sources.

Any replacement of the democratic nominee before election day will not change the resolution of the market.",,,democratic-presidential-nominee-2028,Democratic Presidential Nominee 2028,26131242.20107699,2214750.32076,False,2028-11-07T00:00:00Z,"[""83723134981785004242996949681785273460678873813693556756054904164484296299719"", ""107146110974011455665373243296921398136854344089489911087344946921091914123046""]",https://polymarket.com/market/will-michelle-obama-win-the-2028-democratic-presidential-nomination-777
559668,will-mark-kelly-win-the-2028-democratic-presidential-nomination-479,Will Mark Kelly win the 2028 Democratic presidential nomination?,Will Mark Kelly win the 2028 Democratic presidential nomination?,"This market will resolve to “Yes” if the named individual wins and accepts the 2028 nomination of the Democratic Party for U.S. president. Otherwise, this market will resolve to “No”.

The resolution source for this market will be a consensus of official Democratic Party sources.

Any replacement of the democratic nominee before election day will not change the resolution of the market.",,,democratic-presidential-nominee-2028,Democratic Presidential Nominee 2028,17237520.970076986,316619.52446,False,2028-11-07T00:00:00Z,"[""92325249719485031139867422012514654102580961954747753469470405147070256604118"", ""5116999494213083595175041146469973274436003044730013359502912125889113751080""]",https://polymarket.com/market/will-mark-kelly-win-the-2028-democratic-presidential-nomination-479
559669,will-rahm-emanuel-win-the-2028-democratic-presidential-nomination-299,Will Rahm Emanuel win the 2028 Democratic presidential nomination?,Will Rahm Emanuel win the 2028 Democratic presidential nomination?,"This market will resolve to “Yes” if the named individual wins and accepts the 2028 nomination of the Democratic Party for U.S. president. Otherwise, this market will resolve to “No”.

The resolution source for this market will be a consensus of official Democratic Party sources.

Any replacement of the democratic nominee before election day will not change the resolution of the market.",,,democratic-presidential-nominee-2028,Democratic Presidential Nominee 2028,14474501.490477992,794932.30994,False,2028-11-07T00:00:00Z,"[""10521981432803570450946212503203364998108630328528216082760514453664705157397"", ""91949042216127305292438280992722171735754548787382833799906976841509942727662""]",https://polymarket.com/market/will-rahm-emanuel-win-the-2028-democratic-presidential-nomination-299
559670,will-gina-raimondo-win-the-2028-democratic-presidential-nomination-676,Will Gina Raimondo win the 2028 Democratic presidential nomination?,Will Gina Raimondo win the 2028 Democratic presidential nomination?,"This market will resolve to “Yes” if the named individual wins and accepts the 2028 nomination of the Democratic Party for U.S. president. Otherwise, this market will resolve to “No”.

The resolution source for this market will be a consensus of official Democratic Party sources.

Any replacement of the democratic nominee before election day will not change the resolution of the market.",,,democratic-presidential-nominee-2028,Democratic Presidential Nominee 2028,35602227.719815016,2236707.44986,False,2028-11-07T00:00:00Z,"[""35165603539035270209469650915267170915291414186795231160733227083640059691764"", ""82254794773423437491598574581796732934760602553828664932786984448280136473130""]",https://polymarket.com/market/will-gina-raimondo-win-the-2028-democratic-presidential-nomination-676
559671,will-zohran-mamdani-win-the-2028-democratic-presidential-nomination-445,Will Zohran Mamdani win the 2028 Democratic presidential nomination?,Will Zohran Mamdani win the 2028 Democratic presidential nomination?,"This market will resolve to “Yes” if the named individual wins and accepts the 2028 nomination of the Democratic Party for U.S. president. Otherwise, this market will resolve to “No”.

The resolution source for this market will be a consensus of official Democratic Party sources.

Any replacement of the democratic nominee before election day will not change the resolution of the market.",,,democratic-presidential-nominee-2028,Democratic Presidential Nominee 2028,38621943.16447508,2609238.99198,False,2028-11-07T00:00:00Z,"[""19323997520040734631220675039559156784534982703459512097490198935565229528445"", ""111309365336519526711604102518316708823622751854213281307404397618571408959194""]",https://polymarket.com/market/will-zohran-mamdani-win-the-2028-democratic-presidential-nomination-445
559672,will-roy-cooper-win-the-2028-democratic-presidential-nomination-286,Will Roy Cooper win the 2028 Democratic presidential nomination?,Will Roy Cooper win the 2028 Democratic presidential nomination?,"This market will resolve to “Yes” if the named individual wins and accepts the 2028 nomination of the Democratic Party for U.S. president. Otherwise, this market will resolve to “No”.

The resolution source for this market will be a consensus of official Democratic Party sources.

Any replacement of the democratic nominee before election day will not change the resolution of the market.",,,democratic-presidential-nominee-2028,Democratic Presidential Nominee 2028,31392997.056639004,1791314.8357,False,2028-11-07T00:00:00Z,"[""30732552320006664177902085971957467957450485111214036633872573588757974348601"", ""55053374667733007627913689484290555932799177921000957543346276204775142445823""]",https://polymarket.com/market/will-roy-cooper-win-the-2028-democratic-presidential-nomination-286
559673,will-john-fetterman-win-the-2028-democratic-presidential-nomination-941,Will John Fetterman win the 2028 Democratic presidential nomination?,Will John Fetterman win the 2028 Democratic presidential nomination?,"This market will resolve to “Yes” if the named individual wins and accepts the 2028 nomination of the Democratic Party for U.S. president. Otherwise, this market will resolve to “No”.

The resolution source for this market will be a consensus of official Democratic Party sources.

Any replacement of the democratic nominee before election day will not change the resolution of the market.",,,democratic-presidential-nominee-2028,Democratic Presidential Nominee 2028,24385512.71994701,2401743.55318,False,2028-11-07T00:00:00Z,"[""71289010523270989807437428651002770360280908813019627976988032260868574107425"", ""68686505966910102763700888296813272792512562699674656659355148432859571994559""]",https://polymarket.com/market/will-john-fetterman-win-the-2028-democratic-presidential-nomination-941
559674,will-jared-polis-win-the-2028-democratic-presidential-nomination-837,Will Jared Polis win the 2028 Democratic presidential nomination?,Will Jared Polis win the 2028 Democratic presidential nomination?,"This market will resolve to “Yes” if the named individual wins and accepts the 2028 nomination of the Democratic Party for U.S. president. Otherwise, this market will resolve to “No”.

The resolution source for this market will be a consensus of official Democratic Party sources.

Any replacement of the democratic nominee before election day will not change the resolution of the market.",,,democratic-presidential-nominee-2028,Democratic Presidential Nominee 2028,27204120.34199101,970932.73473,False,2028-11-07T00:00:00Z,"[""42119164854283656238382173699154739480090965550328051492328192273011556335098"", ""39150381508679235943386404690610035044747196600759141560840372170757042543675""]",https://polymarket.com/market/will-jared-polis-win-the-2028-democratic-presidential-nomination-837
559675,will-jon-stewart-win-the-2028-democratic-presidential-nomination-518,Will Jon Stewart win the 2028 Democratic presidential nomination?,Will Jon Stewart win the 2028 Democratic presidential nomination?,"This market will resolve to “Yes” if the named individual wins and accepts the 2028 nomination of the Democratic Party for U.S. president. Otherwise, this market will resolve to “No”.

The resolution source for this market will be a consensus of official Democratic Party sources.

Any replacement of the democratic nominee before election day will not change the resolution of the market.",,,democratic-presidential-nominee-2028,Democratic Presidential Nominee 2028,24605370.672856957,312935.98111,False,2028-11-07T00:00:00Z,"[""58343456405874365460518182619380252930558598368174305791768670198253267891911"", ""84566561349071752664514432513198569980219178901068420341175150225620958953893""]",https://polymarket.com/market/will-jon-stewart-win-the-2028-democratic-presidential-nomination-518
559676,will-barack-obama-win-the-2028-democratic-presidential-nomination-265,Will Barack Obama win the 2028 Democratic presidential nomination?,Will Barack Obama win the 2028 Democratic presidential nomination?,"This market will resolve to “Yes” if the named individual wins and accepts the 2028 nomination of the Democratic Party for U.S. president. Otherwise, this market will resolve to “No”.

The resolution source for this market will be a consensus of official Democratic Party sources.

Any replacement of the democratic nominee before election day will not change the resolution of the market.",,,democratic-presidential-nominee-2028,Democratic Presidential Nominee 2028,33884355.56614801,2415506.70853,False,2028-11-07T00:00:00Z,"[""88927218779847397120407909832537568114340511586397698395193736044476021744522"", ""93993883668914241189795812807312922412111034935516092303580333564217329905759""]",https://polymarket.com/market/will-barack-obama-win-the-2028-democratic-presidential-nomination-265
559677,will-hillary-clinton-win-the-2028-democratic-presidential-nomination,Will Hillary Clinton win the 2028 Democratic presidential nomination?,Will Hillary Clinton win the 2028 Democratic presidential nomination?,"This market will resolve to “Yes” if the named individual wins and accepts the 2028 nomination of the Democratic Party for U.S. president. Otherwise, this market will resolve to “No”.

The resolution source for this market will be a consensus of official Democratic Party sources.

Any replacement of the democratic nominee before election day will not change the resolution of the market.",,,democratic-presidential-nominee-2028,Democratic Presidential Nominee 2028,43583730.73997002,2883229.13623,False,2028-11-07T00:00:00Z,"[""6349038249650226718426900942104344803413105653564595362433352811865798195800"", ""57931882677606943294773135604094039468334392354204920135953322654005083822055""]",https://polymarket.com/market/will-hillary-clinton-win-the-2028-democratic-presidential-nomination
559678,will-liz-cheney-win-the-2028-democratic-presidential-nomination-551,Will Liz Cheney win the 2028 Democratic presidential nomination?,Will Liz Cheney win the 2028 Democratic presidential nomination?,"This market will resolve to “Yes” if the named individual wins and accepts the 2028 nomination of the Democratic Party for U.S. president. Otherwise, this market will resolve to “No”.

The resolution source for this market will be a consensus of official Democratic Party sources.

Any replacement of the democratic nominee before election day will not change the resolution of the market.",,,democratic-presidential-nominee-2028,Democratic Presidential Nominee 2028,38375666.93328903,2605373.42706,False,2028-11-07T00:00:00Z,"[""41340056280794024415573839406074658402877379128871144681466050648033201160259"", ""63802361760137863513735993346883582181207639895442036953936089060482564982249""]",https://polymarket.com/market/will-liz-cheney-win-the-2028-democratic-presidential-nomination-551
559679,will-bernie-sanders-win-the-2028-democratic-presidential-nomination-879,Will Bernie Sanders win the 2028 Democratic presidential nomination?,Will Bernie Sanders win the 2028 Democratic presidential nomination?,"This market will resolve to “Yes” if the named individual wins and accepts the 2028 nomination of the Democratic Party for U.S. president. Otherwise, this market will resolve to “No”.

The resolution source for this market will be a consensus of official Democratic Party sources.

Any replacement of the democratic nominee before election day will not change the resolution of the market.",,,democratic-presidential-nominee-2028,Democratic Presidential Nominee 2028,52666385.95380602,899980.85411,False,2028-11-07T00:00:00Z,"[""113510300123120868861281132282742729065975487298059944817273881893086209196585"", ""3444964147133304300560138317203877470064591148213906708394693248804691192318""]",https://polymarket.com/market/will-bernie-sanders-win-the-2028-democratic-presidential-nomination-879
559680,will-phil-murphy-win-the-2028-democratic-presidential-nomination-611,Will Phil Murphy win the 2028 Democratic presidential nomination?,Will Phil Murphy win the 2028 Democratic presidential nomination?,"This market will resolve to “Yes” if the named individual wins and accepts the 2028 nomination of the Democratic Party for U.S. president. Otherwise, this market will resolve to “No”.

The resolution source for this market will be a consensus of official Democratic Party sources.

Any replacement of the democratic nominee before election day will not change the resolution of the market.",,,democratic-presidential-nominee-2028,Democratic Presidential Nominee 2028,42217763.04836501,2873379.51452,False,2028-11-07T00:00:00Z,"[""81633484456710374417231462107666791993850637546563366185897100962157481970040"", ""114507466536734360808195115190160357255467689128176113085692265197019898971527""]",https://polymarket.com/market/will-phil-murphy-win-the-2028-democratic-presidential-nomination-611
559681,will-lebron-james-win-the-2028-democratic-presidential-nomination,Will LeBron James win the 2028 Democratic presidential nomination?,Will LeBron James win the 2028 Democratic presidential nomination?,"This market will resolve to “Yes” if the named individual wins and accepts the 2028 nomination of the Democratic Party for U.S. president. Otherwise, this market will resolve to “No”.

The resolution source for this market will be a consensus of official Democratic Party sources.

Any replacement of the democratic nominee before election day will not change the resolution of the market.",,,democratic-presidential-nominee-2028,Democratic Presidential Nominee 2028,43845126.83766997,2890508.84767,False,2028-11-07T00:00:00Z,"[""100561779829530520068956424581003844045516012444425572625523659025114550346085"", ""46254744034025107660239982269249567113656697231872036621777316158933638064598""]",https://polymarket.com/market/will-lebron-james-win-the-2028-democratic-presidential-nomination
559682,will-person-a-win-the-2028-democratic-presidential-nomination,Will Hunter Biden win the 2028 Democratic presidential nomination?,Will Hunter Biden win the 2028 Democratic presidential nomination?,"This market will resolve to “Yes” if the named individual wins and accepts the 2028 nomination of the Democratic Party for U.S. president. Otherwise, this market will resolve to “No”.

The resolution source for this market will be a consensus of official Democratic Party sources.

Any replacement of the democratic nominee before election day will not change the resolution of the market.",,,democratic-presidential-nominee-2028,Democratic Presidential Nominee 2028,44166038.386787005,1221482.82031,False,2028-11-07T00:00:00Z,"[""11343337042526652606304508556838778144915122118685013460142819817079620240439"", ""19117858613830240204442128472263675815111662346578092643025820800380629933012""]",https://polymarket.com/market/will-person-a-win-the-2028-democratic-presidential-nomination
559683,will-george-clooney-win-the-2028-democratic-presidential-nomination,Will George Clooney win the 2028 Democratic presidential nomination?,Will George Clooney win the 2028 Democratic presidential nomination?,"This market will resolve to “Yes” if the named individual wins and accepts the 2028 nomination of the Democratic Party for U.S. president. Otherwise, this market will resolve to “No”.

The resolution source for this market will be a consensus of official Democratic Party sources.

Any replacement of the democratic nominee before election day will not change the resolution of the market.",,,democratic-presidential-nominee-2028,Democratic Presidential Nominee 2028,42936630.55361999,2805089.76623,False,2028-11-07T00:00:00Z,"[""48218088132821386640274752564592889805082274744128282833036735027928992155024"", ""5645396948464928632054207670692862818297222862819597089648758232622731040046""]",https://polymarket.com/market/will-george-clooney-win-the-2028-democratic-presidential-nomination
559684,will-chelsea-clinton-win-the-2028-democratic-presidential-nomination,Will Chelsea Clinton win the 2028 Democratic presidential nomination?,Will Chelsea Clinton win the 2028 Democratic presidential nomination?,"This market will resolve to “Yes” if the named individual wins and accepts the 2028 nomination of the Democratic Party for U.S. president. Otherwise, this market will resolve to “No”.

The resolution source for this market will be a consensus of official Democratic Party sources.

Any replacement of the democratic nominee before election day will not change the resolution of the market.",,,democratic-presidential-nominee-2028,Democratic Presidential Nominee 2028,50182919.02019799,745555.31552,False,2028-11-07T00:00:00Z,"[""46211769122513729244602558513001215391004042100934296321661285791281233261657"", ""76057920052421891902791411567177996435483774677774664174053982044923692373687""]",https://polymarket.com/market/will-chelsea-clinton-win-the-2028-democratic-presidential-nomination
559685,will-mrbeast-win-the-2028-democratic-presidential-nomination,Will MrBeast win the 2028 Democratic presidential nomination?,Will MrBeast win the 2028 Democratic presidential nomination?,"This market will resolve to “Yes” if the named individual wins and accepts the 2028 nomination of the Democratic Party for U.S. president. Otherwise, this market will resolve to “No”.

The resolution source for this market will be a consensus of official Democratic Party sources.

Any replacement of the democratic nominee before election day will not change the resolution of the market.",,,democratic-presidential-nominee-2028,Democratic Presidential Nominee 2028,40908210.13238395,2798159.18653,False,2028-11-07T00:00:00Z,"[""51035537065442638321333063915918274102446051033989435618245745345113522914516"", ""93910251767329056141706007839545721784238465183449597462421810827705938093892""]",https://polymarket.com/market/will-mrbeast-win-the-2028-democratic-presidential-nomination
559686,will-dwayne-the-rock-johnson-win-the-2028-democratic-presidential-nomination,Will Dwayne 'The Rock' Johnson win the 2028 Democratic presidential nomination?,Will Dwayne 'The Rock' Johnson win the 2028 Democratic presidential nomination?,"This market will resolve to “Yes” if the named individual wins and accepts the 2028 nomination of the Democratic Party for U.S. president. Otherwise, this market will resolve to “No”.

The resolution source for this market will be a consensus of official Democratic Party sources.

Any replacement of the democratic nominee before election day will not change the resolution of the market.",,,democratic-presidential-nominee-2028,Democratic Presidential Nominee 2028,12391512.800936002,911554.64567,False,2028-11-07T00:00:00Z,"[""40963724357262746498642320898188195118391211877976821531149510360187173789737"", ""14959910401705469574520698331840889689202579612030624016640567510369602599866""]",https://polymarket.com/market/will-dwayne-the-rock-johnson-win-the-2028-democratic-presidential-nomination
559687,will-oprah-winfrey-win-the-2028-democratic-presidential-nomination,Will Oprah Winfrey win the 2028 Democratic presidential nomination?,Will Oprah Winfrey win the 2028 Democratic presidential nomination?,"This market will resolve to “Yes” if the named individual wins and accepts the 2028 nomination of the Democratic Party for U.S. president. Otherwise, this market will resolve to “No”.

The resolution source for this market will be a consensus of official Democratic Party sources.

Any replacement of the democratic nominee before election day will not change the resolution of the market.",,,democratic-presidential-nominee-2028,Democratic Presidential Nominee 2028,54254561.50316502,2890986.57546,False,2028-11-07T00:00:00Z,"[""2213957649161627793381994368131485505647723208738124952452819345058597751695"", ""44046525152074436753629616217525652949736205933417533647338274649282385796755""]",https://polymarket.com/market/will-oprah-winfrey-win-the-2028-democratic-presidential-nomination
559688,will-andrew-yang-win-the-2028-democratic-presidential-nomination,Will Andrew Yang win the 2028 Democratic presidential nomination?,Will Andrew Yang win the 2028 Democratic presidential nomination?,"This market will resolve to “Yes” if the named individual wins and accepts the 2028 nomination of the Democratic Party for U.S. president. Otherwise, this market will resolve to “No”.

The resolution source for this market will be a consensus of official Democratic Party sources.

Any replacement of the democratic nominee before election day will not change the resolution of the market.",,,democratic-presidential-nominee-2028,Democratic Presidential Nominee 2028,48450684.18504898,2732050.9691,False,2028-11-07T00:00:00Z,"[""102504892414163237174864879683522880588750452841477290216845150938663289742135"", ""21234886083000978203440582985665409733123024063268807484684316771005736994028""]",https://polymarket.com/market/will-andrew-yang-win-the-2028-democratic-presidential-nomination
559689,will-beto-orourke-win-the-2028-democratic-presidential-nomination,Will Beto O’Rourke win the 2028 Democratic presidential nomination?,Will Beto O’Rourke win the 2028 Democratic presidential nomination?,"This market will resolve to “Yes” if the named individual wins and accepts the 2028 nomination of the Democratic Party for U.S. president. Otherwise, this market will resolve to “No”.

The resolution source for this market will be a consensus of official Democratic Party sources.

Any replacement of the democratic nominee before election day will not change the resolution of the market.",,,democratic-presidential-nominee-2028,Democratic Presidential Nominee 2028,42697188.63814801,2802146.46404,False,2028-11-07T00:00:00Z,"[""37126434962149084556522721025504254258386171468763869879755961635390358765833"", ""2426274669138238576933962603416907393958833898063513872892433203206006096668""]",https://polymarket.com/market/will-beto-orourke-win-the-2028-democratic-presidential-nomination
559690,will-kim-kardashian-win-the-2028-democratic-presidential-nomination,Will Kim Kardashian win the 2028 Democratic presidential nomination?,Will Kim Kardashian win the 2028 Democratic presidential nomination?,"This market will resolve to “Yes” if the named individual wins and accepts the 2028 nomination of the Democratic Party for U.S. president. Otherwise, this market will resolve to “No”.

The resolution source for this market will be a consensus of official Democratic Party sources.

Any replacement of the democratic nominee before election day will not change the resolution of the market.",,,democratic-presidential-nominee-2028,Democratic Presidential Nominee 2028,42756574.062170945,2676380.75383,False,2028-11-07T00:00:00Z,"[""55087250670040717711131370018408221134109122974378698780636020561523521220754"", ""108145967398435925971960442906832714254932011684365058146885679351681137451999""]",https://polymarket.com/market/will-kim-kardashian-win-the-2028-democratic-presidential-nomination
559691,will-chris-murphy-win-the-2028-democratic-presidential-nomination,Will Chris Murphy win the 2028 Democratic presidential nomination?,Will Chris Murphy win the 2028 Democratic presidential nomination?,"This market will resolve to “Yes” if the named individual wins and accepts the 2028 nomination of the Democratic Party for U.S. president. Otherwise, this market will resolve to “No”.

The resolution source for this market will be a consensus of official Democratic Party sources.

Any replacement of the democratic nominee before election day will not change the resolution of the market.",,,democratic-presidential-nominee-2028,Democratic Presidential Nominee 2028,17129690.781781998,1910076.75758,False,2028-11-07T00:00:00Z,"[""8815924480259634499011776432080696931704057619336093802050596292915996723758"", ""45099054006923138281311463758770234951153596952213440096254242321807308634603""]",https://polymarket.com/market/will-chris-murphy-win-the-2028-democratic-presidential-nomination
559692,will-jasmine-crockett-win-the-2028-democratic-presidential-nomination,Will Jasmine Crockett win the 2028 Democratic presidential nomination?,Will Jasmine Crockett win the 2028 Democratic presidential nomination?,"This market will resolve to “Yes” if the named individual wins and accepts the 2028 nomination of the Democratic Party for U.S. president. Otherwise, this market will resolve to “No”.

The resolution source for this market will be a consensus of official Democratic Party sources.

Any replacement of the democratic nominee before election day will not change the resolution of the market.",,,democratic-presidential-nominee-2028,Democratic Presidential Nominee 2028,36295437.05445301,2109465.13178,False,2028-11-07T00:00:00Z,"[""22103094389913052942362639589409218272323168761614999702665821259175535456835"", ""10893367019711826592833821276710094799225035200719824531380610476790390190688""]",https://polymarket.com/market/will-jasmine-crockett-win-the-2028-democratic-presidential-nomination
559693,will-ruben-gallego-win-the-2028-democratic-presidential-nomination,Will Ruben Gallego win the 2028 Democratic presidential nomination?,Will Ruben Gallego win the 2028 Democratic presidential nomination?,"This market will resolve to “Yes” if the named individual wins and accepts the 2028 nomination of the Democratic Party for U.S. president. Otherwise, this market will resolve to “No”.

The resolution source for this market will be a consensus of official Democratic Party sources.

Any replacement of the democratic nominee before election day will not change the resolution of the market.",,,democratic-presidential-nominee-2028,Democratic Presidential Nominee 2028,8337623.754461,1245898.33029,False,2028-11-07T00:00:00Z,"[""94658518227479141344875476648819337938746150529318297759951212169676959854478"", ""89549550119611798541187132573193884477265258658615163602217456913355320927577""]",https://polymarket.com/market/will-ruben-gallego-win-the-2028-democratic-presidential-nomination
559694,will-ro-khanna-win-the-2028-democratic-presidential-nomination,Will Ro Khanna win the 2028 Democratic presidential nomination?,Will Ro Khanna win the 2028 Democratic presidential nomination?,"This market will resolve to “Yes” if the named individual wins and accepts the 2028 nomination of the Democratic Party for U.S. president. Otherwise, this market will resolve to “No”.

The resolution source for this market will be a consensus of official Democratic Party sources.

Any replacement of the democratic nominee before election day will not change the resolution of the market.",,,democratic-presidential-nominee-2028,Democratic Presidential Nominee 2028,11181038.665540997,252276.47514,False,2028-11-07T00:00:00Z,"[""20374050108659687356429749447884880983779889840007423115803042125707701269498"", ""2610336024939503976910443133965525155112118948066646227040491461288298872236""]",https://polymarket.com/market/will-ro-khanna-win-the-2028-democratic-presidential-nomination
559695,will-james-talarico-win-the-2028-democratic-presidential-nomination,Will James Talarico win the 2028 Democratic presidential nomination?,Will James Talarico win the 2028 Democratic presidential nomination?,"This market will resolve to “Yes” if the named individual wins and accepts the 2028 nomination of the Democratic Party for U.S. president. Otherwise, this market will resolve to “No”.

The resolution source for this market will be a consensus of official Democratic Party sources.

Any replacement of the democratic nominee before election day will not change the resolution of the market.",,,democratic-presidential-nominee-2028,Democratic Presidential Nominee 2028,10474178.737003997,234006.3122,False,2028-11-07T00:00:00Z,"[""52535923606561722941567320365820395300598958985353103429657683100920373025261"", ""20643805904661385280242837899001038341346631607217619709766724611396929658707""]",https://polymarket.com/market/will-james-talarico-win-the-2028-democratic-presidential-nomination
559696,will-graham-platner-win-the-2028-democratic-presidential-nomination,Will Graham Platner win the 2028 Democratic presidential nomination?,Will Graham Platner win the 2028 Democratic presidential nomination?,"This market will resolve to “Yes” if the named individual wins and accepts the 2028 nomination of the Democratic Party for U.S. president. Otherwise, this market will resolve to “No”.

The resolution source for this market will be a consensus of official Democratic Party sources.

Any replacement of the democratic nominee before election day will not change the resolution of the market.",,,democratic-presidential-nominee-2028,Democratic Presidential Nominee 2028,8007483.361658,1912286.21068,False,2028-11-07T00:00:00Z,"[""54840717483866263964304723492966182979723045222316848733193673523986124053075"", ""2830559553603011758209706316487895188007644895898957662939818867834634821212""]",https://polymarket.com/market/will-graham-platner-win-the-2028-democratic-presidential-nomination
559697,will-abigail-spanberger-win-the-2028-democratic-presidential-nomination,Will Abigail Spanberger win the 2028 Democratic presidential nomination?,Will Abigail Spanberger win the 2028 Democratic presidential nomination?,"This market will resolve to “Yes” if the named individual wins and accepts the 2028 nomination of the Democratic Party for U.S. president. Otherwise, this market will resolve to “No”.

The resolution source for this market will be a consensus of official Democratic Party sources.

Any replacement of the democratic nominee before election day will not change the resolution of the market.",,,democratic-presidential-nominee-2028,Democratic Presidential Nominee 2028,227201.952166,1977850.2831,False,2028-11-07T00:00:00Z,"[""67834126955354466786049932246962827069514258320708123726234642047236874537300"", ""85842730802801029317331291122638780955014362480310249655739704629273608465884""]",https://polymarket.com/market/will-abigail-spanberger-win-the-2028-democratic-presidential-nomination
559698,will-hakeem-jeffries-win-the-2028-democratic-presidential-nomination,Will Hakeem Jeffries win the 2028 Democratic presidential nomination?,Will Hakeem Jeffries win the 2028 Democratic presidential nomination?,"This market will resolve to “Yes” if the named individual wins and accepts the 2028 nomination of the Democratic Party for U.S. president. Otherwise, this market will resolve to “No”.

The resolution source for this market will be a consensus of official Democratic Party sources.

Any replacement of the democratic nominee before election day will not change the resolution of the market.",,,democratic-presidential-nominee-2028,Democratic Presidential Nominee 2028,232065.908166,1797996.11275,False,2028-11-07T00:00:00Z,"[""23940655822937666554179928631365405234554137716172612284986318717257054413669"", ""74558297484750387958365610940184220316219182006445006209048673137036909262424""]",https://polymarket.com/market/will-hakeem-jeffries-win-the-2028-democratic-presidential-nomination
559699,will-elissa-slotkin-win-the-2028-democratic-presidential-nomination,Will Elissa Slotkin win the 2028 Democratic presidential nomination?,Will Elissa Slotkin win the 2028 Democratic presidential nomination?,"This market will resolve to “Yes” if the named individual wins and accepts the 2028 nomination of the Democratic Party for U.S. president. Otherwise, this market will resolve to “No”.

The resolution source for this market will be a consensus of official Democratic Party sources.

Any replacement of the democratic nominee before election day will not change the resolution of the market.",,,democratic-presidential-nominee-2028,Democratic Presidential Nominee 2028,913623.9366139999,1557680.67345,False,2028-11-07T00:00:00Z,"[""48455736546094517370011063312529885328905072240106316551156607253162886762655"", ""21910945789202551310737182019481519202352824012676720876277298283641159588352""]",https://polymarket.com/market/will-elissa-slotkin-win-the-2028-democratic-presidential-nomination
559700,will-adam-schiff-win-the-2028-democratic-presidential-nomination,Will Adam Schiff win the 2028 Democratic presidential nomination?,Will Adam Schiff win the 2028 Democratic presidential nomination?,"This market will resolve to “Yes” if the named individual wins and accepts the 2028 nomination of the Democratic Party for U.S. president. Otherwise, this market will resolve to “No”.

The resolution source for this market will be a consensus of official Democratic Party sources.

Any replacement of the democratic nominee before election day will not change the resolution of the market.",,,democratic-presidential-nominee-2028,Democratic Presidential Nominee 2028,140192.70883299998,1943953.00806,False,2028-11-07T00:00:00Z,"[""62721325588078416441678692954905586544000289214339415151384834742710012983810"", ""4587616472715295492925849115245921456579283399977029619430824277410859697""]",https://polymarket.com/market/will-adam-schiff-win-the-2028-democratic-presidential-nomination
559701,will-josh-stein-win-the-2028-democratic-presidential-nomination,Will Josh Stein win the 2028 Democratic presidential nomination?,Will Josh Stein win the 2028 Democratic presidential nomination?,"This market will resolve to “Yes” if the named individual wins and accepts the 2028 nomination of the Democratic Party for U.S. president. Otherwise, this market will resolve to “No”.

The resolution source for this market will be a consensus of official Democratic Party sources.

Any replacement of the democratic nominee before election day will not change the resolution of the market.",,,democratic-presidential-nominee-2028,Democratic Presidential Nominee 2028,980971.8039920003,1850806.59573,False,2028-11-07T00:00:00Z,"[""88892629978057552473594496509394432528313837466696628191322608851106929962536"", ""86408082986810982428934766746057237103501895775284376283076301431054177694153""]",https://polymarket.com/market/will-josh-stein-win-the-2028-democratic-presidential-nomination
559702,will-alex-padilla-win-the-2028-democratic-presidential-nomination,Will Alex Padilla win the 2028 Democratic presidential nomination?,Will Alex Padilla win the 2028 Democratic presidential nomination?,"This market will resolve to “Yes” if the named individual wins and accepts the 2028 nomination of the Democratic Party for U.S. president. Otherwise, this market will resolve to “No”.

The resolution source for this market will be a consensus of official Democratic Party sources.

Any replacement of the democratic nominee before election day will not change the resolution of the market.",,,democratic-presidential-nominee-2028,Democratic Presidential Nominee 2028,218941.998999,1882489.10021,False,2028-11-07T00:00:00Z,"[""70419914298819599884598619432566620509485573636622456902301761941886565776666"", ""17607158498290934698430813319324932561291042726975634499432565780430086473903""]",https://polymarket.com/market/will-alex-padilla-win-the-2028-democratic-presidential-nomination
560317,putin-out-before-2027-346,"Putin out as President of Russia by December 31, 2026?","Putin out as President of Russia by December 31, 2026?","This market will resolve to “Yes” if Vladimir Putin ceases to be President of Russia for any period of time between market creation and the specified date (ET). Otherwise, this market will resolve to “No”.

An announcement of Vladimir Putin's resignation/removal before this market's end date will immediately resolve this market to ""Yes"", regardless of when the announced resignation/removal goes into effect.

If the specified individual is detained, effectively removed from the specified position, or otherwise permanently prevented from fulfilling the duties of the specified position within this market’s timeframe, it will qualify for a “Yes” resolution.

The resolution source for this market will be official information from Vladimir Putin and the government of Russia; however, a consensus of credible reporting may also be used.",,,putin-out-before-2027,Putin out as President of Russia by...?,18952781.654252,657773.0292,False,2026-12-31T18:30:00Z,"[""350977769852917329387037893294763093471844346281449484439085576212613048126"", ""87073899845581463485186346288398658568334162612963837182986759797304993556208""]",https://polymarket.com/market/putin-out-before-2027-346
561229,will-jd-vance-win-the-2028-us-presidential-election,Will JD Vance win the 2028 US Presidential Election?,Will JD Vance win the 2028 US Presidential Election?,"The 2028 US Presidential Election is scheduled to take place on November 7, 2028.

This market will resolve to the person who wins the 2028 US Presidential Election.

The resolution source for this market is the Associated Press, Fox News, and NBC. This market will resolve once all three sources call the race for the same candidate. If all three sources haven’t called the race for the same candidate by the inauguration date (January 20, 2029) this market will resolve based on who is inaugurated.",,,presidential-election-winner-2028,Presidential Election Winner 2028,15440237.693171,459623.34113,False,2028-11-07T00:00:00Z,"[""16040015440196279900485035793550429453516625694844857319147506590755961451627"", ""94476829201604408463453426454480212459887267917122244941405244686637914508323""]",https://polymarket.com/market/will-jd-vance-win-the-2028-us-presidential-election
561230,will-gavin-newsom-win-the-2028-us-presidential-election,Will Gavin Newsom win the 2028 US Presidential Election?,Will Gavin Newsom win the 2028 US Presidential Election?,"The 2028 US Presidential Election is scheduled to take place on November 7, 2028.

This market will resolve to the person who wins the 2028 US Presidential Election.

The resolution source for this market is the Associated Press, Fox News, and NBC. This market will resolve once all three sources call the race for the same candidate. If all three sources haven’t called the race for the same candidate by the inauguration date (January 20, 2029) this market will resolve based on who is inaugurated.",,,presidential-election-winner-2028,Presidential Election Winner 2028,17780829.830326,443868.07772,False,2028-11-07T00:00:00Z,"[""98250445447699368679516529207365255018790721464590833209064266254238063117329"", ""18823838997443878656879952590502524526556504037944392973476854588563571859850""]",https://polymarket.com/market/will-gavin-newsom-win-the-2028-us-presidential-election
561231,will-alexandria-ocasio-cortez-win-the-2028-us-presidential-election,Will Alexandria Ocasio-Cortez win the 2028 US Presidential Election?,Will Alexandria Ocasio-Cortez win the 2028 US Presidential Election?,"The 2028 US Presidential Election is scheduled to take place on November 7, 2028.

This market will resolve to the person who wins the 2028 US Presidential Election.

The resolution source for this market is the Associated Press, Fox News, and NBC. This market will resolve once all three sources call the race for the same candidate. If all three sources haven’t called the race for the same candidate by the inauguration date (January 20, 2029) this market will resolve based on who is inaugurated.",,,presidential-election-winner-2028,Presidential Election Winner 2028,13162505.546473995,359124.14015,False,2028-11-07T00:00:00Z,"[""8113830512143065501177519557124858581375945005490796772950589720955457782465"", ""11493926619286817179231142642565394485790380952577225820901334479399429951651""]",https://polymarket.com/market/will-alexandria-ocasio-cortez-win-the-2028-us-presidential-election
561232,will-pete-buttigieg-win-the-2028-us-presidential-election,Will Pete Buttigieg win the 2028 US Presidential Election?,Will Pete Buttigieg win the 2028 US Presidential Election?,"The 2028 US Presidential Election is scheduled to take place on November 7, 2028.

This market will resolve to the person who wins the 2028 US Presidential Election.

The resolution source for this market is the Associated Press, Fox News, and NBC. This market will resolve once all three sources call the race for the same candidate. If all three sources haven’t called the race for the same candidate by the inauguration date (January 20, 2029) this market will resolve based on who is inaugurated.",,,presidential-election-winner-2028,Presidential Election Winner 2028,7999704.184683999,510080.8833,False,2028-11-07T00:00:00Z,"[""35629456194498013232473191985311930903993567273832459837879398120893197410860"", ""26087406687932108531005204502244492184534000122992461059156880611150953145122""]",https://polymarket.com/market/will-pete-buttigieg-win-the-2028-us-presidential-election
561233,will-josh-shapiro-win-the-2028-us-presidential-election,Will Josh Shapiro win the 2028 US Presidential Election?,Will Josh Shapiro win the 2028 US Presidential Election?,"The 2028 US Presidential Election is scheduled to take place on November 7, 2028.

This market will resolve to the person who wins the 2028 US Presidential Election.

The resolution source for this market is the Associated Press, Fox News, and NBC. This market will resolve once all three sources call the race for the same candidate. If all three sources haven’t called the race for the same candidate by the inauguration date (January 20, 2029) this market will resolve based on who is inaugurated.",,,presidential-election-winner-2028,Presidential Election Winner 2028,7087676.295867999,482998.63633,False,2028-11-07T00:00:00Z,"[""1420113190297259908358916251277696183671602680024474979931472444792502392139"", ""9195312844128905514645503106857912558078141569888031031723687687489317147622""]",https://polymarket.com/market/will-josh-shapiro-win-the-2028-us-presidential-election
561234,will-marco-rubio-win-the-2028-us-presidential-election,Will Marco Rubio win the 2028 US Presidential Election?,Will Marco Rubio win the 2028 US Presidential Election?,"The 2028 US Presidential Election is scheduled to take place on November 7, 2028.

This market will resolve to the person who wins the 2028 US Presidential Election.

The resolution source for this market is the Associated Press, Fox News, and NBC. This market will resolve once all three sources call the race for the same candidate. If all three sources haven’t called the race for the same candidate by the inauguration date (January 20, 2029) this market will resolve based on who is inaugurated.",,,presidential-election-winner-2028,Presidential Election Winner 2028,11916991.350242002,348605.62342,False,2028-11-07T00:00:00Z,"[""11171618905857319805355893398009978356002287408842633593535559412449299952250"", ""65892530750232246342273648992064742042382898919201083513241874070914353628268""]",https://polymarket.com/market/will-marco-rubio-win-the-2028-us-presidential-election
561235,will-wes-moore-win-the-2028-us-presidential-election,Will Wes Moore win the 2028 US Presidential Election?,Will Wes Moore win the 2028 US Presidential Election?,"The 2028 US Presidential Election is scheduled to take place on November 7, 2028.

This market will resolve to the person who wins the 2028 US Presidential Election.

The resolution source for this market is the Associated Press, Fox News, and NBC. This market will resolve once all three sources call the race for the same candidate. If all three sources haven’t called the race for the same candidate by the inauguration date (January 20, 2029) this market will resolve based on who is inaugurated.",,,presidential-election-winner-2028,Presidential Election Winner 2028,12222161.622937005,305775.12584,False,2028-11-07T00:00:00Z,"[""35272507273162958827997790327967872292415567859334925862043618606081750011897"", ""374661216370333715221919731169956915917040066803205972387948453758235235593""]",https://polymarket.com/market/will-wes-moore-win-the-2028-us-presidential-election
561236,will-gretchen-whitmer-win-the-2028-us-presidential-election,Will Gretchen Whitmer win the 2028 US Presidential Election?,Will Gretchen Whitmer win the 2028 US Presidential Election?,"The 2028 US Presidential Election is scheduled to take place on November 7, 2028.

This market will resolve to the person who wins the 2028 US Presidential Election.

The resolution source for this market is the Associated Press, Fox News, and NBC. This market will resolve once all three sources call the race for the same candidate. If all three sources haven’t called the race for the same candidate by the inauguration date (January 20, 2029) this market will resolve based on who is inaugurated.",,,presidential-election-winner-2028,Presidential Election Winner 2028,15439788.793693006,297496.53111,False,2028-11-07T00:00:00Z,"[""4999047257294547885970323631312419427544062131054733229841947946130772277335"", ""102084577517225131375286042838758381959278092930102485541091152099183604495224""]",https://polymarket.com/market/will-gretchen-whitmer-win-the-2028-us-presidential-election
561237,will-andy-beshear-win-the-2028-us-presidential-election,Will Andy Beshear win the 2028 US Presidential Election?,Will Andy Beshear win the 2028 US Presidential Election?,"The 2028 US Presidential Election is scheduled to take place on November 7, 2028.

This market will resolve to the person who wins the 2028 US Presidential Election.

The resolution source for this market is the Associated Press, Fox News, and NBC. This market will resolve once all three sources call the race for the same candidate. If all three sources haven’t called the race for the same candidate by the inauguration date (January 20, 2029) this market will resolve based on who is inaugurated.",,,presidential-election-winner-2028,Presidential Election Winner 2028,19050109.090140004,390805.75237,False,2028-11-07T00:00:00Z,"[""50507496430692162923857760920722624157737138256097150616293040054748564876552"", ""53112547591746110422238703365888013497196468199611167129486770819598374380742""]",https://polymarket.com/market/will-andy-beshear-win-the-2028-us-presidential-election
561238,will-glenn-youngkin-win-the-2028-us-presidential-election,Will Glenn Youngkin win the 2028 US Presidential Election?,Will Glenn Youngkin win the 2028 US Presidential Election?,"The 2028 US Presidential Election is scheduled to take place on November 7, 2028.

This market will resolve to the person who wins the 2028 US Presidential Election.

The resolution source for this market is the Associated Press, Fox News, and NBC. This market will resolve once all three sources call the race for the same candidate. If all three sources haven’t called the race for the same candidate by the inauguration date (January 20, 2029) this market will resolve based on who is inaugurated.",,,presidential-election-winner-2028,Presidential Election Winner 2028,26490672.774791975,2110617.97467,False,2028-11-07T00:00:00Z,"[""631059815958854406224163480574507434200946764542129005247984171366597476420"", ""100418331065194201410948024347944500798513421135064468615649525110872253639397""]",https://polymarket.com/market/will-glenn-youngkin-win-the-2028-us-presidential-election
561239,will-kamala-harris-win-the-2028-us-presidential-election,Will Kamala Harris win the 2028 US Presidential Election?,Will Kamala Harris win the 2028 US Presidential Election?,"The 2028 US Presidential Election is scheduled to take place on November 7, 2028.

This market will resolve to the person who wins the 2028 US Presidential Election.

The resolution source for this market is the Associated Press, Fox News, and NBC. This market will resolve once all three sources call the race for the same candidate. If all three sources haven’t called the race for the same candidate by the inauguration date (January 20, 2029) this market will resolve based on who is inaugurated.",,,presidential-election-winner-2028,Presidential Election Winner 2028,8696674.250927007,341761.93642,False,2028-11-07T00:00:00Z,"[""70663352401606372246362604193214664065595751757222752105245221905399175050480"", ""4988819538339626436114997160558538168652916536529198363646261454228218983102""]",https://polymarket.com/market/will-kamala-harris-win-the-2028-us-presidential-election
561240,will-stephen-smith-win-the-2028-us-presidential-election,Will Stephen Smith win the 2028 US Presidential Election?,Will Stephen Smith win the 2028 US Presidential Election?,"The 2028 US Presidential Election is scheduled to take place on November 7, 2028.

This market will resolve to the person who wins the 2028 US Presidential Election.

The resolution source for this market is the Associated Press, Fox News, and NBC. This market will resolve once all three sources call the race for the same candidate. If all three sources haven’t called the race for the same candidate by the inauguration date (January 20, 2029) this market will resolve based on who is inaugurated.",,,presidential-election-winner-2028,Presidential Election Winner 2028,33334009.342619017,1362752.73722,False,2028-11-07T00:00:00Z,"[""105367778020161609482094090847463497982204321259381518614669619753184648647559"", ""12867420029045504056332323771270227403424313645832702673618751920867223902054""]",https://polymarket.com/market/will-stephen-smith-win-the-2028-us-presidential-election
561241,will-jb-pritzker-win-the-2028-us-presidential-election,Will JB Pritzker win the 2028 US Presidential Election?,Will JB Pritzker win the 2028 US Presidential Election?,"The 2028 US Presidential Election is scheduled to take place on November 7, 2028.

This market will resolve to the person who wins the 2028 US Presidential Election.

The resolution source for this market is the Associated Press, Fox News, and NBC. This market will resolve once all three sources call the race for the same candidate. If all three sources haven’t called the race for the same candidate by the inauguration date (January 20, 2029) this market will resolve based on who is inaugurated.",,,presidential-election-winner-2028,Presidential Election Winner 2028,12547845.860025,738095.41526,False,2028-11-07T00:00:00Z,"[""70948731404464821824516595498024506131170394300814446118501620719416471444076"", ""111825297267676135304812085666512747626812691749338692567733264184356420470119""]",https://polymarket.com/market/will-jb-pritzker-win-the-2028-us-presidential-election
561242,will-tulsi-gabbard-win-the-2028-us-presidential-election,Will Tulsi Gabbard win the 2028 US Presidential Election?,Will Tulsi Gabbard win the 2028 US Presidential Election?,"The 2028 US Presidential Election is scheduled to take place on November 7, 2028.

This market will resolve to the person who wins the 2028 US Presidential Election.

The resolution source for this market is the Associated Press, Fox News, and NBC. This market will resolve once all three sources call the race for the same candidate. If all three sources haven’t called the race for the same candidate by the inauguration date (January 20, 2029) this market will resolve based on who is inaugurated.",,,presidential-election-winner-2028,Presidential Election Winner 2028,34398937.064178,1732605.76526,False,2028-11-07T00:00:00Z,"[""97633418272282627828834872960145259034624388719803091466146359304286851612172"", ""17854429586516792397214557963923647011517685971868312042416963526864862523185""]",https://polymarket.com/market/will-tulsi-gabbard-win-the-2028-us-presidential-election
561243,will-donald-trump-win-the-2028-us-presidential-election,Will Donald Trump win the 2028 US Presidential Election?,Will Donald Trump win the 2028 US Presidential Election?,"The 2028 US Presidential Election is scheduled to take place on November 7, 2028.

This market will resolve to the person who wins the 2028 US Presidential Election.

The resolution source for this market is the Associated Press, Fox News, and NBC. This market will resolve once all three sources call the race for the same candidate. If all three sources haven’t called the race for the same candidate by the inauguration date (January 20, 2029) this market will resolve based on who is inaugurated.",,,presidential-election-winner-2028,Presidential Election Winner 2028,9501485.124719985,525670.28692,False,2028-11-07T00:00:00Z,"[""11807691644868166983390207408868795383945915035851758101409310535538572683733"", ""72656506786460378316387284276713856836841708169262528054985577978493419440428""]",https://polymarket.com/market/will-donald-trump-win-the-2028-us-presidential-election
561244,will-donald-trump-jr-win-the-2028-us-presidential-election,Will Donald Trump Jr. win the 2028 US Presidential Election?,Will Donald Trump Jr. win the 2028 US Presidential Election?,"The 2028 US Presidential Election is scheduled to take place on November 7, 2028.

This market will resolve to the person who wins the 2028 US Presidential Election.

The resolution source for this market is the Associated Press, Fox News, and NBC. This market will resolve once all three sources call the race for the same candidate. If all three sources haven’t called the race for the same candidate by the inauguration date (January 20, 2029) this market will resolve based on who is inaugurated.",,,presidential-election-winner-2028,Presidential Election Winner 2028,13647987.365846004,949913.89963,False,2028-11-07T00:00:00Z,"[""77660944053451874285291959901958937238149180369572698706675030657716494119346"", ""52761630651452310319295064365704431564140478140269624735570317771849185169635""]",https://polymarket.com/market/will-donald-trump-jr-win-the-2028-us-presidential-election
561245,will-nikki-haley-win-the-2028-us-presidential-election,Will Nikki Haley win the 2028 US Presidential Election?,Will Nikki Haley win the 2028 US Presidential Election?,"The 2028 US Presidential Election is scheduled to take place on November 7, 2028.

This market will resolve to the person who wins the 2028 US Presidential Election.

The resolution source for this market is the Associated Press, Fox News, and NBC. This market will resolve once all three sources call the race for the same candidate. If all three sources haven’t called the race for the same candidate by the inauguration date (January 20, 2029) this market will resolve based on who is inaugurated.",,,presidential-election-winner-2028,Presidential Election Winner 2028,28651710.18886103,2173632.02457,False,2028-11-07T00:00:00Z,"[""14253956839582698877884742930225331487593177635330318923853046874994118249367"", ""84386913213192310444216977895083273572419886997719576824320630372812149173320""]",https://polymarket.com/market/will-nikki-haley-win-the-2028-us-presidential-election
561246,will-ron-desantis-win-the-2028-us-presidential-election,Will Ron DeSantis win the 2028 US Presidential Election?,Will Ron DeSantis win the 2028 US Presidential Election?,"The 2028 US Presidential Election is scheduled to take place on November 7, 2028.

This market will resolve to the person who wins the 2028 US Presidential Election.

The resolution source for this market is the Associated Press, Fox News, and NBC. This market will resolve once all three sources call the race for the same candidate. If all three sources haven’t called the race for the same candidate by the inauguration date (January 20, 2029) this market will resolve based on who is inaugurated.",,,presidential-election-winner-2028,Presidential Election Winner 2028,12330849.615932992,370693.87886,False,2028-11-07T00:00:00Z,"[""104480514270625615787868282411330496385404675495672110015326625654626015018993"", ""65724430065358897810064400118831287249960059855415477063660293398018349529272""]",https://polymarket.com/market/will-ron-desantis-win-the-2028-us-presidential-election
561247,will-tim-walz-win-the-2028-us-presidential-election,Will Tim Walz win the 2028 US Presidential Election?,Will Tim Walz win the 2028 US Presidential Election?,"The 2028 US Presidential Election is scheduled to take place on November 7, 2028.

This market will resolve to the person who wins the 2028 US Presidential Election.

The resolution source for this market is the Associated Press, Fox News, and NBC. This market will resolve once all three sources call the race for the same candidate. If all three sources haven’t called the race for the same candidate by the inauguration date (January 20, 2029) this market will resolve based on who is inaugurated.",,,presidential-election-winner-2028,Presidential Election Winner 2028,44489923.97463402,2376578.1585,False,2028-11-07T00:00:00Z,"[""2638997461401140008448476093092229850740161649668999975101243681118238509713"", ""31711509411930636383466083293019394636501894118049148509527295292186501260570""]",https://polymarket.com/market/will-tim-walz-win-the-2028-us-presidential-election
561248,will-vivek-ramaswamy-win-the-2028-us-presidential-election,Will Vivek Ramaswamy win the 2028 US Presidential Election?,Will Vivek Ramaswamy win the 2028 US Presidential Election?,"The 2028 US Presidential Election is scheduled to take place on November 7, 2028.

This market will resolve to the person who wins the 2028 US Presidential Election.

The resolution source for this market is the Associated Press, Fox News, and NBC. This market will resolve once all three sources call the race for the same candidate. If all three sources haven’t called the race for the same candidate by the inauguration date (January 20, 2029) this market will resolve based on who is inaugurated.",,,presidential-election-winner-2028,Presidential Election Winner 2028,37672275.335190006,1625722.74212,False,2028-11-07T00:00:00Z,"[""48067717079255656974334181122173546721823870434119599450595298250019538972254"", ""50325246165657443726245430907883748796540778371466135108478470877169556977248""]",https://polymarket.com/market/will-vivek-ramaswamy-win-the-2028-us-presidential-election
561249,will-greg-abbott-win-the-2028-us-presidential-election,Will Greg Abbott win the 2028 US Presidential Election?,Will Greg Abbott win the 2028 US Presidential Election?,"The 2028 US Presidential Election is scheduled to take place on November 7, 2028.

This market will resolve to the person who wins the 2028 US Presidential Election.

The resolution source for this market is the Associated Press, Fox News, and NBC. This market will resolve once all three sources call the race for the same candidate. If all three sources haven’t called the race for the same candidate by the inauguration date (January 20, 2029) this market will resolve based on who is inaugurated.",,,presidential-election-winner-2028,Presidential Election Winner 2028,35251903.90719102,2278764.15218,False,2028-11-07T00:00:00Z,"[""58585097107933138034126275600204468509993701936571284309823871593297754181479"", ""104431860535489654020481219089291817898241901940037260095979653681449084465327""]",https://polymarket.com/market/will-greg-abbott-win-the-2028-us-presidential-election
561250,will-elon-musk-win-the-2028-us-presidential-election,Will Elon Musk win the 2028 US Presidential Election?,Will Elon Musk win the 2028 US Presidential Election?,"The 2028 US Presidential Election is scheduled to take place on November 7, 2028.

This market will resolve to the person who wins the 2028 US Presidential Election.

The resolution source for this market is the Associated Press, Fox News, and NBC. This market will resolve once all three sources call the race for the same candidate. If all three sources haven’t called the race for the same candidate by the inauguration date (January 20, 2029) this market will resolve based on who is inaugurated.",,,presidential-election-winner-2028,Presidential Election Winner 2028,25921656.38380701,1719870.19399,False,2028-11-07T00:00:00Z,"[""26641906520532802078452346454133721131611596169940893262820937050881742190686"", ""59064132013843281708610372809406242099497812053529304284160897825180883604145""]",https://polymarket.com/market/will-elon-musk-win-the-2028-us-presidential-election
561251,will-lebron-james-win-the-2028-us-presidential-election,Will LeBron James win the 2028 US Presidential Election?,Will LeBron James win the 2028 US Presidential Election?,"The 2028 US Presidential Election is scheduled to take place on November 7, 2028.

This market will resolve to the person who wins the 2028 US Presidential Election.

The resolution source for this market is the Associated Press, Fox News, and NBC. This market will resolve once all three sources call the race for the same candidate. If all three sources haven’t called the race for the same candidate by the inauguration date (January 20, 2029) this market will resolve based on who is inaugurated.",,,presidential-election-winner-2028,Presidential Election Winner 2028,54539929.62010807,2447706.49417,False,2028-11-07T00:00:00Z,"[""39223330966352513418907732239455948906399882924787587183466504819170775983376"", ""50862799703982327636174441241062907649998751737045006653560124656563256528691""]",https://polymarket.com/market/will-lebron-james-win-the-2028-us-presidential-election
561252,will-dwayne-the-rock-johnson-win-the-2028-us-presidential-election,Will Dwayne 'The Rock' Johnson win the 2028 US Presidential Election?,Will Dwayne 'The Rock' Johnson win the 2028 US Presidential Election?,"The 2028 US Presidential Election is scheduled to take place on November 7, 2028.

This market will resolve to the person who wins the 2028 US Presidential Election.

The resolution source for this market is the Associated Press, Fox News, and NBC. This market will resolve once all three sources call the race for the same candidate. If all three sources haven’t called the race for the same candidate by the inauguration date (January 20, 2029) this market will resolve based on who is inaugurated.",,,presidential-election-winner-2028,Presidential Election Winner 2028,8209567.005947002,230826.3264,False,2028-11-07T00:00:00Z,"[""76252402837334795047528042167618984089231134882494719641438604550246396692717"", ""82779978600617806806814031291287454099780828258739355925042203335968508676880""]",https://polymarket.com/market/will-dwayne-the-rock-johnson-win-the-2028-us-presidential-election
561253,will-tucker-carlson-win-the-2028-us-presidential-election,Will Tucker Carlson win the 2028 US Presidential Election?,Will Tucker Carlson win the 2028 US Presidential Election?,"The 2028 US Presidential Election is scheduled to take place on November 7, 2028.

This market will resolve to the person who wins the 2028 US Presidential Election.

The resolution source for this market is the Associated Press, Fox News, and NBC. This market will resolve once all three sources call the race for the same candidate. If all three sources haven’t called the race for the same candidate by the inauguration date (January 20, 2029) this market will resolve based on who is inaugurated.",,,presidential-election-winner-2028,Presidential Election Winner 2028,13997907.093854984,391253.47784,False,2028-11-07T00:00:00Z,"[""45015916581148592087728250896178171120552786117190685135618507471166113474733"", ""5353194854864999214467212176625447374807704051407621946584152368216621932371""]",https://polymarket.com/market/will-tucker-carlson-win-the-2028-us-presidential-election
561254,will-kim-kardashian-win-the-2028-us-presidential-election,Will Kim Kardashian win the 2028 US Presidential Election?,Will Kim Kardashian win the 2028 US Presidential Election?,"The 2028 US Presidential Election is scheduled to take place on November 7, 2028.

This market will resolve to the person who wins the 2028 US Presidential Election.

The resolution source for this market is the Associated Press, Fox News, and NBC. This market will resolve once all three sources call the race for the same candidate. If all three sources haven’t called the race for the same candidate by the inauguration date (January 20, 2029) this market will resolve based on who is inaugurated.",,,presidential-election-winner-2028,Presidential Election Winner 2028,39794584.39461599,2030815.4667,False,2028-11-07T00:00:00Z,"[""24863363384036117015867671383779186335047493791693657275104567365292353535818"", ""44632793419668141561343859504077903947361590865219599333832862239708628173864""]",https://polymarket.com/market/will-kim-kardashian-win-the-2028-us-presidential-election
561255,will-ivanka-trump-win-the-2028-us-presidential-election,Will Ivanka Trump win the 2028 US Presidential Election?,Will Ivanka Trump win the 2028 US Presidential Election?,"The 2028 US Presidential Election is scheduled to take place on November 7, 2028.

This market will resolve to the person who wins the 2028 US Presidential Election.

The resolution source for this market is the Associated Press, Fox News, and NBC. This market will resolve once all three sources call the race for the same candidate. If all three sources haven’t called the race for the same candidate by the inauguration date (January 20, 2029) this market will resolve based on who is inaugurated.",,,presidential-election-winner-2028,Presidential Election Winner 2028,8004582.099267,595620.01252,False,2028-11-07T00:00:00Z,"[""40932864651005132434669457369564353816786330205469778285035893634458129671101"", ""56215025902031889702122383201324191240581604266667334383154318117703136383150""]",https://polymarket.com/market/will-ivanka-trump-win-the-2028-us-presidential-election
561256,will-zohran-mamdani-win-the-2028-us-presidential-election,Will Zohran Mamdani win the 2028 US Presidential Election?,Will Zohran Mamdani win the 2028 US Presidential Election?,"The 2028 US Presidential Election is scheduled to take place on November 7, 2028.

This market will resolve to the person who wins the 2028 US Presidential Election.

The resolution source for this market is the Associated Press, Fox News, and NBC. This market will resolve once all three sources call the race for the same candidate. If all three sources haven’t called the race for the same candidate by the inauguration date (January 20, 2029) this market will resolve based on who is inaugurated.",,,presidential-election-winner-2028,Presidential Election Winner 2028,21837447.034913007,1853047.77509,False,2028-11-07T00:00:00Z,"[""94621929236241392639802280031607240386237812521756048982107414565863464212526"", ""37476438367629084207797870684242875797541797912993121111059056752005821579571""]",https://polymarket.com/market/will-zohran-mamdani-win-the-2028-us-presidential-election
561257,will-michelle-obama-win-the-2028-us-presidential-election,Will Michelle Obama win the 2028 US Presidential Election?,Will Michelle Obama win the 2028 US Presidential Election?,"The 2028 US Presidential Election is scheduled to take place on November 7, 2028.

This market will resolve to the person who wins the 2028 US Presidential Election.

The resolution source for this market is the Associated Press, Fox News, and NBC. This market will resolve once all three sources call the race for the same candidate. If all three sources haven’t called the race for the same candidate by the inauguration date (January 20, 2029) this market will resolve based on who is inaugurated.",,,presidential-election-winner-2028,Presidential Election Winner 2028,18670307.646359015,1493377.24615,False,2028-11-07T00:00:00Z,"[""88521269813605705303364598280494261510300497312149869577251450871617962933121"", ""1970496541508335019913900195809032484597886384784144327835472760880523550630""]",https://polymarket.com/market/will-michelle-obama-win-the-2028-us-presidential-election
561258,will-jamie-dimon-win-the-2028-us-presidential-election,Will Jamie Dimon win the 2028 US Presidential Election?,Will Jamie Dimon win the 2028 US Presidential Election?,"The 2028 US Presidential Election is scheduled to take place on November 7, 2028.

This market will resolve to the person who wins the 2028 US Presidential Election.

The resolution source for this market is the Associated Press, Fox News, and NBC. This market will resolve once all three sources call the race for the same candidate. If all three sources haven’t called the race for the same candidate by the inauguration date (January 20, 2029) this market will resolve based on who is inaugurated.",,,presidential-election-winner-2028,Presidential Election Winner 2028,10806915.248565003,886123.76503,False,2028-11-07T00:00:00Z,"[""23692929455124171734375794579007643086071570310019729232490607671061438183936"", ""30050897091642315762983745166096629857367320723415212749446858994810226049012""]",https://polymarket.com/market/will-jamie-dimon-win-the-2028-us-presidential-election
561259,will-ro-khanna-win-the-2028-us-presidential-election,Will Ro Khanna win the 2028 US Presidential Election?,Will Ro Khanna win the 2028 US Presidential Election?,"The 2028 US Presidential Election is scheduled to take place on November 7, 2028.

This market will resolve to the person who wins the 2028 US Presidential Election.

The resolution source for this market is the Associated Press, Fox News, and NBC. This market will resolve once all three sources call the race for the same candidate. If all three sources haven’t called the race for the same candidate by the inauguration date (January 20, 2029) this market will resolve based on who is inaugurated.",,,presidential-election-winner-2028,Presidential Election Winner 2028,10689123.389550997,1074281.32953,False,2028-11-07T00:00:00Z,"[""45264462342307496826883801236629887275526404999716050689931105511159370296978"", ""21034003091803474219272633665814818485285721473911024023600356649009960505229""]",https://polymarket.com/market/will-ro-khanna-win-the-2028-us-presidential-election
561260,will-thomas-massie-win-the-2028-us-presidential-election,Will Thomas Massie win the 2028 US Presidential Election?,Will Thomas Massie win the 2028 US Presidential Election?,"The 2028 US Presidential Election is scheduled to take place on November 7, 2028.

This market will resolve to the person who wins the 2028 US Presidential Election.

The resolution source for this market is the Associated Press, Fox News, and NBC. This market will resolve once all three sources call the race for the same candidate. If all three sources haven’t called the race for the same candidate by the inauguration date (January 20, 2029) this market will resolve based on who is inaugurated.",,,presidential-election-winner-2028,Presidential Election Winner 2028,8176019.371358999,373520.35009,False,2028-11-07T00:00:00Z,"[""89071282556584199015490241074221756662667488270789034763702585258138302536112"", ""18620821165547265880582330532076859546462061138941862890257010665389427790094""]",https://polymarket.com/market/will-thomas-massie-win-the-2028-us-presidential-election
561261,will-jon-ossoff-win-the-2028-us-presidential-election,Will Jon Ossoff win the 2028 US Presidential Election?,Will Jon Ossoff win the 2028 US Presidential Election?,"The 2028 US Presidential Election is scheduled to take place on November 7, 2028.

This market will resolve to the person who wins the 2028 US Presidential Election.

The resolution source for this market is the Associated Press, Fox News, and NBC. This market will resolve once all three sources call the race for the same candidate. If all three sources haven’t called the race for the same candidate by the inauguration date (January 20, 2029) this market will resolve based on who is inaugurated.",,,presidential-election-winner-2028,Presidential Election Winner 2028,5477108.454595,446167.03619,False,2028-11-07T00:00:00Z,"[""110102705199530588976777616718115948005824665233400132417374621750887344831757"", ""98394838816403247684221016468696784125095120854407803889228262583112436699261""]",https://polymarket.com/market/will-jon-ossoff-win-the-2028-us-presidential-election
561262,will-james-talarico-win-the-2028-us-presidential-election,Will James Talarico win the 2028 US Presidential Election?,Will James Talarico win the 2028 US Presidential Election?,"The 2028 US Presidential Election is scheduled to take place on November 7, 2028.

This market will resolve to the person who wins the 2028 US Presidential Election.

The resolution source for this market is the Associated Press, Fox News, and NBC. This market will resolve once all three sources call the race for the same candidate. If all three sources haven’t called the race for the same candidate by the inauguration date (January 20, 2029) this market will resolve based on who is inaugurated.",,,presidential-election-winner-2028,Presidential Election Winner 2028,6825252.155308,939341.79379,False,2028-11-07T00:00:00Z,"[""92909595831677784305960426832337551335132297174712723670055008600724483830120"", ""26699870693127605012594021642110712356790266877635966965879322906179628109191""]",https://polymarket.com/market/will-james-talarico-win-the-2028-us-presidential-election
561263,will-eric-trump-win-the-2028-us-presidential-election,Will Eric Trump win the 2028 US Presidential Election?,Will Eric Trump win the 2028 US Presidential Election?,"The 2028 US Presidential Election is scheduled to take place on November 7, 2028.

This market will resolve to the person who wins the 2028 US Presidential Election.

The resolution source for this market is the Associated Press, Fox News, and NBC. This market will resolve once all three sources call the race for the same candidate. If all three sources haven’t called the race for the same candidate by the inauguration date (January 20, 2029) this market will resolve based on who is inaugurated.",,,presidential-election-winner-2028,Presidential Election Winner 2028,18612599.143260997,2291748.33068,False,2028-11-07T00:00:00Z,"[""67028631656597977031363620447645908995417871899828777750494099295092202422178"", ""92435534412344629891924787958876018882926476169555134960124357040149315497159""]",https://polymarket.com/market/will-eric-trump-win-the-2028-us-presidential-election
561264,will-pete-hegseth-win-the-2028-us-presidential-election,Will Pete Hegseth win the 2028 US Presidential Election?,Will Pete Hegseth win the 2028 US Presidential Election?,"The 2028 US Presidential Election is scheduled to take place on November 7, 2028.

This market will resolve to the person who wins the 2028 US Presidential Election.

The resolution source for this market is the Associated Press, Fox News, and NBC. This market will resolve once all three sources call the race for the same candidate. If all three sources haven’t called the race for the same candidate by the inauguration date (January 20, 2029) this market will resolve based on who is inaugurated.",,,presidential-election-winner-2028,Presidential Election Winner 2028,8689167.500985999,1953207.4647,False,2028-11-07T00:00:00Z,"[""19127703543758281171764934244436807153695715307017908811054254126168591609122"", ""55988424779505974483153818818889528404380009581145395352086864710928569072171""]",https://polymarket.com/market/will-pete-hegseth-win-the-2028-us-presidential-election
561265,will-jalen-brunson-win-the-2028-us-presidential-election,Will Jalen Brunson win the 2028 US Presidential Election?,Will Jalen Brunson win the 2028 US Presidential Election?,"The 2028 US Presidential Election is scheduled to take place on November 7, 2028.

This market will resolve to the person who wins the 2028 US Presidential Election.

The resolution source for this market is the Associated Press, Fox News, and NBC. This market will resolve once all three sources call the race for the same candidate. If all three sources haven’t called the race for the same candidate by the inauguration date (January 20, 2029) this market will resolve based on who is inaugurated.",,,presidential-election-winner-2028,Presidential Election Winner 2028,2373592.395673999,1979500.02523,False,2028-11-07T00:00:00Z,"[""102551965884513878228913656538331960551103243325173310298991321638711054206295"", ""25024096730843207041631203687678604497004516683590537482462688974562400646963""]",https://polymarket.com/market/will-jalen-brunson-win-the-2028-us-presidential-election
561266,will-abigail-spanberger-win-the-2028-us-presidential-election,Will Abigail Spanberger win the 2028 US Presidential Election?,Will Abigail Spanberger win the 2028 US Presidential Election?,"The 2028 US Presidential Election is scheduled to take place on November 7, 2028.

This market will resolve to the person who wins the 2028 US Presidential Election.

The resolution source for this market is the Associated Press, Fox News, and NBC. This market will resolve once all three sources call the race for the same candidate. If all three sources haven’t called the race for the same candidate by the inauguration date (January 20, 2029) this market will resolve based on who is inaugurated.",,,presidential-election-winner-2028,Presidential Election Winner 2028,276150.73800000007,1699073.79407,False,2028-11-07T00:00:00Z,"[""26300126250638962432368126833553865841971269530697411678483716322368818562639"", ""56204927946241537265164149462328189883020469254625443960117418316112304974602""]",https://polymarket.com/market/will-abigail-spanberger-win-the-2028-us-presidential-election
561267,will-hakeem-jeffries-win-the-2028-us-presidential-election,Will Hakeem Jeffries win the 2028 US Presidential Election?,Will Hakeem Jeffries win the 2028 US Presidential Election?,"The 2028 US Presidential Election is scheduled to take place on November 7, 2028.

This market will resolve to the person who wins the 2028 US Presidential Election.

The resolution source for this market is the Associated Press, Fox News, and NBC. This market will resolve once all three sources call the race for the same candidate. If all three sources haven’t called the race for the same candidate by the inauguration date (January 20, 2029) this market will resolve based on who is inaugurated.",,,presidential-election-winner-2028,Presidential Election Winner 2028,147308.61099999998,1543278.29959,False,2028-11-07T00:00:00Z,"[""27324378907862915329653747321506298712990175671811760510867365204472005456284"", ""92680287057439870681299584384986809628158268708309296202308169106990008539739""]",https://polymarket.com/market/will-hakeem-jeffries-win-the-2028-us-presidential-election
561268,will-elissa-slotkin-win-the-2028-us-presidential-election,Will Elissa Slotkin win the 2028 US Presidential Election?,Will Elissa Slotkin win the 2028 US Presidential Election?,"The 2028 US Presidential Election is scheduled to take place on November 7, 2028.

This market will resolve to the person who wins the 2028 US Presidential Election.

The resolution source for this market is the Associated Press, Fox News, and NBC. This market will resolve once all three sources call the race for the same candidate. If all three sources haven’t called the race for the same candidate by the inauguration date (January 20, 2029) this market will resolve based on who is inaugurated.",,,presidential-election-winner-2028,Presidential Election Winner 2028,304087.59466600005,1853464.8245,False,2028-11-07T00:00:00Z,"[""48603794625473459817558518297806850992009615470611080215039575427157653927669"", ""52728319505612554616109154570709065358779880697251731838206843628919066236833""]",https://polymarket.com/market/will-elissa-slotkin-win-the-2028-us-presidential-election
561269,will-adam-schiff-win-the-2028-us-presidential-election,Will Adam Schiff win the 2028 US Presidential Election?,Will Adam Schiff win the 2028 US Presidential Election?,"The 2028 US Presidential Election is scheduled to take place on November 7, 2028.

This market will resolve to the person who wins the 2028 US Presidential Election.

The resolution source for this market is the Associated Press, Fox News, and NBC. This market will resolve once all three sources call the race for the same candidate. If all three sources haven’t called the race for the same candidate by the inauguration date (January 20, 2029) this market will resolve based on who is inaugurated.",,,presidential-election-winner-2028,Presidential Election Winner 2028,393155.27400000003,1744574.76956,False,2028-11-07T00:00:00Z,"[""41714979268040478071540687092470339003658632436860166518888808949878005742810"", ""64861611938661374970167075583118094920857040813468137850797111348162445000117""]",https://polymarket.com/market/will-adam-schiff-win-the-2028-us-presidential-election
561270,will-josh-stein-win-the-2028-us-presidential-election,Will Josh Stein win the 2028 US Presidential Election?,Will Josh Stein win the 2028 US Presidential Election?,"The 2028 US Presidential Election is scheduled to take place on November 7, 2028.

This market will resolve to the person who wins the 2028 US Presidential Election.

The resolution source for this market is the Associated Press, Fox News, and NBC. This market will resolve once all three sources call the race for the same candidate. If all three sources haven’t called the race for the same candidate by the inauguration date (January 20, 2029) this market will resolve based on who is inaugurated.",,,presidential-election-winner-2028,Presidential Election Winner 2028,379191.325,1866724.19677,False,2028-11-07T00:00:00Z,"[""81914651028896069221591777664987513664858213907907450367169656205040430609207"", ""65690056973061661242675346311703362078774633474188031871609738459615961194811""]",https://polymarket.com/market/will-josh-stein-win-the-2028-us-presidential-election
561271,will-alex-padilla-win-the-2028-us-presidential-election,Will Alex Padilla win the 2028 US Presidential Election?,Will Alex Padilla win the 2028 US Presidential Election?,"The 2028 US Presidential Election is scheduled to take place on November 7, 2028.

This market will resolve to the person who wins the 2028 US Presidential Election.

The resolution source for this market is the Associated Press, Fox News, and NBC. This market will resolve once all three sources call the race for the same candidate. If all three sources haven’t called the race for the same candidate by the inauguration date (January 20, 2029) this market will resolve based on who is inaugurated.",,,presidential-election-winner-2028,Presidential Election Winner 2028,318348.049,1542522.86038,False,2028-11-07T00:00:00Z,"[""111275251472058072508619811663710362197823477418115657686883100870313266336765"", ""17525279555198427422522944312175513306451262897003545478403196837987378558377""]",https://polymarket.com/market/will-alex-padilla-win-the-2028-us-presidential-election
561272,will-candace-owens-win-the-2028-us-presidential-election,Will Candace Owens win the 2028 US Presidential Election?,Will Candace Owens win the 2028 US Presidential Election?,"The 2028 US Presidential Election is scheduled to take place on November 7, 2028.

This market will resolve to the person who wins the 2028 US Presidential Election.

The resolution source for this market is the Associated Press, Fox News, and NBC. This market will resolve once all three sources call the race for the same candidate. If all three sources haven’t called the race for the same candidate by the inauguration date (January 20, 2029) this market will resolve based on who is inaugurated.",,,presidential-election-winner-2028,Presidential Election Winner 2028,309404.303,1843746.32929,False,2028-11-07T00:00:00Z,"[""30592713517693064640872287798282181889924970160995509574203628557763502328846"", ""63747459676140983983119370335862836972776944721638042677139477092813941329379""]",https://polymarket.com/market/will-candace-owens-win-the-2028-us-presidential-election
561273,will-tim-scott-win-the-2028-us-presidential-election,Will Tim Scott win the 2028 US Presidential Election?,Will Tim Scott win the 2028 US Presidential Election?,"The 2028 US Presidential Election is scheduled to take place on November 7, 2028.

This market will resolve to the person who wins the 2028 US Presidential Election.

The resolution source for this market is the Associated Press, Fox News, and NBC. This market will resolve once all three sources call the race for the same candidate. If all three sources haven’t called the race for the same candidate by the inauguration date (January 20, 2029) this market will resolve based on who is inaugurated.",,,presidential-election-winner-2028,Presidential Election Winner 2028,269446.368833,1779377.43319,False,2028-11-07T00:00:00Z,"[""24908228760416922213612434617001183346078469158297998009944252494961344688838"", ""11859092901364772208765529642173057538268245606218298881278208061029457183888""]",https://polymarket.com/market/will-tim-scott-win-the-2028-us-presidential-election
561274,will-mike-johnson-win-the-2028-us-presidential-election,Will Mike Johnson win the 2028 US Presidential Election?,Will Mike Johnson win the 2028 US Presidential Election?,"The 2028 US Presidential Election is scheduled to take place on November 7, 2028.

This market will resolve to the person who wins the 2028 US Presidential Election.

The resolution source for this market is the Associated Press, Fox News, and NBC. This market will resolve once all three sources call the race for the same candidate. If all three sources haven’t called the race for the same candidate by the inauguration date (January 20, 2029) this market will resolve based on who is inaugurated.",,,presidential-election-winner-2028,Presidential Election Winner 2028,226202.686,1456268.81004,False,2028-11-07T00:00:00Z,"[""12167445601241038494598627746141164571603283042691642667221433294800793091205"", ""9840968653599928014975758860003361924335058077946108821235343614820040422707""]",https://polymarket.com/market/will-mike-johnson-win-the-2028-us-presidential-election
561275,will-doug-burgum-win-the-2028-us-presidential-election,Will Doug Burgum win the 2028 US Presidential Election?,Will Doug Burgum win the 2028 US Presidential Election?,"The 2028 US Presidential Election is scheduled to take place on November 7, 2028.

This market will resolve to the person who wins the 2028 US Presidential Election.

The resolution source for this market is the Associated Press, Fox News, and NBC. This market will resolve once all three sources call the race for the same candidate. If all three sources haven’t called the race for the same candidate by the inauguration date (January 20, 2029) this market will resolve based on who is inaugurated.",,,presidential-election-winner-2028,Presidential Election Winner 2028,217612.232333,1679417.37445,False,2028-11-07T00:00:00Z,"[""94314941650039047289265493612932677665453822154521043846008907983710285812703"", ""95884527968430507361099486487437375025232177441474571920519522278338971837411""]",https://polymarket.com/market/will-doug-burgum-win-the-2028-us-presidential-election
561276,will-tom-cotton-win-the-2028-us-presidential-election,Will Tom Cotton win the 2028 US Presidential Election?,Will Tom Cotton win the 2028 US Presidential Election?,"The 2028 US Presidential Election is scheduled to take place on November 7, 2028.

This market will resolve to the person who wins the 2028 US Presidential Election.

The resolution source for this market is the Associated Press, Fox News, and NBC. This market will resolve once all three sources call the race for the same candidate. If all three sources haven’t called the race for the same candidate by the inauguration date (January 20, 2029) this market will resolve based on who is inaugurated.",,,presidential-election-winner-2028,Presidential Election Winner 2028,1273663.8135000002,1673835.75132,False,2028-11-07T00:00:00Z,"[""56114071801627868962796345927407759352134024540758530261292405761584104631958"", ""699760440443572634226889331587639832193469028348897842277726584908934436456""]",https://polymarket.com/market/will-tom-cotton-win-the-2028-us-presidential-election
561277,will-john-n-kennedy-win-the-2028-us-presidential-election,Will John N. Kennedy win the 2028 US Presidential Election?,Will John N. Kennedy win the 2028 US Presidential Election?,"The 2028 US Presidential Election is scheduled to take place on November 7, 2028.

This market will resolve to the person who wins the 2028 US Presidential Election.

The resolution source for this market is the Associated Press, Fox News, and NBC. This market will resolve once all three sources call the race for the same candidate. If all three sources haven’t called the race for the same candidate by the inauguration date (January 20, 2029) this market will resolve based on who is inaugurated.",,,presidential-election-winner-2028,Presidential Election Winner 2028,310334.04266599996,1750439.11388,False,2028-11-07T00:00:00Z,"[""61376537780820968688230468137773433996457038190018192165125329985229525512432"", ""114175369505129800799572542329404562938075095795159790523829595510726319985568""]",https://polymarket.com/market/will-john-n-kennedy-win-the-2028-us-presidential-election
561278,will-rick-scott-win-the-2028-us-presidential-election,Will Rick Scott win the 2028 US Presidential Election?,Will Rick Scott win the 2028 US Presidential Election?,"The 2028 US Presidential Election is scheduled to take place on November 7, 2028.

This market will resolve to the person who wins the 2028 US Presidential Election.

The resolution source for this market is the Associated Press, Fox News, and NBC. This market will resolve once all three sources call the race for the same candidate. If all three sources haven’t called the race for the same candidate by the inauguration date (January 20, 2029) this market will resolve based on who is inaugurated.",,,presidential-election-winner-2028,Presidential Election Winner 2028,224988.202,1781488.92159,False,2028-11-07T00:00:00Z,"[""87585684272089146836087133268410753291623456331972637059302024009373916951268"", ""66458687815541994518651074424584986682918925123399399704368725020566855056846""]",https://polymarket.com/market/will-rick-scott-win-the-2028-us-presidential-election
561279,will-person-ad-win-the-2028-us-presidential-election,Will Mark Kelly win the 2028 US Presidential Election?,Will Mark Kelly win the 2028 US Presidential Election?,"The 2028 US Presidential Election is scheduled to take place on November 7, 2028.

This market will resolve to the person who wins the 2028 US Presidential Election.

The resolution source for this market is the Associated Press, Fox News, and NBC. This market will resolve once all three sources call the race for the same candidate. If all three sources haven’t called the race for the same candidate by the inauguration date (January 20, 2029) this market will resolve based on who is inaugurated.",,,presidential-election-winner-2028,Presidential Election Winner 2028,210565.0752,307389.82164,False,2028-11-07T00:00:00Z,"[""82484367794922542194748130898709267498229902036004201791332178634402889282171"", ""89821015669503537422389095428651648457077040845329428560948484811370716592120""]",https://polymarket.com/market/will-person-ad-win-the-2028-us-presidential-election
561280,will-person-ae-win-the-2028-us-presidential-election,Will Raphael Warnock win the 2028 US Presidential Election?,Will Raphael Warnock win the 2028 US Presidential Election?,"The 2028 US Presidential Election is scheduled to take place on November 7, 2028.

This market will resolve to the person who wins the 2028 US Presidential Election.

The resolution source for this market is the Associated Press, Fox News, and NBC. This market will resolve once all three sources call the race for the same candidate. If all three sources haven’t called the race for the same candidate by the inauguration date (January 20, 2029) this market will resolve based on who is inaugurated.",,,presidential-election-winner-2028,Presidential Election Winner 2028,305308.57899999997,273732.48337,False,2028-11-07T00:00:00Z,"[""5019810753168153471323122473105082718702229310401435759781569586768450866932"", ""40124365841715577281967397943205975756839079590013082886367841247396523029061""]",https://polymarket.com/market/will-person-ae-win-the-2028-us-presidential-election
561973,will-donald-trump-win-the-2028-republican-presidential-nomination,Will Donald Trump win the 2028 Republican presidential nomination?,Will Donald Trump win the 2028 Republican presidential nomination?,"This market will resolve to “Yes” if the named individual wins and accepts the 2028 nomination of the Republican Party for U.S. president. Otherwise, this market will resolve to “No”.

The resolution source for this market will be a consensus of official Republican Party sources.

Any replacement of the Republican nominee before election day will not change the resolution of the market.",,,republican-presidential-nominee-2028,Republican Presidential Nominee 2028,9407841.450343,373247.77873,False,2028-11-07T00:00:00Z,"[""3039641309958397001906153616677074061284510636204155275446291716739429262374"", ""27828976648682466778776999076215423777766972981338264154049603024771135223200""]",https://polymarket.com/market/will-donald-trump-win-the-2028-republican-presidential-nomination
561974,will-jd-vance-win-the-2028-republican-presidential-nomination,Will J.D. Vance win the 2028 Republican presidential nomination?,Will J.D. Vance win the 2028 Republican presidential nomination?,"This market will resolve to “Yes” if the named individual wins and accepts the 2028 nomination of the Republican Party for U.S. president. Otherwise, this market will resolve to “No”.

The resolution source for this market will be a consensus of official Republican Party sources.

Any replacement of the Republican nominee before election day will not change the resolution of the market.",,,republican-presidential-nominee-2028,Republican Presidential Nominee 2028,15233543.979879005,313082.03862,False,2028-11-07T00:00:00Z,"[""40081275558852222228080198821361202017557872256707631666334039001378518619916"", ""78633590736077251574794513664747155551297291244492840448622550955320930591622""]",https://polymarket.com/market/will-jd-vance-win-the-2028-republican-presidential-nomination
561975,will-marco-rubio-win-the-2028-republican-presidential-nomination,Will Marco Rubio win the 2028 Republican presidential nomination?,Will Marco Rubio win the 2028 Republican presidential nomination?,"This market will resolve to “Yes” if the named individual wins and accepts the 2028 nomination of the Republican Party for U.S. president. Otherwise, this market will resolve to “No”.

The resolution source for this market will be a consensus of official Republican Party sources.

Any replacement of the Republican nominee before election day will not change the resolution of the market.",,,republican-presidential-nominee-2028,Republican Presidential Nominee 2028,10169921.711998,310840.92742,False,2028-11-07T00:00:00Z,"[""13565458761220145250977753098276900790902214604876327357986816739576288755859"", ""75720156002519829912361786945091022242706922246722836126941546028340974330171""]",https://polymarket.com/market/will-marco-rubio-win-the-2028-republican-presidential-nomination
561976,will-tulsi-gabbard-win-the-2028-republican-presidential-nomination,Will Tulsi Gabbard win the 2028 Republican presidential nomination?,Will Tulsi Gabbard win the 2028 Republican presidential nomination?,"This market will resolve to “Yes” if the named individual wins and accepts the 2028 nomination of the Republican Party for U.S. president. Otherwise, this market will resolve to “No”.

The resolution source for this market will be a consensus of official Republican Party sources.

Any replacement of the Republican nominee before election day will not change the resolution of the market.",,,republican-presidential-nominee-2028,Republican Presidential Nominee 2028,13622528.973527,1519663.94373,False,2028-11-07T00:00:00Z,"[""111796631871113641071635832853519973638674140424258605036492112910151603434351"", ""72519808073108999474312955064075820476359073658026830985534265136852842710652""]",https://polymarket.com/market/will-tulsi-gabbard-win-the-2028-republican-presidential-nomination
561977,will-glenn-youngkin-win-the-2028-republican-presidential-nomination,Will Glenn Youngkin win the 2028 Republican presidential nomination?,Will Glenn Youngkin win the 2028 Republican presidential nomination?,"This market will resolve to “Yes” if the named individual wins and accepts the 2028 nomination of the Republican Party for U.S. president. Otherwise, this market will resolve to “No”.

The resolution source for this market will be a consensus of official Republican Party sources.

Any replacement of the Republican nominee before election day will not change the resolution of the market.",,,republican-presidential-nominee-2028,Republican Presidential Nominee 2028,8550998.151358,328796.14761,False,2028-11-07T00:00:00Z,"[""108177352465155946413420144732939501038742536693084796111933355102723645081439"", ""40195401263640671665116916114051111593115139897599831021772971493074676316453""]",https://polymarket.com/market/will-glenn-youngkin-win-the-2028-republican-presidential-nomination
561978,will-donald-trump-jr-win-the-2028-republican-presidential-nomination,Will Donald Trump Jr. win the 2028 Republican presidential nomination?,Will Donald Trump Jr. win the 2028 Republican presidential nomination?,"This market will resolve to “Yes” if the named individual wins and accepts the 2028 nomination of the Republican Party for U.S. president. Otherwise, this market will resolve to “No”.

The resolution source for this market will be a consensus of official Republican Party sources.

Any replacement of the Republican nominee before election day will not change the resolution of the market.",,,republican-presidential-nominee-2028,Republican Presidential Nominee 2028,9563568.874618,635932.0583,False,2028-11-07T00:00:00Z,"[""96972794085445478502118386209219626048407104930213167197946285611747327241358"", ""17764541728623556463430129981248514099360802330077857891779810164830347138778""]",https://polymarket.com/market/will-donald-trump-jr-win-the-2028-republican-presidential-nomination
561979,will-ron-desantis-win-the-2028-republican-presidential-nomination,Will Ron DeSantis win the 2028 Republican presidential nomination?,Will Ron DeSantis win the 2028 Republican presidential nomination?,"This market will resolve to “Yes” if the named individual wins and accepts the 2028 nomination of the Republican Party for U.S. president. Otherwise, this market will resolve to “No”.

The resolution source for this market will be a consensus of official Republican Party sources.

Any replacement of the Republican nominee before election day will not change the resolution of the market.",,,republican-presidential-nominee-2028,Republican Presidential Nominee 2028,15227354.020112002,305957.84046,False,2028-11-07T00:00:00Z,"[""12127975650736113116407758794754973741525044713193258995588171654429754588610"", ""95344728193244020854716971584323868633691370479151373416918812532794690491367""]",https://polymarket.com/market/will-ron-desantis-win-the-2028-republican-presidential-nomination
561980,will-nikki-haley-win-the-2028-republican-presidential-nomination,Will Nikki Haley win the 2028 Republican presidential nomination?,Will Nikki Haley win the 2028 Republican presidential nomination?,"This market will resolve to “Yes” if the named individual wins and accepts the 2028 nomination of the Republican Party for U.S. president. Otherwise, this market will resolve to “No”.

The resolution source for this market will be a consensus of official Republican Party sources.

Any replacement of the Republican nominee before election day will not change the resolution of the market.",,,republican-presidential-nominee-2028,Republican Presidential Nominee 2028,10186054.958941001,1404456.76612,False,2028-11-07T00:00:00Z,"[""30919109558246209971545892228598482722881502507049010402392877610451001659386"", ""26953454878227822916154850804639118151137570755140575650667657375528451821297""]",https://polymarket.com/market/will-nikki-haley-win-the-2028-republican-presidential-nomination
561981,will-vivek-ramaswamy-win-the-2028-republican-presidential-nomination,Will Vivek Ramaswamy win the 2028 Republican presidential nomination?,Will Vivek Ramaswamy win the 2028 Republican presidential nomination?,"This market will resolve to “Yes” if the named individual wins and accepts the 2028 nomination of the Republican Party for U.S. president. Otherwise, this market will resolve to “No”.

The resolution source for this market will be a consensus of official Republican Party sources.

Any replacement of the Republican nominee before election day will not change the resolution of the market.",,,republican-presidential-nominee-2028,Republican Presidential Nominee 2028,16054369.332162,782306.61942,False,2028-11-07T00:00:00Z,"[""7847177314809025001842027337093046201021185723933452855314998541165696902642"", ""61638209040977576407645319654548998972645370498978369829582391676362965890344""]",https://polymarket.com/market/will-vivek-ramaswamy-win-the-2028-republican-presidential-nomination
561982,will-sarah-huckabee-sanders-win-the-2028-republican-presidential-nomination,Will Sarah Huckabee Sanders win the 2028 Republican presidential nomination?,Will Sarah Huckabee Sanders win the 2028 Republican presidential nomination?,"This market will resolve to “Yes” if the named individual wins and accepts the 2028 nomination of the Republican Party for U.S. president. Otherwise, this market will resolve to “No”.

The resolution source for this market will be a consensus of official Republican Party sources.

Any replacement of the Republican nominee before election day will not change the resolution of the market.",,,republican-presidential-nominee-2028,Republican Presidential Nominee 2028,32673909.109775998,2236139.22265,False,2028-11-07T00:00:00Z,"[""35019878675696902444730611385908114488958639217305639231975258218416576501435"", ""56675537260019219223601219755487607959534973218119249587935401577859164512735""]",https://polymarket.com/market/will-sarah-huckabee-sanders-win-the-2028-republican-presidential-nomination
561983,will-greg-abbott-win-the-2028-republican-presidential-nomination,Will Greg Abbott win the 2028 Republican presidential nomination?,Will Greg Abbott win the 2028 Republican presidential nomination?,"This market will resolve to “Yes” if the named individual wins and accepts the 2028 nomination of the Republican Party for U.S. president. Otherwise, this market will resolve to “No”.

The resolution source for this market will be a consensus of official Republican Party sources.

Any replacement of the Republican nominee before election day will not change the resolution of the market.",,,republican-presidential-nominee-2028,Republican Presidential Nominee 2028,20671160.021884993,1792522.62227,False,2028-11-07T00:00:00Z,"[""51109358167525503124101840618196204295486048568333812245607026343682053354150"", ""105260987547015135110430961088356552513173217328170504644895138366924523280544""]",https://polymarket.com/market/will-greg-abbott-win-the-2028-republican-presidential-nomination
561984,will-robert-f-kennedy-jr-win-the-2028-republican-presidential-nomination,Will Robert F. Kennedy Jr. win the 2028 Republican presidential nomination?,Will Robert F. Kennedy Jr. win the 2028 Republican presidential nomination?,"This market will resolve to “Yes” if the named individual wins and accepts the 2028 nomination of the Republican Party for U.S. president. Otherwise, this market will resolve to “No”.

The resolution source for this market will be a consensus of official Republican Party sources.

Any replacement of the Republican nominee before election day will not change the resolution of the market.",,,republican-presidential-nominee-2028,Republican Presidential Nominee 2028,16792709.599473998,1904785.54377,False,2028-11-07T00:00:00Z,"[""85795532452312461688342921814235563171225750416821603832877839950165564679042"", ""39330841918533865878755515006696866431225622573860977548617538419162581783990""]",https://polymarket.com/market/will-robert-f-kennedy-jr-win-the-2028-republican-presidential-nomination
561985,will-brian-kemp-win-the-2028-republican-presidential-nomination,Will Brian Kemp win the 2028 Republican presidential nomination?,Will Brian Kemp win the 2028 Republican presidential nomination?,"This market will resolve to “Yes” if the named individual wins and accepts the 2028 nomination of the Republican Party for U.S. president. Otherwise, this market will resolve to “No”.

The resolution source for this market will be a consensus of official Republican Party sources.

Any replacement of the Republican nominee before election day will not change the resolution of the market.",,,republican-presidential-nominee-2028,Republican Presidential Nominee 2028,17820772.304204,970972.61444,False,2028-11-07T00:00:00Z,"[""109121432238307135312607668741094299588249627783575654034498708660414246884093"", ""26528147249337195767129586250556983229143036006556368874091657477633405171243""]",https://polymarket.com/market/will-brian-kemp-win-the-2028-republican-presidential-nomination
561986,will-byron-donalds-win-the-2028-republican-presidential-nomination,Will Byron Donalds win the 2028 Republican presidential nomination?,Will Byron Donalds win the 2028 Republican presidential nomination?,"This market will resolve to “Yes” if the named individual wins and accepts the 2028 nomination of the Republican Party for U.S. president. Otherwise, this market will resolve to “No”.

The resolution source for this market will be a consensus of official Republican Party sources.

Any replacement of the Republican nominee before election day will not change the resolution of the market.",,,republican-presidential-nominee-2028,Republican Presidential Nominee 2028,44383570.733008996,1936108.80682,False,2028-11-07T00:00:00Z,"[""311624663652221737215322113380496984764966764039692273354641152455298576851"", ""43292374563904271719486871569114922516560719431752184778538513591321835161630""]",https://polymarket.com/market/will-byron-donalds-win-the-2028-republican-presidential-nomination
561987,will-elise-stefanik-win-the-2028-republican-presidential-nomination,Will Elise Stefanik win the 2028 Republican presidential nomination?,Will Elise Stefanik win the 2028 Republican presidential nomination?,"This market will resolve to “Yes” if the named individual wins and accepts the 2028 nomination of the Republican Party for U.S. president. Otherwise, this market will resolve to “No”.

The resolution source for this market will be a consensus of official Republican Party sources.

Any replacement of the Republican nominee before election day will not change the resolution of the market.",,,republican-presidential-nominee-2028,Republican Presidential Nominee 2028,27972216.569142,2099119.50682,False,2028-11-07T00:00:00Z,"[""46762065358788748743762617584400316865170283087328708370205000691002445395596"", ""6106142631847917497743561296507558396893160722310876727437797090897927202403""]",https://polymarket.com/market/will-elise-stefanik-win-the-2028-republican-presidential-nomination
561988,will-josh-hawley-win-the-2028-republican-presidential-nomination,Will Josh Hawley win the 2028 Republican presidential nomination?,Will Josh Hawley win the 2028 Republican presidential nomination?,"This market will resolve to “Yes” if the named individual wins and accepts the 2028 nomination of the Republican Party for U.S. president. Otherwise, this market will resolve to “No”.

The resolution source for this market will be a consensus of official Republican Party sources.

Any replacement of the Republican nominee before election day will not change the resolution of the market.",,,republican-presidential-nominee-2028,Republican Presidential Nominee 2028,20204773.58829999,1025320.48674,False,2028-11-07T00:00:00Z,"[""16959950591508656523048029588253513417107455151269158025695062757254216051157"", ""67257241906349232705880054817671247803154024437556078414309396160231441958063""]",https://polymarket.com/market/will-josh-hawley-win-the-2028-republican-presidential-nomination
561989,will-ted-cruz-win-the-2028-republican-presidential-nomination,Will Ted Cruz win the 2028 Republican presidential nomination?,Will Ted Cruz win the 2028 Republican presidential nomination?,"This market will resolve to “Yes” if the named individual wins and accepts the 2028 nomination of the Republican Party for U.S. president. Otherwise, this market will resolve to “No”.

The resolution source for this market will be a consensus of official Republican Party sources.

Any replacement of the Republican nominee before election day will not change the resolution of the market.",,,republican-presidential-nominee-2028,Republican Presidential Nominee 2028,18780651.979427986,1083557.21438,False,2028-11-07T00:00:00Z,"[""75602319799101799832214450648958470414659751617273540482126444460192042893239"", ""67427191791815068910367164354907762897739120962449893449251138341231627575633""]",https://polymarket.com/market/will-ted-cruz-win-the-2028-republican-presidential-nomination
561990,will-elon-musk-win-the-2028-republican-presidential-nomination,Will Elon Musk win the 2028 Republican presidential nomination?,Will Elon Musk win the 2028 Republican presidential nomination?,"This market will resolve to “Yes” if the named individual wins and accepts the 2028 nomination of the Republican Party for U.S. president. Otherwise, this market will resolve to “No”.

The resolution source for this market will be a consensus of official Republican Party sources.

Any replacement of the Republican nominee before election day will not change the resolution of the market.",,,republican-presidential-nominee-2028,Republican Presidential Nominee 2028,28897678.68795599,2178426.92608,False,2028-11-07T00:00:00Z,"[""97933607699985149274021900377397416175605196663149372937380275158258659161873"", ""91654279459782700285030880702186010885362170180157997195869175981321159591151""]",https://polymarket.com/market/will-elon-musk-win-the-2028-republican-presidential-nomination
561991,will-matt-gaetz-win-the-2028-republican-presidential-nomination,Will Matt Gaetz win the 2028 Republican presidential nomination?,Will Matt Gaetz win the 2028 Republican presidential nomination?,"This market will resolve to “Yes” if the named individual wins and accepts the 2028 nomination of the Republican Party for U.S. president. Otherwise, this market will resolve to “No”.

The resolution source for this market will be a consensus of official Republican Party sources.

Any replacement of the Republican nominee before election day will not change the resolution of the market.",,,republican-presidential-nominee-2028,Republican Presidential Nominee 2028,20178634.463418014,2180720.40564,False,2028-11-07T00:00:00Z,"[""21684611233679565633387313395955873024927822291738934804105644401703825367322"", ""84095293813293852486357602606048386507591460335706798271998543834668723932068""]",https://polymarket.com/market/will-matt-gaetz-win-the-2028-republican-presidential-nomination
561992,will-katie-britt-win-the-2028-republican-presidential-nomination,Will Katie Britt win the 2028 Republican presidential nomination?,Will Katie Britt win the 2028 Republican presidential nomination?,"This market will resolve to “Yes” if the named individual wins and accepts the 2028 nomination of the Republican Party for U.S. president. Otherwise, this market will resolve to “No”.

The resolution source for this market will be a consensus of official Republican Party sources.

Any replacement of the Republican nominee before election day will not change the resolution of the market.",,,republican-presidential-nominee-2028,Republican Presidential Nominee 2028,28757231.927962005,2247327.75959,False,2028-11-07T00:00:00Z,"[""42282542821681724515855150589432262778581936160356547088323204270366545065655"", ""16356411122994156106976113515543626616680005491893556174464804958397610666717""]",https://polymarket.com/market/will-katie-britt-win-the-2028-republican-presidential-nomination
561993,will-john-thune-win-the-2028-republican-presidential-nomination,Will John Thune win the 2028 Republican presidential nomination?,Will John Thune win the 2028 Republican presidential nomination?,"This market will resolve to “Yes” if the named individual wins and accepts the 2028 nomination of the Republican Party for U.S. president. Otherwise, this market will resolve to “No”.

The resolution source for this market will be a consensus of official Republican Party sources.

Any replacement of the Republican nominee before election day will not change the resolution of the market.",,,republican-presidential-nominee-2028,Republican Presidential Nominee 2028,36170507.516836,2194461.77598,False,2028-11-07T00:00:00Z,"[""70663522560386702809794077554934323058266367604787739541440326847712418734032"", ""41485413495944705425855194078748995452405844646809371874868554464564710666533""]",https://polymarket.com/market/will-john-thune-win-the-2028-republican-presidential-nomination
561994,will-kristi-noem-win-the-2028-republican-presidential-nomination,Will Kristi Noem win the 2028 Republican presidential nomination?,Will Kristi Noem win the 2028 Republican presidential nomination?,"This market will resolve to “Yes” if the named individual wins and accepts the 2028 nomination of the Republican Party for U.S. president. Otherwise, this market will resolve to “No”.

The resolution source for this market will be a consensus of official Republican Party sources.

Any replacement of the Republican nominee before election day will not change the resolution of the market.",,,republican-presidential-nominee-2028,Republican Presidential Nominee 2028,36097600.20109902,2075610.62539,False,2028-11-07T00:00:00Z,"[""46777072088650922464797852907503479539785178123001199763117403684202580813104"", ""72681113618462806097972236701451065622180139607703509985766492272651534581276""]",https://polymarket.com/market/will-kristi-noem-win-the-2028-republican-presidential-nomination
561995,will-mike-pence-win-the-2028-republican-presidential-nomination,Will Mike Pence win the 2028 Republican presidential nomination?,Will Mike Pence win the 2028 Republican presidential nomination?,"This market will resolve to “Yes” if the named individual wins and accepts the 2028 nomination of the Republican Party for U.S. president. Otherwise, this market will resolve to “No”.

The resolution source for this market will be a consensus of official Republican Party sources.

Any replacement of the Republican nominee before election day will not change the resolution of the market.",,,republican-presidential-nominee-2028,Republican Presidential Nominee 2028,43376949.833431035,2131376.66253,False,2028-11-07T00:00:00Z,"[""110467341601356058460373968989438018821471776813704553223329002744055822742107"", ""11478861872612841666414979216747716059947331582670297431884562915546151249374""]",https://polymarket.com/market/will-mike-pence-win-the-2028-republican-presidential-nomination
561996,will-tucker-carlson-win-the-2028-republican-presidential-nomination,Will Tucker Carlson win the 2028 Republican presidential nomination?,Will Tucker Carlson win the 2028 Republican presidential nomination?,"This market will resolve to “Yes” if the named individual wins and accepts the 2028 nomination of the Republican Party for U.S. president. Otherwise, this market will resolve to “No”.

The resolution source for this market will be a consensus of official Republican Party sources.

Any replacement of the Republican nominee before election day will not change the resolution of the market.",,,republican-presidential-nominee-2028,Republican Presidential Nominee 2028,13316659.997087002,316403.8512,False,2028-11-07T00:00:00Z,"[""78994573210477487932611223094751007094801552166562252085708682076112788032998"", ""8140793935596394912663577132141762112024484538385519683062085870219967913900""]",https://polymarket.com/market/will-tucker-carlson-win-the-2028-republican-presidential-nomination
561998,will-ivanka-trump-win-the-2028-republican-presidential-nomination,Will Ivanka Trump win the 2028 Republican presidential nomination?,Will Ivanka Trump win the 2028 Republican presidential nomination?,"This market will resolve to “Yes” if the named individual wins and accepts the 2028 nomination of the Republican Party for U.S. president. Otherwise, this market will resolve to “No”.

The resolution source for this market will be a consensus of official Republican Party sources.

Any replacement of the Republican nominee before election day will not change the resolution of the market.",,,republican-presidential-nominee-2028,Republican Presidential Nominee 2028,8359569.124621001,994096.40648,False,2028-11-07T00:00:00Z,"[""64219883837418173804780196379638150140562767673275103175135949850170609939649"", ""38205061485482832990648495179350163959936416627781540057460551493511094122497""]",https://polymarket.com/market/will-ivanka-trump-win-the-2028-republican-presidential-nomination
561999,will-tom-brady-win-the-2028-republican-presidential-nomination,Will Tom Brady win the 2028 Republican presidential nomination?,Will Tom Brady win the 2028 Republican presidential nomination?,"This market will resolve to “Yes” if the named individual wins and accepts the 2028 nomination of the Republican Party for U.S. president. Otherwise, this market will resolve to “No”.

The resolution source for this market will be a consensus of official Republican Party sources.

Any replacement of the Republican nominee before election day will not change the resolution of the market.",,,republican-presidential-nominee-2028,Republican Presidential Nominee 2028,32893869.607729003,2181741.70157,False,2028-11-07T00:00:00Z,"[""45742939946094874824687417208711661205131461760422331277735745393193805349457"", ""110475425879038752349535639720766480458274565783397083615496250556947203595226""]",https://polymarket.com/market/will-tom-brady-win-the-2028-republican-presidential-nomination
562000,will-rand-paul-win-the-2028-republican-presidential-nomination,Will Rand Paul win the 2028 Republican presidential nomination?,Will Rand Paul win the 2028 Republican presidential nomination?,"This market will resolve to “Yes” if the named individual wins and accepts the 2028 nomination of the Republican Party for U.S. president. Otherwise, this market will resolve to “No”.

The resolution source for this market will be a consensus of official Republican Party sources.

Any replacement of the Republican nominee before election day will not change the resolution of the market.",,,republican-presidential-nominee-2028,Republican Presidential Nominee 2028,19270012.21128499,1713915.05271,False,2028-11-07T00:00:00Z,"[""56369772478534954338683665819559528414197495274302917800610633957542171787417"", ""97912974556505097471140703824534539631227593711361303698649171859837355186863""]",https://polymarket.com/market/will-rand-paul-win-the-2028-republican-presidential-nomination
562001,will-steve-bannon-win-the-2028-republican-presidential-nomination,Will Steve Bannon win the 2028 Republican presidential nomination?,Will Steve Bannon win the 2028 Republican presidential nomination?,"This market will resolve to “Yes” if the named individual wins and accepts the 2028 nomination of the Republican Party for U.S. president. Otherwise, this market will resolve to “No”.

The resolution source for this market will be a consensus of official Republican Party sources.

Any replacement of the Republican nominee before election day will not change the resolution of the market.",,,republican-presidential-nominee-2028,Republican Presidential Nominee 2028,22813655.31446602,2078085.4119,False,2028-11-07T00:00:00Z,"[""76572162491038773682779378100661251853152133818805423848523216103658476280587"", ""25583872291729778177187717614560645987351882646783629615247519807465184364234""]",https://polymarket.com/market/will-steve-bannon-win-the-2028-republican-presidential-nomination
562002,will-erika-kirk-win-the-2028-republican-presidential-nomination,Will Erika Kirk win the 2028 Republican presidential nomination?,Will Erika Kirk win the 2028 Republican presidential nomination?,"This market will resolve to “Yes” if the named individual wins and accepts the 2028 nomination of the Republican Party for U.S. president. Otherwise, this market will resolve to “No”.

The resolution source for this market will be a consensus of official Republican Party sources.

Any replacement of the Republican nominee before election day will not change the resolution of the market.",,,republican-presidential-nominee-2028,Republican Presidential Nominee 2028,18668852.433152992,2135887.04687,False,2028-11-07T00:00:00Z,"[""36725157385158152303355940271421346899386884953712631735038848833359115722560"", ""100798539333257155804503755544697952331380694697499428407950484702163979829576""]",https://polymarket.com/market/will-erika-kirk-win-the-2028-republican-presidential-nomination
562003,will-kim-kardashian-win-the-2028-republican-presidential-nomination,Will Kim Kardashian win the 2028 Republican presidential nomination?,Will Kim Kardashian win the 2028 Republican presidential nomination?,"This market will resolve to “Yes” if the named individual wins and accepts the 2028 nomination of the Republican Party for U.S. president. Otherwise, this market will resolve to “No”.

The resolution source for this market will be a consensus of official Republican Party sources.

Any replacement of the Republican nominee before election day will not change the resolution of the market.",,,republican-presidential-nominee-2028,Republican Presidential Nominee 2028,28511626.024362013,2335250.93292,False,2028-11-07T00:00:00Z,"[""10651968542740640896482407431367624536081358925965856338872110525887291512129"", ""103086387269187122378314827672946076309261054730475021633767467850510078119868""]",https://polymarket.com/market/will-kim-kardashian-win-the-2028-republican-presidential-nomination
562004,will-marjorie-taylor-greene-win-the-2028-republican-presidential-nomination,Will Marjorie Taylor Greene win the 2028 Republican presidential nomination?,Will Marjorie Taylor Greene win the 2028 Republican presidential nomination?,"This market will resolve to “Yes” if the named individual wins and accepts the 2028 nomination of the Republican Party for U.S. president. Otherwise, this market will resolve to “No”.

The resolution source for this market will be a consensus of official Republican Party sources.

Any replacement of the Republican nominee before election day will not change the resolution of the market.",,,republican-presidential-nominee-2028,Republican Presidential Nominee 2028,6686274.900140002,1066521.09067,False,2028-11-07T00:00:00Z,"[""65830295349944471218641822318218876930376684645620468557619951782520997909982"", ""33372330947023860525870630758549137902170576919090726047009795835189818269107""]",https://polymarket.com/market/will-marjorie-taylor-greene-win-the-2028-republican-presidential-nomination
562005,will-thomas-massie-win-the-2028-republican-presidential-nomination,Will Thomas Massie win the 2028 Republican presidential nomination?,Will Thomas Massie win the 2028 Republican presidential nomination?,"This market will resolve to “Yes” if the named individual wins and accepts the 2028 nomination of the Republican Party for U.S. president. Otherwise, this market will resolve to “No”.

The resolution source for this market will be a consensus of official Republican Party sources.

Any replacement of the Republican nominee before election day will not change the resolution of the market.",,,republican-presidential-nominee-2028,Republican Presidential Nominee 2028,5995011.548673002,450633.03576,False,2028-11-07T00:00:00Z,"[""99700879015134724880665931256853704724897234270130475786057704135245843006310"", ""94171791097080152294329103174901345850282375147106800117496695577931335275209""]",https://polymarket.com/market/will-thomas-massie-win-the-2028-republican-presidential-nomination
562006,will-eric-trump-win-the-2028-republican-presidential-nomination,Will Eric Trump win the 2028 Republican presidential nomination?,Will Eric Trump win the 2028 Republican presidential nomination?,"This market will resolve to “Yes” if the named individual wins and accepts the 2028 nomination of the Republican Party for U.S. president. Otherwise, this market will resolve to “No”.

The resolution source for this market will be a consensus of official Republican Party sources.

Any replacement of the Republican nominee before election day will not change the resolution of the market.",,,republican-presidential-nominee-2028,Republican Presidential Nominee 2028,10002106.821240999,2101424.84532,False,2028-11-07T00:00:00Z,"[""57919459237478987490046512369779809927967587873586488155446781256559839871449"", ""58389730991380235726868542531087058690762163352908563301611948484975927797504""]",https://polymarket.com/market/will-eric-trump-win-the-2028-republican-presidential-nomination
562007,will-joe-kent-win-the-2028-republican-presidential-nomination,Will Joe Kent win the 2028 Republican presidential nomination?,Will Joe Kent win the 2028 Republican presidential nomination?,"This market will resolve to “Yes” if the named individual wins and accepts the 2028 nomination of the Republican Party for U.S. president. Otherwise, this market will resolve to “No”.

The resolution source for this market will be a consensus of official Republican Party sources.

Any replacement of the Republican nominee before election day will not change the resolution of the market.",,,republican-presidential-nominee-2028,Republican Presidential Nominee 2028,8695442.91054,1688361.79845,False,2028-11-07T00:00:00Z,"[""79109138136144804495019974949003266649145803384760006308278371005319168843129"", ""65030375464178446496570525340832652143777619585997981475842311804446352421562""]",https://polymarket.com/market/will-joe-kent-win-the-2028-republican-presidential-nomination
562008,will-pete-hegseth-win-the-2028-republican-presidential-nomination,Will Pete Hegseth win the 2028 Republican presidential nomination?,Will Pete Hegseth win the 2028 Republican presidential nomination?,"This market will resolve to “Yes” if the named individual wins and accepts the 2028 nomination of the Republican Party for U.S. president. Otherwise, this market will resolve to “No”.

The resolution source for this market will be a consensus of official Republican Party sources.

Any replacement of the Republican nominee before election day will not change the resolution of the market.",,,republican-presidential-nominee-2028,Republican Presidential Nominee 2028,8788922.297506,1964676.69285,False,2028-11-07T00:00:00Z,"[""98511916129081689027111328481059704559518789751071585689160934736837069796376"", ""9858445493903501648722765041195521587435370553699986326259923783724888628821""]",https://polymarket.com/market/will-pete-hegseth-win-the-2028-republican-presidential-nomination
562009,will-candace-owens-win-the-2028-republican-presidential-nomination,Will Candace Owens win the 2028 Republican presidential nomination?,Will Candace Owens win the 2028 Republican presidential nomination?,"This market will resolve to “Yes” if the named individual wins and accepts the 2028 nomination of the Republican Party for U.S. president. Otherwise, this market will resolve to “No”.

The resolution source for this market will be a consensus of official Republican Party sources.

Any replacement of the Republican nominee before election day will not change the resolution of the market.",,,republican-presidential-nominee-2028,Republican Presidential Nominee 2028,542743.565831,1066397.06951,False,2028-11-07T00:00:00Z,"[""103583503429104930194497628126914667755033911422951268976034178026550261878964"", ""104506727636149041299659366434997071904261219660415251973928167233993662044749""]",https://polymarket.com/market/will-candace-owens-win-the-2028-republican-presidential-nomination
562010,will-tim-scott-win-the-2028-republican-presidential-nomination,Will Tim Scott win the 2028 Republican presidential nomination?,Will Tim Scott win the 2028 Republican presidential nomination?,"This market will resolve to “Yes” if the named individual wins and accepts the 2028 nomination of the Republican Party for U.S. president. Otherwise, this market will resolve to “No”.

The resolution source for this market will be a consensus of official Republican Party sources.

Any replacement of the Republican nominee before election day will not change the resolution of the market.",,,republican-presidential-nominee-2028,Republican Presidential Nominee 2028,233173.907166,1166160.6697,False,2028-11-07T00:00:00Z,"[""5512848766124376052999423421512013003730876644177915544789164561934035500453"", ""107397520174753938362592444517621272056012200608241033879184249398158199486352""]",https://polymarket.com/market/will-tim-scott-win-the-2028-republican-presidential-nomination
562011,will-mike-johnson-win-the-2028-republican-presidential-nomination,Will Mike Johnson win the 2028 Republican presidential nomination?,Will Mike Johnson win the 2028 Republican presidential nomination?,"This market will resolve to “Yes” if the named individual wins and accepts the 2028 nomination of the Republican Party for U.S. president. Otherwise, this market will resolve to “No”.

The resolution source for this market will be a consensus of official Republican Party sources.

Any replacement of the Republican nominee before election day will not change the resolution of the market.",,,republican-presidential-nominee-2028,Republican Presidential Nominee 2028,633591.1436650001,999803.89442,False,2028-11-07T00:00:00Z,"[""67009680541631417178786187475736119267175409373964622166552697723052949294917"", ""66184541511359055496328636694262565260133941886155730891488425086369465329409""]",https://polymarket.com/market/will-mike-johnson-win-the-2028-republican-presidential-nomination
562012,will-doug-burgum-win-the-2028-republican-presidential-nomination,Will Doug Burgum win the 2028 Republican presidential nomination?,Will Doug Burgum win the 2028 Republican presidential nomination?,"This market will resolve to “Yes” if the named individual wins and accepts the 2028 nomination of the Republican Party for U.S. president. Otherwise, this market will resolve to “No”.

The resolution source for this market will be a consensus of official Republican Party sources.

Any replacement of the Republican nominee before election day will not change the resolution of the market.",,,republican-presidential-nominee-2028,Republican Presidential Nominee 2028,334431.71099999995,1174048.25526,False,2028-11-07T00:00:00Z,"[""93113471876116345683070495396509212560170369825152543269547431997634874178256"", ""86893269108096748563599850479786001283685570143251102849322763229169408359930""]",https://polymarket.com/market/will-doug-burgum-win-the-2028-republican-presidential-nomination
562013,will-tom-cotton-win-the-2028-republican-presidential-nomination,Will Tom Cotton win the 2028 Republican presidential nomination?,Will Tom Cotton win the 2028 Republican presidential nomination?,"This market will resolve to “Yes” if the named individual wins and accepts the 2028 nomination of the Republican Party for U.S. president. Otherwise, this market will resolve to “No”.

The resolution source for this market will be a consensus of official Republican Party sources.

Any replacement of the Republican nominee before election day will not change the resolution of the market.",,,republican-presidential-nominee-2028,Republican Presidential Nominee 2028,867388.6016660001,614206.01612,False,2028-11-07T00:00:00Z,"[""77183606580201228784494296983790614769416656107808766333251588423667839654708"", ""92749143123473934444426129987774935901545805213978581951879870684552179450628""]",https://polymarket.com/market/will-tom-cotton-win-the-2028-republican-presidential-nomination
562014,will-john-n-kennedy-win-the-2028-republican-presidential-nomination,Will John N. Kennedy win the 2028 Republican presidential nomination?,Will John N. Kennedy win the 2028 Republican presidential nomination?,"This market will resolve to “Yes” if the named individual wins and accepts the 2028 nomination of the Republican Party for U.S. president. Otherwise, this market will resolve to “No”.

The resolution source for this market will be a consensus of official Republican Party sources.

Any replacement of the Republican nominee before election day will not change the resolution of the market.",,,republican-presidential-nominee-2028,Republican Presidential Nominee 2028,209861.35000000003,1176877.9235,False,2028-11-07T00:00:00Z,"[""52127875867399588054194710342778109102486347178324348183699958260007957798072"", ""102692434673241315471428412526452716105300637006077337435076015428674181452604""]",https://polymarket.com/market/will-john-n-kennedy-win-the-2028-republican-presidential-nomination
562015,will-rick-scott-win-the-2028-republican-presidential-nomination,Will Rick Scott win the 2028 Republican presidential nomination?,Will Rick Scott win the 2028 Republican presidential nomination?,"This market will resolve to “Yes” if the named individual wins and accepts the 2028 nomination of the Republican Party for U.S. president. Otherwise, this market will resolve to “No”.

The resolution source for this market will be a consensus of official Republican Party sources.

Any replacement of the Republican nominee before election day will not change the resolution of the market.",,,republican-presidential-nominee-2028,Republican Presidential Nominee 2028,373860.3108330001,1155783.60877,False,2028-11-07T00:00:00Z,"[""76990036573500195136722475443009439521376701541203139741941762278494244594290"", ""30428666779400259828134599704475236226063422368637918121111104985340992802624""]",https://polymarket.com/market/will-rick-scott-win-the-2028-republican-presidential-nomination
562793,will-the-democratic-party-control-the-senate-after-the-2026-midterm-elections,Will the Democratic Party control the Senate after the 2026 Midterm elections?,Will the Democratic Party control the Senate after the 2026 Midterm elections?,"This market will resolve according to the party that wins control of the United States Senate in the 2026 United States midterm election.

A party wins control of the United States Senate if it wins a majority of the chamber’s voting seats. If no party wins a majority of voting seats, the party that wins control of the chamber is the party that wins half of the voting seats and holds the Vice Presidency. If the outcome remains ambiguous after applying the above criteria, the chamber will be deemed controlled by the party with which the first selected President Pro Tempore of the Congress that convenes after the specified election is affiliated.

The following rules govern the counting of seats for determining which party wins control of the chamber.

All regular and special Senate elections that determine representation in the upcoming 120th Congress and are scheduled to take place in November 2026 as of October 31, 2026 are included. Runoffs for qualifying elections will determine attribution of the relevant seat, even if they take place after November 2026. Vacant seats for which no election or special election to fill the seat is scheduled to take place in November 2026 as of October 31, 2026 will be treated as held by the party affiliation of the most recent member to hold that seat.

For seats contested in the specified election, seats are attributed to the party under which the member was elected. If a member-elect changes party affiliation, or vacates their seat, between election day and the formal organization of Congress, the seat is attributed to the party under which the member was elected.

For seats not contested in the specified election, seats are attributed to the party that holds the seat as of the date of the election. If a current sitting member of the U.S. Senate who is not up for election changes party affiliation or vacates their seat after the date of the election, the seat is attributed to the party under which the member was affiliated at the time of the election.

Senate members elected as independents who formally caucus with, or, for newly elected members, who announce their intent to caucus with, a party are included in that party’s count. If the caucus decisions of members of the Senate elected as independents cannot be determined on the date of the election, this market may remain open until the earlier of (i) an announcement from the relevant members of their intents to caucus, or (ii) January 4th, 11:59 PM ET of the following calendar year. If no such announcement is made by January 4th, 11:59 PM ET of the following calendar year, the member will not count towards the seat count of any party.

The resolution sources for this market will be official information from relevant state electoral authorities, the United States Congress, and a consensus of credible reporting.",,,which-party-will-win-the-senate-in-2026,Which party will win the Senate in 2026?,2264701.8975899997,164834.3251,False,2026-11-03T00:00:00Z,"[""113287701564209339913693347405685749986285999146352375265161592243948562084773"", ""107118433685650702332040991454078902188473746599223732907923581436160160612542""]",https://polymarket.com/market/will-the-democratic-party-control-the-senate-after-the-2026-midterm-elections
562794,will-the-republican-party-control-the-senate-after-the-2026-midterm-elections,Will the Republican Party control the Senate after the 2026 Midterm elections?,Will the Republican Party control the Senate after the 2026 Midterm elections?,"This market will resolve according to the party that wins control of the United States Senate in the 2026 United States midterm election.

A party wins control of the United States Senate if it wins a majority of the chamber’s voting seats. If no party wins a majority of voting seats, the party that wins control of the chamber is the party that wins half of the voting seats and holds the Vice Presidency. If the outcome remains ambiguous after applying the above criteria, the chamber will be deemed controlled by the party with which the first selected President Pro Tempore of the Congress that convenes after the specified election is affiliated.

The following rules govern the counting of seats for determining which party wins control of the chamber.

All regular and special Senate elections that determine representation in the upcoming 120th Congress and are scheduled to take place in November 2026 as of October 31, 2026 are included. Runoffs for qualifying elections will determine attribution of the relevant seat, even if they take place after November 2026. Vacant seats for which no election or special election to fill the seat is scheduled to take place in November 2026 as of October 31, 2026 will be treated as held by the party affiliation of the most recent member to hold that seat.

For seats contested in the specified election, seats are attributed to the party under which the member was elected. If a member-elect changes party affiliation, or vacates their seat, between election day and the formal organization of Congress, the seat is attributed to the party under which the member was elected.

For seats not contested in the specified election, seats are attributed to the party that holds the seat as of the date of the election. If a current sitting member of the U.S. Senate who is not up for election changes party affiliation or vacates their seat after the date of the election, the seat is attributed to the party under which the member was affiliated at the time of the election.

Senate members elected as independents who formally caucus with, or, for newly elected members, who announce their intent to caucus with, a party are included in that party’s count. If the caucus decisions of members of the Senate elected as independents cannot be determined on the date of the election, this market may remain open until the earlier of (i) an announcement from the relevant members of their intents to caucus, or (ii) January 4th, 11:59 PM ET of the following calendar year. If no such announcement is made by January 4th, 11:59 PM ET of the following calendar year, the member will not count towards the seat count of any party.

The resolution sources for this market will be official information from relevant state electoral authorities, the United States Congress, and a consensus of credible reporting.",,,which-party-will-win-the-senate-in-2026,Which party will win the Senate in 2026?,1602271.8970090002,169287.2546,False,2026-11-03T00:00:00Z,"[""51939490109676186832507970701169130490548061087912630009168726706475001411420"", ""108587038225191871355030577171066853142535232042155117887981453750193713427381""]",https://polymarket.com/market/will-the-republican-party-control-the-senate-after-the-2026-midterm-elections
562802,will-the-democratic-party-control-the-house-after-the-2026-midterm-elections,Will the Democratic Party control the House after the 2026 Midterm elections?,Will the Democratic Party control the House after the 2026 Midterm elections?,"This market will resolve according to the party that wins control of the United States House of Representatives in the 2026 United States midterm election.

A party wins control of the United States House of Representatives if it wins a majority of the chamber’s voting seats. If no party wins a majority of voting seats, the chamber will be deemed controlled by the party with which the first elected Speaker of the House of the Congress that convenes after the 2026 midterm election is affiliated.

The following rules govern the counting of seats for determining which party wins control of the chamber.

All House elections in the 2026 United States midterm election that elect voting members and determine representation in the upcoming 120th Congress are included. Where a seat is decided by a runoff, the runoff result will determine attribution of that seat.

Seats are attributed to the party under which the member was elected. If a member-elect changes party affiliation, or vacates their seat, between election day and the formal organization of Congress, the seat is attributed to the party under which the member was elected.

House members elected as independents who formally caucus with, or, for newly elected members, who announce their intent to caucus with, a party are included in that party’s count. If the caucus decisions of members of the House elected as independents cannot be determined on the date of the election, this market may remain open until the earlier of (i) an announcement from the relevant members of their intents to caucus, or (ii) January 4th, 11:59 PM ET of the following calendar year. If no such announcement is made by January 4th, 11:59 PM ET of the following calendar year, the member will not count towards the seat count of any party.

The resolution sources for this market will be official information from relevant state electoral authorities, the United States Congress, and a consensus of credible reporting.",,,which-party-will-win-the-house-in-2026,Which party will win the House in 2026?,5253423.7994650025,305656.6507,False,2026-11-03T00:00:00Z,"[""83247781037352156539108067944461291821683755894607244160607042790356561625563"", ""33156410999665902694791064431724433042010245771106314074312009703157423879038""]",https://polymarket.com/market/will-the-democratic-party-control-the-house-after-the-2026-midterm-elections
562803,will-the-republican-party-control-the-house-after-the-2026-midterm-elections,Will the Republican Party control the House after the 2026 Midterm elections?,Will the Republican Party control the House after the 2026 Midterm elections?,"This market will resolve according to the party that wins control of the United States House of Representatives in the 2026 United States midterm election.

A party wins control of the United States House of Representatives if it wins a majority of the chamber’s voting seats. If no party wins a majority of voting seats, the chamber will be deemed controlled by the party with which the first elected Speaker of the House of the Congress that convenes after the 2026 midterm election is affiliated.

The following rules govern the counting of seats for determining which party wins control of the chamber.

All House elections in the 2026 United States midterm election that elect voting members and determine representation in the upcoming 120th Congress are included. Where a seat is decided by a runoff, the runoff result will determine attribution of that seat.

Seats are attributed to the party under which the member was elected. If a member-elect changes party affiliation, or vacates their seat, between election day and the formal organization of Congress, the seat is attributed to the party under which the member was elected.

House members elected as independents who formally caucus with, or, for newly elected members, who announce their intent to caucus with, a party are included in that party’s count. If the caucus decisions of members of the House elected as independents cannot be determined on the date of the election, this market may remain open until the earlier of (i) an announcement from the relevant members of their intents to caucus, or (ii) January 4th, 11:59 PM ET of the following calendar year. If no such announcement is made by January 4th, 11:59 PM ET of the following calendar year, the member will not count towards the seat count of any party.

The resolution sources for this market will be official information from relevant state electoral authorities, the United States Congress, and a consensus of credible reporting.",,,which-party-will-win-the-house-in-2026,Which party will win the House in 2026?,4136689.2158999993,310927.6545,False,2026-11-03T00:00:00Z,"[""65139230827417363158752884968303867495725894165574887635816574090175320800482"", ""17371217118862125782438074585166210555214661810823929795910191856905580975576""]",https://polymarket.com/market/will-the-republican-party-control-the-house-after-the-2026-midterm-elections
562828,2026-balance-of-power-d-senate-d-house-949,"2026 Balance of Power: D Senate, D House","2026 Balance of Power: D Senate, D House","This market will resolve according to the party that wins control of the United States Senate and the party that wins control of the United States House of Representatives in the 2026 United States midterm election.

A party wins control of the United States Senate if it wins a majority of the chamber’s voting seats. If no party wins a majority of voting seats, the party that wins control of the chamber is the party that wins half of the voting seats and holds the Vice Presidency. If the outcome remains ambiguous after applying the above criteria, the chamber will be deemed controlled by the party with which the first selected President Pro Tempore of the Congress that convenes after the specified election is affiliated.

A party wins control of the United States House of Representatives if it wins a majority of the chamber’s voting seats. If no party wins a majority of voting seats, the chamber will be deemed controlled by the party with which the first elected Speaker of the House of the Congress that convenes after the 2026 midterm election is affiliated.

The following rules govern the counting of seats for determining which party wins control of the chambers.

For determining Senate control, all regular and special Senate elections that determine representation in the upcoming 120th Congress and are scheduled to take place in November 2026 as of October 31, 2026 are included. Vacant Senate seats for which no election or special election to fill the seat is scheduled to take place in November 2026 as of October 31, 2026 will be treated as held by the party affiliation of the most recent member to hold that seat. For determining House control, all House elections in the 2026 United States midterm election that elect voting members and determine representation in the upcoming 120th Congress are included. Where a Senate or House seat is decided by a runoff, the runoff result will determine attribution of that seat, even if it takes place after November 2026.

For seats contested in the specified election, seats are attributed to the party under which the member was elected. If a member-elect changes party affiliation, or vacates their seat, between election day and the formal organization of Congress, the seat is attributed to the party under which the member was elected. 

For seats not contested in the specified election, seats are attributed to the party that holds the seat as of the date of the election. If a current sitting member of the U.S. Senate who is not up for election changes party affiliation or vacates their seat after the date of the election, the seat is attributed to the party under which the member was affiliated at the time of the election.

Senate and House members elected as independents who formally caucus with, or, for newly elected members, who announce their intent to caucus with, a party are included in that party’s count. If the caucus decisions of members of the Senate or House elected as independents cannot be determined on the date of the election, this market may remain open until the earlier of (i) an announcement from the relevant members of their intents to caucus, or (ii) January 4th, 11:59 PM ET of the following calendar year. If no such announcement is made by January 4th, 11:59 PM ET of the following calendar year, the member will not count towards the seat count of any party.

The resolution sources for this market will be official information from relevant state electoral authorities, the United States Congress, and a consensus of credible reporting.",,,balance-of-power-2026-midterms,Balance of Power: 2026 Midterms,2485822.7545409985,92675.646,False,2026-11-03T00:00:00Z,"[""34722410608062854697106861099776685947172185964394483545370684749662285977831"", ""24483563228660028121020430722896740519524131851526579619586176931221901842798""]",https://polymarket.com/market/2026-balance-of-power-d-senate-d-house-949
562829,2026-balance-of-power-d-senate-r-house-692,"2026 Balance of Power: D Senate, R House","2026 Balance of Power: D Senate, R House","This market will resolve according to the party that wins control of the United States Senate and the party that wins control of the United States House of Representatives in the 2026 United States midterm election.

A party wins control of the United States Senate if it wins a majority of the chamber’s voting seats. If no party wins a majority of voting seats, the party that wins control of the chamber is the party that wins half of the voting seats and holds the Vice Presidency. If the outcome remains ambiguous after applying the above criteria, the chamber will be deemed controlled by the party with which the first selected President Pro Tempore of the Congress that convenes after the specified election is affiliated.

A party wins control of the United States House of Representatives if it wins a majority of the chamber’s voting seats. If no party wins a majority of voting seats, the chamber will be deemed controlled by the party with which the first elected Speaker of the House of the Congress that convenes after the 2026 midterm election is affiliated.

The following rules govern the counting of seats for determining which party wins control of the chambers.

For determining Senate control, all regular and special Senate elections that determine representation in the upcoming 120th Congress and are scheduled to take place in November 2026 as of October 31, 2026 are included. Vacant Senate seats for which no election or special election to fill the seat is scheduled to take place in November 2026 as of October 31, 2026 will be treated as held by the party affiliation of the most recent member to hold that seat. For determining House control, all House elections in the 2026 United States midterm election that elect voting members and determine representation in the upcoming 120th Congress are included. Where a Senate or House seat is decided by a runoff, the runoff result will determine attribution of that seat, even if it takes place after November 2026.

For seats contested in the specified election, seats are attributed to the party under which the member was elected. If a member-elect changes party affiliation, or vacates their seat, between election day and the formal organization of Congress, the seat is attributed to the party under which the member was elected. 

For seats not contested in the specified election, seats are attributed to the party that holds the seat as of the date of the election. If a current sitting member of the U.S. Senate who is not up for election changes party affiliation or vacates their seat after the date of the election, the seat is attributed to the party under which the member was affiliated at the time of the election.

Senate and House members elected as independents who formally caucus with, or, for newly elected members, who announce their intent to caucus with, a party are included in that party’s count. If the caucus decisions of members of the Senate or House elected as independents cannot be determined on the date of the election, this market may remain open until the earlier of (i) an announcement from the relevant members of their intents to caucus, or (ii) January 4th, 11:59 PM ET of the following calendar year. If no such announcement is made by January 4th, 11:59 PM ET of the following calendar year, the member will not count towards the seat count of any party.

The resolution sources for this market will be official information from relevant state electoral authorities, the United States Congress, and a consensus of credible reporting.",,,balance-of-power-2026-midterms,Balance of Power: 2026 Midterms,1477227.2784549997,173016.19064,False,2026-11-03T00:00:00Z,"[""70997927349469817841862065582625658840347600365813612622959588796331622340305"", ""45720947308530468765087874228584729250108790729495800420104302263408503667446""]",https://polymarket.com/market/2026-balance-of-power-d-senate-r-house-692
562830,2026-balance-of-power-r-senate-d-house-444,"2026 Balance of Power: R Senate, D House","2026 Balance of Power: R Senate, D House","This market will resolve according to the party that wins control of the United States Senate and the party that wins control of the United States House of Representatives in the 2026 United States midterm election.

A party wins control of the United States Senate if it wins a majority of the chamber’s voting seats. If no party wins a majority of voting seats, the party that wins control of the chamber is the party that wins half of the voting seats and holds the Vice Presidency. If the outcome remains ambiguous after applying the above criteria, the chamber will be deemed controlled by the party with which the first selected President Pro Tempore of the Congress that convenes after the specified election is affiliated.

A party wins control of the United States House of Representatives if it wins a majority of the chamber’s voting seats. If no party wins a majority of voting seats, the chamber will be deemed controlled by the party with which the first elected Speaker of the House of the Congress that convenes after the 2026 midterm election is affiliated.

The following rules govern the counting of seats for determining which party wins control of the chambers.

For determining Senate control, all regular and special Senate elections that determine representation in the upcoming 120th Congress and are scheduled to take place in November 2026 as of October 31, 2026 are included. Vacant Senate seats for which no election or special election to fill the seat is scheduled to take place in November 2026 as of October 31, 2026 will be treated as held by the party affiliation of the most recent member to hold that seat. For determining House control, all House elections in the 2026 United States midterm election that elect voting members and determine representation in the upcoming 120th Congress are included. Where a Senate or House seat is decided by a runoff, the runoff result will determine attribution of that seat, even if it takes place after November 2026.

For seats contested in the specified election, seats are attributed to the party under which the member was elected. If a member-elect changes party affiliation, or vacates their seat, between election day and the formal organization of Congress, the seat is attributed to the party under which the member was elected. 

For seats not contested in the specified election, seats are attributed to the party that holds the seat as of the date of the election. If a current sitting member of the U.S. Senate who is not up for election changes party affiliation or vacates their seat after the date of the election, the seat is attributed to the party under which the member was affiliated at the time of the election.

Senate and House members elected as independents who formally caucus with, or, for newly elected members, who announce their intent to caucus with, a party are included in that party’s count. If the caucus decisions of members of the Senate or House elected as independents cannot be determined on the date of the election, this market may remain open until the earlier of (i) an announcement from the relevant members of their intents to caucus, or (ii) January 4th, 11:59 PM ET of the following calendar year. If no such announcement is made by January 4th, 11:59 PM ET of the following calendar year, the member will not count towards the seat count of any party.

The resolution sources for this market will be official information from relevant state electoral authorities, the United States Congress, and a consensus of credible reporting.",,,balance-of-power-2026-midterms,Balance of Power: 2026 Midterms,1813154.056141,94612.2573,False,2026-11-03T00:00:00Z,"[""6302359956133594764084277082169634158291609371270652093164054687145970756151"", ""558600218792430158020964384658762756367786275998757133304987611939841005404""]",https://polymarket.com/market/2026-balance-of-power-r-senate-d-house-444
562831,2026-balance-of-power-r-senate-r-house-537,"2026 Balance of Power: R Senate, R House","2026 Balance of Power: R Senate, R House","This market will resolve according to the party that wins control of the United States Senate and the party that wins control of the United States House of Representatives in the 2026 United States midterm election.

A party wins control of the United States Senate if it wins a majority of the chamber’s voting seats. If no party wins a majority of voting seats, the party that wins control of the chamber is the party that wins half of the voting seats and holds the Vice Presidency. If the outcome remains ambiguous after applying the above criteria, the chamber will be deemed controlled by the party with which the first selected President Pro Tempore of the Congress that convenes after the specified election is affiliated.

A party wins control of the United States House of Representatives if it wins a majority of the chamber’s voting seats. If no party wins a majority of voting seats, the chamber will be deemed controlled by the party with which the first elected Speaker of the House of the Congress that convenes after the 2026 midterm election is affiliated.

The following rules govern the counting of seats for determining which party wins control of the chambers.

For determining Senate control, all regular and special Senate elections that determine representation in the upcoming 120th Congress and are scheduled to take place in November 2026 as of October 31, 2026 are included. Vacant Senate seats for which no election or special election to fill the seat is scheduled to take place in November 2026 as of October 31, 2026 will be treated as held by the party affiliation of the most recent member to hold that seat. For determining House control, all House elections in the 2026 United States midterm election that elect voting members and determine representation in the upcoming 120th Congress are included. Where a Senate or House seat is decided by a runoff, the runoff result will determine attribution of that seat, even if it takes place after November 2026.

For seats contested in the specified election, seats are attributed to the party under which the member was elected. If a member-elect changes party affiliation, or vacates their seat, between election day and the formal organization of Congress, the seat is attributed to the party under which the member was elected. 

For seats not contested in the specified election, seats are attributed to the party that holds the seat as of the date of the election. If a current sitting member of the U.S. Senate who is not up for election changes party affiliation or vacates their seat after the date of the election, the seat is attributed to the party under which the member was affiliated at the time of the election.

Senate and House members elected as independents who formally caucus with, or, for newly elected members, who announce their intent to caucus with, a party are included in that party’s count. If the caucus decisions of members of the Senate or House elected as independents cannot be determined on the date of the election, this market may remain open until the earlier of (i) an announcement from the relevant members of their intents to caucus, or (ii) January 4th, 11:59 PM ET of the following calendar year. If no such announcement is made by January 4th, 11:59 PM ET of the following calendar year, the member will not count towards the seat count of any party.

The resolution sources for this market will be official information from relevant state electoral authorities, the United States Congress, and a consensus of credible reporting.",,,balance-of-power-2026-midterms,Balance of Power: 2026 Midterms,2188681.019687,104309.1325,False,2026-11-03T00:00:00Z,"[""103704141773947678931823410030956181918562062788486034785782641603149828893320"", ""25869296386911654049715489068824757745174681288397238521780118949553760488529""]",https://polymarket.com/market/2026-balance-of-power-r-senate-r-house-537
562832,2026-balance-of-power-other-131,2026 Balance of Power: Other,2026 Balance of Power: Other,"This market will resolve according to the party that wins control of the United States Senate and the party that wins control of the United States House of Representatives in the 2026 United States midterm election.

A party wins control of the United States Senate if it wins a majority of the chamber’s voting seats. If no party wins a majority of voting seats, the party that wins control of the chamber is the party that wins half of the voting seats and holds the Vice Presidency. If the outcome remains ambiguous after applying the above criteria, the chamber will be deemed controlled by the party with which the first selected President Pro Tempore of the Congress that convenes after the specified election is affiliated.

A party wins control of the United States House of Representatives if it wins a majority of the chamber’s voting seats. If no party wins a majority of voting seats, the chamber will be deemed controlled by the party with which the first elected Speaker of the House of the Congress that convenes after the 2026 midterm election is affiliated.

The following rules govern the counting of seats for determining which party wins control of the chambers.

For determining Senate control, all regular and special Senate elections that determine representation in the upcoming 120th Congress and are scheduled to take place in November 2026 as of October 31, 2026 are included. Vacant Senate seats for which no election or special election to fill the seat is scheduled to take place in November 2026 as of October 31, 2026 will be treated as held by the party affiliation of the most recent member to hold that seat. For determining House control, all House elections in the 2026 United States midterm election that elect voting members and determine representation in the upcoming 120th Congress are included. Where a Senate or House seat is decided by a runoff, the runoff result will determine attribution of that seat, even if it takes place after November 2026.

For seats contested in the specified election, seats are attributed to the party under which the member was elected. If a member-elect changes party affiliation, or vacates their seat, between election day and the formal organization of Congress, the seat is attributed to the party under which the member was elected. 

For seats not contested in the specified election, seats are attributed to the party that holds the seat as of the date of the election. If a current sitting member of the U.S. Senate who is not up for election changes party affiliation or vacates their seat after the date of the election, the seat is attributed to the party under which the member was affiliated at the time of the election.

Senate and House members elected as independents who formally caucus with, or, for newly elected members, who announce their intent to caucus with, a party are included in that party’s count. If the caucus decisions of members of the Senate or House elected as independents cannot be determined on the date of the election, this market may remain open until the earlier of (i) an announcement from the relevant members of their intents to caucus, or (ii) January 4th, 11:59 PM ET of the following calendar year. If no such announcement is made by January 4th, 11:59 PM ET of the following calendar year, the member will not count towards the seat count of any party.

The resolution sources for this market will be official information from relevant state electoral authorities, the United States Congress, and a consensus of credible reporting.",,,balance-of-power-2026-midterms,Balance of Power: 2026 Midterms,1763007.610496,148318.6443,False,2026-11-03T00:00:00Z,"[""35477631289241705233759154026285946627439635224019448868888132647783862821489"", ""58154574909590813657096858535882625339077077643653677858955479541043465171526""]",https://polymarket.com/market/2026-balance-of-power-other-131
565064,will-the-republicans-win-the-2028-us-presidential-election,Will the Republicans win the 2028 US Presidential Election?,Will the Republicans win the 2028 US Presidential Election?,"The 2028 United States presidential election will be held on Tuesday, November 7, 2028.

This market will resolve to the political party whose candidate is elected the next President of the United States in the 2028 election.

The resolution source for this market is the Associated Press, Fox News, and NBC. This market will resolve once all three sources call the race for the same party. If all three sources haven’t called the race for the same party by the inauguration date (January 20, 2029) this market will resolve based on who is inaugurated.",,,which-party-wins-2028-us-presidential-election,Which party wins 2028 US Presidential Election?,1116110.549755,236356.8706,False,2028-11-07T00:00:00Z,"[""67109747366255871599717338045111308888043498275177238365560740200996017915657"", ""103845791232328975452762372781150730610824357544180691092497335946993481308222""]",https://polymarket.com/market/will-the-republicans-win-the-2028-us-presidential-election
565065,will-the-democrats-win-the-2028-us-presidential-election,Will the Democrats win the 2028 US Presidential Election?,Will the Democrats win the 2028 US Presidential Election?,"The 2028 United States presidential election will be held on Tuesday, November 7, 2028.

This market will resolve to the political party whose candidate is elected the next President of the United States in the 2028 election.

The resolution source for this market is the Associated Press, Fox News, and NBC. This market will resolve once all three sources call the race for the same party. If all three sources haven’t called the race for the same party by the inauguration date (January 20, 2029) this market will resolve based on who is inaugurated.",,,which-party-wins-2028-us-presidential-election,Which party wins 2028 US Presidential Election?,945315.0439280003,219137.2044,False,2028-11-07T00:00:00Z,"[""49084048476353771153083262278964615095037480324537117350127265918750912547378"", ""1376044590327709616459174469529480611299625159235587466149878628404281805565""]",https://polymarket.com/market/will-the-democrats-win-the-2028-us-presidential-election
566760,will-trump-pardon-ghislaine-maxwell,Will Trump pardon Ghislaine Maxwell by end of 2026?,Will Trump pardon Ghislaine Maxwell by end of 2026?,"This market will resolve to ""Yes"" if Ghislaine Maxwell receives a presidential pardon, commutation, or reprieve from Donald Trump between July 23, 2025 and December 31, 2026, 11:59 PM ET. Otherwise, this market will resolve to ""No"".

If it becomes impossible for Trump issue a federal pardon, commutation, or reprieve within this market's timeframe, it may immediately resolve to ""No"".

The primary resolution source for whether a person is pardoned or not will be official information from the US government, however a consensus of credible reporting will also be used.",,,will-trump-pardon-ghislaine-maxwell,Will Trump pardon Ghislaine Maxwell by end of 2026?,744865.6761660005,18655.6418,False,2026-12-31T00:00:00Z,"[""703229116919803457142440034780425874346022451261358752931225117413237404457"", ""71144742975537017512904527392353107518472601816123355990566837993879064231255""]",https://polymarket.com/market/will-trump-pardon-ghislaine-maxwell
567621,will-china-invade-taiwan-before-2027,Will China invade Taiwan by end of 2026?,Will China invade Taiwan by end of 2026?,"This market will resolve to ""Yes"" if China commences a military offensive intended to establish control over any portion of the Republic of China (Taiwan) by December 31, 2026, 11:59 PM ET. Otherwise, this market will resolve to ""No"".

Territory under the administration of the Republic of China including any inhabited islands will qualify, however uninhabited islands will not qualify. 

The resolution source for this market will be will be official confirmation by China, Taiwan, the United Nations, or any permanent member of the UN Security Council, however a consensus of credible reporting will also be used.",,,will-china-invade-taiwan-before-2027,Will China invade Taiwan by end of 2026?,39736319.230383925,565403.38444,False,2026-12-31T00:00:00Z,"[""94559586571241563470235664821564670251180951772614764383113614156422396181162"", ""90772332434487149264114862115632028379978765245278600275169585501290867536237""]",https://polymarket.com/market/will-china-invade-taiwan-before-2027
567688,netanyahu-out-before-2027-684-719-226-657,Netanyahu out by end of 2026?,Netanyahu out by end of 2026?,"This market will resolve to “Yes” if Benjamin Netanyahu ceases to be Prime Minister of Israel for any period of time between market creation and the specified date (ET). Otherwise, this market will resolve to “No”.

An announcement of Benjamin Netanyahu's resignation/removal before this market's end date will immediately resolve this market to ""Yes"", regardless of when the announced resignation/removal goes into effect.

The resolution source for this market will be official information from Benjamin Netanyahu and the government of Israel; however, a consensus of credible reporting may also be used.",,,netanyahu-out-before-2027,Netanyahu out by...?,2131927.86357,80188.5189,False,2026-12-31T00:00:00Z,"[""114694726451307654528948558967898493662917070661203465131156925998487819889437"", ""66255671088804707681511323064315150986307471908131081808279119719218775249892""]",https://polymarket.com/market/netanyahu-out-before-2027-684-719-226-657
567689,zelenskyy-out-as-ukraine-president-before-2027,Zelenskyy out as Ukraine president by end of 2026?,Zelenskyy out as Ukraine president by end of 2026?,"This market will resolve to “Yes” if Volodymyr Zelenskyy ceases to be President of Ukraine for any period of time between market creation and the specified date (ET). Otherwise, this market will resolve to “No”.

An announcement of Volodymyr Zelenskyy's resignation/removal before this market's end date will immediately resolve this market to ""Yes"", regardless of when the announced resignation/removal goes into effect.

The resolution source for this market will be official information from Volodymyr Zelenskyy and the government of Ukraine; however, a consensus of credible reporting may also be used.",,,zelenskyy-out-as-ukraine-president-before-2027,Zelenskyy out as Ukraine president by end of 2026?,2930640.5264010006,106266.3455,False,2026-12-31T00:00:00Z,"[""108187737663325442737199857734058032845728149267925579081973309839049299838520"", ""12238337804021350373072513606997115174826680613156170611182546081135779794915""]",https://polymarket.com/market/zelenskyy-out-as-ukraine-president-before-2027
567690,erdoan-out-before-2027,"Erdoğan out by December 31, 2026?","Erdoğan out by December 31, 2026?","This market will resolve to “Yes” if Recep Tayyip Erdoğan ceases to be President of the Republic of Türkiye for any period of time between market creation and the specified date (ET). Otherwise, this market will resolve to “No”.

An announcement of Recep Tayyip Erdoğan's resignation/removal before this market's end date will immediately resolve this market to ""Yes"", regardless of when the announced resignation/removal goes into effect.

If the specified individual is detained, effectively removed from the specified position, or otherwise permanently prevented from fulfilling the duties of the specified position within this market’s timeframe, it will qualify for a “Yes” resolution.

The resolution source for this market will be official information from Recep Tayyip Erdoğan and the government of Türkiye; however, a consensus of credible reporting may also be used.",,,erdoan-out-before-2027,"Erdoğan out by December 31, 2026?",612176.1484640001,33061.6491,False,2026-12-31T00:00:00Z,"[""60482166031720291380868655057144166386114272673178755337360544583400474201659"", ""36584990740430575779853916178487409250519468755041580140068769472851047579138""]",https://polymarket.com/market/erdoan-out-before-2027
568116,will-trump-be-impeached-by-december-31-2026,Will Trump be impeached by end of 2026?,Will Trump be impeached by end of 2026?,"This market will resolve to “Yes“ if the US House of Representatives by simple majority vote to approve or pass one or more articles of impeachment of President Donald Trump, between July 24, 2025, and December 31, 2026, 11:59 PM ET. Otherwise, this market will resolve to ""No"".

Neither trial nor conviction by the US Senate, nor removal from office, is necessary to resolve this market to “Yes“.

The primary resolution source for this market will be information from the federal government of the United States, however a consensus of credible reporting will be used.",,,will-trump-be-impeached-by-december-31-2026,Will Trump be impeached by end of 2026?,1002099.285396,123603.46474,False,2026-12-31T00:00:00Z,"[""22094182676612877581056034720566110371610082057092726094559729674155018648896"", ""78473141615408645278260621827323903204731180016962666262959632385172645644801""]",https://polymarket.com/market/will-trump-be-impeached-by-december-31-2026
568117,will-trump-resign-by-december-31-2026,"Will Trump resign by December 31, 2026?","Will Trump resign by December 31, 2026?","This market will resolve to ""Yes"" if President of the United States Donald Trump announces he has resigned or will resign the presidency by December 31, 2026, 11:59 PM ET. Otherwise, this market will resolve to ""No.""

If it becomes impossible for Donald Trump to resign or to announce his resignation (e.g., due to his removal from office by other means, etc.), this market will immediately resolve to ""No.""

For this market to resolve to ""Yes,"" it is only necessary that Trump announce that he has resigned or will resign. Whether he actually resigns will have no bearing on the resolution of this market.

The primary resolution source for this market will be official information from the US federal government; however, a consensus of credible reporting will also be used.",,,will-trump-resign-by-december-31-2026,"Will Trump resign by December 31, 2026?",527690.4853689999,72694.95833,False,2026-12-31T00:00:00Z,"[""82496570332984679554195177789706736795170417640692739176832196524671988217379"", ""74453252193148717007972627387565739933229360141591660605434616142548704822067""]",https://polymarket.com/market/will-trump-resign-by-december-31-2026
568695,will-sung-jae-im-win-the-2026-masters-tournament,Will Sung-Jae Im win the 2026 Masters tournament?,Will Sung-Jae Im win the 2026 Masters tournament?,"This polymarket will resolve according to the player who wins the 2026 Masters Tournament.

If this player is eliminated from contention for The Masters based on the official rules of the tournament, the relevant market will resolve to ""No"".

In the event of a tie, this market will resolve according to the official winner as determined by The Masters official tournament rules.

If no winner is announced by December 31, 2026, this market will resolve to ""Other"".

The primary resolution sources will be the official results published by the PGA TOUR website and The Masters website. A consensus of credible reporting may also be used.",,,the-masters-winner-2026,The Masters 2026: Winner ,154023.1952459998,366890.14039,False,2026-04-13T00:00:00Z,"[""40774280038971372724174457035121000748756395696333205645831548131363721049199"", ""94692526625152259727103083399620908042854782723119629694276733811586106020383""]",https://polymarket.com/market/will-sung-jae-im-win-the-2026-masters-tournament
573656,will-bitcoin-hit-150k-by-december-31-2026,"Will Bitcoin hit $150k by December 31, 2026?","Will Bitcoin hit $150k by December 31, 2026?","This market will immediately resolve to ""Yes"" if any Binance 1 minute candle for Bitcoin (BTC/USDT) has a final ""High"" price equal to or greater than the price specified in the title by 11:59PM ET on the date specified in the title. Otherwise, this market will resolve to ""No.""

The resolution source for this market is Binance, specifically the BTC/USDT ""High"" prices available at https://www.binance.com/en/trade/BTC_USDT, with the chart settings on ""1m"" for one-minute candles selected on the top bar.

Please note that the outcome of this market depends solely on the price data from the Binance BTC/USDT trading pair. Prices from other exchanges, different trading pairs, or spot markets will not be considered for the resolution of this market.",,,when-will-bitcoin-hit-150k,When will Bitcoin hit $150k?,2745249.952534999,189386.49928,False,2027-01-01T05:00:00Z,"[""93694900555669388759405753550770573998169287228984912881955464376232163096213"", ""55119388124180116303253993098894090042427725500010038140578121972388485050538""]",https://polymarket.com/market/will-bitcoin-hit-150k-by-december-31-2026
593972,will-bernie-endorse-james-talarico-for-tx-sen-by-nov-2-2026-et,Will Bernie endorse James Talarico for TX-Sen by Nov 2 2026 ET?,Will Bernie endorse James Talarico for TX-Sen by Nov 2 2026 ET?,"This market will resolve according to the candidate Bernie Sanders announces that he will vote for or endorses for the listed election.

If Bernie Sanders does not announce an endorsement by the day before the scheduled election at 11:59 PM ET, this market will resolve to ""No"".

The resolution source for this market will be official information from Bernie Sanders or one of his representatives, or a consensus of credible reporting of Bernie Sanders' endorsement.",,,who-will-bernie-endorse,Who will Bernie endorse?,76932.71873900002,178.0926,False,2026-11-03T00:00:00Z,"[""7096166888327966243811396544854606771946352128513885963401994819079689910004"", ""46602177860594371790368647304895927569955807454104515886440302763404709997663""]",https://polymarket.com/market/will-bernie-endorse-james-talarico-for-tx-sen-by-nov-2-2026-et
593973,will-bernie-endorse-kshama-sawant-for-wa-09-by-nov-2-2026-et,Will Bernie endorse Kshama Sawant for WA-09 by Nov 2 2026 ET?,Will Bernie endorse Kshama Sawant for WA-09 by Nov 2 2026 ET?,"This market will resolve according to the candidate Bernie Sanders announces that he will vote for or endorses for the listed election.

If Bernie Sanders does not announce an endorsement by the day before the scheduled election at 11:59 PM ET, this market will resolve to ""No"".

The resolution source for this market will be official information from Bernie Sanders or one of his representatives, or a consensus of credible reporting of Bernie Sanders' endorsement.",,,who-will-bernie-endorse,Who will Bernie endorse?,18522.932564,13055.70188,False,2026-11-03T00:00:00Z,"[""82924591030419390649945107956366329459342453014204495918712243498287775914589"", ""71441578579527723840294651825922843760099816515895816768244443656762671705984""]",https://polymarket.com/market/will-bernie-endorse-kshama-sawant-for-wa-09-by-nov-2-2026-et
593974,will-bernie-endorse-dan-osborn-for-ne-sen-by-nov-2-2026-et,Will Bernie endorse Dan Osborn for NE-Sen by Nov 2 2026 ET?,Will Bernie endorse Dan Osborn for NE-Sen by Nov 2 2026 ET?,"This market will resolve according to the candidate Bernie Sanders announces that he will vote for or endorses for the listed election.

If Bernie Sanders does not announce an endorsement by the day before the scheduled election at 11:59 PM ET, this market will resolve to ""No"".

The resolution source for this market will be official information from Bernie Sanders or one of his representatives, or a consensus of credible reporting of Bernie Sanders' endorsement.",,,who-will-bernie-endorse,Who will Bernie endorse?,27854.847113999997,78.02217,False,2026-11-03T00:00:00Z,"[""33970361138937631470073795943535268274491124306414028184433322285876577197264"", ""35550596867096521286165757446115907904445976556149099084145068631619558471580""]",https://polymarket.com/market/will-bernie-endorse-dan-osborn-for-ne-sen-by-nov-2-2026-et
593975,will-bernie-endorse-antonio-delgado-for-ny-gov-by-nov-2-2026-et,Will Bernie endorse Antonio Delgado for NY-Gov by Nov 2 2026 ET?,Will Bernie endorse Antonio Delgado for NY-Gov by Nov 2 2026 ET?,"This market will resolve according to the candidate Bernie Sanders announces that he will vote for or endorses for the listed election.

If Bernie Sanders does not announce an endorsement by the day before the scheduled election at 11:59 PM ET, this market will resolve to ""No"".

The resolution source for this market will be official information from Bernie Sanders or one of his representatives, or a consensus of credible reporting of Bernie Sanders' endorsement.",,,who-will-bernie-endorse,Who will Bernie endorse?,24567.899441999998,10621.95435,False,2026-11-03T00:00:00Z,"[""78994096084018614649961134380557835172033452849084058029827070275341232468538"", ""7991394167051968868909602741314717554176011521887291024708013271989359914446""]",https://polymarket.com/market/will-bernie-endorse-antonio-delgado-for-ny-gov-by-nov-2-2026-et
593977,will-bernie-endorse-alan-grayson-for-fl-sen-nov-2-2026-et,Will Bernie endorse Alan Grayson for FL-Sen Nov 2 2026 ET?,Will Bernie endorse Alan Grayson for FL-Sen Nov 2 2026 ET?,"This market will resolve according to the candidate Bernie Sanders announces that he will vote for or endorses for the listed election.

If Bernie Sanders does not announce an endorsement by the day before the scheduled election at 11:59 PM ET, this market will resolve to ""No"".

The resolution source for this market will be official information from Bernie Sanders or one of his representatives, or a consensus of credible reporting of Bernie Sanders' endorsement.",,,who-will-bernie-endorse,Who will Bernie endorse?,12922.303302000002,2299.22666,False,2026-11-30T00:00:00Z,"[""16165180365166795101253476583424570293978512340466383667319830236646927210547"", ""112446903583649148167333279483828369419343731760320334360041568261153462186025""]",https://polymarket.com/market/will-bernie-endorse-alan-grayson-for-fl-sen-nov-2-2026-et
593978,will-bernie-endorse-zach-wahls-for-ia-sen-nov-2-2026-et,Will Bernie endorse Zach Wahls for IA-Sen Nov 2 2026 ET?,Will Bernie endorse Zach Wahls for IA-Sen Nov 2 2026 ET?,"This market will resolve according to the candidate Bernie Sanders announces that he will vote for or endorses for the listed election.

If Bernie Sanders does not announce an endorsement by the day before the scheduled election at 11:59 PM ET, this market will resolve to ""No"".

The resolution source for this market will be official information from Bernie Sanders or one of his representatives, or a consensus of credible reporting of Bernie Sanders' endorsement.",,,who-will-bernie-endorse,Who will Bernie endorse?,16170.915607,749.52075,False,2026-11-30T00:00:00Z,"[""107080387770503661967711176882937155612989847930086034775329452354985736188978"", ""77926450642005422206852511744605184574938173326553232191654522397724926169595""]",https://polymarket.com/market/will-bernie-endorse-zach-wahls-for-ia-sen-nov-2-2026-et
593983,will-trump-endorse-john-cornyn-for-tx-sen-by-nov-2-2026-et,Will Trump endorse John Cornyn for TX-Sen by Nov 2 2026 ET?,Will Trump endorse John Cornyn for TX-Sen by Nov 2 2026 ET?,"This market will resolve based on whether Donald Trump announces that he will vote for or endorse the listed candidate in the election named in the title.

If Donald Trump does not announce an endorsement by the day before the scheduled election at 11:59 PM ET, this market will resolve to ""No"".

The resolution source for this market will be official information from Donald Trump or one of his representatives, or a consensus of credible reporting of Donald Trump's endorsement.",,,who-will-trump-endorse,Who will Trump endorse?,142120.40308199992,13694.58697,False,2026-11-04T00:00:00Z,"[""11046262311494533237971148351329185314005627894869626528589068956894902481233"", ""109174961673759237090251150164977878122667077529594097403713839280719428670272""]",https://polymarket.com/market/will-trump-endorse-john-cornyn-for-tx-sen-by-nov-2-2026-et
601818,will-tarcisio-de-frietas-win-the-2026-brazilian-presidential-election,Will Tarcisio de Freitas win the 2026 Brazilian presidential election?,Will Tarcisio de Freitas win the 2026 Brazilian presidential election?,"A presidential election is scheduled to take place in Brazil on October 4, 2026.

This market will resolve according to the listed candidate that wins this election.

This market includes any potential second round. If the result of this election isn't known by June 30, 2027, 11:59 PM ET, the market will resolve to ""Other"".

This market will resolve based on the result of the election as indicated by a consensus of credible reporting. If there is ambiguity, this market will resolve based solely on the official results as reported by the Brazilian government, specifically the Superior Electoral Court (Tribunal Superior Eleitoral, TSE) (e.g., https://dadosabertos.tse.jus.br/).",,,brazil-presidential-election,Brazil Presidential Election,13915666.093296008,448086.90467,False,2026-10-04T00:00:00Z,"[""52634616068523389389514492087655237014427439869589807217055529923225131895030"", ""106302272146511626715366732538958019243031587527887799373406690681902311718700""]",https://polymarket.com/market/will-tarcisio-de-frietas-win-the-2026-brazilian-presidential-election
601819,will-luiz-incio-lula-da-silva-win-the-2026-brazilian-presidential-election,Will Luiz Inácio Lula da Silva win the 2026 Brazilian presidential election?,Will Luiz Inácio Lula da Silva win the 2026 Brazilian presidential election?,"A presidential election is scheduled to take place in Brazil on October 4, 2026.

This market will resolve according to the listed candidate that wins this election.

This market includes any potential second round. If the result of this election isn't known by June 30, 2027, 11:59 PM ET, the market will resolve to ""Other"".

This market will resolve based on the result of the election as indicated by a consensus of credible reporting. If there is ambiguity, this market will resolve based solely on the official results as reported by the Brazilian government, specifically the Superior Electoral Court (Tribunal Superior Eleitoral, TSE) (e.g., https://dadosabertos.tse.jus.br/).",,,brazil-presidential-election,Brazil Presidential Election,8285698.168892003,258355.7029,False,2026-10-04T00:00:00Z,"[""30630994248667897740988010928640156931882346081873066002335460180076741328029"", ""79191939610100241429039499950443680906623179487184628479206155805558220344190""]",https://polymarket.com/market/will-luiz-incio-lula-da-silva-win-the-2026-brazilian-presidential-election
601820,will-jair-bolsonaro-win-the-2026-brazilian-presidential-election,Will Jair Bolsonaro win the 2026 Brazilian presidential election?,Will Jair Bolsonaro win the 2026 Brazilian presidential election?,"A presidential election is scheduled to take place in Brazil on October 4, 2026.

This market will resolve according to the listed candidate that wins this election.

This market includes any potential second round. If the result of this election isn't known by June 30, 2027, 11:59 PM ET, the market will resolve to ""Other"".

This market will resolve based on the result of the election as indicated by a consensus of credible reporting. If there is ambiguity, this market will resolve based solely on the official results as reported by the Brazilian government, specifically the Superior Electoral Court (Tribunal Superior Eleitoral, TSE) (e.g., https://dadosabertos.tse.jus.br/).",,,brazil-presidential-election,Brazil Presidential Election,5550413.022757996,354421.96503,False,2026-10-04T00:00:00Z,"[""66991175107696133528353695394151645462081911990365106169948013117379189357520"", ""106199154714545451005463800266480893448383896699905306895283360115694583822185""]",https://polymarket.com/market/will-jair-bolsonaro-win-the-2026-brazilian-presidential-election
601821,will-fernando-haddad-win-the-2026-brazilian-presidential-election,Will Fernando Haddad win the 2026 Brazilian presidential election?,Will Fernando Haddad win the 2026 Brazilian presidential election?,"A presidential election is scheduled to take place in Brazil on October 4, 2026.

This market will resolve according to the listed candidate that wins this election.

This market includes any potential second round. If the result of this election isn't known by June 30, 2027, 11:59 PM ET, the market will resolve to ""Other"".

This market will resolve based on the result of the election as indicated by a consensus of credible reporting. If there is ambiguity, this market will resolve based solely on the official results as reported by the Brazilian government, specifically the Superior Electoral Court (Tribunal Superior Eleitoral, TSE) (e.g., https://dadosabertos.tse.jus.br/).",,,brazil-presidential-election,Brazil Presidential Election,7077613.581962999,298621.09984,False,2026-10-04T00:00:00Z,"[""34763699632057764824138626876692302096202604335992573366008355204521657293675"", ""44100414831057444580239592647354703752415482100034079696797886870617637485145""]",https://polymarket.com/market/will-fernando-haddad-win-the-2026-brazilian-presidential-election
601822,will-michelle-bolsonaro-win-the-2026-brazilian-presidential-election,Will Michelle Bolsonaro win the 2026 Brazilian presidential election?,Will Michelle Bolsonaro win the 2026 Brazilian presidential election?,"A presidential election is scheduled to take place in Brazil on October 4, 2026.

This market will resolve according to the listed candidate that wins this election.

This market includes any potential second round. If the result of this election isn't known by June 30, 2027, 11:59 PM ET, the market will resolve to ""Other"".

This market will resolve based on the result of the election as indicated by a consensus of credible reporting. If there is ambiguity, this market will resolve based solely on the official results as reported by the Brazilian government, specifically the Superior Electoral Court (Tribunal Superior Eleitoral, TSE) (e.g., https://dadosabertos.tse.jus.br/).",,,brazil-presidential-election,Brazil Presidential Election,9745380.690318005,282055.86838,False,2026-10-04T00:00:00Z,"[""91154058715822908897619103072380844452822017332608583147987152526225529443892"", ""16879668974983992641795221456967869661599530861479349066809692639705609051027""]",https://polymarket.com/market/will-michelle-bolsonaro-win-the-2026-brazilian-presidential-election
601823,will-eduardo-bolsonaro-win-the-2026-brazilian-presidential-election,Will Eduardo Bolsonaro win the 2026 Brazilian presidential election?,Will Eduardo Bolsonaro win the 2026 Brazilian presidential election?,"A presidential election is scheduled to take place in Brazil on October 4, 2026.

This market will resolve according to the listed candidate that wins this election.

This market includes any potential second round. If the result of this election isn't known by June 30, 2027, 11:59 PM ET, the market will resolve to ""Other"".

This market will resolve based on the result of the election as indicated by a consensus of credible reporting. If there is ambiguity, this market will resolve based solely on the official results as reported by the Brazilian government, specifically the Superior Electoral Court (Tribunal Superior Eleitoral, TSE) (e.g., https://dadosabertos.tse.jus.br/).",,,brazil-presidential-election,Brazil Presidential Election,10441681.615772003,1002385.50582,False,2026-10-04T00:00:00Z,"[""68827474128979817444758177181483142354604256745613325980470518365059439724226"", ""74201542293075536162258436779948914914665324387949186755842303569200449516790""]",https://polymarket.com/market/will-eduardo-bolsonaro-win-the-2026-brazilian-presidential-election
601824,will-carlos-roberto-massa-jnior-win-the-2026-brazilian-presidential-election,Will Carlos Roberto Massa Júnior win the 2026 Brazilian presidential election?,Will Carlos Roberto Massa Júnior win the 2026 Brazilian presidential election?,"A presidential election is scheduled to take place in Brazil on October 4, 2026.

This market will resolve according to the listed candidate that wins this election.

This market includes any potential second round. If the result of this election isn't known by June 30, 2027, 11:59 PM ET, the market will resolve to ""Other"".

This market will resolve based on the result of the election as indicated by a consensus of credible reporting. If there is ambiguity, this market will resolve based solely on the official results as reported by the Brazilian government, specifically the Superior Electoral Court (Tribunal Superior Eleitoral, TSE) (e.g., https://dadosabertos.tse.jus.br/).",,,brazil-presidential-election,Brazil Presidential Election,10427470.296619004,1605630.69223,False,2026-10-04T00:00:00Z,"[""7424753944577407627798342086224300332261118341771286172561357635231967087849"", ""59719566460284176747563170948594542001910357576928243006415040827066185298735""]",https://polymarket.com/market/will-carlos-roberto-massa-jnior-win-the-2026-brazilian-presidential-election
601825,will-renan-santos-win-the-2026-brazilian-presidential-election,Will Renan Santos win the 2026 Brazilian presidential election?,Will Renan Santos win the 2026 Brazilian presidential election?,"A presidential election is scheduled to take place in Brazil on October 4, 2026.

This market will resolve according to the listed candidate that wins this election.

This market includes any potential second round. If the result of this election isn't known by June 30, 2027, 11:59 PM ET, the market will resolve to ""Other"".

This market will resolve based on the result of the election as indicated by a consensus of credible reporting. If there is ambiguity, this market will resolve based solely on the official results as reported by the Brazilian government, specifically the Superior Electoral Court (Tribunal Superior Eleitoral, TSE) (e.g., https://dadosabertos.tse.jus.br/).",,,brazil-presidential-election,Brazil Presidential Election,9629090.514376998,297363.27432,False,2026-10-04T00:00:00Z,"[""93998891488819623915454849994768171534113749478841216025646247933473925258016"", ""7565921021555775006041943394390068423142281108752994121417017072842379450830""]",https://polymarket.com/market/will-renan-santos-win-the-2026-brazilian-presidential-election
601826,will-flvio-bolsonaro-win-the-2026-brazilian-presidential-election,Will Flávio Bolsonaro win the 2026 Brazilian presidential election?,Will Flávio Bolsonaro win the 2026 Brazilian presidential election?,"A presidential election is scheduled to take place in Brazil on October 4, 2026.

This market will resolve according to the listed candidate that wins this election.

This market includes any potential second round. If the result of this election isn't known by June 30, 2027, 11:59 PM ET, the market will resolve to ""Other"".

This market will resolve based on the result of the election as indicated by a consensus of credible reporting. If there is ambiguity, this market will resolve based solely on the official results as reported by the Brazilian government, specifically the Superior Electoral Court (Tribunal Superior Eleitoral, TSE) (e.g., https://dadosabertos.tse.jus.br/).",,,brazil-presidential-election,Brazil Presidential Election,8228188.794472003,196606.87303,False,2026-10-04T00:00:00Z,"[""109876868437950584369987384406356259939519193117253465815665152916226511121427"", ""38310927461258927563020508025396887688249787380193911540547071417200646834355""]",https://polymarket.com/market/will-flvio-bolsonaro-win-the-2026-brazilian-presidential-election
601827,will-ronaldo-caiado-win-the-2026-brazilian-presidential-election,Will Ronaldo Caiado win the 2026 Brazilian presidential election?,Will Ronaldo Caiado win the 2026 Brazilian presidential election?,"A presidential election is scheduled to take place in Brazil on October 4, 2026.

This market will resolve according to the listed candidate that wins this election.

This market includes any potential second round. If the result of this election isn't known by June 30, 2027, 11:59 PM ET, the market will resolve to ""Other"".

This market will resolve based on the result of the election as indicated by a consensus of credible reporting. If there is ambiguity, this market will resolve based solely on the official results as reported by the Brazilian government, specifically the Superior Electoral Court (Tribunal Superior Eleitoral, TSE) (e.g., https://dadosabertos.tse.jus.br/).",,,brazil-presidential-election,Brazil Presidential Election,5714159.268550999,312833.56531,False,2026-10-04T00:00:00Z,"[""36262307788727352725358528951052957737657822670589615830114396216160368496388"", ""46647902352070183258066763519254338558701019805822306126128459427684955493048""]",https://polymarket.com/market/will-ronaldo-caiado-win-the-2026-brazilian-presidential-election
601828,will-romeu-zema-win-the-2026-brazilian-presidential-election,Will Romeu Zema win the 2026 Brazilian presidential election?,Will Romeu Zema win the 2026 Brazilian presidential election?,"A presidential election is scheduled to take place in Brazil on October 4, 2026.

This market will resolve according to the listed candidate that wins this election.

This market includes any potential second round. If the result of this election isn't known by June 30, 2027, 11:59 PM ET, the market will resolve to ""Other"".

This market will resolve based on the result of the election as indicated by a consensus of credible reporting. If there is ambiguity, this market will resolve based solely on the official results as reported by the Brazilian government, specifically the Superior Electoral Court (Tribunal Superior Eleitoral, TSE) (e.g., https://dadosabertos.tse.jus.br/).",,,brazil-presidential-election,Brazil Presidential Election,5126037.554438001,427691.89846,False,2026-10-04T00:00:00Z,"[""44340846524235712899508083510503343345123518718867913608211694999290628967401"", ""38633448065261608755072088507033278254893488240734399014852176650195563610767""]",https://polymarket.com/market/will-romeu-zema-win-the-2026-brazilian-presidential-election
601829,will-camilo-santana-win-the-2026-brazilian-presidential-election,Will Camilo Santana win the 2026 Brazilian presidential election?,Will Camilo Santana win the 2026 Brazilian presidential election?,"A presidential election is scheduled to take place in Brazil on October 4, 2026.

This market will resolve according to the listed candidate that wins this election.

This market includes any potential second round. If the result of this election isn't known by June 30, 2027, 11:59 PM ET, the market will resolve to ""Other"".

This market will resolve based on the result of the election as indicated by a consensus of credible reporting. If there is ambiguity, this market will resolve based solely on the official results as reported by the Brazilian government, specifically the Superior Electoral Court (Tribunal Superior Eleitoral, TSE) (e.g., https://dadosabertos.tse.jus.br/).",,,brazil-presidential-election,Brazil Presidential Election,4884303.304657002,421694.01942,False,2026-10-04T00:00:00Z,"[""40200361970099951836914907993971598083846841136374094155950298822866778978473"", ""19426561498944480100112574303715252854511498242084732425528134709477022078274""]",https://polymarket.com/market/will-camilo-santana-win-the-2026-brazilian-presidential-election
601830,will-geraldo-alckmin-win-the-2026-brazilian-presidential-election,Will Geraldo Alckmin win the 2026 Brazilian presidential election?,Will Geraldo Alckmin win the 2026 Brazilian presidential election?,"A presidential election is scheduled to take place in Brazil on October 4, 2026.

This market will resolve according to the listed candidate that wins this election.

This market includes any potential second round. If the result of this election isn't known by June 30, 2027, 11:59 PM ET, the market will resolve to ""Other"".

This market will resolve based on the result of the election as indicated by a consensus of credible reporting. If there is ambiguity, this market will resolve based solely on the official results as reported by the Brazilian government, specifically the Superior Electoral Court (Tribunal Superior Eleitoral, TSE) (e.g., https://dadosabertos.tse.jus.br/).",,,brazil-presidential-election,Brazil Presidential Election,5234910.813683,256332.97436,False,2026-10-04T00:00:00Z,"[""70059117674007036240163073645113489994895807359788046023215512784288966325609"", ""36365720386664227244786004973842669393494622748773462921946756661027332562108""]",https://polymarket.com/market/will-geraldo-alckmin-win-the-2026-brazilian-presidential-election
601831,will-eduardo-leite-win-the-2026-brazilian-presidential-election,Will Eduardo Leite win the 2026 Brazilian presidential election?,Will Eduardo Leite win the 2026 Brazilian presidential election?,"A presidential election is scheduled to take place in Brazil on October 4, 2026.

This market will resolve according to the listed candidate that wins this election.

This market includes any potential second round. If the result of this election isn't known by June 30, 2027, 11:59 PM ET, the market will resolve to ""Other"".

This market will resolve based on the result of the election as indicated by a consensus of credible reporting. If there is ambiguity, this market will resolve based solely on the official results as reported by the Brazilian government, specifically the Superior Electoral Court (Tribunal Superior Eleitoral, TSE) (e.g., https://dadosabertos.tse.jus.br/).",,,brazil-presidential-election,Brazil Presidential Election,7964749.169927001,1770348.41785,False,2026-10-04T00:00:00Z,"[""114877796464914647568230859616993131921615428032065380781940199946418906101564"", ""9697405538019508678756776747825282312074484504476125199957573316007230038461""]",https://polymarket.com/market/will-eduardo-leite-win-the-2026-brazilian-presidential-election
601832,will-aldo-rebelo-win-the-2026-brazilian-presidential-election,Will Aldo Rebelo win the 2026 Brazilian presidential election?,Will Aldo Rebelo win the 2026 Brazilian presidential election?,"A presidential election is scheduled to take place in Brazil on October 4, 2026.

This market will resolve according to the listed candidate that wins this election.

This market includes any potential second round. If the result of this election isn't known by June 30, 2027, 11:59 PM ET, the market will resolve to ""Other"".

This market will resolve based on the result of the election as indicated by a consensus of credible reporting. If there is ambiguity, this market will resolve based solely on the official results as reported by the Brazilian government, specifically the Superior Electoral Court (Tribunal Superior Eleitoral, TSE) (e.g., https://dadosabertos.tse.jus.br/).",,,brazil-presidential-election,Brazil Presidential Election,4934669.634043001,1631938.31793,False,2026-10-04T00:00:00Z,"[""18874063891853426715155938679650704186206312307574669405399400920527965569290"", ""95597933525611824079013318290908306632452395554424249697047125393686147365868""]",https://polymarket.com/market/will-aldo-rebelo-win-the-2026-brazilian-presidential-election
601833,will-tereza-cristina-win-the-2026-brazilian-presidential-election,Will Tereza Cristina win the 2026 Brazilian presidential election?,Will Tereza Cristina win the 2026 Brazilian presidential election?,"A presidential election is scheduled to take place in Brazil on October 4, 2026.

This market will resolve according to the listed candidate that wins this election.

This market includes any potential second round. If the result of this election isn't known by June 30, 2027, 11:59 PM ET, the market will resolve to ""Other"".

This market will resolve based on the result of the election as indicated by a consensus of credible reporting. If there is ambiguity, this market will resolve based solely on the official results as reported by the Brazilian government, specifically the Superior Electoral Court (Tribunal Superior Eleitoral, TSE) (e.g., https://dadosabertos.tse.jus.br/).",,,brazil-presidential-election,Brazil Presidential Election,3585757.784596001,231006.68018,False,2026-10-04T00:00:00Z,"[""111901744542692526827481385722975834672043376661227579870355575009066606657994"", ""64982418802960410634417234400461483693795282592809889685102027864089780598249""]",https://polymarket.com/market/will-tereza-cristina-win-the-2026-brazilian-presidential-election
601834,will-helder-barbalho-win-the-2026-brazilian-presidential-election,Will Helder Barbalho win the 2026 Brazilian presidential election?,Will Helder Barbalho win the 2026 Brazilian presidential election?,"A presidential election is scheduled to take place in Brazil on October 4, 2026.

This market will resolve according to the listed candidate that wins this election.

This market includes any potential second round. If the result of this election isn't known by June 30, 2027, 11:59 PM ET, the market will resolve to ""Other"".

This market will resolve based on the result of the election as indicated by a consensus of credible reporting. If there is ambiguity, this market will resolve based solely on the official results as reported by the Brazilian government, specifically the Superior Electoral Court (Tribunal Superior Eleitoral, TSE) (e.g., https://dadosabertos.tse.jus.br/).",,,brazil-presidential-election,Brazil Presidential Election,2367850.2468819995,539698.67131,False,2026-10-04T00:00:00Z,"[""49821018408733695378907631766783388197384982451576409356148180829521508621967"", ""72714416442822965658619792482622498214965370742798513442488186246322155432807""]",https://polymarket.com/market/will-helder-barbalho-win-the-2026-brazilian-presidential-election
601920,will-any-presidential-candidate-win-outright-in-the-first-round-of-the-brazil-election,Will any presidential candidate win outright in the first round of the Brazil election?,Will any presidential candidate win outright in the first round of the Brazil election?,"Presidential elections are scheduled to be held in Brazil on October 4, 2026. A second round will be held if no candidate secures more than 50% of the valid votes in the first round.

This market will resolve to ""Yes"" if any candidate wins this election in the first round. Otherwise, this market will resolve to ""No"".

If the result of the first round of this election isn't known by June 30, 2027, 11:59 PM ET, the market will resolve to ""No"".

This market will resolve based on the result of the election as indicated by a consensus of credible reporting. If there is ambiguity, this market will resolve based solely on the official results as reported by the Brazilian government, specifically the Superior Electoral Court (Tribunal Superior Eleitoral, TSE) (e.g., https://dadosabertos.tse.jus.br/).",,,will-any-presidential-candidate-win-outright-in-the-first-round-of-the-brazil-election,Will any presidential candidate win outright in the first round of the Brazil election?,127710.84303699993,28883.319,False,2026-10-04T00:00:00Z,"[""29464249359795764732112771440808805030560641430581197204785405866716242261762"", ""45822599979868501396582860994506290061594012396386219725082308923565779306211""]",https://polymarket.com/market/will-any-presidential-candidate-win-outright-in-the-first-round-of-the-brazil-election
601921,will-tarcisio-de-frietas-qualify-for-brazils-presidential-runoff,Will Tarcisio de Frietas qualify for Brazil's presidential runoff?,Will Tarcisio de Frietas qualify for Brazil's presidential runoff?,"General elections are scheduled to take place in Brazil on October 4, 2026. If no candidate wins outright in the first round, the top two candidates proceed to a runoff.

This market will resolve to ""Yes"" if the listed candidate advances to Brazil's presidential runoff election or otherwise wins outright in the first round. Otherwise, this market will resolve to ""No"".

If the president is decided in the first round of the election but the listed candidate is not the winner or the result of this election isn't known definitively by June 30, 2027, 11:59 PM ET, the market will resolve to ""No"".

This market will resolve based on the result of the election as indicated by a consensus of credible reporting. If there is ambiguity, this market will resolve based solely on the official results as reported by the Brazilian government, specifically the Superior Electoral Court (Tribunal Superior Eleitoral, TSE) (e.g., https://dadosabertos.tse.jus.br/).",,,which-candidates-will-advance-to-brazils-presidential-runoff,Which candidates will advance to Brazil's presidential runoff?,81252.18032599999,19511.04616,False,2026-10-04T00:00:00Z,"[""46016408901619903295207375832539898750164493226855442884509133805980187874445"", ""104364047276779956150815000750759444324012427302824233404469499322904769447374""]",https://polymarket.com/market/will-tarcisio-de-frietas-qualify-for-brazils-presidential-runoff
601922,will-luiz-incio-lula-da-silva-qualify-for-brazils-presidential-runoff,Will Luiz Inácio Lula da Silva qualify for Brazil's presidential runoff?,Will Luiz Inácio Lula da Silva qualify for Brazil's presidential runoff?,"General elections are scheduled to take place in Brazil on October 4, 2026. If no candidate wins outright in the first round, the top two candidates proceed to a runoff.

This market will resolve to ""Yes"" if the listed candidate advances to Brazil's presidential runoff election or otherwise wins outright in the first round. Otherwise, this market will resolve to ""No"".

If the president is decided in the first round of the election but the listed candidate is not the winner or the result of this election isn't known definitively by June 30, 2027, 11:59 PM ET, the market will resolve to ""No"".

This market will resolve based on the result of the election as indicated by a consensus of credible reporting. If there is ambiguity, this market will resolve based solely on the official results as reported by the Brazilian government, specifically the Superior Electoral Court (Tribunal Superior Eleitoral, TSE) (e.g., https://dadosabertos.tse.jus.br/).",,,which-candidates-will-advance-to-brazils-presidential-runoff,Which candidates will advance to Brazil's presidential runoff?,216158.87466000003,54978.73141,False,2026-10-04T00:00:00Z,"[""89033597404049535329336367676897002196779443515433514040396661411543836790585"", ""111699204507563543490907649828278526762321026750976872427871357593788391327392""]",https://polymarket.com/market/will-luiz-incio-lula-da-silva-qualify-for-brazils-presidential-runoff
601923,will-jair-bolsonaro-qualify-for-brazils-presidential-runoff,Will Jair Bolsonaro qualify for Brazil's presidential runoff?,Will Jair Bolsonaro qualify for Brazil's presidential runoff?,"General elections are scheduled to take place in Brazil on October 4, 2026. If no candidate wins outright in the first round, the top two candidates proceed to a runoff.

This market will resolve to ""Yes"" if the listed candidate advances to Brazil's presidential runoff election or otherwise wins outright in the first round. Otherwise, this market will resolve to ""No"".

If the president is decided in the first round of the election but the listed candidate is not the winner or the result of this election isn't known definitively by June 30, 2027, 11:59 PM ET, the market will resolve to ""No"".

This market will resolve based on the result of the election as indicated by a consensus of credible reporting. If there is ambiguity, this market will resolve based solely on the official results as reported by the Brazilian government, specifically the Superior Electoral Court (Tribunal Superior Eleitoral, TSE) (e.g., https://dadosabertos.tse.jus.br/).",,,which-candidates-will-advance-to-brazils-presidential-runoff,Which candidates will advance to Brazil's presidential runoff?,14982.631005000001,28739.22167,False,2026-10-04T00:00:00Z,"[""101134393049836906975947597080054507181574464067370130043922902048539166993235"", ""36735483826570976187620023335662873012869089000041058674757539485254698650842""]",https://polymarket.com/market/will-jair-bolsonaro-qualify-for-brazils-presidential-runoff
601924,will-fernando-haddad-qualify-for-brazils-presidential-runoff,Will Fernando Haddad qualify for Brazil's presidential runoff?,Will Fernando Haddad qualify for Brazil's presidential runoff?,"General elections are scheduled to take place in Brazil on October 4, 2026. If no candidate wins outright in the first round, the top two candidates proceed to a runoff.

This market will resolve to ""Yes"" if the listed candidate advances to Brazil's presidential runoff election or otherwise wins outright in the first round. Otherwise, this market will resolve to ""No"".

If the president is decided in the first round of the election but the listed candidate is not the winner or the result of this election isn't known definitively by June 30, 2027, 11:59 PM ET, the market will resolve to ""No"".

This market will resolve based on the result of the election as indicated by a consensus of credible reporting. If there is ambiguity, this market will resolve based solely on the official results as reported by the Brazilian government, specifically the Superior Electoral Court (Tribunal Superior Eleitoral, TSE) (e.g., https://dadosabertos.tse.jus.br/).",,,which-candidates-will-advance-to-brazils-presidential-runoff,Which candidates will advance to Brazil's presidential runoff?,64717.970474999995,18846.75243,False,2026-10-04T00:00:00Z,"[""94836043839323722879469870987760750290024098891115577626325361529691242606761"", ""25389055899102172935354466055454965931540722370421306725201557275070263171""]",https://polymarket.com/market/will-fernando-haddad-qualify-for-brazils-presidential-runoff
601925,will-michelle-bolsonaro-qualify-for-brazils-presidential-runoff,Will Michelle Bolsonaro qualify for Brazil's presidential runoff?,Will Michelle Bolsonaro qualify for Brazil's presidential runoff?,"General elections are scheduled to take place in Brazil on October 4, 2026. If no candidate wins outright in the first round, the top two candidates proceed to a runoff.

This market will resolve to ""Yes"" if the listed candidate advances to Brazil's presidential runoff election or otherwise wins outright in the first round. Otherwise, this market will resolve to ""No"".

If the president is decided in the first round of the election but the listed candidate is not the winner or the result of this election isn't known definitively by June 30, 2027, 11:59 PM ET, the market will resolve to ""No"".

This market will resolve based on the result of the election as indicated by a consensus of credible reporting. If there is ambiguity, this market will resolve based solely on the official results as reported by the Brazilian government, specifically the Superior Electoral Court (Tribunal Superior Eleitoral, TSE) (e.g., https://dadosabertos.tse.jus.br/).",,,which-candidates-will-advance-to-brazils-presidential-runoff,Which candidates will advance to Brazil's presidential runoff?,34442.297361,28934.55198,False,2026-10-04T00:00:00Z,"[""49058413537469145808340126520652205803369994566298859701509185048060495231532"", ""64140630690092928466941220518204962244509277709814669075463957847277715979794""]",https://polymarket.com/market/will-michelle-bolsonaro-qualify-for-brazils-presidential-runoff
608362,will-openais-market-cap-be-less-than-500b-at-market-close-on-ipo-day,Will OpenAI’s market cap be less than $500B at market close on IPO day?,Will OpenAI’s market cap be less than $500B at market close on IPO day?,"This market will resolve based on OpenAI's market capitalization at the closing price on its first day of trading.

If no IPO occurs by December 31, 2026, 11:59 PM ET, the market will resolve to ""No IPO by December 31, 2026"".

Market capitalization expresses the monetary value of a company’s outstanding shares, stated in its pricing currency. It is calculated as the number of shares outstanding multiplied by the closing share price on the first trading day.

If the relevant value falls exactly between two brackets, then this market will resolve to the higher range bracket.

Resolution will be based on the primary exchange’s official listing page. In the event that the relevant figure is not displayed, another reliable source will be used.

In the event of an interruption in the course of the normal trading session on OpenAI’s first day of trading (e.g., a circuit breaker or half-day), the market will resolve according to the official closing price of the abbreviated session. If no such official closing price is published, the market will resolve according to the next trading day on which an official closing price is published, treating that as the first day of trading for purposes of this market.",,,openai-ipo-closing-market-cap,OpenAI IPO Closing Market Cap,304271.94105500006,6304.94252,False,2026-06-30T00:00:00Z,"[""6122912536415539457721068960901205060237919057489564846781206253065694717085"", ""48451126471681390564675828610810240762308720916091458567360242927144088567337""]",https://polymarket.com/market/will-openais-market-cap-be-less-than-500b-at-market-close-on-ipo-day
608363,will-openais-market-cap-be-between-500b-and-750b-at-market-close-on-ipo-day,Will OpenAI’s market cap be between $500B and $750B at market close on IPO day?,Will OpenAI’s market cap be between $500B and $750B at market close on IPO day?,"This market will resolve based on OpenAI's market capitalization at the closing price on its first day of trading.

If no IPO occurs by December 31, 2026, 11:59 PM ET, the market will resolve to ""No IPO by December 31, 2026"".

Market capitalization expresses the monetary value of a company’s outstanding shares, stated in its pricing currency. It is calculated as the number of shares outstanding multiplied by the closing share price on the first trading day.

If the relevant value falls exactly between two brackets, then this market will resolve to the higher range bracket.

Resolution will be based on the primary exchange’s official listing page. In the event that the relevant figure is not displayed, another reliable source will be used.

In the event of an interruption in the course of the normal trading session on OpenAI’s first day of trading (e.g., a circuit breaker or half-day), the market will resolve according to the official closing price of the abbreviated session. If no such official closing price is published, the market will resolve according to the next trading day on which an official closing price is published, treating that as the first day of trading for purposes of this market.",,,openai-ipo-closing-market-cap,OpenAI IPO Closing Market Cap,166546.295622,7656.02366,False,2026-06-30T00:00:00Z,"[""36088399593046466421453063228085042771351246231742717370399696243183381174466"", ""11947171408899503371980811142475369274013053223377767646204433492871687017998""]",https://polymarket.com/market/will-openais-market-cap-be-between-500b-and-750b-at-market-close-on-ipo-day
608364,will-openais-market-cap-be-between-750b-and-1t-at-market-close-on-ipo-day,Will OpenAI’s market cap be between $750B and $1T at market close on IPO day?,Will OpenAI’s market cap be between $750B and $1T at market close on IPO day?,"This market will resolve based on OpenAI's market capitalization at the closing price on its first day of trading.

If no IPO occurs by December 31, 2026, 11:59 PM ET, the market will resolve to ""No IPO by December 31, 2026"".

Market capitalization expresses the monetary value of a company’s outstanding shares, stated in its pricing currency. It is calculated as the number of shares outstanding multiplied by the closing share price on the first trading day.

If the relevant value falls exactly between two brackets, then this market will resolve to the higher range bracket.

Resolution will be based on the primary exchange’s official listing page. In the event that the relevant figure is not displayed, another reliable source will be used.

In the event of an interruption in the course of the normal trading session on OpenAI’s first day of trading (e.g., a circuit breaker or half-day), the market will resolve according to the official closing price of the abbreviated session. If no such official closing price is published, the market will resolve according to the next trading day on which an official closing price is published, treating that as the first day of trading for purposes of this market.",,,openai-ipo-closing-market-cap,OpenAI IPO Closing Market Cap,173696.38847000003,7481.37044,False,2026-06-30T00:00:00Z,"[""86904220753614324927759730619985568200215013704321476651673438801320577270597"", ""74987521271361072746264224488245891269775371028979674431826416209897741154003""]",https://polymarket.com/market/will-openais-market-cap-be-between-750b-and-1t-at-market-close-on-ipo-day
608365,will-openais-market-cap-be-between-1t-and-1pt25t-at-market-close-on-ipo-day,Will OpenAI’s market cap be between $1T and $1.25T at market close on IPO day?,Will OpenAI’s market cap be between $1T and $1.25T at market close on IPO day?,"This market will resolve based on OpenAI's market capitalization at the closing price on its first day of trading.

If no IPO occurs by December 31, 2026, 11:59 PM ET, the market will resolve to ""No IPO by December 31, 2026"".

Market capitalization expresses the monetary value of a company’s outstanding shares, stated in its pricing currency. It is calculated as the number of shares outstanding multiplied by the closing share price on the first trading day.

If the relevant value falls exactly between two brackets, then this market will resolve to the higher range bracket.

Resolution will be based on the primary exchange’s official listing page. In the event that the relevant figure is not displayed, another reliable source will be used.

In the event of an interruption in the course of the normal trading session on OpenAI’s first day of trading (e.g., a circuit breaker or half-day), the market will resolve according to the official closing price of the abbreviated session. If no such official closing price is published, the market will resolve according to the next trading day on which an official closing price is published, treating that as the first day of trading for purposes of this market.",,,openai-ipo-closing-market-cap,OpenAI IPO Closing Market Cap,216887.05095399995,7035.34473,False,2026-06-30T00:00:00Z,"[""88770632741686298370270294037614812817595949782311984579833554458717957886356"", ""18399565751068676179945656979762090460558422925963909399757895217338947077684""]",https://polymarket.com/market/will-openais-market-cap-be-between-1t-and-1pt25t-at-market-close-on-ipo-day
608366,will-openais-market-cap-be-between-1pt25t-and-1pt5t-at-market-close-on-ipo-day,Will OpenAI’s market cap be between $1.25T and $1.5T at market close on IPO day?,Will OpenAI’s market cap be between $1.25T and $1.5T at market close on IPO day?,"This market will resolve based on OpenAI's market capitalization at the closing price on its first day of trading.

If no IPO occurs by December 31, 2026, 11:59 PM ET, the market will resolve to ""No IPO by December 31, 2026"".

Market capitalization expresses the monetary value of a company’s outstanding shares, stated in its pricing currency. It is calculated as the number of shares outstanding multiplied by the closing share price on the first trading day.

If the relevant value falls exactly between two brackets, then this market will resolve to the higher range bracket.

Resolution will be based on the primary exchange’s official listing page. In the event that the relevant figure is not displayed, another reliable source will be used.

In the event of an interruption in the course of the normal trading session on OpenAI’s first day of trading (e.g., a circuit breaker or half-day), the market will resolve according to the official closing price of the abbreviated session. If no such official closing price is published, the market will resolve according to the next trading day on which an official closing price is published, treating that as the first day of trading for purposes of this market.",,,openai-ipo-closing-market-cap,OpenAI IPO Closing Market Cap,524733.8137810001,8047.49503,False,2026-06-30T00:00:00Z,"[""19470872781622450446330627562106312915240544924539183504885686468325701819521"", ""19224712151342060925250675326667957156597084749312967133447388236247487979547""]",https://polymarket.com/market/will-openais-market-cap-be-between-1pt25t-and-1pt5t-at-market-close-on-ipo-day
608367,will-openais-market-cap-be-greater-than-1pt5t-at-market-close-on-ipo-day,Will OpenAI’s market cap be $1.5T or greater at market close on IPO day?,Will OpenAI’s market cap be $1.5T or greater at market close on IPO day?,"This market will resolve based on OpenAI's market capitalization at the closing price on its first day of trading.

If no IPO occurs by December 31, 2026, 11:59 PM ET, the market will resolve to ""No IPO by December 31, 2026"".

Market capitalization expresses the monetary value of a company’s outstanding shares, stated in its pricing currency. It is calculated as the number of shares outstanding multiplied by the closing share price on the first trading day.

If the relevant value falls exactly between two brackets, then this market will resolve to the higher range bracket.

Resolution will be based on the primary exchange’s official listing page. In the event that the relevant figure is not displayed, another reliable source will be used.

In the event of an interruption in the course of the normal trading session on OpenAI’s first day of trading (e.g., a circuit breaker or half-day), the market will resolve according to the official closing price of the abbreviated session. If no such official closing price is published, the market will resolve according to the next trading day on which an official closing price is published, treating that as the first day of trading for purposes of this market.",,,openai-ipo-closing-market-cap,OpenAI IPO Closing Market Cap,150454.07443300003,6907.34348,False,2026-06-30T00:00:00Z,"[""42493289531592820306292191064557160874552640520793925047778017979799601355649"", ""57920006811393570084962107679227395634282382525602277724728836928684998641754""]",https://polymarket.com/market/will-openais-market-cap-be-greater-than-1pt5t-at-market-close-on-ipo-day
608368,will-openai-not-ipo-by-december-31-2026,"Will OpenAI not IPO by December 31, 2026?","Will OpenAI not IPO by December 31, 2026?","This market will resolve based on OpenAI's market capitalization at the closing price on its first day of trading.

If no IPO occurs by December 31, 2026, 11:59 PM ET, the market will resolve to ""No IPO by December 31, 2026"".

Market capitalization expresses the monetary value of a company’s outstanding shares, stated in its pricing currency. It is calculated as the number of shares outstanding multiplied by the closing share price on the first trading day.

If the relevant value falls exactly between two brackets, then this market will resolve to the higher range bracket.

Resolution will be based on the primary exchange’s official listing page. In the event that the relevant figure is not displayed, another reliable source will be used.

In the event of an interruption in the course of the normal trading session on OpenAI’s first day of trading (e.g., a circuit breaker or half-day), the market will resolve according to the official closing price of the abbreviated session. If no such official closing price is published, the market will resolve according to the next trading day on which an official closing price is published, treating that as the first day of trading for purposes of this market.",,,openai-ipo-closing-market-cap,OpenAI IPO Closing Market Cap,434357.45226999983,28096.5964,False,2027-01-01T01:00:00Z,"[""56615676606297588259337956203332341775475048285080710344367729433788967812170"", ""8070607953656787024050950499598687532281829563384949938603247089607814583142""]",https://polymarket.com/market/will-openai-not-ipo-by-december-31-2026
608540,will-kylian-mbapp-win-the-2026-ballon-dor,Will Kylian Mbappé win the 2026 Ballon d'Or?,Will Kylian Mbappé win the 2026 Ballon d'Or?,"This market will resolve according to the winner of the 2026 Ballon d’Or.

If no 2026 Ballon d’Or winner is declared by December 31, 2026, 11:59 PM ET, this market will resolve to ""Other"".

The primary resolution source for this market is official information from France Football (https://www.francefootball.fr/).",,,ballon-dor-winner-2026,Ballon d'Or Winner 2026,1551322.0918019987,162938.89228,False,2026-10-31T00:00:00Z,"[""95640549996905293510297955529586737178285694064878854803914367446504739764113"", ""43681720319477188597878188429504394796986333625436226983885469009299707562545""]",https://polymarket.com/market/will-kylian-mbapp-win-the-2026-ballon-dor
608541,will-erling-haaland-win-the-2026-ballon-dor,Will Erling Haaland win the 2026 Ballon d'Or?,Will Erling Haaland win the 2026 Ballon d'Or?,"This market will resolve according to the winner of the 2026 Ballon d’Or.

If no 2026 Ballon d’Or winner is declared by December 31, 2026, 11:59 PM ET, this market will resolve to ""Other"".

The primary resolution source for this market is official information from France Football (https://www.francefootball.fr/).",,,ballon-dor-winner-2026,Ballon d'Or Winner 2026,1142436.4299809993,297657.85376,False,2026-10-31T00:00:00Z,"[""28452090262595806306683841543702974671789939255165753137157118490078999198778"", ""41582690056299530319797949041927935989019869883198101581541874744777936907826""]",https://polymarket.com/market/will-erling-haaland-win-the-2026-ballon-dor
608542,will-jude-bellingham-win-the-2026-ballon-dor,Will Jude Bellingham win the 2026 Ballon d'Or?,Will Jude Bellingham win the 2026 Ballon d'Or?,"This market will resolve according to the winner of the 2026 Ballon d’Or.

If no 2026 Ballon d’Or winner is declared by December 31, 2026, 11:59 PM ET, this market will resolve to ""Other"".

The primary resolution source for this market is official information from France Football (https://www.francefootball.fr/).",,,ballon-dor-winner-2026,Ballon d'Or Winner 2026,1021588.600726,385758.18047,False,2026-10-31T00:00:00Z,"[""35466012767924254839738113787085950010503473575312851228505226571790709275819"", ""24122299862711914013738626986097179741774791999132542027561549123320843148963""]",https://polymarket.com/market/will-jude-bellingham-win-the-2026-ballon-dor
608543,will-ousmane-dembl-win-the-2026-ballon-dor,Will Ousmane Dembélé win the 2026 Ballon d'Or?,Will Ousmane Dembélé win the 2026 Ballon d'Or?,"This market will resolve according to the winner of the 2026 Ballon d’Or.

If no 2026 Ballon d’Or winner is declared by December 31, 2026, 11:59 PM ET, this market will resolve to ""Other"".

The primary resolution source for this market is official information from France Football (https://www.francefootball.fr/).",,,ballon-dor-winner-2026,Ballon d'Or Winner 2026,1792091.0539819999,225519.91471,False,2026-10-31T00:00:00Z,"[""98995454929502090253677005499136815786618457974539379472945759013797338791883"", ""109359154677724641879093510140547924238031773808324195577981722875545957189531""]",https://polymarket.com/market/will-ousmane-dembl-win-the-2026-ballon-dor
608544,will-mohamed-salah-win-the-2026-ballon-dor,Will Mohamed Salah win the 2026 Ballon d'Or?,Will Mohamed Salah win the 2026 Ballon d'Or?,"This market will resolve according to the winner of the 2026 Ballon d’Or.

If no 2026 Ballon d’Or winner is declared by December 31, 2026, 11:59 PM ET, this market will resolve to ""Other"".

The primary resolution source for this market is official information from France Football (https://www.francefootball.fr/).",,,ballon-dor-winner-2026,Ballon d'Or Winner 2026,1057653.8674060004,729781.31803,False,2026-10-31T00:00:00Z,"[""22345057978170613931592043277589233735172149549017708866084569271517555595376"", ""906483870487372479858429761450406582967205564885378986322797309932205437063""]",https://polymarket.com/market/will-mohamed-salah-win-the-2026-ballon-dor
608545,will-lamine-yamal-win-the-2026-ballon-dor,Will Lamine Yamal win the 2026 Ballon d'Or?,Will Lamine Yamal win the 2026 Ballon d'Or?,"This market will resolve according to the winner of the 2026 Ballon d’Or.

If no 2026 Ballon d’Or winner is declared by December 31, 2026, 11:59 PM ET, this market will resolve to ""Other"".

The primary resolution source for this market is official information from France Football (https://www.francefootball.fr/).",,,ballon-dor-winner-2026,Ballon d'Or Winner 2026,1811980.8062339989,209656.17323,False,2026-10-31T00:00:00Z,"[""10466835326554416965099784068156829774726248334728156046559014834812912458273"", ""115364229170068359509280114761107502298430910856477421813089992309112580316620""]",https://polymarket.com/market/will-lamine-yamal-win-the-2026-ballon-dor
608546,will-vincius-jnior-win-the-2026-ballon-dor,Will Vinícius Júnior win the 2026 Ballon d'Or?,Will Vinícius Júnior win the 2026 Ballon d'Or?,"This market will resolve according to the winner of the 2026 Ballon d’Or.

If no 2026 Ballon d’Or winner is declared by December 31, 2026, 11:59 PM ET, this market will resolve to ""Other"".

The primary resolution source for this market is official information from France Football (https://www.francefootball.fr/).",,,ballon-dor-winner-2026,Ballon d'Or Winner 2026,1067430.831325,728621.09184,False,2026-10-31T00:00:00Z,"[""87463122783250401770409006373017832501980573239347362136882847193417885543780"", ""97952862579836119400061130049052339741997214184800200176298039013253952161001""]",https://polymarket.com/market/will-vincius-jnior-win-the-2026-ballon-dor
608547,will-harry-kane-win-the-2026-ballon-dor,Will Harry Kane win the 2026 Ballon d'Or?,Will Harry Kane win the 2026 Ballon d'Or?,"This market will resolve according to the winner of the 2026 Ballon d’Or.

If no 2026 Ballon d’Or winner is declared by December 31, 2026, 11:59 PM ET, this market will resolve to ""Other"".

The primary resolution source for this market is official information from France Football (https://www.francefootball.fr/).",,,ballon-dor-winner-2026,Ballon d'Or Winner 2026,3370456.2244699993,160547.13511,False,2026-10-31T00:00:00Z,"[""72710166409980712002774407052535905861151156175854323762835102340552522606004"", ""77740376296468109233042620775325425521895874827413068707200627224591548200577""]",https://polymarket.com/market/will-harry-kane-win-the-2026-ballon-dor
608548,will-pedri-win-the-2026-ballon-dor,Will Pedri win the 2026 Ballon d'Or?,Will Pedri win the 2026 Ballon d'Or?,"This market will resolve according to the winner of the 2026 Ballon d’Or.

If no 2026 Ballon d’Or winner is declared by December 31, 2026, 11:59 PM ET, this market will resolve to ""Other"".

The primary resolution source for this market is official information from France Football (https://www.francefootball.fr/).",,,ballon-dor-winner-2026,Ballon d'Or Winner 2026,884675.4992549998,651827.54301,False,2026-10-31T00:00:00Z,"[""53552470495843725048812481677645073699559091521993186199190332652220611054074"", ""15088271960879255514674916121009958893050751523818352795843020762513178004940""]",https://polymarket.com/market/will-pedri-win-the-2026-ballon-dor
608549,will-cole-palmer-win-the-2026-ballon-dor,Will Cole Palmer win the 2026 Ballon d'Or?,Will Cole Palmer win the 2026 Ballon d'Or?,"This market will resolve according to the winner of the 2026 Ballon d’Or.

If no 2026 Ballon d’Or winner is declared by December 31, 2026, 11:59 PM ET, this market will resolve to ""Other"".

The primary resolution source for this market is official information from France Football (https://www.francefootball.fr/).",,,ballon-dor-winner-2026,Ballon d'Or Winner 2026,679611.0570980001,728490.78328,False,2026-10-31T00:00:00Z,"[""81471819166584021923855756744247375219462341944327135558300591230979453784921"", ""33283272513782188729324570958938476061688271571113187993114297794628603911094""]",https://polymarket.com/market/will-cole-palmer-win-the-2026-ballon-dor
608551,will-michael-olise-win-the-2026-ballon-dor,Will Michael Olise win the 2026 Ballon d'Or?,Will Michael Olise win the 2026 Ballon d'Or?,"This market will resolve according to the winner of the 2026 Ballon d’Or.

If no 2026 Ballon d’Or winner is declared by December 31, 2026, 11:59 PM ET, this market will resolve to ""Other"".

The primary resolution source for this market is official information from France Football (https://www.francefootball.fr/).",,,ballon-dor-winner-2026,Ballon d'Or Winner 2026,1081351.462304,352409.7078,False,2026-10-31T00:00:00Z,"[""80760484659859004057151567591793221748584787651268092387414945323344021679571"", ""69678850546990572440054007923329224352229570065558002681422037690918638911920""]",https://polymarket.com/market/will-michael-olise-win-the-2026-ballon-dor
608552,will-declan-rice-win-the-2026-ballon-dor,Will Declan Rice win the 2026 Ballon d'Or?,Will Declan Rice win the 2026 Ballon d'Or?,"This market will resolve according to the winner of the 2026 Ballon d’Or.

If no 2026 Ballon d’Or winner is declared by December 31, 2026, 11:59 PM ET, this market will resolve to ""Other"".

The primary resolution source for this market is official information from France Football (https://www.francefootball.fr/).",,,ballon-dor-winner-2026,Ballon d'Or Winner 2026,804431.8294429998,510171.25904,False,2026-10-31T00:00:00Z,"[""92592184455436128494220554453387664176148977714883057890153205798000245198735"", ""23388744730555578911455173305928434366410177206274801668245847953334070817189""]",https://polymarket.com/market/will-declan-rice-win-the-2026-ballon-dor
608553,will-khvicha-kvaratskhelia-win-the-2026-ballon-dor,Will Khvicha Kvaratskhelia win the 2026 Ballon d'Or?,Will Khvicha Kvaratskhelia win the 2026 Ballon d'Or?,"This market will resolve according to the winner of the 2026 Ballon d’Or.

If no 2026 Ballon d’Or winner is declared by December 31, 2026, 11:59 PM ET, this market will resolve to ""Other"".

The primary resolution source for this market is official information from France Football (https://www.francefootball.fr/).",,,ballon-dor-winner-2026,Ballon d'Or Winner 2026,1088737.0409819998,128638.01986,False,2026-10-31T00:00:00Z,"[""12622519606415978744877534783705265610788882249231449850262189360805525437274"", ""36288700594382425961479916608903536580786689753480114686207439400130634390018""]",https://polymarket.com/market/will-khvicha-kvaratskhelia-win-the-2026-ballon-dor
608554,will-vitinha-win-the-2026-ballon-dor,Will Vitinha win the 2026 Ballon d'Or?,Will Vitinha win the 2026 Ballon d'Or?,"This market will resolve according to the winner of the 2026 Ballon d’Or.

If no 2026 Ballon d’Or winner is declared by December 31, 2026, 11:59 PM ET, this market will resolve to ""Other"".

The primary resolution source for this market is official information from France Football (https://www.francefootball.fr/).",,,ballon-dor-winner-2026,Ballon d'Or Winner 2026,689230.874822,643232.77713,False,2026-10-31T00:00:00Z,"[""82634650036071435661480653934114573393829890801771064904327870866332495668102"", ""14113475671812065326245061121491780906686252131696427702101700223980372257409""]",https://polymarket.com/market/will-vitinha-win-the-2026-ballon-dor
608555,will-federico-valverde-win-the-2026-ballon-dor,Will Federico Valverde win the 2026 Ballon d'Or?,Will Federico Valverde win the 2026 Ballon d'Or?,"This market will resolve according to the winner of the 2026 Ballon d’Or.

If no 2026 Ballon d’Or winner is declared by December 31, 2026, 11:59 PM ET, this market will resolve to ""Other"".

The primary resolution source for this market is official information from France Football (https://www.francefootball.fr/).",,,ballon-dor-winner-2026,Ballon d'Or Winner 2026,447645.74629,714299.05083,False,2026-10-31T00:00:00Z,"[""44251893969559445725746032778607660444710743759640677096288102997878635000784"", ""86698200673461322027027993323622344437326529565767299820561329374217017984890""]",https://polymarket.com/market/will-federico-valverde-win-the-2026-ballon-dor
608556,will-julian-alvarez-win-the-2026-ballon-dor,Will Julian Alvarez win the 2026 Ballon d'Or?,Will Julian Alvarez win the 2026 Ballon d'Or?,"This market will resolve according to the winner of the 2026 Ballon d’Or.

If no 2026 Ballon d’Or winner is declared by December 31, 2026, 11:59 PM ET, this market will resolve to ""Other"".

The primary resolution source for this market is official information from France Football (https://www.francefootball.fr/).",,,ballon-dor-winner-2026,Ballon d'Or Winner 2026,732884.9191830001,685792.35836,False,2026-10-31T00:00:00Z,"[""36775972837437112706918371368434109906951556341979216798356356882918552994781"", ""100678211164286438256738285648366111382765175098433332308910150398970350021530""]",https://polymarket.com/market/will-julian-alvarez-win-the-2026-ballon-dor
608557,will-desire-doue-win-the-2026-ballon-dor,Will Desire Doue win the 2026 Ballon d'Or?,Will Desire Doue win the 2026 Ballon d'Or?,"This market will resolve according to the winner of the 2026 Ballon d’Or.

If no 2026 Ballon d’Or winner is declared by December 31, 2026, 11:59 PM ET, this market will resolve to ""Other"".

The primary resolution source for this market is official information from France Football (https://www.francefootball.fr/).",,,ballon-dor-winner-2026,Ballon d'Or Winner 2026,733382.707074,699102.29256,False,2026-10-31T00:00:00Z,"[""38760149677289858629168310028893529966619054083966950093400905635727656418997"", ""20520704974225542025668352641768347935032014800588213328515136974284208551751""]",https://polymarket.com/market/will-desire-doue-win-the-2026-ballon-dor
608558,will-raphinha-win-the-2026-ballon-dor,Will Raphinha win the 2026 Ballon d'Or?,Will Raphinha win the 2026 Ballon d'Or?,"This market will resolve according to the winner of the 2026 Ballon d’Or.

If no 2026 Ballon d’Or winner is declared by December 31, 2026, 11:59 PM ET, this market will resolve to ""Other"".

The primary resolution source for this market is official information from France Football (https://www.francefootball.fr/).",,,ballon-dor-winner-2026,Ballon d'Or Winner 2026,695096.6718540001,698676.23766,False,2026-10-31T00:00:00Z,"[""1085043442026339441884055750345932993954423545441290014541107565161095930051"", ""71260283511350651486494700522096598785592636549896859267436434706191239484932""]",https://polymarket.com/market/will-raphinha-win-the-2026-ballon-dor
608559,will-achraf-hakimi-win-the-2026-ballon-dor,Will Achraf Hakimi win the 2026 Ballon d'Or?,Will Achraf Hakimi win the 2026 Ballon d'Or?,"This market will resolve according to the winner of the 2026 Ballon d’Or.

If no 2026 Ballon d’Or winner is declared by December 31, 2026, 11:59 PM ET, this market will resolve to ""Other"".

The primary resolution source for this market is official information from France Football (https://www.francefootball.fr/).",,,ballon-dor-winner-2026,Ballon d'Or Winner 2026,740022.5356430002,687504.32783,False,2026-10-31T00:00:00Z,"[""96629246041156194058643540529810407132129200453073279076767531328321906651327"", ""40928094906627286353472275889079838417665177283533959163065391799858997513382""]",https://polymarket.com/market/will-achraf-hakimi-win-the-2026-ballon-dor
608560,will-bruno-fernandes-win-the-2026-ballon-dor,Will Bruno Fernandes win the 2026 Ballon d'Or?,Will Bruno Fernandes win the 2026 Ballon d'Or?,"This market will resolve according to the winner of the 2026 Ballon d’Or.

If no 2026 Ballon d’Or winner is declared by December 31, 2026, 11:59 PM ET, this market will resolve to ""Other"".

The primary resolution source for this market is official information from France Football (https://www.francefootball.fr/).",,,ballon-dor-winner-2026,Ballon d'Or Winner 2026,709211.6928900003,667166.19927,False,2026-10-31T00:00:00Z,"[""101622557465698829525744132602088194868803796460787278639335217811778299351277"", ""17439823686470220541046463367857902927622476484573633381401319836608560958807""]",https://polymarket.com/market/will-bruno-fernandes-win-the-2026-ballon-dor
608561,will-luis-diaz-win-the-2026-ballon-dor,Will Luis Diaz win the 2026 Ballon d'Or?,Will Luis Diaz win the 2026 Ballon d'Or?,"This market will resolve according to the winner of the 2026 Ballon d’Or.

If no 2026 Ballon d’Or winner is declared by December 31, 2026, 11:59 PM ET, this market will resolve to ""Other"".

The primary resolution source for this market is official information from France Football (https://www.francefootball.fr/).",,,ballon-dor-winner-2026,Ballon d'Or Winner 2026,439280.40199999994,681368.59677,False,2026-10-31T00:00:00Z,"[""10270259122904576625713794259677323606251651109288833081827776714048972166811"", ""65547360137564590399724438199864888761784929898868765687803215452658430288650""]",https://polymarket.com/market/will-luis-diaz-win-the-2026-ballon-dor
608562,will-lautaro-martinez-win-the-2026-ballon-dor,Will Lautaro Martinez win the 2026 Ballon d'Or?,Will Lautaro Martinez win the 2026 Ballon d'Or?,"This market will resolve according to the winner of the 2026 Ballon d’Or.

If no 2026 Ballon d’Or winner is declared by December 31, 2026, 11:59 PM ET, this market will resolve to ""Other"".

The primary resolution source for this market is official information from France Football (https://www.francefootball.fr/).",,,ballon-dor-winner-2026,Ballon d'Or Winner 2026,487132.73246200004,710960.67511,False,2026-10-31T00:00:00Z,"[""89194809054137575419175388726154485325193802797230727484307111472702259856508"", ""85193746274096025265438934369311056706018491766592371590154546236678323798776""]",https://polymarket.com/market/will-lautaro-martinez-win-the-2026-ballon-dor
608563,will-dominik-szoboszlai-win-the-2026-ballon-dor,Will Dominik Szoboszlai win the 2026 Ballon d'Or?,Will Dominik Szoboszlai win the 2026 Ballon d'Or?,"This market will resolve according to the winner of the 2026 Ballon d’Or.

If no 2026 Ballon d’Or winner is declared by December 31, 2026, 11:59 PM ET, this market will resolve to ""Other"".

The primary resolution source for this market is official information from France Football (https://www.francefootball.fr/).",,,ballon-dor-winner-2026,Ballon d'Or Winner 2026,168278.53,613937.16413,False,2026-10-31T00:00:00Z,"[""98254024501374618843970272796138117306413263639037895850366194101644092791499"", ""107880011022441774992620688648970264916186982812589920335409184716991766563848""]",https://polymarket.com/market/will-dominik-szoboszlai-win-the-2026-ballon-dor
608564,will-cristiano-ronaldo-win-the-2026-ballon-dor,Will Cristiano Ronaldo win the 2026 Ballon d'Or?,Will Cristiano Ronaldo win the 2026 Ballon d'Or?,"This market will resolve according to the winner of the 2026 Ballon d’Or.

If no 2026 Ballon d’Or winner is declared by December 31, 2026, 11:59 PM ET, this market will resolve to ""Other"".

The primary resolution source for this market is official information from France Football (https://www.francefootball.fr/).",,,ballon-dor-winner-2026,Ballon d'Or Winner 2026,457372.65776299994,688681.5417,False,2026-10-31T00:00:00Z,"[""29816250117865488071165554617743666705922957023826953963479543023084102659425"", ""36080121497959745069489169451575174437526635305656809765541246494289454298422""]",https://polymarket.com/market/will-cristiano-ronaldo-win-the-2026-ballon-dor
608565,will-lionel-messi-win-the-2026-ballon-dor,Will Lionel Messi win the 2026 Ballon d'Or?,Will Lionel Messi win the 2026 Ballon d'Or?,"This market will resolve according to the winner of the 2026 Ballon d’Or.

If no 2026 Ballon d’Or winner is declared by December 31, 2026, 11:59 PM ET, this market will resolve to ""Other"".

The primary resolution source for this market is official information from France Football (https://www.francefootball.fr/).",,,ballon-dor-winner-2026,Ballon d'Or Winner 2026,1908360.7929390008,215271.41017,False,2026-10-31T00:00:00Z,"[""14940935985254400645996902276818598247231942791302218826999289776538227075176"", ""107516035603650985174253368241692944789056496652916551006453839235487841190002""]",https://polymarket.com/market/will-lionel-messi-win-the-2026-ballon-dor
608566,will-rodri-win-the-2026-ballon-dor,Will Rodri win the 2026 Ballon d'Or?,Will Rodri win the 2026 Ballon d'Or?,"This market will resolve according to the winner of the 2026 Ballon d’Or.

If no 2026 Ballon d’Or winner is declared by December 31, 2026, 11:59 PM ET, this market will resolve to ""Other"".

The primary resolution source for this market is official information from France Football (https://www.francefootball.fr/).",,,ballon-dor-winner-2026,Ballon d'Or Winner 2026,1062265.9188879996,160650.8624,False,2026-10-31T00:00:00Z,"[""78803948342995070838836736012795017072053448960983345349841661545681081452350"", ""9168297785662696773016718610761665603800700668560812756827962314315323235689""]",https://polymarket.com/market/will-rodri-win-the-2026-ballon-dor
608567,will-pau-cubarsi-win-the-2026-ballon-dor,Will Pau Cubarsi win the 2026 Ballon d'Or?,Will Pau Cubarsi win the 2026 Ballon d'Or?,"This market will resolve according to the winner of the 2026 Ballon d’Or.

If no 2026 Ballon d’Or winner is declared by December 31, 2026, 11:59 PM ET, this market will resolve to ""Other"".

The primary resolution source for this market is official information from France Football (https://www.francefootball.fr/).",,,ballon-dor-winner-2026,Ballon d'Or Winner 2026,796787.627625,154546.50998,False,2026-10-31T00:00:00Z,"[""5264677211728439009834470236168077987240809170451856067063934287137178859748"", ""103802139146640132358958010726298474878919300435412200287660696415707960030770""]",https://polymarket.com/market/will-pau-cubarsi-win-the-2026-ballon-dor
608568,will-fabian-ruiz-win-the-2026-ballon-dor,Will Fabian Ruiz win the 2026 Ballon d'Or?,Will Fabian Ruiz win the 2026 Ballon d'Or?,"This market will resolve according to the winner of the 2026 Ballon d’Or.

If no 2026 Ballon d’Or winner is declared by December 31, 2026, 11:59 PM ET, this market will resolve to ""Other"".

The primary resolution source for this market is official information from France Football (https://www.francefootball.fr/).",,,ballon-dor-winner-2026,Ballon d'Or Winner 2026,853931.8108659998,80373.40931,False,2026-10-31T00:00:00Z,"[""108195640564166028303797840625325548216682391635068759939973120172828369844863"", ""56380980982965039852901882866035095821176660818641430451942857804727544100425""]",https://polymarket.com/market/will-fabian-ruiz-win-the-2026-ballon-dor
608569,will-rodrygo-win-the-2026-ballon-dor,Will Rodrygo win the 2026 Ballon d'Or?,Will Rodrygo win the 2026 Ballon d'Or?,"This market will resolve according to the winner of the 2026 Ballon d’Or.

If no 2026 Ballon d’Or winner is declared by December 31, 2026, 11:59 PM ET, this market will resolve to ""Other"".

The primary resolution source for this market is official information from France Football (https://www.francefootball.fr/).",,,ballon-dor-winner-2026,Ballon d'Or Winner 2026,88120.57,492656.53842,False,2026-10-31T00:00:00Z,"[""77290292062223352194335362960888113791624288448020020283042360530339640346681"", ""73565707115250304737648390078701738562865901540123293233226716337015420450182""]",https://polymarket.com/market/will-rodrygo-win-the-2026-ballon-dor
608570,will-enzo-fernandez-win-the-2026-ballon-dor,Will Enzo Fernandez win the 2026 Ballon d'Or?,Will Enzo Fernandez win the 2026 Ballon d'Or?,"This market will resolve according to the winner of the 2026 Ballon d’Or.

If no 2026 Ballon d’Or winner is declared by December 31, 2026, 11:59 PM ET, this market will resolve to ""Other"".

The primary resolution source for this market is official information from France Football (https://www.francefootball.fr/).",,,ballon-dor-winner-2026,Ballon d'Or Winner 2026,67070.57,510696.12067,False,2026-10-31T00:00:00Z,"[""83444231725331029748788783519330545142479351036971782897149349185931267475587"", ""56802293867744542251664822044703217922088183059465617555581150006743940606594""]",https://polymarket.com/market/will-enzo-fernandez-win-the-2026-ballon-dor
608571,will-bukayo-saka-win-the-2026-ballon-dor,Will Bukayo Saka win the 2026 Ballon d'Or?,Will Bukayo Saka win the 2026 Ballon d'Or?,"This market will resolve according to the winner of the 2026 Ballon d’Or.

If no 2026 Ballon d’Or winner is declared by December 31, 2026, 11:59 PM ET, this market will resolve to ""Other"".

The primary resolution source for this market is official information from France Football (https://www.francefootball.fr/).",,,ballon-dor-winner-2026,Ballon d'Or Winner 2026,147746.65,561127.56315,False,2026-10-31T00:00:00Z,"[""26340910861337876004967885971437671787620937615856183597939235121989453807109"", ""115355611231915628291108243036956200776563033294407368616340332113815475076002""]",https://polymarket.com/market/will-bukayo-saka-win-the-2026-ballon-dor
609655,us-recession-by-end-of-2026,US recession by end of 2026?,US recession by end of 2026?,"This market will resolve to “Yes” if either of the following conditions is met:

1.  The seasonally adjusted annualized percent change in quarterly U.S. real GDP from the previous quarter is less than 0.0 for two consecutive quarters between Q2 2025 and Q4 2026 (inclusive), as reported by the Bureau of Economic Analysis (BEA). 

2.  The National Bureau of Economic Research (NBER) publicly announces that a recession has occurred in the United States, at any point during 2025 or 2026, with the announcement made by the time the BEA releases the advance estimate for Q4 2026.

Otherwise, this market will resolve to ""No"". 

Note that advance estimates will be considered. For example, if upon release, the advance estimate for Q3 2025 was negative, and the Q2 2025's most recent, up-to-date estimate was also negative, this market would resolve to ""Yes"". If on December 31, 2026 the latest estimate for quarterly GDP in Q3 2025 was negative, this market will stay open until the Advance estimate of Q4 2026 is published, at which point it will resolve to ""Yes"" if Q4 2026 was negative or if the NBER declares a recession by then.

The resolution source will be the official announcements from the NBER and the BEA’s estimate of seasonally adjusted annualized percent change in quarterly US real GDP from previous quarters as released by the Bureau of Economic Analysis (BEA), https://www.bea.gov/data/gdp/gross-domestic-product",,,us-recession-by-end-of-2026,US recession by end of 2026?,1703580.5195649993,37427.5672,False,2027-01-31T00:00:00Z,"[""100379208559626151022751801118534484742123694725746262280150222742563282755057"", ""113732820231608904682346496304917888352004831436510840986547065248348999143469""]",https://polymarket.com/market/us-recession-by-end-of-2026
616902,will-no-fed-rate-cuts-happen-in-2026,Will no Fed rate cuts happen in 2026?,Will no Fed rate cuts happen in 2026?,"This market will resolve according to the exact amount of cuts of 25 basis points in 2026 by the Fed (including any cuts made during the December meeting).

Emergency rate cuts outside of scheduled FOMC meetings will also count toward the total number of cuts in 2026. This market will remain open until December 31, 2026, 11:59 PM ET, to account for any such emergency actions.

For example, if the Fed cuts rates by 50 bps after a meeting, it would be considered 2 cuts (of 25 bps each).

This market will resolve early to ""No"" if the specified number of cuts becomes impossible — i.e., if more cuts have already occurred than the strike in question.

Note that cuts between 1–24 bps (inclusive) will also be considered 1 rate cut.

The resolution source for this market will be FOMC statements after meetings scheduled in 2026 according to the official calendar: https://www.federalreserve.gov/monetarypolicy/fomccalendars.htm. The level and change of the target federal funds rate is also published at the official website of the Federal Reserve at https://www.federalreserve.gov/monetarypolicy/openmarket.htm.",,,how-many-fed-rate-cuts-in-2026,How many Fed rate cuts in 2026?,7249959.619481003,135998.60768,False,2026-12-31T00:00:00Z,"[""12403602920039269077597917340921667997547115084613238528792639013246536343316"", ""21294592205022969346730955103773391901993330222644504059576935265667917187903""]",https://polymarket.com/market/will-no-fed-rate-cuts-happen-in-2026
616903,will-1-fed-rate-cut-happen-in-2026,Will 1 Fed rate cut happen in 2026?,Will 1 Fed rate cut happen in 2026?,"This market will resolve according to the exact amount of cuts of 25 basis points in 2026 by the Fed (including any cuts made during the December meeting).

Emergency rate cuts outside of scheduled FOMC meetings will also count toward the total number of cuts in 2026. This market will remain open until December 31, 2026, 11:59 PM ET, to account for any such emergency actions.

For example, if the Fed cuts rates by 50 bps after a meeting, it would be considered 2 cuts (of 25 bps each).

This market will resolve early to ""No"" if the specified number of cuts becomes impossible — i.e., if more cuts have already occurred than the strike in question.

Note that cuts between 1–24 bps (inclusive) will also be considered 1 rate cut.

The resolution source for this market will be FOMC statements after meetings scheduled in 2026 according to the official calendar: https://www.federalreserve.gov/monetarypolicy/fomccalendars.htm. The level and change of the target federal funds rate is also published at the official website of the Federal Reserve at https://www.federalreserve.gov/monetarypolicy/openmarket.htm.",,,how-many-fed-rate-cuts-in-2026,How many Fed rate cuts in 2026?,2529181.9436959997,198990.6789,False,2026-12-31T00:00:00Z,"[""113379839734351069617987084078322474966003108854908079701423911002443710490196"", ""48058805012599375970268777474956242772204241523361869981040579395242001094965""]",https://polymarket.com/market/will-1-fed-rate-cut-happen-in-2026
616904,will-2-fed-rate-cuts-happen-in-2026,Will 2 Fed rate cuts happen in 2026?,Will 2 Fed rate cuts happen in 2026?,"This market will resolve according to the exact amount of cuts of 25 basis points in 2026 by the Fed (including any cuts made during the December meeting).

Emergency rate cuts outside of scheduled FOMC meetings will also count toward the total number of cuts in 2026. This market will remain open until December 31, 2026, 11:59 PM ET, to account for any such emergency actions.

For example, if the Fed cuts rates by 50 bps after a meeting, it would be considered 2 cuts (of 25 bps each).

This market will resolve early to ""No"" if the specified number of cuts becomes impossible — i.e., if more cuts have already occurred than the strike in question.

Note that cuts between 1–24 bps (inclusive) will also be considered 1 rate cut.

The resolution source for this market will be FOMC statements after meetings scheduled in 2026 according to the official calendar: https://www.federalreserve.gov/monetarypolicy/fomccalendars.htm. The level and change of the target federal funds rate is also published at the official website of the Federal Reserve at https://www.federalreserve.gov/monetarypolicy/openmarket.htm.",,,how-many-fed-rate-cuts-in-2026,How many Fed rate cuts in 2026?,2683545.806343001,73260.71579,False,2026-12-31T00:00:00Z,"[""72535544017897924722695722172278828562733090748474862987195303914909938482758"", ""81407142104509110921187520775072626840789848613047331773172953370174825669358""]",https://polymarket.com/market/will-2-fed-rate-cuts-happen-in-2026
616905,will-3-fed-rate-cuts-happen-in-2026,Will 3 Fed rate cuts happen in 2026?,Will 3 Fed rate cuts happen in 2026?,"This market will resolve according to the exact amount of cuts of 25 basis points in 2026 by the Fed (including any cuts made during the December meeting).

Emergency rate cuts outside of scheduled FOMC meetings will also count toward the total number of cuts in 2026. This market will remain open until December 31, 2026, 11:59 PM ET, to account for any such emergency actions.

For example, if the Fed cuts rates by 50 bps after a meeting, it would be considered 2 cuts (of 25 bps each).

This market will resolve early to ""No"" if the specified number of cuts becomes impossible — i.e., if more cuts have already occurred than the strike in question.

Note that cuts between 1–24 bps (inclusive) will also be considered 1 rate cut.

The resolution source for this market will be FOMC statements after meetings scheduled in 2026 according to the official calendar: https://www.federalreserve.gov/monetarypolicy/fomccalendars.htm. The level and change of the target federal funds rate is also published at the official website of the Federal Reserve at https://www.federalreserve.gov/monetarypolicy/openmarket.htm.",,,how-many-fed-rate-cuts-in-2026,How many Fed rate cuts in 2026?,2549074.363827,247088.95733,False,2026-12-31T00:00:00Z,"[""95835705062472305459663741402900736177330733688944910993896545106260819635212"", ""52125994957619926233854688437715340370114575617673092175221127058976458963420""]",https://polymarket.com/market/will-3-fed-rate-cuts-happen-in-2026
616906,will-4-fed-rate-cuts-happen-in-2026,Will 4 Fed rate cuts happen in 2026?,Will 4 Fed rate cuts happen in 2026?,"This market will resolve according to the exact amount of cuts of 25 basis points in 2026 by the Fed (including any cuts made during the December meeting).

Emergency rate cuts outside of scheduled FOMC meetings will also count toward the total number of cuts in 2026. This market will remain open until December 31, 2026, 11:59 PM ET, to account for any such emergency actions.

For example, if the Fed cuts rates by 50 bps after a meeting, it would be considered 2 cuts (of 25 bps each).

This market will resolve early to ""No"" if the specified number of cuts becomes impossible — i.e., if more cuts have already occurred than the strike in question.

Note that cuts between 1–24 bps (inclusive) will also be considered 1 rate cut.

The resolution source for this market will be FOMC statements after meetings scheduled in 2026 according to the official calendar: https://www.federalreserve.gov/monetarypolicy/fomccalendars.htm. The level and change of the target federal funds rate is also published at the official website of the Federal Reserve at https://www.federalreserve.gov/monetarypolicy/openmarket.htm.",,,how-many-fed-rate-cuts-in-2026,How many Fed rate cuts in 2026?,2455311.231034,202913.36045,False,2026-12-31T00:00:00Z,"[""73197441127256680134600821323583356037261213281680365433623681075249556019477"", ""71677612305244936641085500097737038199081845621961106192204236262687669821119""]",https://polymarket.com/market/will-4-fed-rate-cuts-happen-in-2026
616907,will-5-fed-rate-cuts-happen-in-2026,Will 5 Fed rate cuts happen in 2026?,Will 5 Fed rate cuts happen in 2026?,"This market will resolve according to the exact amount of cuts of 25 basis points in 2026 by the Fed (including any cuts made during the December meeting).

Emergency rate cuts outside of scheduled FOMC meetings will also count toward the total number of cuts in 2026. This market will remain open until December 31, 2026, 11:59 PM ET, to account for any such emergency actions.

For example, if the Fed cuts rates by 50 bps after a meeting, it would be considered 2 cuts (of 25 bps each).

This market will resolve early to ""No"" if the specified number of cuts becomes impossible — i.e., if more cuts have already occurred than the strike in question.

Note that cuts between 1–24 bps (inclusive) will also be considered 1 rate cut.

The resolution source for this market will be FOMC statements after meetings scheduled in 2026 according to the official calendar: https://www.federalreserve.gov/monetarypolicy/fomccalendars.htm. The level and change of the target federal funds rate is also published at the official website of the Federal Reserve at https://www.federalreserve.gov/monetarypolicy/openmarket.htm.",,,how-many-fed-rate-cuts-in-2026,How many Fed rate cuts in 2026?,2703233.8408350004,211952.34283,False,2026-12-31T00:00:00Z,"[""29213252446661789250484965446100709214117256176608501943249094649759520097655"", ""39766939694460004925290266709531635660902081793543974711598767930913394552857""]",https://polymarket.com/market/will-5-fed-rate-cuts-happen-in-2026
616908,will-6-fed-rate-cuts-happen-in-2026,Will 6 Fed rate cuts happen in 2026?,Will 6 Fed rate cuts happen in 2026?,"This market will resolve according to the exact amount of cuts of 25 basis points in 2026 by the Fed (including any cuts made during the December meeting).

Emergency rate cuts outside of scheduled FOMC meetings will also count toward the total number of cuts in 2026. This market will remain open until December 31, 2026, 11:59 PM ET, to account for any such emergency actions.

For example, if the Fed cuts rates by 50 bps after a meeting, it would be considered 2 cuts (of 25 bps each).

This market will resolve early to ""No"" if the specified number of cuts becomes impossible — i.e., if more cuts have already occurred than the strike in question.

Note that cuts between 1–24 bps (inclusive) will also be considered 1 rate cut.

The resolution source for this market will be FOMC statements after meetings scheduled in 2026 according to the official calendar: https://www.federalreserve.gov/monetarypolicy/fomccalendars.htm. The level and change of the target federal funds rate is also published at the official website of the Federal Reserve at https://www.federalreserve.gov/monetarypolicy/openmarket.htm.",,,how-many-fed-rate-cuts-in-2026,How many Fed rate cuts in 2026?,3921701.466487,235977.03657,False,2026-12-31T00:00:00Z,"[""77531340423610587330488971960018210147778793548713753738604838920212617696839"", ""82580329456069960430455853606847264180718690130912450048527873419398759263654""]",https://polymarket.com/market/will-6-fed-rate-cuts-happen-in-2026
616909,will-7-fed-rate-cuts-happen-in-2026,Will 7 Fed rate cuts happen in 2026?,Will 7 Fed rate cuts happen in 2026?,"This market will resolve according to the exact amount of cuts of 25 basis points in 2026 by the Fed (including any cuts made during the December meeting).

Emergency rate cuts outside of scheduled FOMC meetings will also count toward the total number of cuts in 2026. This market will remain open until December 31, 2026, 11:59 PM ET, to account for any such emergency actions.

For example, if the Fed cuts rates by 50 bps after a meeting, it would be considered 2 cuts (of 25 bps each).

This market will resolve early to ""No"" if the specified number of cuts becomes impossible — i.e., if more cuts have already occurred than the strike in question.

Note that cuts between 1–24 bps (inclusive) will also be considered 1 rate cut.

The resolution source for this market will be FOMC statements after meetings scheduled in 2026 according to the official calendar: https://www.federalreserve.gov/monetarypolicy/fomccalendars.htm. The level and change of the target federal funds rate is also published at the official website of the Federal Reserve at https://www.federalreserve.gov/monetarypolicy/openmarket.htm.",,,how-many-fed-rate-cuts-in-2026,How many Fed rate cuts in 2026?,3218269.4681669995,257399.05703,False,2026-12-31T00:00:00Z,"[""83225062900867600837789591190756506957715645312465902979999093167287051133800"", ""70694980832312500201330660753738089732275716848386256819010620597664479406765""]",https://polymarket.com/market/will-7-fed-rate-cuts-happen-in-2026
616910,will-8-fed-rate-cuts-happen-in-2026,Will 8 Fed rate cuts happen in 2026?,Will 8 Fed rate cuts happen in 2026?,"This market will resolve according to the exact amount of cuts of 25 basis points in 2026 by the Fed (including any cuts made during the December meeting).

Emergency rate cuts outside of scheduled FOMC meetings will also count toward the total number of cuts in 2026. This market will remain open until December 31, 2026, 11:59 PM ET, to account for any such emergency actions.

For example, if the Fed cuts rates by 50 bps after a meeting, it would be considered 2 cuts (of 25 bps each).

This market will resolve early to ""No"" if the specified number of cuts becomes impossible — i.e., if more cuts have already occurred than the strike in question.

Note that cuts between 1–24 bps (inclusive) will also be considered 1 rate cut.

The resolution source for this market will be FOMC statements after meetings scheduled in 2026 according to the official calendar: https://www.federalreserve.gov/monetarypolicy/fomccalendars.htm. The level and change of the target federal funds rate is also published at the official website of the Federal Reserve at https://www.federalreserve.gov/monetarypolicy/openmarket.htm.",,,how-many-fed-rate-cuts-in-2026,How many Fed rate cuts in 2026?,3220188.0358900004,240495.47515,False,2026-12-31T00:00:00Z,"[""79224949855948800840589557145654317659028242814072850811675646040486360279565"", ""87675042073148826481646804686739465454480607542088274413944712124354466628470""]",https://polymarket.com/market/will-8-fed-rate-cuts-happen-in-2026
616911,will-9-fed-rate-cuts-happen-in-2026,Will 9 Fed rate cuts happen in 2026?,Will 9 Fed rate cuts happen in 2026?,"This market will resolve according to the exact amount of cuts of 25 basis points in 2026 by the Fed (including any cuts made during the December meeting).

Emergency rate cuts outside of scheduled FOMC meetings will also count toward the total number of cuts in 2026. This market will remain open until December 31, 2026, 11:59 PM ET, to account for any such emergency actions.

For example, if the Fed cuts rates by 50 bps after a meeting, it would be considered 2 cuts (of 25 bps each).

This market will resolve early to ""No"" if the specified number of cuts becomes impossible — i.e., if more cuts have already occurred than the strike in question.

Note that cuts between 1–24 bps (inclusive) will also be considered 1 rate cut.

The resolution source for this market will be FOMC statements after meetings scheduled in 2026 according to the official calendar: https://www.federalreserve.gov/monetarypolicy/fomccalendars.htm. The level and change of the target federal funds rate is also published at the official website of the Federal Reserve at https://www.federalreserve.gov/monetarypolicy/openmarket.htm.",,,how-many-fed-rate-cuts-in-2026,How many Fed rate cuts in 2026?,4172708.632518,443575.49652,False,2026-12-31T00:00:00Z,"[""23126031577449775652876745717301519312850542565907124407036782701549610893044"", ""104942649192609913825700442400757579142602100704286281267464239496183536823685""]",https://polymarket.com/market/will-9-fed-rate-cuts-happen-in-2026
616912,will-10-fed-rate-cuts-happen-in-2026,Will 10 Fed rate cuts happen in 2026?,Will 10 Fed rate cuts happen in 2026?,"This market will resolve according to the exact amount of cuts of 25 basis points in 2026 by the Fed (including any cuts made during the December meeting).

Emergency rate cuts outside of scheduled FOMC meetings will also count toward the total number of cuts in 2026. This market will remain open until December 31, 2026, 11:59 PM ET, to account for any such emergency actions.

For example, if the Fed cuts rates by 50 bps after a meeting, it would be considered 2 cuts (of 25 bps each).

This market will resolve early to ""No"" if the specified number of cuts becomes impossible — i.e., if more cuts have already occurred than the strike in question.

Note that cuts between 1–24 bps (inclusive) will also be considered 1 rate cut.

The resolution source for this market will be FOMC statements after meetings scheduled in 2026 according to the official calendar: https://www.federalreserve.gov/monetarypolicy/fomccalendars.htm. The level and change of the target federal funds rate is also published at the official website of the Federal Reserve at https://www.federalreserve.gov/monetarypolicy/openmarket.htm.",,,how-many-fed-rate-cuts-in-2026,How many Fed rate cuts in 2026?,4885522.487515999,492074.37164,False,2026-12-31T00:00:00Z,"[""101699865858660601590309838387762714166224752219273014726406345404403204943713"", ""66183284712764802657795502795552404612971669672765842666767416251669427449952""]",https://polymarket.com/market/will-10-fed-rate-cuts-happen-in-2026
616913,will-11-fed-rate-cuts-happen-in-2026,Will 11 Fed rate cuts happen in 2026?,Will 11 Fed rate cuts happen in 2026?,"This market will resolve according to the exact amount of cuts of 25 basis points in 2026 by the Fed (including any cuts made during the December meeting).

Emergency rate cuts outside of scheduled FOMC meetings will also count toward the total number of cuts in 2026. This market will remain open until December 31, 2026, 11:59 PM ET, to account for any such emergency actions.

For example, if the Fed cuts rates by 50 bps after a meeting, it would be considered 2 cuts (of 25 bps each).

This market will resolve early to ""No"" if the specified number of cuts becomes impossible — i.e., if more cuts have already occurred than the strike in question.

Note that cuts between 1–24 bps (inclusive) will also be considered 1 rate cut.

The resolution source for this market will be FOMC statements after meetings scheduled in 2026 according to the official calendar: https://www.federalreserve.gov/monetarypolicy/fomccalendars.htm. The level and change of the target federal funds rate is also published at the official website of the Federal Reserve at https://www.federalreserve.gov/monetarypolicy/openmarket.htm.",,,how-many-fed-rate-cuts-in-2026,How many Fed rate cuts in 2026?,5106664.607101001,510387.07959,False,2026-12-31T00:00:00Z,"[""56345349743779788266710915561914531858285418844567819631705863717318287635981"", ""26533811683673020016156821068743960771270276222852607342597705457170159668542""]",https://polymarket.com/market/will-11-fed-rate-cuts-happen-in-2026
616914,will-12-or-more-fed-rate-cuts-happen-in-2026,Will 12 or more Fed rate cuts happen in 2026?,Will 12 or more Fed rate cuts happen in 2026?,"This market will resolve according to the exact amount of cuts of 25 basis points in 2026 by the Fed (including any cuts made during the December meeting).

Emergency rate cuts outside of scheduled FOMC meetings will also count toward the total number of cuts in 2026. This market will remain open until December 31, 2026, 11:59 PM ET, to account for any such emergency actions.

For example, if the Fed cuts rates by 50 bps after a meeting, it would be considered 2 cuts (of 25 bps each).

This market will resolve early to ""No"" if the specified number of cuts becomes impossible — i.e., if more cuts have already occurred than the strike in question.

Note that cuts between 1–24 bps (inclusive) will also be considered 1 rate cut.

The resolution source for this market will be FOMC statements after meetings scheduled in 2026 according to the official calendar: https://www.federalreserve.gov/monetarypolicy/fomccalendars.htm. The level and change of the target federal funds rate is also published at the official website of the Federal Reserve at https://www.federalreserve.gov/monetarypolicy/openmarket.htm.",,,how-many-fed-rate-cuts-in-2026,How many Fed rate cuts in 2026?,3768617.635919999,172677.01358,False,2026-12-31T00:00:00Z,"[""9348234470735473071085620208817441102005165766524508452759679947551704787649"", ""27203305404978223030553317971682713734658336588968050686197281149875057661426""]",https://polymarket.com/market/will-12-or-more-fed-rate-cuts-happen-in-2026
618454,opensea-fdv-above-500m-one-day-after-launch-221-468-166-873-514-375-468-384,Opensea FDV above $500M one day after launch?,Opensea FDV above $500M one day after launch?,"This market will resolve to ""Yes"" if the Fully Diluted Valuation of Opensea's token is greater than the value specified in the title 1 day after launch. Otherwise, the market will resolve to ""No.""

The token must be actively, publicly transferable and tradable to be considered a launch.

""1 day after launch"" is defined as 4:00 PM ET on the calendar day following launch. The resolution source for this market is the most liquid price source available. If Opensea doesn't launch a token by December 31, 2026, 11:59 PM ET, this market will resolve to ""No"".",,,opensea-fdv-above-one-day-after-launch,Opensea FDV above ___ one day after launch?,2258120.0369210006,18113.28452,False,2027-01-01T05:00:00Z,"[""42645635688384173938505005153732536262139883933750646945028210271328873690888"", ""91676177432668319691663213694187810112009835951397620031461215327421238319426""]",https://polymarket.com/market/opensea-fdv-above-500m-one-day-after-launch-221-468-166-873-514-375-468-384
618455,opensea-fdv-above-1b-one-day-after-launch-426-422-754-756-879-328-494,Opensea FDV above $1B one day after launch?,Opensea FDV above $1B one day after launch?,"This market will resolve to ""Yes"" if the Fully Diluted Valuation of Opensea's token is greater than the value specified in the title 1 day after launch. Otherwise, the market will resolve to ""No.""

The token must be actively, publicly transferable and tradable to be considered a launch.

""1 day after launch"" is defined as 4:00 PM ET on the calendar day following launch. The resolution source for this market is the most liquid price source available. If Opensea doesn't launch a token by December 31, 2026, 11:59 PM ET, this market will resolve to ""No"".",,,opensea-fdv-above-one-day-after-launch,Opensea FDV above ___ one day after launch?,2084721.8108259998,21386.7662,False,2027-01-01T05:00:00Z,"[""55736535775539231856682158017890031261644294952589300517957218393676136917293"", ""71718402031669298364238907670733752499185585238670546354636156779359681992646""]",https://polymarket.com/market/opensea-fdv-above-1b-one-day-after-launch-426-422-754-756-879-328-494
618456,opensea-fdv-above-3b-one-day-after-launch-786-419-967-433-241-436,Opensea FDV above $3B one day after launch?,Opensea FDV above $3B one day after launch?,"This market will resolve to ""Yes"" if the Fully Diluted Valuation of Opensea's token is greater than the value specified in the title 1 day after launch. Otherwise, the market will resolve to ""No.""

The token must be actively, publicly transferable and tradable to be considered a launch.

""1 day after launch"" is defined as 4:00 PM ET on the calendar day following launch. The resolution source for this market is the most liquid price source available. If Opensea doesn't launch a token by December 31, 2026, 11:59 PM ET, this market will resolve to ""No"".",,,opensea-fdv-above-one-day-after-launch,Opensea FDV above ___ one day after launch?,806985.5661970002,13251.91945,False,2027-01-01T05:00:00Z,"[""10354824396290237452261900772542438328647475212250295212595180489652143431127"", ""83261092708741880503037907376981005952477099100574431635229306895516342056435""]",https://polymarket.com/market/opensea-fdv-above-3b-one-day-after-launch-786-419-967-433-241-436
620335,aziz-akhannouch-out-as-morocco-prime-minister-by-december-31-2026,"Aziz Akhannouch out as Morocco Prime Minister by December 31, 2026?","Aziz Akhannouch out as Morocco Prime Minister by December 31, 2026?","This market will resolve to “Yes” if Aziz Akhannouch ceases to be Prime Minister of Morocco for any period of time between market creation and the specified date (ET). Otherwise, this market will resolve to “No”.

An announcement of Aziz Akhannouch's resignation/removal before this market's end date will immediately resolve this market to ""Yes"", regardless of when the announced resignation/removal goes into effect.

If the specified individual is detained, effectively removed from the specified position, or otherwise permanently prevented from fulfilling the duties of the specified position within this market’s timeframe, it will qualify for a “Yes” resolution.

The resolution source for this market will be official information from Aziz Akhannouch and the government of Morocco; however, a consensus of credible reporting may also be used.",,,aziz-akhannouch-out-as-morocco-prime-minister-by-december-31-2026,"Aziz Akhannouch out as Morocco Prime Minister by December 31, 2026?",166965.301973,16902.29578,False,2026-12-31T00:00:00Z,"[""49913535691357405888189005795777119729203074497784553050607906527813175648482"", ""107283612200874762627410448315233948227070614640181631187039818267842487558132""]",https://polymarket.com/market/aziz-akhannouch-out-as-morocco-prime-minister-by-december-31-2026
620682,opensea-fdv-above-5b-one-day-after-launch-919-666-825-992-543-333,Opensea FDV above $5B one day after launch?,Opensea FDV above $5B one day after launch?,"This market will resolve to ""Yes"" if the Fully Diluted Valuation of Opensea's token is greater than the value specified in the title 1 day after launch. Otherwise, the market will resolve to ""No.""

The token must be actively, publicly transferable and tradable to be considered a launch.

""1 day after launch"" is defined as 4:00 PM ET on the calendar day following launch. The resolution source for this market is the most liquid price source available. If Opensea doesn't launch a token by December 31, 2026, 11:59 PM ET, this market will resolve to ""No"".",,,opensea-fdv-above-one-day-after-launch,Opensea FDV above ___ one day after launch?,481980.30752599984,18957.70444,False,2027-01-01T05:00:00Z,"[""48038385638420877977396364502718350116889021443391903481044114768441218972760"", ""7742946842895540103245705204391121242771062476077199058127347573343705347619""]",https://polymarket.com/market/opensea-fdv-above-5b-one-day-after-launch-919-666-825-992-543-333
622738,will-hyperliquid-perform-an-airdrop-by-december-31-2026,"Will Hyperliquid perform an airdrop by December 31, 2026? ","Will Hyperliquid perform an airdrop by December 31, 2026? ","This market will resolve to ""Yes"" if Hyperliquid performs a second airdrop by December 31, 2026, 11:59 PM ET. Otherwise, this market will resolve to ""No"".

For the purposes of this market ""locked"" tokens or non-swappable tokens will not suffice to resolve this market to ""Yes"". Airdrops of NFTs will not qualify.

The primary resolution source for this market is on-chain information and official information from Hyperliquid, however a consensus of credible reporting will also be used.",,,hyperliquid-airdop-by,Hyperliquid airdrop by ....? ,148924.57815400005,4168.207,False,,"[""101513571766435454355723114188696307527864518980689079866102837918467349506537"", ""85487630954297906857427842745787851948079273488527800245673979479655643658539""]",https://polymarket.com/market/will-hyperliquid-perform-an-airdrop-by-december-31-2026
628936,will-rick-caruso-win-the-california-governor-election-in-2026,Will Rick Caruso win the California Governor Election in 2026?,Will Rick Caruso win the California Governor Election in 2026?,"This market will resolve to according to the candidate who wins the 2026 California gubernatorial election currently scheduled for November 3, 2026.

If the results of the election are not confirmed by July 31, 2027, this market will resolve to ""Other"".

The resolution source for this market is the Associated Press, Fox News, and NBC. This market will resolve once all three sources call the race for the same candidate. If all three sources haven’t called the race in this state for the same candidate, this market will resolve based on official certification.",,,california-governor-election-2026,California Governor Election Winner,1796366.2757099995,347956.48982,False,2026-11-03T00:00:00Z,"[""97079880955117270083666806029014143818118511996487378321036003805764596740938"", ""73799328493543642746052258800105969283549276628347936341883522913427814616433""]",https://polymarket.com/market/will-rick-caruso-win-the-california-governor-election-in-2026
628937,will-alex-padilla-win-the-california-governor-election-in-2026,Will Alex Padilla win the California Governor Election in 2026?,Will Alex Padilla win the California Governor Election in 2026?,"This market will resolve to according to the candidate who wins the 2026 California gubernatorial election currently scheduled for November 3, 2026.

If the results of the election are not confirmed by July 31, 2027, this market will resolve to ""Other"".

The resolution source for this market is the Associated Press, Fox News, and NBC. This market will resolve once all three sources call the race for the same candidate. If all three sources haven’t called the race in this state for the same candidate, this market will resolve based on official certification.",,,california-governor-election-2026,California Governor Election Winner,1995495.0064450009,345386.27179,False,2026-11-03T00:00:00Z,"[""27917044669327306061079144978831477036721566699378308758417293047296113420189"", ""50335130575909019570481288261923539666549269210813804299376143524912825226013""]",https://polymarket.com/market/will-alex-padilla-win-the-california-governor-election-in-2026
628938,will-katie-porter-win-the-california-governor-election-in-2026,Will Katie Porter win the California Governor Election in 2026?,Will Katie Porter win the California Governor Election in 2026?,"This market will resolve to according to the candidate who wins the 2026 California gubernatorial election currently scheduled for November 3, 2026.

If the results of the election are not confirmed by July 31, 2027, this market will resolve to ""Other"".

The resolution source for this market is the Associated Press, Fox News, and NBC. This market will resolve once all three sources call the race for the same candidate. If all three sources haven’t called the race in this state for the same candidate, this market will resolve based on official certification.",,,california-governor-election-2026,California Governor Election Winner,1770116.0528619993,291756.09718,False,2026-11-03T00:00:00Z,"[""59961507866677494040607532131294205317570935112758647200306330458606615546543"", ""65318982358670048763344312757450206096555525736286943316108488774916591564841""]",https://polymarket.com/market/will-katie-porter-win-the-california-governor-election-in-2026
628939,will-antonio-villaraigosa-win-the-california-governor-election-in-2026,Will Antonio Villaraigosa win the California Governor Election in 2026?,Will Antonio Villaraigosa win the California Governor Election in 2026?,"This market will resolve to according to the candidate who wins the 2026 California gubernatorial election currently scheduled for November 3, 2026.

If the results of the election are not confirmed by July 31, 2027, this market will resolve to ""Other"".

The resolution source for this market is the Associated Press, Fox News, and NBC. This market will resolve once all three sources call the race for the same candidate. If all three sources haven’t called the race in this state for the same candidate, this market will resolve based on official certification.",,,california-governor-election-2026,California Governor Election Winner,1616980.0696639996,302997.00976,False,2026-11-03T00:00:00Z,"[""36414954588752207538819032120216717092589056211565128836805997597026535658896"", ""44412934698771801188882994107287469209323166573685641573116152091754947428221""]",https://polymarket.com/market/will-antonio-villaraigosa-win-the-california-governor-election-in-2026
628940,will-steve-hilton-win-the-california-governor-election-in-2026,Will Steve Hilton win the California Governor Election in 2026?,Will Steve Hilton win the California Governor Election in 2026?,"This market will resolve to according to the candidate who wins the 2026 California gubernatorial election currently scheduled for November 3, 2026.

If the results of the election are not confirmed by July 31, 2027, this market will resolve to ""Other"".

The resolution source for this market is the Associated Press, Fox News, and NBC. This market will resolve once all three sources call the race for the same candidate. If all three sources haven’t called the race in this state for the same candidate, this market will resolve based on official certification.",,,california-governor-election-2026,California Governor Election Winner,2652335.8388729994,119465.84649,False,2026-11-03T00:00:00Z,"[""82742036522262670996662794097029680950132682539859985097974842241612036171395"", ""63644763464034691367428527733393916036342796100129702980469514153898496549749""]",https://polymarket.com/market/will-steve-hilton-win-the-california-governor-election-in-2026
628941,will-xavier-becerra-win-the-california-governor-election-in-2026,Will Xavier Becerra win the California Governor Election in 2026?,Will Xavier Becerra win the California Governor Election in 2026?,"This market will resolve to according to the candidate who wins the 2026 California gubernatorial election currently scheduled for November 3, 2026.

If the results of the election are not confirmed by July 31, 2027, this market will resolve to ""Other"".

The resolution source for this market is the Associated Press, Fox News, and NBC. This market will resolve once all three sources call the race for the same candidate. If all three sources haven’t called the race in this state for the same candidate, this market will resolve based on official certification.",,,california-governor-election-2026,California Governor Election Winner,1802875.213767,56083.39608,False,2026-11-03T00:00:00Z,"[""60977129292396881848833910361112107174416489010090570432106122538120602786646"", ""42544248033910169115455586624331983477679665735561815306855702312176773945155""]",https://polymarket.com/market/will-xavier-becerra-win-the-california-governor-election-in-2026
628942,will-stephen-cloobeck-win-the-california-governor-election-in-2026,Will Stephen Cloobeck win the California Governor Election in 2026?,Will Stephen Cloobeck win the California Governor Election in 2026?,"This market will resolve to according to the candidate who wins the 2026 California gubernatorial election currently scheduled for November 3, 2026.

If the results of the election are not confirmed by July 31, 2027, this market will resolve to ""Other"".

The resolution source for this market is the Associated Press, Fox News, and NBC. This market will resolve once all three sources call the race for the same candidate. If all three sources haven’t called the race in this state for the same candidate, this market will resolve based on official certification.",,,california-governor-election-2026,California Governor Election Winner,1572637.2133450008,323734.46918,False,2026-11-03T00:00:00Z,"[""56625712760763435913938435276890711697397809531508832909291686351381221361003"", ""94282019692429898244765914743015954424414006454008188174485435019346878337357""]",https://polymarket.com/market/will-stephen-cloobeck-win-the-california-governor-election-in-2026
628943,will-butch-ware-win-the-california-governor-election-in-2026,Will Butch Ware win the California Governor Election in 2026?,Will Butch Ware win the California Governor Election in 2026?,"This market will resolve to according to the candidate who wins the 2026 California gubernatorial election currently scheduled for November 3, 2026.

If the results of the election are not confirmed by July 31, 2027, this market will resolve to ""Other"".

The resolution source for this market is the Associated Press, Fox News, and NBC. This market will resolve once all three sources call the race for the same candidate. If all three sources haven’t called the race in this state for the same candidate, this market will resolve based on official certification.",,,california-governor-election-2026,California Governor Election Winner,1313394.3176369998,348974.25556,False,2026-11-03T00:00:00Z,"[""5596862834696125721576904607560330168562395965947471642144909672400781563525"", ""881994954653360769083594209445149225970326541801329428580213904522684972596""]",https://polymarket.com/market/will-butch-ware-win-the-california-governor-election-in-2026
628944,will-betty-yee-win-the-california-governor-election-in-2026,Will Betty Yee win the California Governor Election in 2026?,Will Betty Yee win the California Governor Election in 2026?,"This market will resolve to according to the candidate who wins the 2026 California gubernatorial election currently scheduled for November 3, 2026.

If the results of the election are not confirmed by July 31, 2027, this market will resolve to ""Other"".

The resolution source for this market is the Associated Press, Fox News, and NBC. This market will resolve once all three sources call the race for the same candidate. If all three sources haven’t called the race in this state for the same candidate, this market will resolve based on official certification.",,,california-governor-election-2026,California Governor Election Winner,1748030.82878201,349089.06887,False,2026-11-03T00:00:00Z,"[""70281793907385086211847388621294479535878334441733358377933099446528752678794"", ""293931606759594955581635245011649018332328205337615978953530347426124688732""]",https://polymarket.com/market/will-betty-yee-win-the-california-governor-election-in-2026
628945,will-toni-atkins-win-the-california-governor-election-in-2026,Will Toni Atkins win the California Governor Election in 2026?,Will Toni Atkins win the California Governor Election in 2026?,"This market will resolve to according to the candidate who wins the 2026 California gubernatorial election currently scheduled for November 3, 2026.

If the results of the election are not confirmed by July 31, 2027, this market will resolve to ""Other"".

The resolution source for this market is the Associated Press, Fox News, and NBC. This market will resolve once all three sources call the race for the same candidate. If all three sources haven’t called the race in this state for the same candidate, this market will resolve based on official certification.",,,california-governor-election-2026,California Governor Election Winner,1557563.452943,346990.63596,False,2026-11-03T00:00:00Z,"[""46795587673242136909437201632973334679982713622973285707845177101454063819719"", ""99375319872931530523544259083156956326524999773821517509514488503099472787391""]",https://polymarket.com/market/will-toni-atkins-win-the-california-governor-election-in-2026
628946,will-kyle-langford-win-the-california-governor-election-in-2026,Will Kyle Langford win the California Governor Election in 2026?,Will Kyle Langford win the California Governor Election in 2026?,"This market will resolve to according to the candidate who wins the 2026 California gubernatorial election currently scheduled for November 3, 2026.

If the results of the election are not confirmed by July 31, 2027, this market will resolve to ""Other"".

The resolution source for this market is the Associated Press, Fox News, and NBC. This market will resolve once all three sources call the race for the same candidate. If all three sources haven’t called the race in this state for the same candidate, this market will resolve based on official certification.",,,california-governor-election-2026,California Governor Election Winner,1828758.5544080008,340413.68285,False,2026-11-03T00:00:00Z,"[""52687837122619369610030804114166340063089308639039605237541487600082955039632"", ""83703459654516617790889884620903326144241957891269455699710936489803414421783""]",https://polymarket.com/market/will-kyle-langford-win-the-california-governor-election-in-2026
628947,will-chad-bianco-win-the-california-governor-election-in-2026,Will Chad Bianco win the California Governor Election in 2026?,Will Chad Bianco win the California Governor Election in 2026?,"This market will resolve to according to the candidate who wins the 2026 California gubernatorial election currently scheduled for November 3, 2026.

If the results of the election are not confirmed by July 31, 2027, this market will resolve to ""Other"".

The resolution source for this market is the Associated Press, Fox News, and NBC. This market will resolve once all three sources call the race for the same candidate. If all three sources haven’t called the race in this state for the same candidate, this market will resolve based on official certification.",,,california-governor-election-2026,California Governor Election Winner,1944536.8689089993,73764.8423,False,2026-11-03T00:00:00Z,"[""89694314427486889897766629507723742460669068230376416068996390119126818537632"", ""61757469317668577515958048784869874652534541383251022341140867651976647414109""]",https://polymarket.com/market/will-chad-bianco-win-the-california-governor-election-in-2026
628948,will-eleni-kounalakis-win-the-california-governor-election-in-2026,Will Eleni Kounalakis win the California Governor Election in 2026?,Will Eleni Kounalakis win the California Governor Election in 2026?,"This market will resolve to according to the candidate who wins the 2026 California gubernatorial election currently scheduled for November 3, 2026.

If the results of the election are not confirmed by July 31, 2027, this market will resolve to ""Other"".

The resolution source for this market is the Associated Press, Fox News, and NBC. This market will resolve once all three sources call the race for the same candidate. If all three sources haven’t called the race in this state for the same candidate, this market will resolve based on official certification.",,,california-governor-election-2026,California Governor Election Winner,1431187.2184780003,350921.72494,False,2026-11-03T00:00:00Z,"[""80001541196533445384638857826765844622336176247558086607183828472215016820926"", ""113010527531893939378789731087528072424814820644967573635491032088087882607051""]",https://polymarket.com/market/will-eleni-kounalakis-win-the-california-governor-election-in-2026
628949,will-daniel-mercuri-win-the-california-governor-election-in-2026,Will Daniel Mercuri win the California Governor Election in 2026?,Will Daniel Mercuri win the California Governor Election in 2026?,"This market will resolve to according to the candidate who wins the 2026 California gubernatorial election currently scheduled for November 3, 2026.

If the results of the election are not confirmed by July 31, 2027, this market will resolve to ""Other"".

The resolution source for this market is the Associated Press, Fox News, and NBC. This market will resolve once all three sources call the race for the same candidate. If all three sources haven’t called the race in this state for the same candidate, this market will resolve based on official certification.",,,california-governor-election-2026,California Governor Election Winner,1396551.5379340004,328433.17579,False,2026-11-03T00:00:00Z,"[""53943024503150115514653967017098517943934976181100661411753055914691662047501"", ""75489492325530832648282075587602621325711066054385688667973713801701368143377""]",https://polymarket.com/market/will-daniel-mercuri-win-the-california-governor-election-in-2026
628950,will-tony-thurmond-win-the-california-governor-election-in-2026,Will Tony Thurmond win the California Governor Election in 2026?,Will Tony Thurmond win the California Governor Election in 2026?,"This market will resolve to according to the candidate who wins the 2026 California gubernatorial election currently scheduled for November 3, 2026.

If the results of the election are not confirmed by July 31, 2027, this market will resolve to ""Other"".

The resolution source for this market is the Associated Press, Fox News, and NBC. This market will resolve once all three sources call the race for the same candidate. If all three sources haven’t called the race in this state for the same candidate, this market will resolve based on official certification.",,,california-governor-election-2026,California Governor Election Winner,1425614.4000370067,308455.84426,False,2026-11-03T00:00:00Z,"[""97702334451352897001337910972309092345221725844052357364009019821657345731021"", ""37257869624944300545566572508726001571198863449571674924675677764748235929449""]",https://polymarket.com/market/will-tony-thurmond-win-the-california-governor-election-in-2026
628951,will-michael-younger-win-the-california-governor-election-in-2026,Will Michael Younger win the California Governor Election in 2026?,Will Michael Younger win the California Governor Election in 2026?,"This market will resolve to according to the candidate who wins the 2026 California gubernatorial election currently scheduled for November 3, 2026.

If the results of the election are not confirmed by July 31, 2027, this market will resolve to ""Other"".

The resolution source for this market is the Associated Press, Fox News, and NBC. This market will resolve once all three sources call the race for the same candidate. If all three sources haven’t called the race in this state for the same candidate, this market will resolve based on official certification.",,,california-governor-election-2026,California Governor Election Winner,1546570.976996,340377.3178,False,2026-11-03T00:00:00Z,"[""110624820174512595032719547193919253929632091585224629966521372245175868300590"", ""78052805145186497763106949946349241872331133557584203095696789811879123891012""]",https://polymarket.com/market/will-michael-younger-win-the-california-governor-election-in-2026
628952,will-leo-zacky-win-the-california-governor-election-in-2026,Will Leo Zacky win the California Governor Election in 2026?,Will Leo Zacky win the California Governor Election in 2026?,"This market will resolve to according to the candidate who wins the 2026 California gubernatorial election currently scheduled for November 3, 2026.

If the results of the election are not confirmed by July 31, 2027, this market will resolve to ""Other"".

The resolution source for this market is the Associated Press, Fox News, and NBC. This market will resolve once all three sources call the race for the same candidate. If all three sources haven’t called the race in this state for the same candidate, this market will resolve based on official certification.",,,california-governor-election-2026,California Governor Election Winner,1094831.237383,348610.95343,False,2026-11-03T00:00:00Z,"[""28995761858308797540202767490519720137865013282800276958339531394045469725185"", ""34658433917903107167353140871253742852508953395949523799435662258348239747235""]",https://polymarket.com/market/will-leo-zacky-win-the-california-governor-election-in-2026
628953,will-nicole-shanahan-win-the-california-governor-election-in-2026,Will Nicole Shanahan win the California Governor Election in 2026?,Will Nicole Shanahan win the California Governor Election in 2026?,"This market will resolve to according to the candidate who wins the 2026 California gubernatorial election currently scheduled for November 3, 2026.

If the results of the election are not confirmed by July 31, 2027, this market will resolve to ""Other"".

The resolution source for this market is the Associated Press, Fox News, and NBC. This market will resolve once all three sources call the race for the same candidate. If all three sources haven’t called the race in this state for the same candidate, this market will resolve based on official certification.",,,california-governor-election-2026,California Governor Election Winner,1778279.957595,324997.79643,False,2026-11-03T00:00:00Z,"[""90209687118917041742612656238209836178607847566398364643125772743766012953994"", ""38551324461192554007394388780133761351986051077624435049036979094162025043348""]",https://polymarket.com/market/will-nicole-shanahan-win-the-california-governor-election-in-2026
628954,will-eric-swalwell-win-the-california-governor-election-in-2026,Will Eric Swalwell win the California Governor Election in 2026?,Will Eric Swalwell win the California Governor Election in 2026?,"This market will resolve to according to the candidate who wins the 2026 California gubernatorial election currently scheduled for November 3, 2026.

If the results of the election are not confirmed by July 31, 2027, this market will resolve to ""Other"".

The resolution source for this market is the Associated Press, Fox News, and NBC. This market will resolve once all three sources call the race for the same candidate. If all three sources haven’t called the race in this state for the same candidate, this market will resolve based on official certification.",,,california-governor-election-2026,California Governor Election Winner,1497144.6744679997,300439.24324,False,2026-11-03T00:00:00Z,"[""53108492762804322790881187287769990850666506477078895895702280937595932013486"", ""68633013825434166548260511831725682590285985025675211357136649702023732503212""]",https://polymarket.com/market/will-eric-swalwell-win-the-california-governor-election-in-2026
628955,will-tom-steyer-win-the-california-governor-election-in-2026,Will Tom Steyer win the California Governor Election in 2026?,Will Tom Steyer win the California Governor Election in 2026?,"This market will resolve to according to the candidate who wins the 2026 California gubernatorial election currently scheduled for November 3, 2026.

If the results of the election are not confirmed by July 31, 2027, this market will resolve to ""Other"".

The resolution source for this market is the Associated Press, Fox News, and NBC. This market will resolve once all three sources call the race for the same candidate. If all three sources haven’t called the race in this state for the same candidate, this market will resolve based on official certification.",,,california-governor-election-2026,California Governor Election Winner,4781006.951092999,99740.00019,False,2026-11-03T00:00:00Z,"[""20705956847651355292903061592334315186019059728484478747049630947764308652621"", ""36038186568927998467509291483985866554521847803798174147820946484272760262519""]",https://polymarket.com/market/will-tom-steyer-win-the-california-governor-election-in-2026
628956,will-kamala-harris-win-the-california-governor-election-in-2026,Will Kamala Harris win the California Governor Election in 2026?,Will Kamala Harris win the California Governor Election in 2026?,"This market will resolve to according to the candidate who wins the 2026 California gubernatorial election currently scheduled for November 3, 2026.

If the results of the election are not confirmed by July 31, 2027, this market will resolve to ""Other"".

The resolution source for this market is the Associated Press, Fox News, and NBC. This market will resolve once all three sources call the race for the same candidate. If all three sources haven’t called the race in this state for the same candidate, this market will resolve based on official certification.",,,california-governor-election-2026,California Governor Election Winner,1567124.8399180116,287787.22359,False,2026-11-03T00:00:00Z,"[""73345090003108666594794151475505970950770375486703004280822578392488185094987"", ""108971146127809728720449629781835866416113811834896025898623358136784585942719""]",https://polymarket.com/market/will-kamala-harris-win-the-california-governor-election-in-2026
628957,will-matt-mahan-win-the-california-governor-election-in-2026,Will Matt Mahan win the California Governor Election in 2026?,Will Matt Mahan win the California Governor Election in 2026?,"This market will resolve to according to the candidate who wins the 2026 California gubernatorial election currently scheduled for November 3, 2026.

If the results of the election are not confirmed by July 31, 2027, this market will resolve to ""Other"".

The resolution source for this market is the Associated Press, Fox News, and NBC. This market will resolve once all three sources call the race for the same candidate. If all three sources haven’t called the race in this state for the same candidate, this market will resolve based on official certification.",,,california-governor-election-2026,California Governor Election Winner,1359150.9771220002,122286.83645,False,2026-11-03T00:00:00Z,"[""113017673827188867377109454527754982157460887938297582871131403025795572613918"", ""79955017462923061878809555241564377485121752430532900591057614800269144864244""]",https://polymarket.com/market/will-matt-mahan-win-the-california-governor-election-in-2026
628958,will-elaine-culotti-win-the-california-governor-election-in-2026,Will Elaine Culotti win the California Governor Election in 2026?,Will Elaine Culotti win the California Governor Election in 2026?,"This market will resolve to according to the candidate who wins the 2026 California gubernatorial election currently scheduled for November 3, 2026.

If the results of the election are not confirmed by July 31, 2027, this market will resolve to ""Other"".

The resolution source for this market is the Associated Press, Fox News, and NBC. This market will resolve once all three sources call the race for the same candidate. If all three sources haven’t called the race in this state for the same candidate, this market will resolve based on official certification.",,,california-governor-election-2026,California Governor Election Winner,1262294.240675,351967.22421,False,2026-11-03T00:00:00Z,"[""89329355062605237215079217864055066686456963400867784649256501507552422672894"", ""96180910430648580331573313226755922305219521714535664049459295909767421453355""]",https://polymarket.com/market/will-elaine-culotti-win-the-california-governor-election-in-2026
629030,will-karen-bass-win-the-2026-los-angeles-mayoral-election,Will Karen Bass win the 2026 Los Angeles mayoral election?,Will Karen Bass win the 2026 Los Angeles mayoral election?,"The 2026 Los Angeles mayoral election will be held on June 2, 2026, to elect the mayor of Los Angeles, California. If no candidate receives a majority of the vote, a runoff election will be held on November 3, 2026.

This market will resolve according to the candidate that wins the election.

The primary resolution source for this market will be a consensus of credible reporting; however, if there is any ambiguity in the results, this market will resolve according to official information from the City of Los Angeles.",,,los-angeles-mayoral-election-117,Los Angeles Mayoral Election,811650.6861749996,101624.7057,False,2026-12-31T23:59:00Z,"[""21099887182068653164347641846316470453763034851874063977340528628016776716246"", ""34469274651136131348321516150438492438660307886630693950137200696755429925073""]",https://polymarket.com/market/will-karen-bass-win-the-2026-los-angeles-mayoral-election
629040,will-nithya-raman-win-the-2026-los-angeles-mayoral-election-876,Will Nithya Raman win the 2026 Los Angeles mayoral election?,Will Nithya Raman win the 2026 Los Angeles mayoral election?,"The 2026 Los Angeles mayoral election will be held on June 2, 2026, to elect the mayor of Los Angeles, California. If no candidate receives a majority of the vote, a runoff election will be held on November 3, 2026.

This market will resolve according to the candidate that wins the election.

The primary resolution source for this market will be a consensus of credible reporting; however, if there is any ambiguity in the results, this market will resolve according to official information from the City of Los Angeles.",,,los-angeles-mayoral-election-117,Los Angeles Mayoral Election,1342315.982867,123773.04317,False,2026-12-31T23:59:00Z,"[""50292933818751585369672690878774599873941191925538325333138798248932182222864"", ""58507084608782512565480280053882807505189448738098588563704773804344223603355""]",https://polymarket.com/market/will-nithya-raman-win-the-2026-los-angeles-mayoral-election-876
629183,will-the-democrat-win-the-arizona-governor-race-in-2026,Will the Democrats win the Arizona governor race in 2026?,Will the Democrats win the Arizona governor race in 2026?,"This market will resolve according to the winner of the 2026 Arizona gubernatorial election.

A candidate shall be considered to represent a party in the event that he or she is the nominee of the party in question. Candidates other than the Democratic or Republican nominee (e.g., Greens, Libertarian, independent) may be added at a later date. 

Candidates who run as independents will not be encompassed by the “Democrat” or “Republican” options regardless of any affiliation they may have with the party. 

The resolution source for this market is the Associated Press, Fox News, and NBC. This market will resolve once all three sources call the race for the same candidate. If all three sources haven’t called the race in this state for the same candidate, this market will resolve based on the official certification.",,,arizona-governor-winner-2026,Arizona Governor Election Winner,30773.98554199999,19719.6301,False,,"[""48368039124533504674394545622809320495392482760644292167644042386014017726777"", ""2523036761393218729489135332182856159698268685360641264822465280431935747282""]",https://polymarket.com/market/will-the-democrat-win-the-arizona-governor-race-in-2026
629184,will-the-republican-win-the-arizona-governor-race-in-2026,Will the Republicans win the Arizona governor race in 2026?,Will the Republicans win the Arizona governor race in 2026?,"This market will resolve according to the winner of the 2026 Arizona gubernatorial election.

A candidate shall be considered to represent a party in the event that he or she is the nominee of the party in question. Candidates other than the Democratic or Republican nominee (e.g., Greens, Libertarian, independent) may be added at a later date. 

Candidates who run as independents will not be encompassed by the “Democrat” or “Republican” options regardless of any affiliation they may have with the party. 

The resolution source for this market is the Associated Press, Fox News, and NBC. This market will resolve once all three sources call the race for the same candidate. If all three sources haven’t called the race in this state for the same candidate, this market will resolve based on the official certification.",,,arizona-governor-winner-2026,Arizona Governor Election Winner,35785.757069,23222.3904,False,,"[""18859933834391393264997730047904836599784455493762567366530805521273388590339"", ""88124433300559247959309048268928728970816174095213461359357515260826164605193""]",https://polymarket.com/market/will-the-republican-win-the-arizona-governor-race-in-2026
629270,will-the-democrats-win-the-alabama-governor-race-in-2026,Will the Democrats win the Alabama governor race in 2026?,Will the Democrats win the Alabama governor race in 2026?,"This market will resolve according to the winner of the 2026 Alabama gubernatorial election.

A candidate shall be considered to represent a party in the event that he or she is the nominee of the party in question. Candidates other than the Democratic or Republican nominee (e.g., Greens, Libertarian, independent) may be added at a later date.

Candidates who run as independents will not be encompassed by the “Democrat” or “Republican” options regardless of any affiliation they may have with the party.

The resolution source for this market is the Associated Press, Fox News, and NBC. This market will resolve once all three sources call the race for the same candidate. If all three sources haven’t called the race in this state for the same candidate, this market will resolve based on the official certification.",,,alabama-governor-winner-2026,Alabama Governor Election Winner,3531.9217639999993,11417.0109,False,,"[""66799540193763442273153807390120946960260027428359861674134091731050086258652"", ""24047710826989921604302853982918619576361902127755708458471439265448576446915""]",https://polymarket.com/market/will-the-democrats-win-the-alabama-governor-race-in-2026
629271,will-the-republicans-win-the-alabama-governor-race-in-2026,Will the Republicans win the Alabama governor race in 2026?,Will the Republicans win the Alabama governor race in 2026?,"This market will resolve according to the winner of the 2026 Alabama gubernatorial election.

A candidate shall be considered to represent a party in the event that he or she is the nominee of the party in question. Candidates other than the Democratic or Republican nominee (e.g., Greens, Libertarian, independent) may be added at a later date.

Candidates who run as independents will not be encompassed by the “Democrat” or “Republican” options regardless of any affiliation they may have with the party.

The resolution source for this market is the Associated Press, Fox News, and NBC. This market will resolve once all three sources call the race for the same candidate. If all three sources haven’t called the race in this state for the same candidate, this market will resolve based on the official certification.",,,alabama-governor-winner-2026,Alabama Governor Election Winner,4498.327941,12168.30955,False,,"[""109054998942213692077271472955675949350077711784792442998941210738471587356514"", ""21394111175696078564277251080686998161963462347401624447476423901276480986629""]",https://polymarket.com/market/will-the-republicans-win-the-alabama-governor-race-in-2026
629283,will-the-democrats-win-the-arkansas-governor-race-in-2026,Will the Democrats win the Arkansas governor race in 2026?,Will the Democrats win the Arkansas governor race in 2026?,"This market will resolve according to the winner of the 2026 Arkansas gubernatorial election.

A candidate shall be considered to represent a party in the event that he or she is the nominee of the party in question. Candidates other than the Democratic or Republican nominee (e.g., Greens, Libertarian, independent) may be added at a later date.

Candidates who run as independents will not be encompassed by the “Democrat” or “Republican” options regardless of any affiliation they may have with the party.

The resolution source for this market is the Associated Press, Fox News, and NBC. This market will resolve once all three sources call the race for the same candidate. If all three sources haven’t called the race in this state for the same candidate, this market will resolve based on the official certification.",,,arkansas-governor-winner-2026,Arkansas Governor Election Winner,1572.687747,10632.63929,False,,"[""40899822988489523883534886021948522261134770684960257613447444387617827489093"", ""35030034494631681902294217492110758656618132724500445741909954480811382889848""]",https://polymarket.com/market/will-the-democrats-win-the-arkansas-governor-race-in-2026
629284,will-the-republicans-win-the-arkansas-governor-race-in-2026,Will the Republicans win the Arkansas governor race in 2026?,Will the Republicans win the Arkansas governor race in 2026?,"This market will resolve according to the winner of the 2026 Arkansas gubernatorial election.

A candidate shall be considered to represent a party in the event that he or she is the nominee of the party in question. Candidates other than the Democratic or Republican nominee (e.g., Greens, Libertarian, independent) may be added at a later date.

Candidates who run as independents will not be encompassed by the “Democrat” or “Republican” options regardless of any affiliation they may have with the party.

The resolution source for this market is the Associated Press, Fox News, and NBC. This market will resolve once all three sources call the race for the same candidate. If all three sources haven’t called the race in this state for the same candidate, this market will resolve based on the official certification.",,,arkansas-governor-winner-2026,Arkansas Governor Election Winner,6750.321266,15642.54647,False,,"[""102338577209265315381870206199608266895858545057511455426333199851251620807909"", ""108244966340188405225591538806662687422650826116902649764794167749158072655084""]",https://polymarket.com/market/will-the-republicans-win-the-arkansas-governor-race-in-2026
629296,will-the-democrats-win-the-colorado-governor-race-in-2026,Will the Democrats win the Colorado governor race in 2026?,Will the Democrats win the Colorado governor race in 2026?,"This market will resolve according to the winner of the 2026 Colorado gubernatorial election.

A candidate shall be considered to represent a party in the event that he or she is the nominee of the party in question. Candidates other than the Democratic or Republican nominee (e.g., Greens, Libertarian, independent) may be added at a later date.

Candidates who run as independents will not be encompassed by the “Democrat” or “Republican” options regardless of any affiliation they may have with the party.

The resolution source for this market is the Associated Press, Fox News, and NBC. This market will resolve once all three sources call the race for the same candidate. If all three sources haven’t called the race in this state for the same candidate, this market will resolve based on the official certification.",,,colorado-governor-winner-2026,Colorado Governor Election Winner,7565.201789999999,25388.5569,False,,"[""13561110222018578357785114619723468880952494576477687978085608584743809891728"", ""23240918648754624979648235652725215687566970949759632721271689666058289934523""]",https://polymarket.com/market/will-the-democrats-win-the-colorado-governor-race-in-2026
629297,will-the-republicans-win-the-colorado-governor-race-in-2026,Will the Republicans win the Colorado governor race in 2026?,Will the Republicans win the Colorado governor race in 2026?,"This market will resolve according to the winner of the 2026 Colorado gubernatorial election.

A candidate shall be considered to represent a party in the event that he or she is the nominee of the party in question. Candidates other than the Democratic or Republican nominee (e.g., Greens, Libertarian, independent) may be added at a later date.

Candidates who run as independents will not be encompassed by the “Democrat” or “Republican” options regardless of any affiliation they may have with the party.

The resolution source for this market is the Associated Press, Fox News, and NBC. This market will resolve once all three sources call the race for the same candidate. If all three sources haven’t called the race in this state for the same candidate, this market will resolve based on the official certification.",,,colorado-governor-winner-2026,Colorado Governor Election Winner,5660.08692,11649.2296,False,,"[""17546916569546560082654809047780534438941220653259855302022567325162996913878"", ""99678455340473466359487157107548906800078148061788837551165683023089300945639""]",https://polymarket.com/market/will-the-republicans-win-the-colorado-governor-race-in-2026
629311,will-the-democrats-win-the-connecticut-governor-race-in-2026,Will the Democrats win the Connecticut governor race in 2026?,Will the Democrats win the Connecticut governor race in 2026?,"This market will resolve according to the winner of the 2026 Connecticut gubernatorial election.

A candidate shall be considered to represent a party in the event that he or she is the nominee of the party in question. Candidates other than the Democratic or Republican nominee (e.g., Greens, Libertarian, independent) may be added at a later date.

Candidates who run as independents will not be encompassed by the “Democrat” or “Republican” options regardless of any affiliation they may have with the party.

The resolution source for this market is the Associated Press, Fox News, and NBC. This market will resolve once all three sources call the race for the same candidate. If all three sources haven’t called the race in this state for the same candidate, this market will resolve based on the official certification.",,,connecticut-governor-winner-2026,Connecticut Governor Election Winner,5517.438432999999,10960.54377,False,,"[""94716743709853585469973889676994451123824166409123282527490222914006156870020"", ""79903668476273078904167389486657973102725695126491520283526754047409624544734""]",https://polymarket.com/market/will-the-democrats-win-the-connecticut-governor-race-in-2026
629312,will-the-republicans-win-the-connecticut-governor-race-in-2026,Will the Republicans win the Connecticut governor race in 2026?,Will the Republicans win the Connecticut governor race in 2026?,"This market will resolve according to the winner of the 2026 Connecticut gubernatorial election.

A candidate shall be considered to represent a party in the event that he or she is the nominee of the party in question. Candidates other than the Democratic or Republican nominee (e.g., Greens, Libertarian, independent) may be added at a later date.

Candidates who run as independents will not be encompassed by the “Democrat” or “Republican” options regardless of any affiliation they may have with the party.

The resolution source for this market is the Associated Press, Fox News, and NBC. This market will resolve once all three sources call the race for the same candidate. If all three sources haven’t called the race in this state for the same candidate, this market will resolve based on the official certification.",,,connecticut-governor-winner-2026,Connecticut Governor Election Winner,3737.2182760000005,15906.55095,False,,"[""28222949582692352334110457056784683609708218641745397767642367585928375878193"", ""3641056676837946671256477781020225557556713248985258428151086443592289606284""]",https://polymarket.com/market/will-the-republicans-win-the-connecticut-governor-race-in-2026
629324,will-the-democrats-win-the-florida-governor-race-in-2026,Will the Democrats win the Florida governor race in 2026?,Will the Democrats win the Florida governor race in 2026?,"This market will resolve according to the winner of the 2026 Florida gubernatorial election.

A candidate shall be considered to represent a party in the event that he or she is the nominee of the party in question. Candidates other than the Democratic or Republican nominee (e.g., Greens, Libertarian, independent) may be added at a later date.

Candidates who run as independents will not be encompassed by the “Democrat” or “Republican” options regardless of any affiliation they may have with the party.

The resolution source for this market is the Associated Press, Fox News, and NBC. This market will resolve once all three sources call the race for the same candidate. If all three sources haven’t called the race in this state for the same candidate, this market will resolve based on the official certification.",,,florida-governor-winner-2026,Florida Governor Election Winner,20439.022827,13080.5396,False,,"[""45666577334498374671436529469006420565255125221309505855441517627481607414492"", ""83106526449876874573813297184176954494008138834292248374570211745966785088569""]",https://polymarket.com/market/will-the-democrats-win-the-florida-governor-race-in-2026
629325,will-the-republicans-win-the-florida-governor-race-in-2026,Will the Republicans win the Florida governor race in 2026?,Will the Republicans win the Florida governor race in 2026?,"This market will resolve according to the winner of the 2026 Florida gubernatorial election.

A candidate shall be considered to represent a party in the event that he or she is the nominee of the party in question. Candidates other than the Democratic or Republican nominee (e.g., Greens, Libertarian, independent) may be added at a later date.

Candidates who run as independents will not be encompassed by the “Democrat” or “Republican” options regardless of any affiliation they may have with the party.

The resolution source for this market is the Associated Press, Fox News, and NBC. This market will resolve once all three sources call the race for the same candidate. If all three sources haven’t called the race in this state for the same candidate, this market will resolve based on the official certification.",,,florida-governor-winner-2026,Florida Governor Election Winner,14522.571693000004,10965.5059,False,,"[""107409796822153809778143872196236532785178617102787858261374110829112218839748"", ""47371207337429105795077789605234118169598966393033859219795208509845903311456""]",https://polymarket.com/market/will-the-republicans-win-the-florida-governor-race-in-2026
629337,will-the-democrats-win-the-georgia-governor-race-in-2026,Will the Democrats win the Georgia governor race in 2026?,Will the Democrats win the Georgia governor race in 2026?,"This market will resolve according to the winner of the 2026 Georgia gubernatorial election.

A candidate shall be considered to represent a party in the event that he or she is the nominee of the party in question. Candidates other than the Democratic or Republican nominee (e.g., Greens, Libertarian, independent) may be added at a later date.

Candidates who run as independents will not be encompassed by the “Democrat” or “Republican” options regardless of any affiliation they may have with the party.

The resolution source for this market is the Associated Press, Fox News, and NBC. This market will resolve once all three sources call the race for the same candidate. If all three sources haven’t called the race in this state for the same candidate, this market will resolve based on the official certification.",,,georgia-governor-winner-2026,Georgia Governor Election Winner,29977.26617399999,11191.0324,False,,"[""59980150909931986777748227027020522224275707387562276219060223816867188565245"", ""29426800815897155175757951733656404312185134543823956306564757069451562558732""]",https://polymarket.com/market/will-the-democrats-win-the-georgia-governor-race-in-2026
629338,will-the-republicans-win-the-georgia-governor-race-in-2026,Will the Republicans win the Georgia governor race in 2026?,Will the Republicans win the Georgia governor race in 2026?,"This market will resolve according to the winner of the 2026 Georgia gubernatorial election.

A candidate shall be considered to represent a party in the event that he or she is the nominee of the party in question. Candidates other than the Democratic or Republican nominee (e.g., Greens, Libertarian, independent) may be added at a later date.

Candidates who run as independents will not be encompassed by the “Democrat” or “Republican” options regardless of any affiliation they may have with the party.

The resolution source for this market is the Associated Press, Fox News, and NBC. This market will resolve once all three sources call the race for the same candidate. If all three sources haven’t called the race in this state for the same candidate, this market will resolve based on the official certification.",,,georgia-governor-winner-2026,Georgia Governor Election Winner,33345.35808699999,10886.11,False,,"[""17555504943162344098534978138053308162738914357892515623100381936995379845407"", ""53502088681539225888217182746120417070419934602682782293991096287838014660594""]",https://polymarket.com/market/will-the-republicans-win-the-georgia-governor-race-in-2026
629350,will-the-democrats-win-the-hawaii-governor-race-in-2026,Will the Democrats win the Hawaii governor race in 2026?,Will the Democrats win the Hawaii governor race in 2026?,"This market will resolve according to the winner of the 2026 Hawaii gubernatorial election.

A candidate shall be considered to represent a party in the event that he or she is the nominee of the party in question. Candidates other than the Democratic or Republican nominee (e.g., Greens, Libertarian, independent) may be added at a later date.

Candidates who run as independents will not be encompassed by the “Democrat” or “Republican” options regardless of any affiliation they may have with the party.

The resolution source for this market is the Associated Press, Fox News, and NBC. This market will resolve once all three sources call the race for the same candidate. If all three sources haven’t called the race in this state for the same candidate, this market will resolve based on the official certification.",,,hawaii-governor-winner-2026,Hawaii Governor Election Winner,6601.500531000001,13408.9439,False,,"[""110136962687751258520353298894226275160632723246908859759371791290370868364654"", ""115156135737411153581543130004616889013481834144163536136083461936312640716888""]",https://polymarket.com/market/will-the-democrats-win-the-hawaii-governor-race-in-2026
629351,will-the-republicans-win-the-hawaii-governor-race-in-2026,Will the Republicans win the Hawaii governor race in 2026?,Will the Republicans win the Hawaii governor race in 2026?,"This market will resolve according to the winner of the 2026 Hawaii gubernatorial election.

A candidate shall be considered to represent a party in the event that he or she is the nominee of the party in question. Candidates other than the Democratic or Republican nominee (e.g., Greens, Libertarian, independent) may be added at a later date.

Candidates who run as independents will not be encompassed by the “Democrat” or “Republican” options regardless of any affiliation they may have with the party.

The resolution source for this market is the Associated Press, Fox News, and NBC. This market will resolve once all three sources call the race for the same candidate. If all three sources haven’t called the race in this state for the same candidate, this market will resolve based on the official certification.",,,hawaii-governor-winner-2026,Hawaii Governor Election Winner,8126.562486999999,12561.36717,False,,"[""6206829575409742132406519993328718521258147411060807019224318077365646262406"", ""100353087113074450324456811106016314839007387223599641723313349068598740344021""]",https://polymarket.com/market/will-the-republicans-win-the-hawaii-governor-race-in-2026
629363,will-the-democrats-win-the-idaho-governor-race-in-2026,Will the Democrats win the Idaho governor race in 2026?,Will the Democrats win the Idaho governor race in 2026?,"This market will resolve according to the winner of the 2026 Idaho gubernatorial election.

A candidate shall be considered to represent a party in the event that he or she is the nominee of the party in question. Candidates other than the Democratic or Republican nominee (e.g., Greens, Libertarian, independent) may be added at a later date.

Candidates who run as independents will not be encompassed by the “Democrat” or “Republican” options regardless of any affiliation they may have with the party.

The resolution source for this market is the Associated Press, Fox News, and NBC. This market will resolve once all three sources call the race for the same candidate. If all three sources haven’t called the race in this state for the same candidate, this market will resolve based on the official certification.",,,idaho-governor-winner-2026,Idaho Governor Election Winner,3571.091515,10894.52387,False,,"[""33422454484664318134839474897555797731651253833609657227452504228201243908837"", ""40571564745590344089989477714526464580243500116795170298523584156719369881208""]",https://polymarket.com/market/will-the-democrats-win-the-idaho-governor-race-in-2026
629364,will-the-republicans-win-the-idaho-governor-race-in-2026,Will the Republicans win the Idaho governor race in 2026?,Will the Republicans win the Idaho governor race in 2026?,"This market will resolve according to the winner of the 2026 Idaho gubernatorial election.

A candidate shall be considered to represent a party in the event that he or she is the nominee of the party in question. Candidates other than the Democratic or Republican nominee (e.g., Greens, Libertarian, independent) may be added at a later date.

Candidates who run as independents will not be encompassed by the “Democrat” or “Republican” options regardless of any affiliation they may have with the party.

The resolution source for this market is the Associated Press, Fox News, and NBC. This market will resolve once all three sources call the race for the same candidate. If all three sources haven’t called the race in this state for the same candidate, this market will resolve based on the official certification.",,,idaho-governor-winner-2026,Idaho Governor Election Winner,4678.906574000001,13824.6846,False,,"[""87236158376775117473663657833358313384905412589236150240764095508530872387075"", ""82634422298850840881183023689039409946597074068273164314419715554438926559829""]",https://polymarket.com/market/will-the-republicans-win-the-idaho-governor-race-in-2026
629376,will-the-democrats-win-the-illinois-governor-race-in-2026,Will the Democrats win the Illinois governor race in 2026?,Will the Democrats win the Illinois governor race in 2026?,"This market will resolve according to the winner of the 2026 Illinois gubernatorial election.

A candidate shall be considered to represent a party in the event that he or she is the nominee of the party in question. Candidates other than the Democratic or Republican nominee (e.g., Greens, Libertarian, independent) may be added at a later date.

Candidates who run as independents will not be encompassed by the “Democrat” or “Republican” options regardless of any affiliation they may have with the party.

The resolution source for this market is the Associated Press, Fox News, and NBC. This market will resolve once all three sources call the race for the same candidate. If all three sources haven’t called the race in this state for the same candidate, this market will resolve based on the official certification.",,,illinois-governor-winner-2026,Illinois Governor Election Winner,4579.583818000001,12245.1297,False,,"[""23435178151774440115423538812688705649247609803850018642847000556068202005554"", ""77478268313210841142065181291293453793679683521836424926635787111097653950699""]",https://polymarket.com/market/will-the-democrats-win-the-illinois-governor-race-in-2026
629377,will-the-republicans-win-the-illinois-governor-race-in-2026,Will the Republicans win the Illinois governor race in 2026?,Will the Republicans win the Illinois governor race in 2026?,"This market will resolve according to the winner of the 2026 Illinois gubernatorial election.

A candidate shall be considered to represent a party in the event that he or she is the nominee of the party in question. Candidates other than the Democratic or Republican nominee (e.g., Greens, Libertarian, independent) may be added at a later date.

Candidates who run as independents will not be encompassed by the “Democrat” or “Republican” options regardless of any affiliation they may have with the party.

The resolution source for this market is the Associated Press, Fox News, and NBC. This market will resolve once all three sources call the race for the same candidate. If all three sources haven’t called the race in this state for the same candidate, this market will resolve based on the official certification.",,,illinois-governor-winner-2026,Illinois Governor Election Winner,3088.447294,23832.0532,False,,"[""84456939894380206199554748929444222951802944556070526261308395410636849018567"", ""88155146065463355811852801401879409201325988911214097064440702203630027364013""]",https://polymarket.com/market/will-the-republicans-win-the-illinois-governor-race-in-2026
629397,will-the-democrats-win-the-iowa-governor-race-in-2026,Will the Democrats win the Iowa governor race in 2026?,Will the Democrats win the Iowa governor race in 2026?,"This market will resolve according to the winner of the 2026 Iowa gubernatorial election.

A candidate shall be considered to represent a party in the event that he or she is the nominee of the party in question. Candidates other than the Democratic or Republican nominee (e.g., Greens, Libertarian, independent) may be added at a later date.

Candidates who run as independents will not be encompassed by the “Democrat” or “Republican” options regardless of any affiliation they may have with the party.

The resolution source for this market is the Associated Press, Fox News, and NBC. This market will resolve once all three sources call the race for the same candidate. If all three sources haven’t called the race in this state for the same candidate, this market will resolve based on the official certification.",,,iowa-governor-winner-2026,Iowa Governor Election Winner,25024.275187999992,10714.3433,False,,"[""45621938709469399887344165091123819127263258871102896783851049824656362940868"", ""72286694793480540627539910984935225027717415042902477334885085671426791945028""]",https://polymarket.com/market/will-the-democrats-win-the-iowa-governor-race-in-2026
629398,will-the-republicans-win-the-iowa-governor-race-in-2026,Will the Republicans win the Iowa governor race in 2026?,Will the Republicans win the Iowa governor race in 2026?,"This market will resolve according to the winner of the 2026 Iowa gubernatorial election.

A candidate shall be considered to represent a party in the event that he or she is the nominee of the party in question. Candidates other than the Democratic or Republican nominee (e.g., Greens, Libertarian, independent) may be added at a later date.

Candidates who run as independents will not be encompassed by the “Democrat” or “Republican” options regardless of any affiliation they may have with the party.

The resolution source for this market is the Associated Press, Fox News, and NBC. This market will resolve once all three sources call the race for the same candidate. If all three sources haven’t called the race in this state for the same candidate, this market will resolve based on the official certification.",,,iowa-governor-winner-2026,Iowa Governor Election Winner,34842.062703999996,9809.0962,False,,"[""35744753605838865227961720864928711626409257515092566128191701940968999011763"", ""66995205093020988805717868805435346915682775248431420622150164310292956433386""]",https://polymarket.com/market/will-the-republicans-win-the-iowa-governor-race-in-2026
629412,will-the-democrats-win-the-kansas-governor-race-in-2026,Will the Democrats win the Kansas governor race in 2026?,Will the Democrats win the Kansas governor race in 2026?,"This market will resolve according to the winner of the 2026 Kansas gubernatorial election.

A candidate shall be considered to represent a party in the event that he or she is the nominee of the party in question. Candidates other than the Democratic or Republican nominee (e.g., Greens, Libertarian, independent) may be added at a later date.

Candidates who run as independents will not be encompassed by the “Democrat” or “Republican” options regardless of any affiliation they may have with the party.

The resolution source for this market is the Associated Press, Fox News, and NBC. This market will resolve once all three sources call the race for the same candidate. If all three sources haven’t called the race in this state for the same candidate, this market will resolve based on the official certification.",,,kansas-governor-winner-2026,Kansas Governor Election Winner,9426.047286999998,2460.7032,False,,"[""79484096963248498578517243733071571984223432387663163312687533493173144145268"", ""29394102154625046234624466923627257102948178230785334718764086258965622150946""]",https://polymarket.com/market/will-the-democrats-win-the-kansas-governor-race-in-2026
629413,will-the-republicans-win-the-kansas-governor-race-in-2026,Will the Republicans win the Kansas governor race in 2026?,Will the Republicans win the Kansas governor race in 2026?,"This market will resolve according to the winner of the 2026 Kansas gubernatorial election.

A candidate shall be considered to represent a party in the event that he or she is the nominee of the party in question. Candidates other than the Democratic or Republican nominee (e.g., Greens, Libertarian, independent) may be added at a later date.

Candidates who run as independents will not be encompassed by the “Democrat” or “Republican” options regardless of any affiliation they may have with the party.

The resolution source for this market is the Associated Press, Fox News, and NBC. This market will resolve once all three sources call the race for the same candidate. If all three sources haven’t called the race in this state for the same candidate, this market will resolve based on the official certification.",,,kansas-governor-winner-2026,Kansas Governor Election Winner,10590.730721,1808.0132,False,,"[""63693837389044553718411703128182914158332390182546987000527783026710645197027"", ""67083865982621347962588306486968672865410439281803783157758359046366394195666""]",https://polymarket.com/market/will-the-republicans-win-the-kansas-governor-race-in-2026
629425,will-the-democrats-win-the-maine-governor-race-in-2026,Will the Democrats win the Maine governor race in 2026?,Will the Democrats win the Maine governor race in 2026?,"This market will resolve according to the winner of the 2026 Maine gubernatorial election.

A candidate shall be considered to represent a party in the event that he or she is the nominee of the party in question. Candidates other than the Democratic or Republican nominee (e.g., Greens, Libertarian, independent) may be added at a later date.

Candidates who run as independents will not be encompassed by the “Democrat” or “Republican” options regardless of any affiliation they may have with the party.

The resolution source for this market is the Associated Press, Fox News, and NBC. This market will resolve once all three sources call the race for the same candidate. If all three sources haven’t called the race in this state for the same candidate, this market will resolve based on the official certification.",,,maine-governor-winner-2026,Maine Governor Election Winner,22015.537139,18318.85323,False,,"[""92845243966002494782242842696395378111295494684532387488276103452077216171518"", ""24881767450639056263521368837377769213210166022664275303369919457991423602034""]",https://polymarket.com/market/will-the-democrats-win-the-maine-governor-race-in-2026
629426,will-the-republicans-win-the-maine-governor-race-in-2026,Will the Republicans win the Maine governor race in 2026?,Will the Republicans win the Maine governor race in 2026?,"This market will resolve according to the winner of the 2026 Maine gubernatorial election.

A candidate shall be considered to represent a party in the event that he or she is the nominee of the party in question. Candidates other than the Democratic or Republican nominee (e.g., Greens, Libertarian, independent) may be added at a later date.

Candidates who run as independents will not be encompassed by the “Democrat” or “Republican” options regardless of any affiliation they may have with the party.

The resolution source for this market is the Associated Press, Fox News, and NBC. This market will resolve once all three sources call the race for the same candidate. If all three sources haven’t called the race in this state for the same candidate, this market will resolve based on the official certification.",,,maine-governor-winner-2026,Maine Governor Election Winner,5948.311536000001,17668.27738,False,,"[""77900872247159891045693614974240851672235710405168744753050508553885061962390"", ""39427014826257060612750295323428415519029045306172068408478691177307792399817""]",https://polymarket.com/market/will-the-republicans-win-the-maine-governor-race-in-2026
629438,will-the-democrats-win-the-maryland-governor-race-in-2026,Will the Democrats win the Maryland governor race in 2026?,Will the Democrats win the Maryland governor race in 2026?,"This market will resolve according to the winner of the 2026 Maryland gubernatorial election.

A candidate shall be considered to represent a party in the event that he or she is the nominee of the party in question. Candidates other than the Democratic or Republican nominee (e.g., Greens, Libertarian, independent) may be added at a later date.

Candidates who run as independents will not be encompassed by the “Democrat” or “Republican” options regardless of any affiliation they may have with the party.

The resolution source for this market is the Associated Press, Fox News, and NBC. This market will resolve once all three sources call the race for the same candidate. If all three sources haven’t called the race in this state for the same candidate, this market will resolve based on the official certification.",,,maryland-governor-winner-2026,Maryland Governor Election Winner,11550.009754,19105.73533,False,,"[""21509039698927424303190259436702262868147960450053769072201076877922760800234"", ""61059317298180515598301968520737758441265273977469929832715117586893344185237""]",https://polymarket.com/market/will-the-democrats-win-the-maryland-governor-race-in-2026
629439,will-the-republicans-win-the-maryland-governor-race-in-2026,Will the Republicans win the Maryland governor race in 2026?,Will the Republicans win the Maryland governor race in 2026?,"This market will resolve according to the winner of the 2026 Maryland gubernatorial election.

A candidate shall be considered to represent a party in the event that he or she is the nominee of the party in question. Candidates other than the Democratic or Republican nominee (e.g., Greens, Libertarian, independent) may be added at a later date.

Candidates who run as independents will not be encompassed by the “Democrat” or “Republican” options regardless of any affiliation they may have with the party.

The resolution source for this market is the Associated Press, Fox News, and NBC. This market will resolve once all three sources call the race for the same candidate. If all three sources haven’t called the race in this state for the same candidate, this market will resolve based on the official certification.",,,maryland-governor-winner-2026,Maryland Governor Election Winner,8952.529646,13781.0283,False,,"[""99454680080858182975916786322594927636228275589135289499749895045005789315019"", ""56155921462165675245063764296994337178368244177849069777989554232578924728272""]",https://polymarket.com/market/will-the-republicans-win-the-maryland-governor-race-in-2026
629451,will-the-democrats-win-the-massachusetts-governor-race-in-2026,Will the Democrats win the Massachusetts governor race in 2026?,Will the Democrats win the Massachusetts governor race in 2026?,"This market will resolve according to the winner of the 2026 Massachusetts gubernatorial election.

A candidate shall be considered to represent a party in the event that he or she is the nominee of the party in question. Candidates other than the Democratic or Republican nominee (e.g., Greens, Libertarian, independent) may be added at a later date.

Candidates who run as independents will not be encompassed by the “Democrat” or “Republican” options regardless of any affiliation they may have with the party.

The resolution source for this market is the Associated Press, Fox News, and NBC. This market will resolve once all three sources call the race for the same candidate. If all three sources haven’t called the race in this state for the same candidate, this market will resolve based on the official certification.",,,massachusetts-governor-winner-2026,Massachusetts Governor Election Winner,18842.943291000007,12740.29792,False,,"[""86599393407315290835574565918707146460542680358932655202787183319230565551172"", ""1074379534528472094299733191236211201333766587219308586291620262007935366404""]",https://polymarket.com/market/will-the-democrats-win-the-massachusetts-governor-race-in-2026
629452,will-the-republicans-win-the-massachusetts-governor-race-in-2026,Will the Republicans win the Massachusetts governor race in 2026?,Will the Republicans win the Massachusetts governor race in 2026?,"This market will resolve according to the winner of the 2026 Massachusetts gubernatorial election.

A candidate shall be considered to represent a party in the event that he or she is the nominee of the party in question. Candidates other than the Democratic or Republican nominee (e.g., Greens, Libertarian, independent) may be added at a later date.

Candidates who run as independents will not be encompassed by the “Democrat” or “Republican” options regardless of any affiliation they may have with the party.

The resolution source for this market is the Associated Press, Fox News, and NBC. This market will resolve once all three sources call the race for the same candidate. If all three sources haven’t called the race in this state for the same candidate, this market will resolve based on the official certification.",,,massachusetts-governor-winner-2026,Massachusetts Governor Election Winner,19540.105035000004,50510.3779,False,,"[""60883119277247470994582429550632811829505423471772740208057726618094988141160"", ""10611280019407480266757525986655762365905028957860028005381241543984362875196""]",https://polymarket.com/market/will-the-republicans-win-the-massachusetts-governor-race-in-2026
629464,will-the-democrats-win-the-michigan-governor-race-in-2026,Will the Democrats win the Michigan governor race in 2026?,Will the Democrats win the Michigan governor race in 2026?,"This market will resolve according to the winner of the 2026 Michigan gubernatorial election.

A candidate shall be considered to represent a party in the event that he or she is the nominee of the party in question. Candidates other than the Democratic or Republican nominee (e.g., Greens, Libertarian, independent) may be added at a later date.

Candidates who run as independents will not be encompassed by the “Democrat” or “Republican” options regardless of any affiliation they may have with the party.

The resolution source for this market is the Associated Press, Fox News, and NBC. This market will resolve once all three sources call the race for the same candidate. If all three sources haven’t called the race in this state for the same candidate, this market will resolve based on the official certification.",,,michigan-governor-winner-2026,Michigan Governor Election Winner,45839.842532,13471.2515,False,,"[""63517706574758177502492185078056756527324898714284142778693046697324148388357"", ""24313213949676763118562588141459255175279390673486982872182407528149814471441""]",https://polymarket.com/market/will-the-democrats-win-the-michigan-governor-race-in-2026
629465,will-the-republicans-win-the-michigan-governor-race-in-2026,Will the Republicans win the Michigan governor race in 2026?,Will the Republicans win the Michigan governor race in 2026?,"This market will resolve according to the winner of the 2026 Michigan gubernatorial election.

A candidate shall be considered to represent a party in the event that he or she is the nominee of the party in question. Candidates other than the Democratic or Republican nominee (e.g., Greens, Libertarian, independent) may be added at a later date.

Candidates who run as independents will not be encompassed by the “Democrat” or “Republican” options regardless of any affiliation they may have with the party.

The resolution source for this market is the Associated Press, Fox News, and NBC. This market will resolve once all three sources call the race for the same candidate. If all three sources haven’t called the race in this state for the same candidate, this market will resolve based on the official certification.",,,michigan-governor-winner-2026,Michigan Governor Election Winner,150254.141434,12574.0834,False,,"[""3091929947863726371877226324959784580013579280794631063604653957812689085396"", ""113314550423744773607951568238874281430587441567297387737553364413695224215541""]",https://polymarket.com/market/will-the-republicans-win-the-michigan-governor-race-in-2026
629466,will-an-independent-win-the-michigan-governor-race-in-2026,Will an independent win the Michigan governor race in 2026?,Will an independent win the Michigan governor race in 2026?,"This market will resolve according to the winner of the 2026 Michigan gubernatorial election.

A candidate shall be considered to represent a party in the event that he or she is the nominee of the party in question. Candidates other than the Democratic or Republican nominee (e.g., Greens, Libertarian, independent) may be added at a later date.

Candidates who run as independents will not be encompassed by the “Democrat” or “Republican” options regardless of any affiliation they may have with the party.

The resolution source for this market is the Associated Press, Fox News, and NBC. This market will resolve once all three sources call the race for the same candidate. If all three sources haven’t called the race in this state for the same candidate, this market will resolve based on the official certification.",,,michigan-governor-winner-2026,Michigan Governor Election Winner,616.121581,9997.2752,False,,"[""34943144357771122375283559286014961426824813487508159555960762936802327664238"", ""50675713631634884582250834823721765666681383935493555065299676085297173217320""]",https://polymarket.com/market/will-an-independent-win-the-michigan-governor-race-in-2026
629477,will-the-democrats-win-the-minnesota-governor-race-in-2026,Will the Democrats win the Minnesota governor race in 2026?,Will the Democrats win the Minnesota governor race in 2026?,"This market will resolve according to the winner of the 2026 Minnesota gubernatorial election.

A candidate shall be considered to represent a party in the event that he or she is the nominee of the party in question. Candidates other than the Democratic or Republican nominee (e.g., Greens, Libertarian, independent) may be added at a later date.

Candidates who run as independents will not be encompassed by the “Democrat” or “Republican” options regardless of any affiliation they may have with the party.

The resolution source for this market is the Associated Press, Fox News, and NBC. This market will resolve once all three sources call the race for the same candidate. If all three sources haven’t called the race in this state for the same candidate, this market will resolve based on the official certification.",,,minnesota-governor-winner-2026,Minnesota Governor Election Winner,32049.156778000008,28605.8617,False,,"[""9126148503694470083148381233969293708563386203943196700151133094426622508276"", ""33576178139790676268585487625882069821783219374491053705510339906433025453375""]",https://polymarket.com/market/will-the-democrats-win-the-minnesota-governor-race-in-2026
629478,will-the-republicans-win-the-minnesota-governor-race-in-2026,Will the Republicans win the Minnesota governor race in 2026?,Will the Republicans win the Minnesota governor race in 2026?,"This market will resolve according to the winner of the 2026 Minnesota gubernatorial election.

A candidate shall be considered to represent a party in the event that he or she is the nominee of the party in question. Candidates other than the Democratic or Republican nominee (e.g., Greens, Libertarian, independent) may be added at a later date.

Candidates who run as independents will not be encompassed by the “Democrat” or “Republican” options regardless of any affiliation they may have with the party.

The resolution source for this market is the Associated Press, Fox News, and NBC. This market will resolve once all three sources call the race for the same candidate. If all three sources haven’t called the race in this state for the same candidate, this market will resolve based on the official certification.",,,minnesota-governor-winner-2026,Minnesota Governor Election Winner,36554.352576000005,23825.44885,False,,"[""52147423614804649302719056405435366546705837330765266472799012257146403501281"", ""109479449074543471145484253502931698015409097892748819311501332215892915223104""]",https://polymarket.com/market/will-the-republicans-win-the-minnesota-governor-race-in-2026
629490,will-the-democrats-win-the-nebraska-governor-race-in-2026,Will the Democrats win the Nebraska governor race in 2026?,Will the Democrats win the Nebraska governor race in 2026?,"This market will resolve according to the winner of the 2026 Nebraska gubernatorial election.

A candidate shall be considered to represent a party in the event that he or she is the nominee of the party in question. Candidates other than the Democratic or Republican nominee (e.g., Greens, Libertarian, independent) may be added at a later date.

Candidates who run as independents will not be encompassed by the “Democrat” or “Republican” options regardless of any affiliation they may have with the party.

The resolution source for this market is the Associated Press, Fox News, and NBC. This market will resolve once all three sources call the race for the same candidate. If all three sources haven’t called the race in this state for the same candidate, this market will resolve based on the official certification.",,,nebraska-governor-winner-2026,Nebraska Governor Election Winner,4629.76189,12525.6745,False,,"[""3466069051818884243073756614952529401222377791973010490050674378116587529746"", ""92126133761065609991474983465510729635862551955946178295579828633955084637564""]",https://polymarket.com/market/will-the-democrats-win-the-nebraska-governor-race-in-2026
629491,will-the-republicans-win-the-nebraska-governor-race-in-2026,Will the Republicans win the Nebraska governor race in 2026?,Will the Republicans win the Nebraska governor race in 2026?,"This market will resolve according to the winner of the 2026 Nebraska gubernatorial election.

A candidate shall be considered to represent a party in the event that he or she is the nominee of the party in question. Candidates other than the Democratic or Republican nominee (e.g., Greens, Libertarian, independent) may be added at a later date.

Candidates who run as independents will not be encompassed by the “Democrat” or “Republican” options regardless of any affiliation they may have with the party.

The resolution source for this market is the Associated Press, Fox News, and NBC. This market will resolve once all three sources call the race for the same candidate. If all three sources haven’t called the race in this state for the same candidate, this market will resolve based on the official certification.",,,nebraska-governor-winner-2026,Nebraska Governor Election Winner,7058.925295999997,10742.1599,False,,"[""73030731922944118546035998309915164095890033874433358499266850532352206183824"", ""41945421762551165990972642577535418909054419711335780279294726323846688236499""]",https://polymarket.com/market/will-the-republicans-win-the-nebraska-governor-race-in-2026
629505,will-the-democrats-win-the-nevada-governor-race-in-2026,Will the Democrats win the Nevada governor race in 2026?,Will the Democrats win the Nevada governor race in 2026?,"This market will resolve according to the winner of the 2026 Nevada gubernatorial election.

A candidate shall be considered to represent a party in the event that he or she is the nominee of the party in question. Candidates other than the Democratic or Republican nominee (e.g., Greens, Libertarian, independent) may be added at a later date.

Candidates who run as independents will not be encompassed by the “Democrat” or “Republican” options regardless of any affiliation they may have with the party.

The resolution source for this market is the Associated Press, Fox News, and NBC. This market will resolve once all three sources call the race for the same candidate. If all three sources haven’t called the race in this state for the same candidate, this market will resolve based on the official certification.",,,nevada-governor-winner-2026,Nevada Governor Election Winner,17916.086133000004,2233.249,False,,"[""1246864710804983890692377994891598401616546411512113588399830364959833951829"", ""63105785868222491666410116782074992901361520126431203229953017216126863105293""]",https://polymarket.com/market/will-the-democrats-win-the-nevada-governor-race-in-2026
629506,will-the-republicans-win-the-nevada-governor-race-in-2026,Will the Republicans win the Nevada governor race in 2026?,Will the Republicans win the Nevada governor race in 2026?,"This market will resolve according to the winner of the 2026 Nevada gubernatorial election.

A candidate shall be considered to represent a party in the event that he or she is the nominee of the party in question. Candidates other than the Democratic or Republican nominee (e.g., Greens, Libertarian, independent) may be added at a later date.

Candidates who run as independents will not be encompassed by the “Democrat” or “Republican” options regardless of any affiliation they may have with the party.

The resolution source for this market is the Associated Press, Fox News, and NBC. This market will resolve once all three sources call the race for the same candidate. If all three sources haven’t called the race in this state for the same candidate, this market will resolve based on the official certification.",,,nevada-governor-winner-2026,Nevada Governor Election Winner,41584.75024599999,1990.1156,False,,"[""26514162544090965098284473937422427465088569867873952479707540387314217381282"", ""76313209944639250426806286965492886883353059598478633315707597639545615999446""]",https://polymarket.com/market/will-the-republicans-win-the-nevada-governor-race-in-2026
629518,will-the-democrats-win-the-new-hampshire-governor-race-in-2026,Will the Democrats win the New Hampshire governor race in 2026?,Will the Democrats win the New Hampshire governor race in 2026?,"This market will resolve according to the winner of the 2026 New Hampshire gubernatorial election.

A candidate shall be considered to represent a party in the event that he or she is the nominee of the party in question. Candidates other than the Democratic or Republican nominee (e.g., Greens, Libertarian, independent) may be added at a later date.

Candidates who run as independents will not be encompassed by the “Democrat” or “Republican” options regardless of any affiliation they may have with the party.

The resolution source for this market is the Associated Press, Fox News, and NBC. This market will resolve once all three sources call the race for the same candidate. If all three sources haven’t called the race in this state for the same candidate, this market will resolve based on the official certification.",,,new-hampshire-governor-winner-2026,New Hampshire Governor Election Winner,8264.818381,14085.6335,False,,"[""50014042446564445111498439180144732017863294969428914194102372141019045896702"", ""38923169084089463430603971435663780560871986004214398164473514082879434955128""]",https://polymarket.com/market/will-the-democrats-win-the-new-hampshire-governor-race-in-2026
629519,will-the-republicans-win-the-new-hampshire-governor-race-in-2026,Will the Republicans win the New Hampshire governor race in 2026?,Will the Republicans win the New Hampshire governor race in 2026?,"This market will resolve according to the winner of the 2026 New Hampshire gubernatorial election.

A candidate shall be considered to represent a party in the event that he or she is the nominee of the party in question. Candidates other than the Democratic or Republican nominee (e.g., Greens, Libertarian, independent) may be added at a later date.

Candidates who run as independents will not be encompassed by the “Democrat” or “Republican” options regardless of any affiliation they may have with the party.

The resolution source for this market is the Associated Press, Fox News, and NBC. This market will resolve once all three sources call the race for the same candidate. If all three sources haven’t called the race in this state for the same candidate, this market will resolve based on the official certification.",,,new-hampshire-governor-winner-2026,New Hampshire Governor Election Winner,6297.142246000004,9930.3263,False,,"[""74721757099502856629978429446702729437619614092592091000501653336065671742582"", ""30088412391482363624377816393145245827324760089787001501690465830184683596344""]",https://polymarket.com/market/will-the-republicans-win-the-new-hampshire-governor-race-in-2026
629531,will-the-democrats-win-the-new-mexico-governor-race-in-2026,Will the Democrats win the New Mexico governor race in 2026?,Will the Democrats win the New Mexico governor race in 2026?,"This market will resolve according to the winner of the 2026 New Mexico gubernatorial election.

A candidate shall be considered to represent a party in the event that he or she is the nominee of the party in question. Candidates other than the Democratic or Republican nominee (e.g., Greens, Libertarian, independent) may be added at a later date.

Candidates who run as independents will not be encompassed by the “Democrat” or “Republican” options regardless of any affiliation they may have with the party.

The resolution source for this market is the Associated Press, Fox News, and NBC. This market will resolve once all three sources call the race for the same candidate. If all three sources haven’t called the race in this state for the same candidate, this market will resolve based on the official certification.",,,new-mexico-governor-winner-2026,New Mexico Governor Election Winner,16776.749803999995,12925.8597,False,,"[""17781069937970314001472355582427331102577624490515546410398313363226785264562"", ""36751080180193208611679715282017036514262692646839311614046859811593442232572""]",https://polymarket.com/market/will-the-democrats-win-the-new-mexico-governor-race-in-2026
629532,will-the-republicans-win-the-new-mexico-governor-race-in-2026,Will the Republicans win the New Mexico governor race in 2026?,Will the Republicans win the New Mexico governor race in 2026?,"This market will resolve according to the winner of the 2026 New Mexico gubernatorial election.

A candidate shall be considered to represent a party in the event that he or she is the nominee of the party in question. Candidates other than the Democratic or Republican nominee (e.g., Greens, Libertarian, independent) may be added at a later date.

Candidates who run as independents will not be encompassed by the “Democrat” or “Republican” options regardless of any affiliation they may have with the party.

The resolution source for this market is the Associated Press, Fox News, and NBC. This market will resolve once all three sources call the race for the same candidate. If all three sources haven’t called the race in this state for the same candidate, this market will resolve based on the official certification.",,,new-mexico-governor-winner-2026,New Mexico Governor Election Winner,8523.313026000002,15411.2235,False,,"[""66486026915087812107390926299428531209332603871609345502520740675575639289776"", ""28560287983606987850204671484619002594173232176549531922535113255113148304679""]",https://polymarket.com/market/will-the-republicans-win-the-new-mexico-governor-race-in-2026
629544,will-the-democrats-win-the-new-york-governor-race-in-2026,Will the Democrats win the New York governor race in 2026?,Will the Democrats win the New York governor race in 2026?,"This market will resolve according to the winner of the 2026 New York gubernatorial election.

A candidate shall be considered to represent a party in the event that he or she is the nominee of the party in question. Candidates other than the Democratic or Republican nominee (e.g., Greens, Libertarian, independent) may be added at a later date.

Candidates who run as independents will not be encompassed by the “Democrat” or “Republican” options regardless of any affiliation they may have with the party.

The resolution source for this market is the Associated Press, Fox News, and NBC. This market will resolve once all three sources call the race for the same candidate. If all three sources haven’t called the race in this state for the same candidate, this market will resolve based on the official certification.",,,new-york-governor-winner-2026,New York Governor Election Winner,45514.673505,23813.6509,False,,"[""64050273355694113671090110638685043795558853994186493795797238541534244584786"", ""89871775413723061310900874811289289046282365859042241773701889222569854585191""]",https://polymarket.com/market/will-the-democrats-win-the-new-york-governor-race-in-2026
629545,will-the-republicans-win-the-new-york-governor-race-in-2026,Will the Republicans win the New York governor race in 2026?,Will the Republicans win the New York governor race in 2026?,"This market will resolve according to the winner of the 2026 New York gubernatorial election.

A candidate shall be considered to represent a party in the event that he or she is the nominee of the party in question. Candidates other than the Democratic or Republican nominee (e.g., Greens, Libertarian, independent) may be added at a later date.

Candidates who run as independents will not be encompassed by the “Democrat” or “Republican” options regardless of any affiliation they may have with the party.

The resolution source for this market is the Associated Press, Fox News, and NBC. This market will resolve once all three sources call the race for the same candidate. If all three sources haven’t called the race in this state for the same candidate, this market will resolve based on the official certification.",,,new-york-governor-winner-2026,New York Governor Election Winner,49049.75261800001,31023.1607,False,,"[""108106288970534575307495623455701128869187166289634633189375113923142364674394"", ""32946988346851809083717853909672502303533938428804197173672614672441945179683""]",https://polymarket.com/market/will-the-republicans-win-the-new-york-governor-race-in-2026
629557,will-the-democrats-win-the-ohio-governor-race-in-2026,Will the Democrats win the Ohio governor race in 2026?,Will the Democrats win the Ohio governor race in 2026?,"This market will resolve according to the winner of the 2026 Ohio gubernatorial election.

A candidate shall be considered to represent a party in the event that he or she is the nominee of the party in question. Candidates other than the Democratic or Republican nominee (e.g., Greens, Libertarian, independent) may be added at a later date.

Candidates who run as independents will not be encompassed by the “Democrat” or “Republican” options regardless of any affiliation they may have with the party.

The resolution source for this market is the Associated Press, Fox News, and NBC. This market will resolve once all three sources call the race for the same candidate. If all three sources haven’t called the race in this state for the same candidate, this market will resolve based on the official certification.",,,ohio-governor-winner-2026,Ohio Governor Election Winner,74301.68159099999,37119.3623,False,,"[""63255709540320761353971859526848930870803944190764324681913735372035438815215"", ""16976595754865702888942253430173145813500518669245701188211359895815715104826""]",https://polymarket.com/market/will-the-democrats-win-the-ohio-governor-race-in-2026
629558,will-the-republicans-win-the-ohio-governor-race-in-2026,Will the Republicans win the Ohio governor race in 2026?,Will the Republicans win the Ohio governor race in 2026?,"This market will resolve according to the winner of the 2026 Ohio gubernatorial election.

A candidate shall be considered to represent a party in the event that he or she is the nominee of the party in question. Candidates other than the Democratic or Republican nominee (e.g., Greens, Libertarian, independent) may be added at a later date.

Candidates who run as independents will not be encompassed by the “Democrat” or “Republican” options regardless of any affiliation they may have with the party.

The resolution source for this market is the Associated Press, Fox News, and NBC. This market will resolve once all three sources call the race for the same candidate. If all three sources haven’t called the race in this state for the same candidate, this market will resolve based on the official certification.",,,ohio-governor-winner-2026,Ohio Governor Election Winner,73771.82599300002,52850.3555,False,,"[""3104629708171062356498135654472461762731791851667035051301931240755518332250"", ""104526794566859391085042814952967251260974275524059793655101271789052995794634""]",https://polymarket.com/market/will-the-republicans-win-the-ohio-governor-race-in-2026
629570,will-the-democrats-win-the-oklahoma-governor-race-in-2026,Will the Democrats win the Oklahoma governor race in 2026?,Will the Democrats win the Oklahoma governor race in 2026?,"This market will resolve according to the winner of the 2026 Oklahoma gubernatorial election.

A candidate shall be considered to represent a party in the event that he or she is the nominee of the party in question. Candidates other than the Democratic or Republican nominee (e.g., Greens, Libertarian, independent) may be added at a later date.

Candidates who run as independents will not be encompassed by the “Democrat” or “Republican” options regardless of any affiliation they may have with the party.

The resolution source for this market is the Associated Press, Fox News, and NBC. This market will resolve once all three sources call the race for the same candidate. If all three sources haven’t called the race in this state for the same candidate, this market will resolve based on the official certification.",,,oklahoma-governor-winner-2026,Oklahoma Governor Election Winner,14273.688558000002,14223.3818,False,,"[""37700214927702560862325287464231700075479667077774217635210792305464305010407"", ""82608334051864142932873144348121852324089451792525985503537377336006986101897""]",https://polymarket.com/market/will-the-democrats-win-the-oklahoma-governor-race-in-2026
629571,will-the-republicans-win-the-oklahoma-governor-race-in-2026,Will the Republicans win the Oklahoma governor race in 2026?,Will the Republicans win the Oklahoma governor race in 2026?,"This market will resolve according to the winner of the 2026 Oklahoma gubernatorial election.

A candidate shall be considered to represent a party in the event that he or she is the nominee of the party in question. Candidates other than the Democratic or Republican nominee (e.g., Greens, Libertarian, independent) may be added at a later date.

Candidates who run as independents will not be encompassed by the “Democrat” or “Republican” options regardless of any affiliation they may have with the party.

The resolution source for this market is the Associated Press, Fox News, and NBC. This market will resolve once all three sources call the race for the same candidate. If all three sources haven’t called the race in this state for the same candidate, this market will resolve based on the official certification.",,,oklahoma-governor-winner-2026,Oklahoma Governor Election Winner,11768.114161,16477.8748,False,,"[""12195532376431728872322429427491005809800415403259444414908025975252692275196"", ""70400850745105924579032258999370614016356127378629300586837478000148390833708""]",https://polymarket.com/market/will-the-republicans-win-the-oklahoma-governor-race-in-2026
629583,will-the-democrats-win-the-oregon-governor-race-in-2026,Will the Democrats win the Oregon governor race in 2026?,Will the Democrats win the Oregon governor race in 2026?,"This market will resolve according to the winner of the 2026 Oregon gubernatorial election.

A candidate shall be considered to represent a party in the event that he or she is the nominee of the party in question. Candidates other than the Democratic or Republican nominee (e.g., Greens, Libertarian, independent) may be added at a later date.

Candidates who run as independents will not be encompassed by the “Democrat” or “Republican” options regardless of any affiliation they may have with the party.

The resolution source for this market is the Associated Press, Fox News, and NBC. This market will resolve once all three sources call the race for the same candidate. If all three sources haven’t called the race in this state for the same candidate, this market will resolve based on the official certification.",,,oregon-governor-winner-2026,Oregon Governor Election Winner,21179.296670000007,13343.8579,False,,"[""9755787435930070640870536823763281543938387827225853124824813626465365556107"", ""46486910951407358308537327861577419089696653684888928429256333235431031567968""]",https://polymarket.com/market/will-the-democrats-win-the-oregon-governor-race-in-2026
629584,will-the-republicans-win-the-oregon-governor-race-in-2026,Will the Republicans win the Oregon governor race in 2026?,Will the Republicans win the Oregon governor race in 2026?,"This market will resolve according to the winner of the 2026 Oregon gubernatorial election.

A candidate shall be considered to represent a party in the event that he or she is the nominee of the party in question. Candidates other than the Democratic or Republican nominee (e.g., Greens, Libertarian, independent) may be added at a later date.

Candidates who run as independents will not be encompassed by the “Democrat” or “Republican” options regardless of any affiliation they may have with the party.

The resolution source for this market is the Associated Press, Fox News, and NBC. This market will resolve once all three sources call the race for the same candidate. If all three sources haven’t called the race in this state for the same candidate, this market will resolve based on the official certification.",,,oregon-governor-winner-2026,Oregon Governor Election Winner,14941.503193000002,14302.7662,False,,"[""60638893393471159707288518099941698438888451383700859041754575565737488871199"", ""20648510697913817659399065554892739311338993894582582168950491913704093219808""]",https://polymarket.com/market/will-the-republicans-win-the-oregon-governor-race-in-2026
629614,will-the-democrats-win-the-pennsylvania-governor-race-in-2026,Will the Democrats win the Pennsylvania governor race in 2026?,Will the Democrats win the Pennsylvania governor race in 2026?,"This market will resolve according to the winner of the 2026 Pennsylvania gubernatorial election.

A candidate shall be considered to represent a party in the event that he or she is the nominee of the party in question. Candidates other than the Democratic or Republican nominee (e.g., Greens, Libertarian, independent) may be added at a later date.

Candidates who run as independents will not be encompassed by the “Democrat” or “Republican” options regardless of any affiliation they may have with the party.

The resolution source for this market is the Associated Press, Fox News, and NBC. This market will resolve once all three sources call the race for the same candidate. If all three sources haven’t called the race in this state for the same candidate, this market will resolve based on the official certification.",,,pennsylvania-governor-winner-2026,Pennsylvania Governor Election Winner,7266.281772999999,18952.612,False,,"[""86158564038726526008163887440654010269502827272776903587995739265573029112945"", ""20918140760474946630045567241666208575510335017424226516022596966030394605413""]",https://polymarket.com/market/will-the-democrats-win-the-pennsylvania-governor-race-in-2026
629615,will-the-republicans-win-the-pennsylvania-governor-race-in-2026,Will the Republicans win the Pennsylvania governor race in 2026?,Will the Republicans win the Pennsylvania governor race in 2026?,"This market will resolve according to the winner of the 2026 Pennsylvania gubernatorial election.

A candidate shall be considered to represent a party in the event that he or she is the nominee of the party in question. Candidates other than the Democratic or Republican nominee (e.g., Greens, Libertarian, independent) may be added at a later date.

Candidates who run as independents will not be encompassed by the “Democrat” or “Republican” options regardless of any affiliation they may have with the party.

The resolution source for this market is the Associated Press, Fox News, and NBC. This market will resolve once all three sources call the race for the same candidate. If all three sources haven’t called the race in this state for the same candidate, this market will resolve based on the official certification.",,,pennsylvania-governor-winner-2026,Pennsylvania Governor Election Winner,12855.813724999998,30985.9746,False,,"[""5688801435889428424829669547673250506620304454224290559333533905846390372394"", ""21024189438556491499983312864085506291201006475691953166988844977583635820413""]",https://polymarket.com/market/will-the-republicans-win-the-pennsylvania-governor-race-in-2026
629627,will-the-democrats-win-the-rhode-island-governor-race-in-2026,Will the Democrats win the Rhode Island governor race in 2026?,Will the Democrats win the Rhode Island governor race in 2026?,"This market will resolve according to the winner of the 2026 Rhode Island gubernatorial election.

A candidate shall be considered to represent a party in the event that he or she is the nominee of the party in question. Candidates other than the Democratic or Republican nominee (e.g., Greens, Libertarian, independent) may be added at a later date.

Candidates who run as independents will not be encompassed by the “Democrat” or “Republican” options regardless of any affiliation they may have with the party.

The resolution source for this market is the Associated Press, Fox News, and NBC. This market will resolve once all three sources call the race for the same candidate. If all three sources haven’t called the race in this state for the same candidate, this market will resolve based on the official certification.",,,rhode-island-governor-winner-2026,Rhode Island Governor Election Winner,49491.04080200001,13251.5071,False,,"[""12963869833838696349134591178892586509546549676681530057691780490969939726649"", ""75325800980805191432247713433059602003287797994426454877102862804464373217417""]",https://polymarket.com/market/will-the-democrats-win-the-rhode-island-governor-race-in-2026
629628,will-the-republicans-win-the-rhode-island-governor-race-in-2026,Will the Republicans win the Rhode Island governor race in 2026?,Will the Republicans win the Rhode Island governor race in 2026?,"This market will resolve according to the winner of the 2026 Rhode Island gubernatorial election.

A candidate shall be considered to represent a party in the event that he or she is the nominee of the party in question. Candidates other than the Democratic or Republican nominee (e.g., Greens, Libertarian, independent) may be added at a later date.

Candidates who run as independents will not be encompassed by the “Democrat” or “Republican” options regardless of any affiliation they may have with the party.

The resolution source for this market is the Associated Press, Fox News, and NBC. This market will resolve once all three sources call the race for the same candidate. If all three sources haven’t called the race in this state for the same candidate, this market will resolve based on the official certification.",,,rhode-island-governor-winner-2026,Rhode Island Governor Election Winner,9503.207784000002,10674.11558,False,,"[""102532646565376609462398061495436415751549869365588135784659237547896983513156"", ""10715098541516047115241310337325864327460214984462087775958463808642042359347""]",https://polymarket.com/market/will-the-republicans-win-the-rhode-island-governor-race-in-2026
629629,will-an-independent-win-the-rhode-island-governor-race-in-2026,Will an independent win the Rhode Island governor race in 2026?,Will an independent win the Rhode Island governor race in 2026?,"This market will resolve according to the winner of the 2026 Rhode Island gubernatorial election.

A candidate shall be considered to represent a party in the event that he or she is the nominee of the party in question. Candidates other than the Democratic or Republican nominee (e.g., Greens, Libertarian, independent) may be added at a later date.

Candidates who run as independents will not be encompassed by the “Democrat” or “Republican” options regardless of any affiliation they may have with the party.

The resolution source for this market is the Associated Press, Fox News, and NBC. This market will resolve once all three sources call the race for the same candidate. If all three sources haven’t called the race in this state for the same candidate, this market will resolve based on the official certification.",,,rhode-island-governor-winner-2026,Rhode Island Governor Election Winner,1410.2545270000005,9682.96591,False,,"[""13165388174900569619328636459480727052834519645059869980549561071064022087971"", ""111202902854619594912757736606690792075061552960837186030975224474972751918924""]",https://polymarket.com/market/will-an-independent-win-the-rhode-island-governor-race-in-2026
629640,will-the-democrats-win-the-south-carolina-governor-race-in-2026,Will the Democrats win the South Carolina governor race in 2026?,Will the Democrats win the South Carolina governor race in 2026?,"This market will resolve according to the winner of the 2026 South Carolina gubernatorial election.

A candidate shall be considered to represent a party in the event that he or she is the nominee of the party in question. Candidates other than the Democratic or Republican nominee (e.g., Greens, Libertarian, independent) may be added at a later date.

Candidates who run as independents will not be encompassed by the “Democrat” or “Republican” options regardless of any affiliation they may have with the party.

The resolution source for this market is the Associated Press, Fox News, and NBC. This market will resolve once all three sources call the race for the same candidate. If all three sources haven’t called the race in this state for the same candidate, this market will resolve based on the official certification.",,,south-carolina-governor-winner-2026,South Carolina Governor Election Winner,7042.767264000001,14642.66658,False,,"[""69673263487139231624315897585768201230841320475352635832819992690850228911127"", ""60881151017130321740345136601526104676952077782755755891584789189096989545525""]",https://polymarket.com/market/will-the-democrats-win-the-south-carolina-governor-race-in-2026
629641,will-the-republicans-win-the-south-carolina-governor-race-in-2026,Will the Republicans win the South Carolina governor race in 2026?,Will the Republicans win the South Carolina governor race in 2026?,"This market will resolve according to the winner of the 2026 South Carolina gubernatorial election.

A candidate shall be considered to represent a party in the event that he or she is the nominee of the party in question. Candidates other than the Democratic or Republican nominee (e.g., Greens, Libertarian, independent) may be added at a later date.

Candidates who run as independents will not be encompassed by the “Democrat” or “Republican” options regardless of any affiliation they may have with the party.

The resolution source for this market is the Associated Press, Fox News, and NBC. This market will resolve once all three sources call the race for the same candidate. If all three sources haven’t called the race in this state for the same candidate, this market will resolve based on the official certification.",,,south-carolina-governor-winner-2026,South Carolina Governor Election Winner,8890.801728999997,11379.4549,False,,"[""115258259561547414610995893322363332894307320697384633557391293684664191320185"", ""17477959378122758499540906149943925432690452353416410038176243997158408694887""]",https://polymarket.com/market/will-the-republicans-win-the-south-carolina-governor-race-in-2026
629653,will-the-democrats-win-the-south-dakota-governor-race-in-2026,Will the Democrats win the South Dakota governor race in 2026?,Will the Democrats win the South Dakota governor race in 2026?,"This market will resolve according to the winner of the 2026 South Dakota gubernatorial election.

A candidate shall be considered to represent a party in the event that he or she is the nominee of the party in question. Candidates other than the Democratic or Republican nominee (e.g., Greens, Libertarian, independent) may be added at a later date.

Candidates who run as independents will not be encompassed by the “Democrat” or “Republican” options regardless of any affiliation they may have with the party.

The resolution source for this market is the Associated Press, Fox News, and NBC. This market will resolve once all three sources call the race for the same candidate. If all three sources haven’t called the race in this state for the same candidate, this market will resolve based on the official certification.",,,south-dakota-governor-winner-2026,South Dakota Governor Election Winner,11145.025608000002,15347.26785,False,,"[""19857809653204352084235953967001149759321806996646353766198011041287290557051"", ""81928830076368461059680704904933018599743089984775447893064772019302534185483""]",https://polymarket.com/market/will-the-democrats-win-the-south-dakota-governor-race-in-2026
629654,will-the-republicans-win-the-south-dakota-governor-race-in-2026,Will the Republicans win the South Dakota governor race in 2026?,Will the Republicans win the South Dakota governor race in 2026?,"This market will resolve according to the winner of the 2026 South Dakota gubernatorial election.

A candidate shall be considered to represent a party in the event that he or she is the nominee of the party in question. Candidates other than the Democratic or Republican nominee (e.g., Greens, Libertarian, independent) may be added at a later date.

Candidates who run as independents will not be encompassed by the “Democrat” or “Republican” options regardless of any affiliation they may have with the party.

The resolution source for this market is the Associated Press, Fox News, and NBC. This market will resolve once all three sources call the race for the same candidate. If all three sources haven’t called the race in this state for the same candidate, this market will resolve based on the official certification.",,,south-dakota-governor-winner-2026,South Dakota Governor Election Winner,6723.208166999999,12230.78877,False,,"[""33837211479232375079024923304907620849682048653904904303440832993092201214603"", ""38302880535951403336098668563481174440950945234701506433179054905474679477705""]",https://polymarket.com/market/will-the-republicans-win-the-south-dakota-governor-race-in-2026
629666,will-the-democrats-win-the-tennessee-governor-race-in-2026,Will the Democrats win the Tennessee governor race in 2026?,Will the Democrats win the Tennessee governor race in 2026?,"This market will resolve according to the winner of the 2026 Tennessee gubernatorial election.

A candidate shall be considered to represent a party in the event that he or she is the nominee of the party in question. Candidates other than the Democratic or Republican nominee (e.g., Greens, Libertarian, independent) may be added at a later date.

Candidates who run as independents will not be encompassed by the “Democrat” or “Republican” options regardless of any affiliation they may have with the party.

The resolution source for this market is the Associated Press, Fox News, and NBC. This market will resolve once all three sources call the race for the same candidate. If all three sources haven’t called the race in this state for the same candidate, this market will resolve based on the official certification.",,,tennessee-governor-winner-2026,Tennessee Governor Election Winner,2182.489574999999,10754.6898,False,,"[""42092635016892213098098431597314233695276464574605657188222427223673881775927"", ""98575404987824247968035554378138502826375834662434598159433509586324667676456""]",https://polymarket.com/market/will-the-democrats-win-the-tennessee-governor-race-in-2026
629667,will-the-republicans-win-the-tennessee-governor-race-in-2026,Will the Republicans win the Tennessee governor race in 2026?,Will the Republicans win the Tennessee governor race in 2026?,"This market will resolve according to the winner of the 2026 Tennessee gubernatorial election.

A candidate shall be considered to represent a party in the event that he or she is the nominee of the party in question. Candidates other than the Democratic or Republican nominee (e.g., Greens, Libertarian, independent) may be added at a later date.

Candidates who run as independents will not be encompassed by the “Democrat” or “Republican” options regardless of any affiliation they may have with the party.

The resolution source for this market is the Associated Press, Fox News, and NBC. This market will resolve once all three sources call the race for the same candidate. If all three sources haven’t called the race in this state for the same candidate, this market will resolve based on the official certification.",,,tennessee-governor-winner-2026,Tennessee Governor Election Winner,5370.550538000001,11521.50104,False,,"[""24326213014906491852819643583064878883456155870415421965354259617491710449915"", ""48343513797313535139742557170888827052841827464414389814991107121857596719575""]",https://polymarket.com/market/will-the-republicans-win-the-tennessee-governor-race-in-2026
629690,will-the-democrats-win-the-texas-governor-race-in-2026,Will the Democrats win the Texas governor race in 2026?,Will the Democrats win the Texas governor race in 2026?,"This market will resolve according to the winner of the 2026 Texas gubernatorial election.

A candidate shall be considered to represent a party in the event that he or she is the nominee of the party in question. Candidates other than the Democratic or Republican nominee (e.g., Greens, Libertarian, independent) may be added at a later date.

Candidates who run as independents will not be encompassed by the “Democrat” or “Republican” options regardless of any affiliation they may have with the party.

The resolution source for this market is the Associated Press, Fox News, and NBC. This market will resolve once all three sources call the race for the same candidate. If all three sources haven’t called the race in this state for the same candidate, this market will resolve based on the official certification.",,,texas-governor-winner-2026,Texas Governor Election Winner,30365.701380000013,11298.7064,False,,"[""48232987449750988261789196083999659380058157021032932634331257492238853387252"", ""72484470323457781490418074887818414956328925259630173408815876344351328006429""]",https://polymarket.com/market/will-the-democrats-win-the-texas-governor-race-in-2026
629691,will-the-republicans-win-the-texas-governor-race-in-2026,Will the Republicans win the Texas governor race in 2026?,Will the Republicans win the Texas governor race in 2026?,"This market will resolve according to the winner of the 2026 Texas gubernatorial election.

A candidate shall be considered to represent a party in the event that he or she is the nominee of the party in question. Candidates other than the Democratic or Republican nominee (e.g., Greens, Libertarian, independent) may be added at a later date.

Candidates who run as independents will not be encompassed by the “Democrat” or “Republican” options regardless of any affiliation they may have with the party.

The resolution source for this market is the Associated Press, Fox News, and NBC. This market will resolve once all three sources call the race for the same candidate. If all three sources haven’t called the race in this state for the same candidate, this market will resolve based on the official certification.",,,texas-governor-winner-2026,Texas Governor Election Winner,24351.806284,11248.77561,False,,"[""54743173400191373818547682740700297683169841200363505623023527116388816282328"", ""1866695229821909795321299492017203124655045093500207568743162324352894510180""]",https://polymarket.com/market/will-the-republicans-win-the-texas-governor-race-in-2026
629707,will-the-democrats-win-the-vermont-governor-race-in-2026,Will the Democrats win the Vermont governor race in 2026?,Will the Democrats win the Vermont governor race in 2026?,"This market will resolve according to the winner of the 2026 Vermont gubernatorial election.

A candidate shall be considered to represent a party in the event that he or she is the nominee of the party in question. Candidates other than the Democratic or Republican nominee (e.g., Greens, Libertarian, independent) may be added at a later date.

Candidates who run as independents will not be encompassed by the “Democrat” or “Republican” options regardless of any affiliation they may have with the party.

The resolution source for this market is the Associated Press, Fox News, and NBC. This market will resolve once all three sources call the race for the same candidate. If all three sources haven’t called the race in this state for the same candidate, this market will resolve based on the official certification.",,,vermont-governor-winner-2026,Vermont Governor Election Winner,23446.574861,9805.71852,False,,"[""60184991030711150053889856154789765911962237408503307206289529109604385579009"", ""63691357964355397861776339416833450653158434687925250159757815624217137833471""]",https://polymarket.com/market/will-the-democrats-win-the-vermont-governor-race-in-2026
629708,will-the-republicans-win-the-vermont-governor-race-in-2026,Will the Republicans win the Vermont governor race in 2026?,Will the Republicans win the Vermont governor race in 2026?,"This market will resolve according to the winner of the 2026 Vermont gubernatorial election.

A candidate shall be considered to represent a party in the event that he or she is the nominee of the party in question. Candidates other than the Democratic or Republican nominee (e.g., Greens, Libertarian, independent) may be added at a later date.

Candidates who run as independents will not be encompassed by the “Democrat” or “Republican” options regardless of any affiliation they may have with the party.

The resolution source for this market is the Associated Press, Fox News, and NBC. This market will resolve once all three sources call the race for the same candidate. If all three sources haven’t called the race in this state for the same candidate, this market will resolve based on the official certification.",,,vermont-governor-winner-2026,Vermont Governor Election Winner,19887.727661000008,9477.1548,False,,"[""41583919731714354912849507182398941127545694257513505398713274521520484370640"", ""77561864081904257466881861992966973663334838144590020887681006880259960197549""]",https://polymarket.com/market/will-the-republicans-win-the-vermont-governor-race-in-2026
629720,will-the-democrats-win-the-wisconsin-governor-race-in-2026,Will the Democrats win the Wisconsin governor race in 2026?,Will the Democrats win the Wisconsin governor race in 2026?,"This market will resolve according to the winner of the 2026 Wisconsin gubernatorial election.

A candidate shall be considered to represent a party in the event that he or she is the nominee of the party in question. Candidates other than the Democratic or Republican nominee (e.g., Greens, Libertarian, independent) may be added at a later date.

Candidates who run as independents will not be encompassed by the “Democrat” or “Republican” options regardless of any affiliation they may have with the party.

The resolution source for this market is the Associated Press, Fox News, and NBC. This market will resolve once all three sources call the race for the same candidate. If all three sources haven’t called the race in this state for the same candidate, this market will resolve based on the official certification.",,,wisconsin-governor-winner-2026,Wisconsin Governor Election Winner,83850.89352799997,59270.0066,False,,"[""47540146623620182724372695903724852067595146419459482790641441152489267651664"", ""9425494630420524762356091484606706289169789796333686976670441967109493832767""]",https://polymarket.com/market/will-the-democrats-win-the-wisconsin-governor-race-in-2026
629721,will-the-republicans-win-the-wisconsin-governor-race-in-2026,Will the Republicans win the Wisconsin governor race in 2026?,Will the Republicans win the Wisconsin governor race in 2026?,"This market will resolve according to the winner of the 2026 Wisconsin gubernatorial election.

A candidate shall be considered to represent a party in the event that he or she is the nominee of the party in question. Candidates other than the Democratic or Republican nominee (e.g., Greens, Libertarian, independent) may be added at a later date.

Candidates who run as independents will not be encompassed by the “Democrat” or “Republican” options regardless of any affiliation they may have with the party.

The resolution source for this market is the Associated Press, Fox News, and NBC. This market will resolve once all three sources call the race for the same candidate. If all three sources haven’t called the race in this state for the same candidate, this market will resolve based on the official certification.",,,wisconsin-governor-winner-2026,Wisconsin Governor Election Winner,165720.21002299996,154288.5721,False,,"[""110568426700454908727813010666782278712329569099119457880819387703511785225289"", ""94997938472772845981621371346408480728260037625129184428077443070579239724265""]",https://polymarket.com/market/will-the-republicans-win-the-wisconsin-governor-race-in-2026
629733,will-the-democrats-win-the-wyoming-governor-race-in-2026,Will the Democrats win the Wyoming governor race in 2026?,Will the Democrats win the Wyoming governor race in 2026?,"This market will resolve according to the winner of the 2026 Wyoming gubernatorial election.

A candidate shall be considered to represent a party in the event that he or she is the nominee of the party in question. Candidates other than the Democratic or Republican nominee (e.g., Greens, Libertarian, independent) may be added at a later date.

Candidates who run as independents will not be encompassed by the “Democrat” or “Republican” options regardless of any affiliation they may have with the party.

The resolution source for this market is the Associated Press, Fox News, and NBC. This market will resolve once all three sources call the race for the same candidate. If all three sources haven’t called the race in this state for the same candidate, this market will resolve based on the official certification.",,,wyoming-governor-winner-2026,Wyoming Governor Election Winner,2373.0065010000003,14805.98416,False,,"[""27698880682601961151205903485139737259763277359865731443999905606295817799595"", ""96583137082549706198480677389115178770016108390630706701207381056297764196817""]",https://polymarket.com/market/will-the-democrats-win-the-wyoming-governor-race-in-2026
629734,will-the-republicans-win-the-wyoming-governor-race-in-2026,Will the Republicans win the Wyoming governor race in 2026?,Will the Republicans win the Wyoming governor race in 2026?,"This market will resolve according to the winner of the 2026 Wyoming gubernatorial election.

A candidate shall be considered to represent a party in the event that he or she is the nominee of the party in question. Candidates other than the Democratic or Republican nominee (e.g., Greens, Libertarian, independent) may be added at a later date.

Candidates who run as independents will not be encompassed by the “Democrat” or “Republican” options regardless of any affiliation they may have with the party.

The resolution source for this market is the Associated Press, Fox News, and NBC. This market will resolve once all three sources call the race for the same candidate. If all three sources haven’t called the race in this state for the same candidate, this market will resolve based on the official certification.",,,wyoming-governor-winner-2026,Wyoming Governor Election Winner,6405.057730999999,14356.42959,False,,"[""110662231382210721528347530139180000273032668591469451320298639508988983810813"", ""99976219015035965574168901976309503181134185471894698064889695342472682228094""]",https://polymarket.com/market/will-the-republicans-win-the-wyoming-governor-race-in-2026
630627,will-the-democrats-win-the-alabama-senate-race-in-2026,Will the Democrats win the Alabama Senate race in 2026?,Will the Democrats win the Alabama Senate race in 2026?,"This market will resolve according to the winner of the 2026 midterm Alabama U.S. Senate election, inclusive of any run-offs.

A candidate shall be considered to represent a party in the event that he or she is the nominee of the party in question. Candidates other than the Democratic or Republican nominee (e.g., Greens, Libertarian, independent) may be added at a later date.

Candidates who run as independents will not be encompassed by the “Democrat” or “Republican” options regardless of any affiliation they may have with the party.

The resolution source for this market is the Associated Press, Fox News, and NBC. This market will resolve once all three sources call the race for the same candidate. If all three sources haven’t called the race in this state for the same candidate, this market will resolve based on the official certification.",,,alabama-senate-election-winner-154,Alabama Senate Election Winner,5570.939039999999,14150.8225,False,,"[""77232568388576878990477542833081311975859328857370439688711702313039178600550"", ""41305309737809315151633117199490064099794235884838684383222141982080157632024""]",https://polymarket.com/market/will-the-democrats-win-the-alabama-senate-race-in-2026
630628,will-the-republicans-win-the-alabama-senate-race-in-2026,Will the Republicans win the Alabama Senate race in 2026?,Will the Republicans win the Alabama Senate race in 2026?,"This market will resolve according to the winner of the 2026 midterm Alabama U.S. Senate election, inclusive of any run-offs.

A candidate shall be considered to represent a party in the event that he or she is the nominee of the party in question. Candidates other than the Democratic or Republican nominee (e.g., Greens, Libertarian, independent) may be added at a later date.

Candidates who run as independents will not be encompassed by the “Democrat” or “Republican” options regardless of any affiliation they may have with the party.

The resolution source for this market is the Associated Press, Fox News, and NBC. This market will resolve once all three sources call the race for the same candidate. If all three sources haven’t called the race in this state for the same candidate, this market will resolve based on the official certification.",,,alabama-senate-election-winner-154,Alabama Senate Election Winner,6633.889758999999,10326.9795,False,,"[""95119856323193627993348587708417756152568014985721929036628780323821873817569"", ""95286107028750601502051168250844687833938339238703778383649184813520093295024""]",https://polymarket.com/market/will-the-republicans-win-the-alabama-senate-race-in-2026
630653,will-the-democrats-win-the-arkansas-senate-race-in-2026,Will the Democrats win the Arkansas Senate race in 2026?,Will the Democrats win the Arkansas Senate race in 2026?,"This market will resolve according to the winner of the 2026 midterm Arkansas U.S. Senate election, inclusive of any run-offs.

A candidate shall be considered to represent a party in the event that he or she is the nominee of the party in question. Candidates other than the Democratic or Republican nominee (e.g., Greens, Libertarian, independent) may be added at a later date.

Candidates who run as independents will not be encompassed by the “Democrat” or “Republican” options regardless of any affiliation they may have with the party.

The resolution source for this market is the Associated Press, Fox News, and NBC. This market will resolve once all three sources call the race for the same candidate. If all three sources haven’t called the race in this state for the same candidate, this market will resolve based on the official certification.",,,arkansas-senate-election-winner,Arkansas Senate Election Winner,3767.4424830000003,10209.53591,False,,"[""68370995073141964079913803663665941780115677360430806954011390499916208708512"", ""13262930035751293044299030051076946493579310948743085503128810162298115061024""]",https://polymarket.com/market/will-the-democrats-win-the-arkansas-senate-race-in-2026
630654,will-the-republicans-win-the-arkansas-senate-race-in-2026,Will the Republicans win the Arkansas Senate race in 2026?,Will the Republicans win the Arkansas Senate race in 2026?,"This market will resolve according to the winner of the 2026 midterm Arkansas U.S. Senate election, inclusive of any run-offs.

A candidate shall be considered to represent a party in the event that he or she is the nominee of the party in question. Candidates other than the Democratic or Republican nominee (e.g., Greens, Libertarian, independent) may be added at a later date.

Candidates who run as independents will not be encompassed by the “Democrat” or “Republican” options regardless of any affiliation they may have with the party.

The resolution source for this market is the Associated Press, Fox News, and NBC. This market will resolve once all three sources call the race for the same candidate. If all three sources haven’t called the race in this state for the same candidate, this market will resolve based on the official certification.",,,arkansas-senate-election-winner,Arkansas Senate Election Winner,10007.522667000001,14780.68115,False,,"[""48125407658537781630126353551882211313520827583468729408685633955919030034320"", ""1797580469213095171880719393862360781916964211483452267877668487044757332006""]",https://polymarket.com/market/will-the-republicans-win-the-arkansas-senate-race-in-2026
630666,will-the-democrats-win-the-colorado-senate-race-in-2026,Will the Democrats win the Colorado Senate race in 2026?,Will the Democrats win the Colorado Senate race in 2026?,"This market will resolve according to the winner of the 2026 midterm Colorado U.S. Senate election, inclusive of any run-offs.

A candidate shall be considered to represent a party in the event that he or she is the nominee of the party in question. Candidates other than the Democratic or Republican nominee (e.g., Greens, Libertarian, independent) may be added at a later date.

Candidates who run as independents will not be encompassed by the “Democrat” or “Republican” options regardless of any affiliation they may have with the party.

The resolution source for this market is the Associated Press, Fox News, and NBC. This market will resolve once all three sources call the race for the same candidate. If all three sources haven’t called the race in this state for the same candidate, this market will resolve based on the official certification.",,,colorado-senate-election-winner,Colorado Senate Election Winner,12463.158452999996,17176.19051,False,,"[""68194463917260305435439145066031544476540679280823247532132832363696000101185"", ""106192530786960539135535008575818346767459617102414049409342524139150698862791""]",https://polymarket.com/market/will-the-democrats-win-the-colorado-senate-race-in-2026
630667,will-the-republicans-win-the-colorado-senate-race-in-2026,Will the Republicans win the Colorado Senate race in 2026?,Will the Republicans win the Colorado Senate race in 2026?,"This market will resolve according to the winner of the 2026 midterm Colorado U.S. Senate election, inclusive of any run-offs.

A candidate shall be considered to represent a party in the event that he or she is the nominee of the party in question. Candidates other than the Democratic or Republican nominee (e.g., Greens, Libertarian, independent) may be added at a later date.

Candidates who run as independents will not be encompassed by the “Democrat” or “Republican” options regardless of any affiliation they may have with the party.

The resolution source for this market is the Associated Press, Fox News, and NBC. This market will resolve once all three sources call the race for the same candidate. If all three sources haven’t called the race in this state for the same candidate, this market will resolve based on the official certification.",,,colorado-senate-election-winner,Colorado Senate Election Winner,35501.636512,21693.787,False,,"[""94387913280398317052582281843978069916338462525042652614881277797162415545237"", ""2474994172812821906731940905046937405647772936830086080400122272424376650343""]",https://polymarket.com/market/will-the-republicans-win-the-colorado-senate-race-in-2026
630679,will-the-democrats-win-the-delaware-senate-race-in-2026,Will the Democrats win the Delaware Senate race in 2026?,Will the Democrats win the Delaware Senate race in 2026?,"This market will resolve according to the winner of the 2026 midterm Delaware U.S. Senate election, inclusive of any run-offs.

A candidate shall be considered to represent a party in the event that he or she is the nominee of the party in question. Candidates other than the Democratic or Republican nominee (e.g., Greens, Libertarian, independent) may be added at a later date.

Candidates who run as independents will not be encompassed by the “Democrat” or “Republican” options regardless of any affiliation they may have with the party.

The resolution source for this market is the Associated Press, Fox News, and NBC. This market will resolve once all three sources call the race for the same candidate. If all three sources haven’t called the race in this state for the same candidate, this market will resolve based on the official certification.",,,delaware-senate-election-winner,Delaware Senate Election Winner,10608.873502999999,16387.1441,False,,"[""109467029375682717672947466588331781838347232688418556926634334189471462678711"", ""56515783740067714541146024238690731191171951191676227554534304907999316653689""]",https://polymarket.com/market/will-the-democrats-win-the-delaware-senate-race-in-2026
630680,will-the-republicans-win-the-delaware-senate-race-in-2026,Will the Republicans win the Delaware Senate race in 2026?,Will the Republicans win the Delaware Senate race in 2026?,"This market will resolve according to the winner of the 2026 midterm Delaware U.S. Senate election, inclusive of any run-offs.

A candidate shall be considered to represent a party in the event that he or she is the nominee of the party in question. Candidates other than the Democratic or Republican nominee (e.g., Greens, Libertarian, independent) may be added at a later date.

Candidates who run as independents will not be encompassed by the “Democrat” or “Republican” options regardless of any affiliation they may have with the party.

The resolution source for this market is the Associated Press, Fox News, and NBC. This market will resolve once all three sources call the race for the same candidate. If all three sources haven’t called the race in this state for the same candidate, this market will resolve based on the official certification.",,,delaware-senate-election-winner,Delaware Senate Election Winner,5345.626270000001,24696.0517,False,,"[""18791277393217683755628516529477058015186638022373024614300661393042993809537"", ""111410260998316519094031668071734601628657437474531224521985946937751497012846""]",https://polymarket.com/market/will-the-republicans-win-the-delaware-senate-race-in-2026
630692,will-the-democrats-win-the-georgia-senate-race-in-2026,Will the Democrats win the Georgia Senate race in 2026?,Will the Democrats win the Georgia Senate race in 2026?,"This market will resolve according to the winner of the 2026 midterm Georgia U.S. Senate election, inclusive of any run-offs.

A candidate shall be considered to represent a party in the event that he or she is the nominee of the party in question. Candidates other than the Democratic or Republican nominee (e.g., Greens, Libertarian, independent) may be added at a later date.

Candidates who run as independents will not be encompassed by the “Democrat” or “Republican” options regardless of any affiliation they may have with the party.

The resolution source for this market is the Associated Press, Fox News, and NBC. This market will resolve once all three sources call the race for the same candidate. If all three sources haven’t called the race in this state for the same candidate, this market will resolve based on the official certification.",,,georgia-senate-election-winner,Georgia Senate Election Winner,40114.05974,35549.7526,False,,"[""21024219148268989748704207701411444044468128261642675917026452687231462203167"", ""35836144845762083734936716777818582913796871841916057482479347577598882811767""]",https://polymarket.com/market/will-the-democrats-win-the-georgia-senate-race-in-2026
630693,will-the-republicans-win-the-georgia-senate-race-in-2026,Will the Republicans win the Georgia Senate race in 2026?,Will the Republicans win the Georgia Senate race in 2026?,"This market will resolve according to the winner of the 2026 midterm Georgia U.S. Senate election, inclusive of any run-offs.

A candidate shall be considered to represent a party in the event that he or she is the nominee of the party in question. Candidates other than the Democratic or Republican nominee (e.g., Greens, Libertarian, independent) may be added at a later date.

Candidates who run as independents will not be encompassed by the “Democrat” or “Republican” options regardless of any affiliation they may have with the party.

The resolution source for this market is the Associated Press, Fox News, and NBC. This market will resolve once all three sources call the race for the same candidate. If all three sources haven’t called the race in this state for the same candidate, this market will resolve based on the official certification.",,,georgia-senate-election-winner,Georgia Senate Election Winner,66837.41528300001,39439.42775,False,,"[""43777191461245536274027792855557351629362906569064322165760098912770293918104"", ""61124290990237905740819218004087985253159695156484630843664573685734418084158""]",https://polymarket.com/market/will-the-republicans-win-the-georgia-senate-race-in-2026
630705,will-the-democrats-win-the-idaho-senate-race-in-2026,Will the Democrats win the Idaho Senate race in 2026?,Will the Democrats win the Idaho Senate race in 2026?,"This market will resolve according to the winner of the 2026 midterm Idaho U.S. Senate election, inclusive of any run-offs.

A candidate shall be considered to represent a party in the event that he or she is the nominee of the party in question. Candidates other than the Democratic or Republican nominee (e.g., Greens, Libertarian, independent) may be added at a later date.

Candidates who run as independents will not be encompassed by the “Democrat” or “Republican” options regardless of any affiliation they may have with the party.

The resolution source for this market is the Associated Press, Fox News, and NBC. This market will resolve once all three sources call the race for the same candidate. If all three sources haven’t called the race in this state for the same candidate, this market will resolve based on the official certification.",,,idaho-senate-election-winner,Idaho Senate Election Winner,14016.394635,11262.60285,False,,"[""106941193163110167696426338043140728938381127310653153528096347878604033727123"", ""80934691869338927255837304938089888360426615780964561477823921040289407849741""]",https://polymarket.com/market/will-the-democrats-win-the-idaho-senate-race-in-2026
630706,will-the-republicans-win-the-idaho-senate-race-in-2026,Will the Republicans win the Idaho Senate race in 2026?,Will the Republicans win the Idaho Senate race in 2026?,"This market will resolve according to the winner of the 2026 midterm Idaho U.S. Senate election, inclusive of any run-offs.

A candidate shall be considered to represent a party in the event that he or she is the nominee of the party in question. Candidates other than the Democratic or Republican nominee (e.g., Greens, Libertarian, independent) may be added at a later date.

Candidates who run as independents will not be encompassed by the “Democrat” or “Republican” options regardless of any affiliation they may have with the party.

The resolution source for this market is the Associated Press, Fox News, and NBC. This market will resolve once all three sources call the race for the same candidate. If all three sources haven’t called the race in this state for the same candidate, this market will resolve based on the official certification.",,,idaho-senate-election-winner,Idaho Senate Election Winner,14658.34812,10259.01833,False,,"[""6756779810577885828704276397389282544084821591107025125954859235939281991675"", ""87565258770725265966392236652709967744698603916603639644457593228770340754031""]",https://polymarket.com/market/will-the-republicans-win-the-idaho-senate-race-in-2026
630720,will-the-democrats-win-the-illinois-senate-race-in-2026,Will the Democrats win the Illinois Senate race in 2026?,Will the Democrats win the Illinois Senate race in 2026?,"This market will resolve according to the winner of the 2026 midterm Illinois U.S. Senate election, inclusive of any run-offs.

A candidate shall be considered to represent a party in the event that he or she is the nominee of the party in question. Candidates other than the Democratic or Republican nominee (e.g., Greens, Libertarian, independent) may be added at a later date.

Candidates who run as independents will not be encompassed by the “Democrat” or “Republican” options regardless of any affiliation they may have with the party.

The resolution source for this market is the Associated Press, Fox News, and NBC. This market will resolve once all three sources call the race for the same candidate. If all three sources haven’t called the race in this state for the same candidate, this market will resolve based on the official certification.",,,illinois-senate-election-winner,Illinois Senate Election Winner,14734.342889000003,15079.50994,False,,"[""3015477455071606958014729552697672689898195807324746948280693702257424620276"", ""115316081925755141262134681282752103796078250770988305202716210672556966594698""]",https://polymarket.com/market/will-the-democrats-win-the-illinois-senate-race-in-2026
630721,will-the-republicans-win-the-illinois-senate-race-in-2026,Will the Republicans win the Illinois Senate race in 2026?,Will the Republicans win the Illinois Senate race in 2026?,"This market will resolve according to the winner of the 2026 midterm Illinois U.S. Senate election, inclusive of any run-offs.

A candidate shall be considered to represent a party in the event that he or she is the nominee of the party in question. Candidates other than the Democratic or Republican nominee (e.g., Greens, Libertarian, independent) may be added at a later date.

Candidates who run as independents will not be encompassed by the “Democrat” or “Republican” options regardless of any affiliation they may have with the party.

The resolution source for this market is the Associated Press, Fox News, and NBC. This market will resolve once all three sources call the race for the same candidate. If all three sources haven’t called the race in this state for the same candidate, this market will resolve based on the official certification.",,,illinois-senate-election-winner,Illinois Senate Election Winner,14419.346017999998,15711.27889,False,,"[""28293677056280080359554222049156424637171556977737746792223933800049748849083"", ""33213488937256662530482377056557065500011938647623670350418977541117315454320""]",https://polymarket.com/market/will-the-republicans-win-the-illinois-senate-race-in-2026
630733,will-the-democrats-win-the-iowa-senate-race-in-2026,Will the Democrats win the Iowa Senate race in 2026?,Will the Democrats win the Iowa Senate race in 2026?,"This market will resolve according to the winner of the 2026 midterm Iowa U.S. Senate election, inclusive of any run-offs.

A candidate shall be considered to represent a party in the event that he or she is the nominee of the party in question. Candidates other than the Democratic or Republican nominee (e.g., Greens, Libertarian, independent) may be added at a later date.

Candidates who run as independents will not be encompassed by the “Democrat” or “Republican” options regardless of any affiliation they may have with the party.

The resolution source for this market is the Associated Press, Fox News, and NBC. This market will resolve once all three sources call the race for the same candidate. If all three sources haven’t called the race in this state for the same candidate, this market will resolve based on the official certification.",,,iowa-senate-election-winner,Iowa Senate Election Winner,89486.83390500002,16259.9869,False,,"[""90689690530039118737607894922148077480097700217322320781526913496162509181445"", ""105412116375859456386463067772529895223931027977055063584054608854983174999392""]",https://polymarket.com/market/will-the-democrats-win-the-iowa-senate-race-in-2026
630734,will-the-republicans-win-the-iowa-senate-race-in-2026,Will the Republicans win the Iowa Senate race in 2026?,Will the Republicans win the Iowa Senate race in 2026?,"This market will resolve according to the winner of the 2026 midterm Iowa U.S. Senate election, inclusive of any run-offs.

A candidate shall be considered to represent a party in the event that he or she is the nominee of the party in question. Candidates other than the Democratic or Republican nominee (e.g., Greens, Libertarian, independent) may be added at a later date.

Candidates who run as independents will not be encompassed by the “Democrat” or “Republican” options regardless of any affiliation they may have with the party.

The resolution source for this market is the Associated Press, Fox News, and NBC. This market will resolve once all three sources call the race for the same candidate. If all three sources haven’t called the race in this state for the same candidate, this market will resolve based on the official certification.",,,iowa-senate-election-winner,Iowa Senate Election Winner,92954.165116,18267.8007,False,,"[""107844449523890311740907586041395758413047559802389895859202256336422357556837"", ""45697952169290210733788647908439282215277461482653377209044144054693714912010""]",https://polymarket.com/market/will-the-republicans-win-the-iowa-senate-race-in-2026
630746,will-the-democrats-win-the-kansas-senate-race-in-2026,Will the Democrats win the Kansas Senate race in 2026?,Will the Democrats win the Kansas Senate race in 2026?,"This market will resolve according to the winner of the 2026 midterm Kansas U.S. Senate election, inclusive of any run-offs.

A candidate shall be considered to represent a party in the event that he or she is the nominee of the party in question. Candidates other than the Democratic or Republican nominee (e.g., Greens, Libertarian, independent) may be added at a later date.

Candidates who run as independents will not be encompassed by the “Democrat” or “Republican” options regardless of any affiliation they may have with the party.

The resolution source for this market is the Associated Press, Fox News, and NBC. This market will resolve once all three sources call the race for the same candidate. If all three sources haven’t called the race in this state for the same candidate, this market will resolve based on the official certification.",,,kansas-senate-election-winner,Kansas Senate Election Winner,14776.820560999995,13593.1482,False,,"[""75079868093228966915894372964099062660587490227046756021175661325867722540666"", ""37327444084035787269854507880662541101916131726641992937390933740081521292625""]",https://polymarket.com/market/will-the-democrats-win-the-kansas-senate-race-in-2026
630747,will-the-republicans-win-the-kansas-senate-race-in-2026,Will the Republicans win the Kansas Senate race in 2026?,Will the Republicans win the Kansas Senate race in 2026?,"This market will resolve according to the winner of the 2026 midterm Kansas U.S. Senate election, inclusive of any run-offs.

A candidate shall be considered to represent a party in the event that he or she is the nominee of the party in question. Candidates other than the Democratic or Republican nominee (e.g., Greens, Libertarian, independent) may be added at a later date.

Candidates who run as independents will not be encompassed by the “Democrat” or “Republican” options regardless of any affiliation they may have with the party.

The resolution source for this market is the Associated Press, Fox News, and NBC. This market will resolve once all three sources call the race for the same candidate. If all three sources haven’t called the race in this state for the same candidate, this market will resolve based on the official certification.",,,kansas-senate-election-winner,Kansas Senate Election Winner,27360.75416199999,13363.9291,False,,"[""18131974965869813060047290511060211742274666573066200470724290584768041211203"", ""99954012845363784422380244269243499000117818896422626871954380344984773420508""]",https://polymarket.com/market/will-the-republicans-win-the-kansas-senate-race-in-2026
630759,will-the-democrats-win-the-kentucky-senate-race-in-2026,Will the Democrats win the Kentucky Senate race in 2026?,Will the Democrats win the Kentucky Senate race in 2026?,"This market will resolve according to the winner of the 2026 midterm Kentucky U.S. Senate election, inclusive of any run-offs.

A candidate shall be considered to represent a party in the event that he or she is the nominee of the party in question. Candidates other than the Democratic or Republican nominee (e.g., Greens, Libertarian, independent) may be added at a later date.

Candidates who run as independents will not be encompassed by the “Democrat” or “Republican” options regardless of any affiliation they may have with the party.

The resolution source for this market is the Associated Press, Fox News, and NBC. This market will resolve once all three sources call the race for the same candidate. If all three sources haven’t called the race in this state for the same candidate, this market will resolve based on the official certification.",,,kentucky-senate-election-winner,Kentucky Senate Election Winner,4844.263834,18909.23168,False,,"[""37649267567982889592011384409533519112993266261975620703097847510820818713285"", ""25714364921494590153126712070237148273556585153060830557346938682702981481913""]",https://polymarket.com/market/will-the-democrats-win-the-kentucky-senate-race-in-2026
630760,will-the-republicans-win-the-kentucky-senate-race-in-2026,Will the Republicans win the Kentucky Senate race in 2026?,Will the Republicans win the Kentucky Senate race in 2026?,"This market will resolve according to the winner of the 2026 midterm Kentucky U.S. Senate election, inclusive of any run-offs.

A candidate shall be considered to represent a party in the event that he or she is the nominee of the party in question. Candidates other than the Democratic or Republican nominee (e.g., Greens, Libertarian, independent) may be added at a later date.

Candidates who run as independents will not be encompassed by the “Democrat” or “Republican” options regardless of any affiliation they may have with the party.

The resolution source for this market is the Associated Press, Fox News, and NBC. This market will resolve once all three sources call the race for the same candidate. If all three sources haven’t called the race in this state for the same candidate, this market will resolve based on the official certification.",,,kentucky-senate-election-winner,Kentucky Senate Election Winner,10835.025800000001,26912.45749,False,,"[""48498511771232100148522166869811267217315069499419645745771730197179043728388"", ""65439356235045131807396247896357430551043166853377401069960230324723866335352""]",https://polymarket.com/market/will-the-republicans-win-the-kentucky-senate-race-in-2026
630772,will-the-democrats-win-the-maine-senate-race-in-2026,Will the Democrats win the Maine Senate race in 2026?,Will the Democrats win the Maine Senate race in 2026?,"This market will resolve according to the winner of the 2026 midterm Maine U.S. Senate election, inclusive of any run-offs.

A candidate shall be considered to represent a party in the event that he or she is the nominee of the party in question. Candidates other than the Democratic or Republican nominee (e.g., Greens, Libertarian, independent) may be added at a later date.

Candidates who run as independents will not be encompassed by the “Democrat” or “Republican” options regardless of any affiliation they may have with the party.

The resolution source for this market is the Associated Press, Fox News, and NBC. This market will resolve once all three sources call the race for the same candidate. If all three sources haven’t called the race in this state for the same candidate, this market will resolve based on the official certification.",,,maine-senate-election-winner,Maine Senate Election Winner,715178.7178509997,65690.5982,False,,"[""7589880081658059374445882095611024032084645048848237404312287942463647821549"", ""6136336712352911156426560180855478229745540927722899997193789497766196705020""]",https://polymarket.com/market/will-the-democrats-win-the-maine-senate-race-in-2026
630773,will-the-republicans-win-the-maine-senate-race-in-2026,Will the Republicans win the Maine Senate race in 2026?,Will the Republicans win the Maine Senate race in 2026?,"This market will resolve according to the winner of the 2026 midterm Maine U.S. Senate election, inclusive of any run-offs.

A candidate shall be considered to represent a party in the event that he or she is the nominee of the party in question. Candidates other than the Democratic or Republican nominee (e.g., Greens, Libertarian, independent) may be added at a later date.

Candidates who run as independents will not be encompassed by the “Democrat” or “Republican” options regardless of any affiliation they may have with the party.

The resolution source for this market is the Associated Press, Fox News, and NBC. This market will resolve once all three sources call the race for the same candidate. If all three sources haven’t called the race in this state for the same candidate, this market will resolve based on the official certification.",,,maine-senate-election-winner,Maine Senate Election Winner,429601.92826000013,76269.511,False,,"[""2142948285506077695096498341598672159464223074468931276310105532825810210121"", ""43295283577056639281694071578249936735369407445693289764095672178175084599787""]",https://polymarket.com/market/will-the-republicans-win-the-maine-senate-race-in-2026
630790,will-the-democrats-win-the-massachusetts-senate-race-in-2026,Will the Democrats win the Massachusetts Senate race in 2026?,Will the Democrats win the Massachusetts Senate race in 2026?,"This market will resolve according to the winner of the 2026 midterm Massachusetts U.S. Senate election, inclusive of any run-offs.

A candidate shall be considered to represent a party in the event that he or she is the nominee of the party in question. Candidates other than the Democratic or Republican nominee (e.g., Greens, Libertarian, independent) may be added at a later date.

Candidates who run as independents will not be encompassed by the “Democrat” or “Republican” options regardless of any affiliation they may have with the party.

The resolution source for this market is the Associated Press, Fox News, and NBC. This market will resolve once all three sources call the race for the same candidate. If all three sources haven’t called the race in this state for the same candidate, this market will resolve based on the official certification.",,,massachusetts-senate-election-winner,Massachusetts Senate Election Winner,18799.389681,18116.39615,False,,"[""37806907368043161074949113436745462734936336037202698916361016094424427186209"", ""12372043962778394976024486768688292040496139295686161489871763438144310710290""]",https://polymarket.com/market/will-the-democrats-win-the-massachusetts-senate-race-in-2026
630791,will-the-republicans-win-the-massachusetts-senate-race-in-2026,Will the Republicans win the Massachusetts Senate race in 2026?,Will the Republicans win the Massachusetts Senate race in 2026?,"This market will resolve according to the winner of the 2026 midterm Massachusetts U.S. Senate election, inclusive of any run-offs.

A candidate shall be considered to represent a party in the event that he or she is the nominee of the party in question. Candidates other than the Democratic or Republican nominee (e.g., Greens, Libertarian, independent) may be added at a later date.

Candidates who run as independents will not be encompassed by the “Democrat” or “Republican” options regardless of any affiliation they may have with the party.

The resolution source for this market is the Associated Press, Fox News, and NBC. This market will resolve once all three sources call the race for the same candidate. If all three sources haven’t called the race in this state for the same candidate, this market will resolve based on the official certification.",,,massachusetts-senate-election-winner,Massachusetts Senate Election Winner,5426.067977,11967.90753,False,,"[""94720102345103978732985991591541449349105398685307981352929740529082927790385"", ""89749451189659806236078281140753717284965641684284805325103046978904196883787""]",https://polymarket.com/market/will-the-republicans-win-the-massachusetts-senate-race-in-2026
630805,will-the-democrats-win-the-michigan-senate-race-in-2026,Will the Democrats win the Michigan Senate race in 2026?,Will the Democrats win the Michigan Senate race in 2026?,"This market will resolve according to the winner of the 2026 midterm Michigan U.S. Senate election, inclusive of any run-offs.

A candidate shall be considered to represent a party in the event that he or she is the nominee of the party in question. Candidates other than the Democratic or Republican nominee (e.g., Greens, Libertarian, independent) may be added at a later date.

Candidates who run as independents will not be encompassed by the “Democrat” or “Republican” options regardless of any affiliation they may have with the party.

The resolution source for this market is the Associated Press, Fox News, and NBC. This market will resolve once all three sources call the race for the same candidate. If all three sources haven’t called the race in this state for the same candidate, this market will resolve based on the official certification.",,,michigan-senate-election-winner,Michigan Senate Election Winner,222492.34019899997,90491.1732,False,,"[""71772627544132140586824126381855151743830987860593343955509593715269534710061"", ""64025664961497419708095468282573682984741903075312816516046832361290996190088""]",https://polymarket.com/market/will-the-democrats-win-the-michigan-senate-race-in-2026
630806,will-the-republicans-win-the-michigan-senate-race-in-2026,Will the Republicans win the Michigan Senate race in 2026?,Will the Republicans win the Michigan Senate race in 2026?,"This market will resolve according to the winner of the 2026 midterm Michigan U.S. Senate election, inclusive of any run-offs.

A candidate shall be considered to represent a party in the event that he or she is the nominee of the party in question. Candidates other than the Democratic or Republican nominee (e.g., Greens, Libertarian, independent) may be added at a later date.

Candidates who run as independents will not be encompassed by the “Democrat” or “Republican” options regardless of any affiliation they may have with the party.

The resolution source for this market is the Associated Press, Fox News, and NBC. This market will resolve once all three sources call the race for the same candidate. If all three sources haven’t called the race in this state for the same candidate, this market will resolve based on the official certification.",,,michigan-senate-election-winner,Michigan Senate Election Winner,199025.44734699998,98645.8331,False,,"[""1046980875306043125128331871114794349002409233139736033870402475326170083426"", ""71610581811588451243087930916572592402913705975252472987256607890992191263885""]",https://polymarket.com/market/will-the-republicans-win-the-michigan-senate-race-in-2026
630818,will-the-democrats-win-the-minnesota-senate-race-in-2026,Will the Democrats win the Minnesota Senate race in 2026?,Will the Democrats win the Minnesota Senate race in 2026?,"This market will resolve according to the winner of the 2026 midterm Minnesota U.S. Senate election, inclusive of any run-offs.

A candidate shall be considered to represent a party in the event that he or she is the nominee of the party in question. Candidates other than the Democratic or Republican nominee (e.g., Greens, Libertarian, independent) may be added at a later date.

Candidates who run as independents will not be encompassed by the “Democrat” or “Republican” options regardless of any affiliation they may have with the party.

The resolution source for this market is the Associated Press, Fox News, and NBC. This market will resolve once all three sources call the race for the same candidate. If all three sources haven’t called the race in this state for the same candidate, this market will resolve based on the official certification.",,,minnesota-senate-election-winner,Minnesota Senate Election Winner,31631.533365000003,25033.0375,False,,"[""5210147086444382339849101722545511095151948730486562412029285471203011774407"", ""31436003141911636826257012170104365274669938022228084492450613161428480917013""]",https://polymarket.com/market/will-the-democrats-win-the-minnesota-senate-race-in-2026
630819,will-the-republicans-win-the-minnesota-senate-race-in-2026,Will the Republicans win the Minnesota Senate race in 2026?,Will the Republicans win the Minnesota Senate race in 2026?,"This market will resolve according to the winner of the 2026 midterm Minnesota U.S. Senate election, inclusive of any run-offs.

A candidate shall be considered to represent a party in the event that he or she is the nominee of the party in question. Candidates other than the Democratic or Republican nominee (e.g., Greens, Libertarian, independent) may be added at a later date.

Candidates who run as independents will not be encompassed by the “Democrat” or “Republican” options regardless of any affiliation they may have with the party.

The resolution source for this market is the Associated Press, Fox News, and NBC. This market will resolve once all three sources call the race for the same candidate. If all three sources haven’t called the race in this state for the same candidate, this market will resolve based on the official certification.",,,minnesota-senate-election-winner,Minnesota Senate Election Winner,15862.001955,25853.4125,False,,"[""70179930004460104520571721963263381325865077807861641105900318902168490512539"", ""6282889705019268501830975677564258188191770886711457649647605609853326924852""]",https://polymarket.com/market/will-the-republicans-win-the-minnesota-senate-race-in-2026
630831,will-the-democrats-win-the-montana-senate-race-in-2026,Will the Democrats win the Montana Senate race in 2026?,Will the Democrats win the Montana Senate race in 2026?,"This market will resolve according to the winner of the 2026 midterm Montana U.S. Senate election, inclusive of any run-offs.

A candidate shall be considered to represent a party in the event that he or she is the nominee of the party in question. Candidates other than the Democratic or Republican nominee (e.g., Greens, Libertarian, independent) may be added at a later date.

Candidates who run as independents will not be encompassed by the “Democrat” or “Republican” options regardless of any affiliation they may have with the party.

The resolution source for this market is the Associated Press, Fox News, and NBC. This market will resolve once all three sources call the race for the same candidate. If all three sources haven’t called the race in this state for the same candidate, this market will resolve based on the official certification.",,,montana-senate-election-winner,Montana Senate Election Winner,39720.75686599999,14176.13349,False,,"[""88799262678230165893255813616837100962595819984760588859765042402182443138810"", ""80548090613166591367082748340054574729693035025508775289880033317294974030893""]",https://polymarket.com/market/will-the-democrats-win-the-montana-senate-race-in-2026
630832,will-the-republicans-win-the-montana-senate-race-in-2026,Will the Republicans win the Montana Senate race in 2026?,Will the Republicans win the Montana Senate race in 2026?,"This market will resolve according to the winner of the 2026 midterm Montana U.S. Senate election, inclusive of any run-offs.

A candidate shall be considered to represent a party in the event that he or she is the nominee of the party in question. Candidates other than the Democratic or Republican nominee (e.g., Greens, Libertarian, independent) may be added at a later date.

Candidates who run as independents will not be encompassed by the “Democrat” or “Republican” options regardless of any affiliation they may have with the party.

The resolution source for this market is the Associated Press, Fox News, and NBC. This market will resolve once all three sources call the race for the same candidate. If all three sources haven’t called the race in this state for the same candidate, this market will resolve based on the official certification.",,,montana-senate-election-winner,Montana Senate Election Winner,55848.31414899998,21826.6047,False,,"[""102325039069045369431277041414667266705633344716966967751024692805337688459829"", ""58046186222956557148380567481022348507421740788139654872430510492438761636276""]",https://polymarket.com/market/will-the-republicans-win-the-montana-senate-race-in-2026
630833,will-an-independent-win-the-montana-senate-race-in-2026,Will an independent win the Montana Senate race in 2026?,Will an independent win the Montana Senate race in 2026?,"This market will resolve according to the winner of the 2026 midterm Montana U.S. Senate election, inclusive of any run-offs.

A candidate shall be considered to represent a party in the event that he or she is the nominee of the party in question. Candidates other than the Democratic or Republican nominee (e.g., Greens, Libertarian, independent) may be added at a later date.

Candidates who run as independents will not be encompassed by the “Democrat” or “Republican” options regardless of any affiliation they may have with the party.

The resolution source for this market is the Associated Press, Fox News, and NBC. This market will resolve once all three sources call the race for the same candidate. If all three sources haven’t called the race in this state for the same candidate, this market will resolve based on the official certification.",,,montana-senate-election-winner,Montana Senate Election Winner,14047.028983,22784.31312,False,,"[""29340710087203628054916881063653310634997647642374537159652441277893390730162"", ""72519790371061340119765172065780798251360397199188255055934152186624799324027""]",https://polymarket.com/market/will-an-independent-win-the-montana-senate-race-in-2026
630844,will-the-democrats-win-the-new-hampshire-senate-race-in-2026,Will the Democrats win the New Hampshire Senate race in 2026?,Will the Democrats win the New Hampshire Senate race in 2026?,"This market will resolve according to the winner of the 2026 midterm New Hampshire U.S. Senate election, inclusive of any run-offs.

A candidate shall be considered to represent a party in the event that he or she is the nominee of the party in question. Candidates other than the Democratic or Republican nominee (e.g., Greens, Libertarian, independent) may be added at a later date.

Candidates who run as independents will not be encompassed by the “Democrat” or “Republican” options regardless of any affiliation they may have with the party.

The resolution source for this market is the Associated Press, Fox News, and NBC. This market will resolve once all three sources call the race for the same candidate. If all three sources haven’t called the race in this state for the same candidate, this market will resolve based on the official certification.",,,new-hampshire-senate-election-winner,New Hampshire Senate Election Winner,27846.036395,13171.8941,False,,"[""82410058691149830741200014405570918770267839390767234397030380747995715352939"", ""28709552853916742051233428360468180906283732902940871675642481670799666825242""]",https://polymarket.com/market/will-the-democrats-win-the-new-hampshire-senate-race-in-2026
630845,will-the-republicans-win-the-new-hampshire-senate-race-in-2026,Will the Republicans win the New Hampshire Senate race in 2026?,Will the Republicans win the New Hampshire Senate race in 2026?,"This market will resolve according to the winner of the 2026 midterm New Hampshire U.S. Senate election, inclusive of any run-offs.

A candidate shall be considered to represent a party in the event that he or she is the nominee of the party in question. Candidates other than the Democratic or Republican nominee (e.g., Greens, Libertarian, independent) may be added at a later date.

Candidates who run as independents will not be encompassed by the “Democrat” or “Republican” options regardless of any affiliation they may have with the party.

The resolution source for this market is the Associated Press, Fox News, and NBC. This market will resolve once all three sources call the race for the same candidate. If all three sources haven’t called the race in this state for the same candidate, this market will resolve based on the official certification.",,,new-hampshire-senate-election-winner,New Hampshire Senate Election Winner,15858.998818,14435.4292,False,,"[""62227089537100115269143206481757249285124282589590263790284791475153705872216"", ""58757590052289479996371632351141005979216013605386057994994985198930000872621""]",https://polymarket.com/market/will-the-republicans-win-the-new-hampshire-senate-race-in-2026
630857,will-the-democrats-win-the-new-jersey-senate-race-in-2026,Will the Democrats win the New Jersey Senate race in 2026?,Will the Democrats win the New Jersey Senate race in 2026?,"This market will resolve according to the winner of the 2026 midterm New Jersey U.S. Senate election, inclusive of any run-offs.

A candidate shall be considered to represent a party in the event that he or she is the nominee of the party in question. Candidates other than the Democratic or Republican nominee (e.g., Greens, Libertarian, independent) may be added at a later date.

Candidates who run as independents will not be encompassed by the “Democrat” or “Republican” options regardless of any affiliation they may have with the party.

The resolution source for this market is the Associated Press, Fox News, and NBC. This market will resolve once all three sources call the race for the same candidate. If all three sources haven’t called the race in this state for the same candidate, this market will resolve based on the official certification.",,,new-jersey-senate-election-winner,New Jersey Senate Election Winner,10384.577105,21478.8478,False,,"[""57191420250913616150846676905047388827581537310894242160546701872955141155912"", ""68681443500357642360075283680830487598986161680464858837462763850367316916961""]",https://polymarket.com/market/will-the-democrats-win-the-new-jersey-senate-race-in-2026
630858,will-the-republicans-win-the-new-jersey-senate-race-in-2026,Will the Republicans win the New Jersey Senate race in 2026?,Will the Republicans win the New Jersey Senate race in 2026?,"This market will resolve according to the winner of the 2026 midterm New Jersey U.S. Senate election, inclusive of any run-offs.

A candidate shall be considered to represent a party in the event that he or she is the nominee of the party in question. Candidates other than the Democratic or Republican nominee (e.g., Greens, Libertarian, independent) may be added at a later date.

Candidates who run as independents will not be encompassed by the “Democrat” or “Republican” options regardless of any affiliation they may have with the party.

The resolution source for this market is the Associated Press, Fox News, and NBC. This market will resolve once all three sources call the race for the same candidate. If all three sources haven’t called the race in this state for the same candidate, this market will resolve based on the official certification.",,,new-jersey-senate-election-winner,New Jersey Senate Election Winner,9524.516745,24188.19811,False,,"[""80469582416211324277551196813384851504222711072116234686695188046152640511225"", ""68311829543741021184558122622902784954644849677046739184908916756688634040204""]",https://polymarket.com/market/will-the-republicans-win-the-new-jersey-senate-race-in-2026
630870,will-the-democrats-win-the-new-mexico-senate-race-in-2026,Will the Democrats win the New Mexico Senate race in 2026?,Will the Democrats win the New Mexico Senate race in 2026?,"This market will resolve according to the winner of the 2026 midterm New Mexico U.S. Senate election, inclusive of any run-offs.

A candidate shall be considered to represent a party in the event that he or she is the nominee of the party in question. Candidates other than the Democratic or Republican nominee (e.g., Greens, Libertarian, independent) may be added at a later date.

Candidates who run as independents will not be encompassed by the “Democrat” or “Republican” options regardless of any affiliation they may have with the party.

The resolution source for this market is the Associated Press, Fox News, and NBC. This market will resolve once all three sources call the race for the same candidate. If all three sources haven’t called the race in this state for the same candidate, this market will resolve based on the official certification.",,,new-mexico-senate-election-winner,New Mexico Senate Election Winner,9611.839895,17351.4147,False,,"[""86827974851753312617441915824618617861250657564707166327567168877893121374182"", ""36658361636301944946350626333493677081031062692438134395348552977069133544334""]",https://polymarket.com/market/will-the-democrats-win-the-new-mexico-senate-race-in-2026
630871,will-the-republicans-win-the-new-mexico-senate-race-in-2026,Will the Republicans win the New Mexico Senate race in 2026?,Will the Republicans win the New Mexico Senate race in 2026?,"This market will resolve according to the winner of the 2026 midterm New Mexico U.S. Senate election, inclusive of any run-offs.

A candidate shall be considered to represent a party in the event that he or she is the nominee of the party in question. Candidates other than the Democratic or Republican nominee (e.g., Greens, Libertarian, independent) may be added at a later date.

Candidates who run as independents will not be encompassed by the “Democrat” or “Republican” options regardless of any affiliation they may have with the party.

The resolution source for this market is the Associated Press, Fox News, and NBC. This market will resolve once all three sources call the race for the same candidate. If all three sources haven’t called the race in this state for the same candidate, this market will resolve based on the official certification.",,,new-mexico-senate-election-winner,New Mexico Senate Election Winner,9097.021268,10046.03959,False,,"[""47410821361368319377218522333433306313753572972827491807608363074924233552004"", ""34151693471054832326907352504678670863317940877946622594683256674473306466921""]",https://polymarket.com/market/will-the-republicans-win-the-new-mexico-senate-race-in-2026
630883,will-the-democrats-win-the-north-carolina-senate-race-in-2026,Will the Democrats win the North Carolina Senate race in 2026?,Will the Democrats win the North Carolina Senate race in 2026?,"This market will resolve according to the winner of the 2026 midterm North Carolina U.S. Senate election, inclusive of any run-offs.

A candidate shall be considered to represent a party in the event that he or she is the nominee of the party in question. Candidates other than the Democratic or Republican nominee (e.g., Greens, Libertarian, independent) may be added at a later date.

Candidates who run as independents will not be encompassed by the “Democrat” or “Republican” options regardless of any affiliation they may have with the party.

The resolution source for this market is the Associated Press, Fox News, and NBC. This market will resolve once all three sources call the race for the same candidate. If all three sources haven’t called the race in this state for the same candidate, this market will resolve based on the official certification.",,,north-carolina-senate-election-winner,North Carolina Senate Election Winner,34721.98112800001,27227.3922,False,,"[""107151098936186723859677628536733880558851060002514795735761427447010628440047"", ""111394826590193310622075208085123253955586587501538476190057516703346418362600""]",https://polymarket.com/market/will-the-democrats-win-the-north-carolina-senate-race-in-2026
630884,will-the-republicans-win-the-north-carolina-senate-race-in-2026,Will the Republicans win the North Carolina Senate race in 2026?,Will the Republicans win the North Carolina Senate race in 2026?,"This market will resolve according to the winner of the 2026 midterm North Carolina U.S. Senate election, inclusive of any run-offs.

A candidate shall be considered to represent a party in the event that he or she is the nominee of the party in question. Candidates other than the Democratic or Republican nominee (e.g., Greens, Libertarian, independent) may be added at a later date.

Candidates who run as independents will not be encompassed by the “Democrat” or “Republican” options regardless of any affiliation they may have with the party.

The resolution source for this market is the Associated Press, Fox News, and NBC. This market will resolve once all three sources call the race for the same candidate. If all three sources haven’t called the race in this state for the same candidate, this market will resolve based on the official certification.",,,north-carolina-senate-election-winner,North Carolina Senate Election Winner,54002.726639,33991.995,False,,"[""62831517509825405761763142539845746280269675872170259538293560849475982647892"", ""66273785459475184474276423059036741814958495126134511275805524603240865775761""]",https://polymarket.com/market/will-the-republicans-win-the-north-carolina-senate-race-in-2026
630898,will-the-democrats-win-the-oregon-senate-race-in-2026,Will the Democrats win the Oregon Senate race in 2026?,Will the Democrats win the Oregon Senate race in 2026?,"This market will resolve according to the winner of the 2026 midterm Oregon U.S. Senate election, inclusive of any run-offs.

A candidate shall be considered to represent a party in the event that he or she is the nominee of the party in question. Candidates other than the Democratic or Republican nominee (e.g., Greens, Libertarian, independent) may be added at a later date.

Candidates who run as independents will not be encompassed by the “Democrat” or “Republican” options regardless of any affiliation they may have with the party.

The resolution source for this market is the Associated Press, Fox News, and NBC. This market will resolve once all three sources call the race for the same candidate. If all three sources haven’t called the race in this state for the same candidate, this market will resolve based on the official certification.",,,oregon-senate-election-winner,Oregon Senate Election Winner,3632.2119639999996,8389.15068,False,,"[""2092757373218904768373533040846280132805161861393140519418262456097465213332"", ""115425469352125405408452417281297924379268274749766556673380359025991529324753""]",https://polymarket.com/market/will-the-democrats-win-the-oregon-senate-race-in-2026
630899,will-the-republicans-win-the-oregon-senate-race-in-2026,Will the Republicans win the Oregon Senate race in 2026?,Will the Republicans win the Oregon Senate race in 2026?,"This market will resolve according to the winner of the 2026 midterm Oregon U.S. Senate election, inclusive of any run-offs.

A candidate shall be considered to represent a party in the event that he or she is the nominee of the party in question. Candidates other than the Democratic or Republican nominee (e.g., Greens, Libertarian, independent) may be added at a later date.

Candidates who run as independents will not be encompassed by the “Democrat” or “Republican” options regardless of any affiliation they may have with the party.

The resolution source for this market is the Associated Press, Fox News, and NBC. This market will resolve once all three sources call the race for the same candidate. If all three sources haven’t called the race in this state for the same candidate, this market will resolve based on the official certification.",,,oregon-senate-election-winner,Oregon Senate Election Winner,2946.2392280000004,10922.65231,False,,"[""79489800771199803792838465972773376352837733018768490302999836500381020065853"", ""29850921617086885622321882518009992617707565675149598556157682973609083717715""]",https://polymarket.com/market/will-the-republicans-win-the-oregon-senate-race-in-2026
630911,will-the-democrats-win-the-rhode-island-senate-race-in-2026,Will the Democrats win the Rhode Island Senate race in 2026?,Will the Democrats win the Rhode Island Senate race in 2026?,"This market will resolve according to the winner of the 2026 midterm Rhode Island U.S. Senate election, inclusive of any run-offs.

A candidate shall be considered to represent a party in the event that he or she is the nominee of the party in question. Candidates other than the Democratic or Republican nominee (e.g., Greens, Libertarian, independent) may be added at a later date.

Candidates who run as independents will not be encompassed by the “Democrat” or “Republican” options regardless of any affiliation they may have with the party.

The resolution source for this market is the Associated Press, Fox News, and NBC. This market will resolve once all three sources call the race for the same candidate. If all three sources haven’t called the race in this state for the same candidate, this market will resolve based on the official certification.",,,rhode-island-senate-election-winner,Rhode Island Senate Election Winner,6731.912243999999,13093.5092,False,,"[""77004273724753899183699441849597881417275931290950171679615354396048734034984"", ""56999680715177473430966804355924370363620765680932198467899001505216633500449""]",https://polymarket.com/market/will-the-democrats-win-the-rhode-island-senate-race-in-2026
630912,will-the-republicans-win-the-rhode-island-senate-race-in-2026,Will the Republicans win the Rhode Island Senate race in 2026?,Will the Republicans win the Rhode Island Senate race in 2026?,"This market will resolve according to the winner of the 2026 midterm Rhode Island U.S. Senate election, inclusive of any run-offs.

A candidate shall be considered to represent a party in the event that he or she is the nominee of the party in question. Candidates other than the Democratic or Republican nominee (e.g., Greens, Libertarian, independent) may be added at a later date.

Candidates who run as independents will not be encompassed by the “Democrat” or “Republican” options regardless of any affiliation they may have with the party.

The resolution source for this market is the Associated Press, Fox News, and NBC. This market will resolve once all three sources call the race for the same candidate. If all three sources haven’t called the race in this state for the same candidate, this market will resolve based on the official certification.",,,rhode-island-senate-election-winner,Rhode Island Senate Election Winner,3569.6348490000005,13970.59466,False,,"[""18128207363125529330540526475108389147728645885887417700651189282375630645842"", ""21708830464136004242050467178622400680068868627075028819168121519801996195940""]",https://polymarket.com/market/will-the-republicans-win-the-rhode-island-senate-race-in-2026
630924,will-the-democrats-win-the-south-carolina-senate-race-in-2026,Will the Democrats win the South Carolina Senate race in 2026?,Will the Democrats win the South Carolina Senate race in 2026?,"This market will resolve according to the winner of the 2026 midterm South Carolina U.S. Senate election, inclusive of any run-offs.

A candidate shall be considered to represent a party in the event that he or she is the nominee of the party in question. Candidates other than the Democratic or Republican nominee (e.g., Greens, Libertarian, independent) may be added at a later date.

Candidates who run as independents will not be encompassed by the “Democrat” or “Republican” options regardless of any affiliation they may have with the party.

The resolution source for this market is the Associated Press, Fox News, and NBC. This market will resolve once all three sources call the race for the same candidate. If all three sources haven’t called the race in this state for the same candidate, this market will resolve based on the official certification.",,,south-carolina-senate-election-winner,South Carolina Senate Election Winner,82441.26033,29169.96,False,,"[""30718966535311015751929217398361750334834655110246828806892843311659716192347"", ""33485925353171072312284533208639606685310281710515007938376691890027292332545""]",https://polymarket.com/market/will-the-democrats-win-the-south-carolina-senate-race-in-2026
630925,will-the-republicans-win-the-south-carolina-senate-race-in-2026,Will the Republicans win the South Carolina Senate race in 2026?,Will the Republicans win the South Carolina Senate race in 2026?,"This market will resolve according to the winner of the 2026 midterm South Carolina U.S. Senate election, inclusive of any run-offs.

A candidate shall be considered to represent a party in the event that he or she is the nominee of the party in question. Candidates other than the Democratic or Republican nominee (e.g., Greens, Libertarian, independent) may be added at a later date.

Candidates who run as independents will not be encompassed by the “Democrat” or “Republican” options regardless of any affiliation they may have with the party.

The resolution source for this market is the Associated Press, Fox News, and NBC. This market will resolve once all three sources call the race for the same candidate. If all three sources haven’t called the race in this state for the same candidate, this market will resolve based on the official certification.",,,south-carolina-senate-election-winner,South Carolina Senate Election Winner,61884.826785000005,24159.896,False,,"[""84368524152268016512433556151474175385160499638069024812438264090070245734708"", ""106735117676771824247027811445178447955204027242855029915419117736623883137120""]",https://polymarket.com/market/will-the-republicans-win-the-south-carolina-senate-race-in-2026
630937,will-the-democrats-win-the-south-dakota-senate-race-in-2026,Will the Democrats win the South Dakota Senate race in 2026?,Will the Democrats win the South Dakota Senate race in 2026?,"This market will resolve according to the winner of the 2026 midterm South Dakota U.S. Senate election, inclusive of any run-offs.

A candidate shall be considered to represent a party in the event that he or she is the nominee of the party in question. Candidates other than the Democratic or Republican nominee (e.g., Greens, Libertarian, independent) may be added at a later date.

Candidates who run as independents will not be encompassed by the “Democrat” or “Republican” options regardless of any affiliation they may have with the party.

The resolution source for this market is the Associated Press, Fox News, and NBC. This market will resolve once all three sources call the race for the same candidate. If all three sources haven’t called the race in this state for the same candidate, this market will resolve based on the official certification.",,,south-dakota-senate-election-winner,South Dakota Senate Election Winner,4476.659692,9864.02555,False,,"[""67967023811721834738685695249992484419619114809767608640505747182577663027691"", ""87788307834855462980201710464461387411969659581088060979543565160826300016750""]",https://polymarket.com/market/will-the-democrats-win-the-south-dakota-senate-race-in-2026
630938,will-the-republicans-win-the-south-dakota-senate-race-in-2026,Will the Republicans win the South Dakota Senate race in 2026?,Will the Republicans win the South Dakota Senate race in 2026?,"This market will resolve according to the winner of the 2026 midterm South Dakota U.S. Senate election, inclusive of any run-offs.

A candidate shall be considered to represent a party in the event that he or she is the nominee of the party in question. Candidates other than the Democratic or Republican nominee (e.g., Greens, Libertarian, independent) may be added at a later date.

Candidates who run as independents will not be encompassed by the “Democrat” or “Republican” options regardless of any affiliation they may have with the party.

The resolution source for this market is the Associated Press, Fox News, and NBC. This market will resolve once all three sources call the race for the same candidate. If all three sources haven’t called the race in this state for the same candidate, this market will resolve based on the official certification.",,,south-dakota-senate-election-winner,South Dakota Senate Election Winner,5711.146121,18978.3948,False,,"[""90757273431062483956880101601137522271949785755347720675502304224330457712154"", ""5040161955776484296351499962568185593215052681792686729696166479023057001842""]",https://polymarket.com/market/will-the-republicans-win-the-south-dakota-senate-race-in-2026
630950,will-the-democrats-win-the-tennessee-senate-race-in-2026,Will the Democrats win the Tennessee Senate race in 2026?,Will the Democrats win the Tennessee Senate race in 2026?,"This market will resolve according to the winner of the 2026 midterm Tennessee U.S. Senate election, inclusive of any run-offs.

A candidate shall be considered to represent a party in the event that he or she is the nominee of the party in question. Candidates other than the Democratic or Republican nominee (e.g., Greens, Libertarian, independent) may be added at a later date.

Candidates who run as independents will not be encompassed by the “Democrat” or “Republican” options regardless of any affiliation they may have with the party.

The resolution source for this market is the Associated Press, Fox News, and NBC. This market will resolve once all three sources call the race for the same candidate. If all three sources haven’t called the race in this state for the same candidate, this market will resolve based on the official certification.",,,tennessee-senate-election-winner,Tennessee Senate Election Winner,9863.520425,10089.90251,False,,"[""109770398277480657132311708823042764648778271467537669934185093015733099277755"", ""50635500573145079077706052236022272447121646566197183315877718515529765028366""]",https://polymarket.com/market/will-the-democrats-win-the-tennessee-senate-race-in-2026
630951,will-the-republicans-win-the-tennessee-senate-race-in-2026,Will the Republicans win the Tennessee Senate race in 2026?,Will the Republicans win the Tennessee Senate race in 2026?,"This market will resolve according to the winner of the 2026 midterm Tennessee U.S. Senate election, inclusive of any run-offs.

A candidate shall be considered to represent a party in the event that he or she is the nominee of the party in question. Candidates other than the Democratic or Republican nominee (e.g., Greens, Libertarian, independent) may be added at a later date.

Candidates who run as independents will not be encompassed by the “Democrat” or “Republican” options regardless of any affiliation they may have with the party.

The resolution source for this market is the Associated Press, Fox News, and NBC. This market will resolve once all three sources call the race for the same candidate. If all three sources haven’t called the race in this state for the same candidate, this market will resolve based on the official certification.",,,tennessee-senate-election-winner,Tennessee Senate Election Winner,14806.410615000004,14551.17632,False,,"[""23982348354062524972887126807952244605287433791462351968680411830837664790435"", ""111826527981770711646207152944245816318333631371057419351067163207926937998489""]",https://polymarket.com/market/will-the-republicans-win-the-tennessee-senate-race-in-2026
630963,will-the-democrats-win-the-texas-senate-race-in-2026,Will the Democrats win the Texas Senate race in 2026?,Will the Democrats win the Texas Senate race in 2026?,"This market will resolve according to the winner of the 2026 midterm Texas U.S. Senate election, inclusive of any run-offs.

A candidate shall be considered to represent a party in the event that he or she is the nominee of the party in question. Candidates other than the Democratic or Republican nominee (e.g., Greens, Libertarian, independent) may be added at a later date.

Candidates who run as independents will not be encompassed by the “Democrat” or “Republican” options regardless of any affiliation they may have with the party.

The resolution source for this market is the Associated Press, Fox News, and NBC. This market will resolve once all three sources call the race for the same candidate. If all three sources haven’t called the race in this state for the same candidate, this market will resolve based on the official certification.",,,texas-senate-election-winner,Texas Senate Election Winner,370676.48817799985,59103.2003,False,,"[""15290572385458522370285732869432740297199321382471116558439914335588167718663"", ""25172545206000541692667496253531562288536270988826888609620735617040533835056""]",https://polymarket.com/market/will-the-democrats-win-the-texas-senate-race-in-2026
630964,will-the-republicans-win-the-texas-senate-race-in-2026,Will the Republicans win the Texas Senate race in 2026?,Will the Republicans win the Texas Senate race in 2026?,"This market will resolve according to the winner of the 2026 midterm Texas U.S. Senate election, inclusive of any run-offs.

A candidate shall be considered to represent a party in the event that he or she is the nominee of the party in question. Candidates other than the Democratic or Republican nominee (e.g., Greens, Libertarian, independent) may be added at a later date.

Candidates who run as independents will not be encompassed by the “Democrat” or “Republican” options regardless of any affiliation they may have with the party.

The resolution source for this market is the Associated Press, Fox News, and NBC. This market will resolve once all three sources call the race for the same candidate. If all three sources haven’t called the race in this state for the same candidate, this market will resolve based on the official certification.",,,texas-senate-election-winner,Texas Senate Election Winner,410477.01253899996,58065.905,False,,"[""21265207456609426291246075480390336499088453711419597084147957999650569091884"", ""9846414914422486942750462555692240718767368950832862364324602361738794436048""]",https://polymarket.com/market/will-the-republicans-win-the-texas-senate-race-in-2026
630976,will-the-democrats-win-the-virginia-senate-race-in-2026,Will the Democrats win the Virginia Senate race in 2026?,Will the Democrats win the Virginia Senate race in 2026?,"This market will resolve according to the winner of the 2026 midterm Virginia U.S. Senate election, inclusive of any run-offs.

A candidate shall be considered to represent a party in the event that he or she is the nominee of the party in question. Candidates other than the Democratic or Republican nominee (e.g., Greens, Libertarian, independent) may be added at a later date.

Candidates who run as independents will not be encompassed by the “Democrat” or “Republican” options regardless of any affiliation they may have with the party.

The resolution source for this market is the Associated Press, Fox News, and NBC. This market will resolve once all three sources call the race for the same candidate. If all three sources haven’t called the race in this state for the same candidate, this market will resolve based on the official certification.",,,virginia-senate-election-winner,Virginia Senate Election Winner,9134.284343,18774.2496,False,,"[""103672405579571940023321290271521195736672061427193452636021280058761450574865"", ""59197529092850285387032753654097584799334029532851852306533311157622884742559""]",https://polymarket.com/market/will-the-democrats-win-the-virginia-senate-race-in-2026
630977,will-the-republicans-win-the-virginia-senate-race-in-2026,Will the Republicans win the Virginia Senate race in 2026?,Will the Republicans win the Virginia Senate race in 2026?,"This market will resolve according to the winner of the 2026 midterm Virginia U.S. Senate election, inclusive of any run-offs.

A candidate shall be considered to represent a party in the event that he or she is the nominee of the party in question. Candidates other than the Democratic or Republican nominee (e.g., Greens, Libertarian, independent) may be added at a later date.

Candidates who run as independents will not be encompassed by the “Democrat” or “Republican” options regardless of any affiliation they may have with the party.

The resolution source for this market is the Associated Press, Fox News, and NBC. This market will resolve once all three sources call the race for the same candidate. If all three sources haven’t called the race in this state for the same candidate, this market will resolve based on the official certification.",,,virginia-senate-election-winner,Virginia Senate Election Winner,5705.58911,19628.7005,False,,"[""30879673422883665658998557649780314115615509792114924412311244164523672753717"", ""90754958922510400552842169151468277929530764031411953233776577468931244763939""]",https://polymarket.com/market/will-the-republicans-win-the-virginia-senate-race-in-2026
630989,will-the-democrats-win-the-west-virginia-senate-race-in-2026,Will the Democrats win the West Virginia Senate race in 2026?,Will the Democrats win the West Virginia Senate race in 2026?,"This market will resolve according to the winner of the 2026 midterm West Virginia U.S. Senate election, inclusive of any run-offs.

A candidate shall be considered to represent a party in the event that he or she is the nominee of the party in question. Candidates other than the Democratic or Republican nominee (e.g., Greens, Libertarian, independent) may be added at a later date.

Candidates who run as independents will not be encompassed by the “Democrat” or “Republican” options regardless of any affiliation they may have with the party.

The resolution source for this market is the Associated Press, Fox News, and NBC. This market will resolve once all three sources call the race for the same candidate. If all three sources haven’t called the race in this state for the same candidate, this market will resolve based on the official certification.",,,west-virginia-senate-election-winner,West Virginia Senate Election Winner,4914.208392000001,9684.56171,False,,"[""110692470670299760609405767524469998656804613573367102042492015567399413436772"", ""89611284751983444666516772199088261836184128361026213372833195934667653681164""]",https://polymarket.com/market/will-the-democrats-win-the-west-virginia-senate-race-in-2026
630990,will-the-republicans-win-the-west-virginia-senate-race-in-2026,Will the Republicans win the West Virginia Senate race in 2026?,Will the Republicans win the West Virginia Senate race in 2026?,"This market will resolve according to the winner of the 2026 midterm West Virginia U.S. Senate election, inclusive of any run-offs.

A candidate shall be considered to represent a party in the event that he or she is the nominee of the party in question. Candidates other than the Democratic or Republican nominee (e.g., Greens, Libertarian, independent) may be added at a later date.

Candidates who run as independents will not be encompassed by the “Democrat” or “Republican” options regardless of any affiliation they may have with the party.

The resolution source for this market is the Associated Press, Fox News, and NBC. This market will resolve once all three sources call the race for the same candidate. If all three sources haven’t called the race in this state for the same candidate, this market will resolve based on the official certification.",,,west-virginia-senate-election-winner,West Virginia Senate Election Winner,7562.633216999999,12132.04594,False,,"[""103563721501446582736235672026641229118201717908465299005521462931975944512517"", ""23395400070140850878802468480151807289611968843746307012852845052388143063303""]",https://polymarket.com/market/will-the-republicans-win-the-west-virginia-senate-race-in-2026
631002,will-the-democrats-win-the-wyoming-senate-race-in-2026,Will the Democrats win the Wyoming Senate race in 2026?,Will the Democrats win the Wyoming Senate race in 2026?,"This market will resolve according to the winner of the 2026 midterm Wyoming U.S. Senate election, inclusive of any run-offs.

A candidate shall be considered to represent a party in the event that he or she is the nominee of the party in question. Candidates other than the Democratic or Republican nominee (e.g., Greens, Libertarian, independent) may be added at a later date.

Candidates who run as independents will not be encompassed by the “Democrat” or “Republican” options regardless of any affiliation they may have with the party.

The resolution source for this market is the Associated Press, Fox News, and NBC. This market will resolve once all three sources call the race for the same candidate. If all three sources haven’t called the race in this state for the same candidate, this market will resolve based on the official certification.",,,wyoming-senate-election-winner,Wyoming Senate Election Winner,5632.470262,21790.42738,False,,"[""49797779751182114244550178900838522175054943127409025738411962628574218037267"", ""19478516824999166368089016534393288198149272568651281887970566028826732946055""]",https://polymarket.com/market/will-the-democrats-win-the-wyoming-senate-race-in-2026
631003,will-the-republicans-win-the-wyoming-senate-race-in-2026,Will the Republicans win the Wyoming Senate race in 2026?,Will the Republicans win the Wyoming Senate race in 2026?,"This market will resolve according to the winner of the 2026 midterm Wyoming U.S. Senate election, inclusive of any run-offs.

A candidate shall be considered to represent a party in the event that he or she is the nominee of the party in question. Candidates other than the Democratic or Republican nominee (e.g., Greens, Libertarian, independent) may be added at a later date.

Candidates who run as independents will not be encompassed by the “Democrat” or “Republican” options regardless of any affiliation they may have with the party.

The resolution source for this market is the Associated Press, Fox News, and NBC. This market will resolve once all three sources call the race for the same candidate. If all three sources haven’t called the race in this state for the same candidate, this market will resolve based on the official certification.",,,wyoming-senate-election-winner,Wyoming Senate Election Winner,11080.825596000002,22656.50302,False,,"[""79928077180713102609948647660034580156932658823394290272651325523866637424642"", ""45404313587021591687645147323535282421303802762508782139776179473077300208474""]",https://polymarket.com/market/will-the-republicans-win-the-wyoming-senate-race-in-2026
631017,will-the-democrats-win-the-mississippi-senate-race-in-2026,Will the Democrats win the Mississippi Senate race in 2026?,Will the Democrats win the Mississippi Senate race in 2026?,"This market will resolve according to the winner of the 2026 midterm Mississippi U.S. Senate election, inclusive of any run-offs.

A candidate shall be considered to represent a party in the event that he or she is the nominee of the party in question. Candidates other than the Democratic or Republican nominee (e.g., Greens, Libertarian, independent) may be added at a later date.

Candidates who run as independents will not be encompassed by the “Democrat” or “Republican” options regardless of any affiliation they may have with the party.

The resolution source for this market is the Associated Press, Fox News, and NBC. This market will resolve once all three sources call the race for the same candidate. If all three sources haven’t called the race in this state for the same candidate, this market will resolve based on the official certification.",,,mississippi-senate-election-winner,Mississippi Senate Election Winner,14626.071722999997,16116.0284,False,,"[""77001639760095266374534198365421436593389036687975321536722226607654949914567"", ""109329484956764506378760583725617100193692863947320202695087573398990069238209""]",https://polymarket.com/market/will-the-democrats-win-the-mississippi-senate-race-in-2026
631018,will-the-republicans-win-the-mississippi-senate-race-in-2026,Will the Republicans win the Mississippi Senate race in 2026?,Will the Republicans win the Mississippi Senate race in 2026?,"This market will resolve according to the winner of the 2026 midterm Mississippi U.S. Senate election, inclusive of any run-offs.

A candidate shall be considered to represent a party in the event that he or she is the nominee of the party in question. Candidates other than the Democratic or Republican nominee (e.g., Greens, Libertarian, independent) may be added at a later date.

Candidates who run as independents will not be encompassed by the “Democrat” or “Republican” options regardless of any affiliation they may have with the party.

The resolution source for this market is the Associated Press, Fox News, and NBC. This market will resolve once all three sources call the race for the same candidate. If all three sources haven’t called the race in this state for the same candidate, this market will resolve based on the official certification.",,,mississippi-senate-election-winner,Mississippi Senate Election Winner,20863.202606999996,14247.8135,False,,"[""36589074670521348842786325911391532620430247097981345860356484520500173888573"", ""4639340586725578716005500791739559303082924048072534329825226706547465941088""]",https://polymarket.com/market/will-the-republicans-win-the-mississippi-senate-race-in-2026
631030,will-the-democrats-win-the-oklahoma-senate-race-in-2026,Will the Democrats win the Oklahoma Senate race in 2026?,Will the Democrats win the Oklahoma Senate race in 2026?,"This market will resolve according to the winner of the 2026 midterm Oklahoma U.S. Senate election, inclusive of any run-offs.

A candidate shall be considered to represent a party in the event that he or she is the nominee of the party in question. Candidates other than the Democratic or Republican nominee (e.g., Greens, Libertarian, independent) may be added at a later date.

Candidates who run as independents will not be encompassed by the “Democrat” or “Republican” options regardless of any affiliation they may have with the party.

The resolution source for this market is the Associated Press, Fox News, and NBC. This market will resolve once all three sources call the race for the same candidate. If all three sources haven’t called the race in this state for the same candidate, this market will resolve based on the official certification.",,,oklahoma-senate-election-winner,Oklahoma Senate Election Winner,6581.661003000001,9798.33546,False,,"[""112281295057865404870041957222562306206517476142557838682690649172966968734671"", ""64564597855888410825779066289398082874334191307203738739152847250485409164101""]",https://polymarket.com/market/will-the-democrats-win-the-oklahoma-senate-race-in-2026
631031,will-the-republicans-win-the-oklahoma-senate-race-in-2026,Will the Republicans win the Oklahoma Senate race in 2026?,Will the Republicans win the Oklahoma Senate race in 2026?,"This market will resolve according to the winner of the 2026 midterm Oklahoma U.S. Senate election, inclusive of any run-offs.

A candidate shall be considered to represent a party in the event that he or she is the nominee of the party in question. Candidates other than the Democratic or Republican nominee (e.g., Greens, Libertarian, independent) may be added at a later date.

Candidates who run as independents will not be encompassed by the “Democrat” or “Republican” options regardless of any affiliation they may have with the party.

The resolution source for this market is the Associated Press, Fox News, and NBC. This market will resolve once all three sources call the race for the same candidate. If all three sources haven’t called the race in this state for the same candidate, this market will resolve based on the official certification.",,,oklahoma-senate-election-winner,Oklahoma Senate Election Winner,12734.76267,12118.9125,False,,"[""83554519035704522672644117478876258278018394754028161940314277335853541553559"", ""104309452422982046070067427008177275696484241243440409773417263901405335891407""]",https://polymarket.com/market/will-the-republicans-win-the-oklahoma-senate-race-in-2026
631044,will-the-democrats-win-the-florida-senate-race-in-2026,Will the Democrats win the Florida Senate race in 2026?,Will the Democrats win the Florida Senate race in 2026?,"This market will resolve according to the winner of the 2026 Florida U.S. Senate election special election currently scheduled for November 3, inclusive of any run-offs.

A candidate shall be considered to represent a party in the event that he or she is the nominee of the party in question. Candidates other than the Democratic or Republican nominee (e.g., Greens, Libertarian, independent) may be added at a later date.

Candidates who run as independents will not be encompassed by the “Democrat” or “Republican” options regardless of any affiliation they may have with the party.

The resolution source for this market is the Associated Press, Fox News, and NBC. This market will resolve once all three sources call the race for the same candidate. If all three sources haven’t called the race in this state for the same candidate, this market will resolve based on the official certification.",,,florida-senate-election-winner,Florida Senate Election Winner,29813.952522000003,27446.847,False,,"[""109815773012907461372639157658293071578555374097742562684476865021743386609433"", ""37755135088405799849800190027343457715121200916302661996402931566317384140291""]",https://polymarket.com/market/will-the-democrats-win-the-florida-senate-race-in-2026
631045,will-the-republicans-win-the-florida-senate-race-in-2026,Will the Republicans win the Florida Senate race in 2026?,Will the Republicans win the Florida Senate race in 2026?,"This market will resolve according to the winner of the 2026 Florida U.S. Senate election special election currently scheduled for November 3, inclusive of any run-offs.

A candidate shall be considered to represent a party in the event that he or she is the nominee of the party in question. Candidates other than the Democratic or Republican nominee (e.g., Greens, Libertarian, independent) may be added at a later date.

Candidates who run as independents will not be encompassed by the “Democrat” or “Republican” options regardless of any affiliation they may have with the party.

The resolution source for this market is the Associated Press, Fox News, and NBC. This market will resolve once all three sources call the race for the same candidate. If all three sources haven’t called the race in this state for the same candidate, this market will resolve based on the official certification.",,,florida-senate-election-winner,Florida Senate Election Winner,38713.48355100001,24084.3634,False,,"[""47848555635748009983462962481545341194026880518141560747711492227563791266566"", ""93154595056268120397334102801062018916555787278126869430194069115332749753248""]",https://polymarket.com/market/will-the-republicans-win-the-florida-senate-race-in-2026
631057,will-the-democrats-win-the-ohio-senate-race-in-2026,Will the Democrats win the Ohio Senate race in 2026?,Will the Democrats win the Ohio Senate race in 2026?,"This market will resolve according to the winner of the 2026 Ohio U.S. Senate special election currently scheduled for November 3, inclusive of any run-offs.

A candidate shall be considered to represent a party in the event that he or she is the nominee of the party in question. Candidates other than the Democratic or Republican nominee (e.g., Greens, Libertarian, independent) may be added at a later date.

Candidates who run as independents will not be encompassed by the “Democrat” or “Republican” options regardless of any affiliation they may have with the party.

The resolution source for this market is the Associated Press, Fox News, and NBC. This market will resolve once all three sources call the race for the same candidate. If all three sources haven’t called the race in this state for the same candidate, this market will resolve based on the official certification.",,,ohio-senate-election-winner,Ohio Senate Election Winner,80649.999837,29938.1334,False,,"[""83018072688154066292491996133599479395547801317505487833443670253228061205312"", ""79825167762459488478206414509755176562349257846652439268369145558426777722770""]",https://polymarket.com/market/will-the-democrats-win-the-ohio-senate-race-in-2026
631058,will-the-republicans-win-the-ohio-senate-race-in-2026,Will the Republicans win the Ohio Senate race in 2026?,Will the Republicans win the Ohio Senate race in 2026?,"This market will resolve according to the winner of the 2026 Ohio U.S. Senate special election currently scheduled for November 3, inclusive of any run-offs.

A candidate shall be considered to represent a party in the event that he or she is the nominee of the party in question. Candidates other than the Democratic or Republican nominee (e.g., Greens, Libertarian, independent) may be added at a later date.

Candidates who run as independents will not be encompassed by the “Democrat” or “Republican” options regardless of any affiliation they may have with the party.

The resolution source for this market is the Associated Press, Fox News, and NBC. This market will resolve once all three sources call the race for the same candidate. If all three sources haven’t called the race in this state for the same candidate, this market will resolve based on the official certification.",,,ohio-senate-election-winner,Ohio Senate Election Winner,65218.829444,31431.2619,False,,"[""69908185249078099348466099388148864764525845923415294308139153388799352317616"", ""23913381536137166406579511315285934624565002001604591688105636176511254870797""]",https://polymarket.com/market/will-the-republicans-win-the-ohio-senate-race-in-2026
634878,will-the-democrats-win-the-louisiana-senate-race-in-2026,Will the Democrats win the Louisiana Senate race in 2026?,Will the Democrats win the Louisiana Senate race in 2026?,"This market will resolve according to the winner of the 2026 midterm Louisiana U.S. Senate election, inclusive of any run-offs.

A candidate shall be considered to represent a party in the event that he or she is the nominee of the party in question. Candidates other than the Democratic or Republican nominee (e.g., Greens, Libertarian, independent) may be added at a later date.

Candidates who run as independents will not be encompassed by the “Democrat” or “Republican” options regardless of any affiliation they may have with the party.

The resolution source for this market is the Associated Press, Fox News, and NBC. This market will resolve once all three sources call the race for the same candidate. If all three sources haven’t called the race in this state for the same candidate, this market will resolve based on the official certification.",,,louisiana-senate-election-winner,Louisiana Senate Election Winner,16729.083575,29756.7056,False,2026-11-03T00:00:00Z,"[""80536528552003281640741026890878925456783654983296822683495274364289350034456"", ""109090022960169506693280284802447236443468818742086703354686360167548384699439""]",https://polymarket.com/market/will-the-democrats-win-the-louisiana-senate-race-in-2026
634879,will-the-republicans-win-the-louisiana-senate-race-in-2026,Will the Republicans win the Louisiana Senate race in 2026?,Will the Republicans win the Louisiana Senate race in 2026?,"This market will resolve according to the winner of the 2026 midterm Louisiana U.S. Senate election, inclusive of any run-offs.

A candidate shall be considered to represent a party in the event that he or she is the nominee of the party in question. Candidates other than the Democratic or Republican nominee (e.g., Greens, Libertarian, independent) may be added at a later date.

Candidates who run as independents will not be encompassed by the “Democrat” or “Republican” options regardless of any affiliation they may have with the party.

The resolution source for this market is the Associated Press, Fox News, and NBC. This market will resolve once all three sources call the race for the same candidate. If all three sources haven’t called the race in this state for the same candidate, this market will resolve based on the official certification.",,,louisiana-senate-election-winner,Louisiana Senate Election Winner,9532.013582999998,29825.5945,False,2026-11-03T00:00:00Z,"[""79597156840177168343562124064866301094619106642263695929345529947536386203124"", ""40600137944982070120020561148201046074034528738262880058756488608210871246278""]",https://polymarket.com/market/will-the-republicans-win-the-louisiana-senate-race-in-2026
634891,will-the-democrats-win-the-nebraska-senate-race-in-2026,Will the Democrats win the Nebraska Senate race in 2026?,Will the Democrats win the Nebraska Senate race in 2026?,"This market will resolve according to the winner of the 2026 midterm Nebraska U.S. Senate election, inclusive of any run-offs.

A candidate shall be considered to represent a party in the event that he or she is the nominee of the party in question. Candidates other than the Democratic or Republican nominee (e.g., Greens, Libertarian, independent) may be added at a later date.

Candidates who run as independents will not be encompassed by the “Democrat” or “Republican” options regardless of any affiliation they may have with the party.

The resolution source for this market is the Associated Press, Fox News, and NBC. This market will resolve once all three sources call the race for the same candidate. If all three sources haven’t called the race in this state for the same candidate, this market will resolve based on the official certification.",,,nebraska-senate-election-winner,Nebraska Senate Election Winner  ,87524.07012899996,17757.41964,False,2026-11-03T00:00:00Z,"[""55269299240433422758148290868724152324629587438760275683104577693660207425448"", ""81262665299593332402996254810488669553080330014117799642811352427402737700753""]",https://polymarket.com/market/will-the-democrats-win-the-nebraska-senate-race-in-2026
634892,will-the-republicans-win-the-nebraska-senate-race-in-2026,Will the Republicans win the Nebraska Senate race in 2026?,Will the Republicans win the Nebraska Senate race in 2026?,"This market will resolve according to the winner of the 2026 midterm Nebraska U.S. Senate election, inclusive of any run-offs.

A candidate shall be considered to represent a party in the event that he or she is the nominee of the party in question. Candidates other than the Democratic or Republican nominee (e.g., Greens, Libertarian, independent) may be added at a later date.

Candidates who run as independents will not be encompassed by the “Democrat” or “Republican” options regardless of any affiliation they may have with the party.

The resolution source for this market is the Associated Press, Fox News, and NBC. This market will resolve once all three sources call the race for the same candidate. If all three sources haven’t called the race in this state for the same candidate, this market will resolve based on the official certification.",,,nebraska-senate-election-winner,Nebraska Senate Election Winner  ,78989.886007,56762.3393,False,2026-11-03T00:00:00Z,"[""92576281548134350814800877416860562553699794074017301653635964206220838638047"", ""20545755397554366279105844241414821565747450256261992143596340747510834590543""]",https://polymarket.com/market/will-the-republicans-win-the-nebraska-senate-race-in-2026
634893,will-an-independent-win-the-nebraska-senate-race-in-2026,Will an independent win the Nebraska Senate race in 2026?,Will an independent win the Nebraska Senate race in 2026?,"This market will resolve according to the winner of the 2026 midterm Nebraska U.S. Senate election, inclusive of any run-offs.

A candidate shall be considered to represent a party in the event that he or she is the nominee of the party in question. Candidates other than the Democratic or Republican nominee (e.g., Greens, Libertarian, independent) may be added at a later date.

Candidates who run as independents will not be encompassed by the “Democrat” or “Republican” options regardless of any affiliation they may have with the party.

The resolution source for this market is the Associated Press, Fox News, and NBC. This market will resolve once all three sources call the race for the same candidate. If all three sources haven’t called the race in this state for the same candidate, this market will resolve based on the official certification.",,,nebraska-senate-election-winner,Nebraska Senate Election Winner  ,23734.804564000005,23835.8448,False,2026-11-03T00:00:00Z,"[""47975366268282823322598946778919483335780002591367838795894307024076579116518"", ""89524111316754281233016446935787527194216234343076592935555965327756401377156""]",https://polymarket.com/market/will-an-independent-win-the-nebraska-senate-race-in-2026
634974,will-dan-sullivan-win-the-alaska-senate-race-in-2026,Will Dan Sullivan win the Alaska Senate race in 2026?,Will Dan Sullivan win the Alaska Senate race in 2026?,"This market will resolve according to the winner of the 2026 midterm Alaska U.S. Senate election, inclusive of any run-offs, currently scheduled for November 3, 2026.

If the results of the election are not confirmed by July 31, 2027, this market will resolve to ""Other"".

The resolution source for this market is the Associated Press, Fox News, and NBC. This market will resolve once all three sources call the race for the same candidate. If all three sources haven’t called the race in this state for the same candidate, this market will resolve based on official certification.",,,alaska-senate-election-winner,Alaska Senate Election Winner,115520.43541200006,9825.5357,False,2026-11-03T00:00:00Z,"[""2618138322856109565904469085316346602627882727483900432328802655317079880335"", ""64264976954058187238724333554507208255303776435657387002861226761784169752307""]",https://polymarket.com/market/will-dan-sullivan-win-the-alaska-senate-race-in-2026
634975,will-ann-diener-win-the-alaska-senate-race-in-2026,Will Ann Diener win the Alaska Senate race in 2026?,Will Ann Diener win the Alaska Senate race in 2026?,"This market will resolve according to the winner of the 2026 midterm Alaska U.S. Senate election, inclusive of any run-offs, currently scheduled for November 3, 2026.

If the results of the election are not confirmed by July 31, 2027, this market will resolve to ""Other"".

The resolution source for this market is the Associated Press, Fox News, and NBC. This market will resolve once all three sources call the race for the same candidate. If all three sources haven’t called the race in this state for the same candidate, this market will resolve based on official certification.",,,alaska-senate-election-winner,Alaska Senate Election Winner,36064.20757799999,21249.87378,False,2026-11-03T00:00:00Z,"[""20310786951537091150920478212676759242565921145568245906943451694162568762258"", ""48713763040486181338331079866717596249762656714232229227842124521446386366432""]",https://polymarket.com/market/will-ann-diener-win-the-alaska-senate-race-in-2026
634976,will-mary-peltola-win-the-alaska-senate-race-in-2026,Will Mary Peltola win the Alaska Senate race in 2026?,Will Mary Peltola win the Alaska Senate race in 2026?,"This market will resolve according to the winner of the 2026 midterm Alaska U.S. Senate election, inclusive of any run-offs, currently scheduled for November 3, 2026.

If the results of the election are not confirmed by July 31, 2027, this market will resolve to ""Other"".

The resolution source for this market is the Associated Press, Fox News, and NBC. This market will resolve once all three sources call the race for the same candidate. If all three sources haven’t called the race in this state for the same candidate, this market will resolve based on official certification.",,,alaska-senate-election-winner,Alaska Senate Election Winner,194841.34598899994,10798.1598,False,2026-11-03T00:00:00Z,"[""72139607190315861034411702195742538105117960260100800877125381826122747504258"", ""38274379050640062523611849065721372699838119672720475300345842413156391540232""]",https://polymarket.com/market/will-mary-peltola-win-the-alaska-senate-race-in-2026
634977,will-dustin-darden-win-the-alaska-senate-race-in-2026,Will Dustin Darden win the Alaska Senate race in 2026?,Will Dustin Darden win the Alaska Senate race in 2026?,"This market will resolve according to the winner of the 2026 midterm Alaska U.S. Senate election, inclusive of any run-offs, currently scheduled for November 3, 2026.

If the results of the election are not confirmed by July 31, 2027, this market will resolve to ""Other"".

The resolution source for this market is the Associated Press, Fox News, and NBC. This market will resolve once all three sources call the race for the same candidate. If all three sources haven’t called the race in this state for the same candidate, this market will resolve based on official certification.",,,alaska-senate-election-winner,Alaska Senate Election Winner,23336.347311999973,19298.07559,False,2026-11-03T00:00:00Z,"[""29311755935786363205680204536643787054260832125056777867606384726291200747800"", ""111132744939015293345579629653521058184443656082780857026315550111238286737914""]",https://polymarket.com/market/will-dustin-darden-win-the-alaska-senate-race-in-2026
634978,will-richard-grayson-win-the-alaska-senate-race-in-2026,Will Richard Grayson win the Alaska Senate race in 2026?,Will Richard Grayson win the Alaska Senate race in 2026?,"This market will resolve according to the winner of the 2026 midterm Alaska U.S. Senate election, inclusive of any run-offs, currently scheduled for November 3, 2026.

If the results of the election are not confirmed by July 31, 2027, this market will resolve to ""Other"".

The resolution source for this market is the Associated Press, Fox News, and NBC. This market will resolve once all three sources call the race for the same candidate. If all three sources haven’t called the race in this state for the same candidate, this market will resolve based on official certification.",,,alaska-senate-election-winner,Alaska Senate Election Winner,23919.137521,18744.96173,False,2026-11-03T00:00:00Z,"[""59588004575158257289531312065982350985369269880352045258164216668046489178917"", ""11471799481163674496775067856640475180065538077790138430250870270740237488281""]",https://polymarket.com/market/will-richard-grayson-win-the-alaska-senate-race-in-2026
635003,will-click-bishop-win-the-2026-alaska-governor-election,Will Click Bishop win the 2026 Alaska governor election?,Will Click Bishop win the 2026 Alaska governor election?,"This market will resolve according to the candidate who wins the 2026 Alaska gubernatorial election currently scheduled for November 3, 2026.  

If the results of the election are not confirmed by July 31, 2027, this market will resolve to ""Other"".  

The resolution source for this market is the Associated Press, Fox News, and NBC. This market will resolve once all three sources call the race for the same candidate. If all three sources haven’t called the race in Alaska for the same candidate, this market will resolve based on official certification.",,,alaska-governor-election-winner,Alaska Governor Election Winner  ,16042.034198,9880.27972,False,2026-11-03T00:00:00Z,"[""39154002125405197763794707136923968604358387984246909531145654626829957893230"", ""60418842426512534469642130512596061192215988595473467000352213671045616492638""]",https://polymarket.com/market/will-click-bishop-win-the-2026-alaska-governor-election
635004,will-david-bronson-win-the-2026-alaska-governor-election,Will David Bronson win the 2026 Alaska governor election?,Will David Bronson win the 2026 Alaska governor election?,"This market will resolve according to the candidate who wins the 2026 Alaska gubernatorial election currently scheduled for November 3, 2026.  

If the results of the election are not confirmed by July 31, 2027, this market will resolve to ""Other"".  

The resolution source for this market is the Associated Press, Fox News, and NBC. This market will resolve once all three sources call the race for the same candidate. If all three sources haven’t called the race in Alaska for the same candidate, this market will resolve based on official certification.",,,alaska-governor-election-winner,Alaska Governor Election Winner  ,16710.876053999997,10877.01581,False,2026-11-03T00:00:00Z,"[""23047817297095829703205789623007814925017477005361786493221231421140774736099"", ""27589735007801809920895792521249110991864778093988837036036503689605174002385""]",https://polymarket.com/market/will-david-bronson-win-the-2026-alaska-governor-election
635005,will-adam-crum-win-the-2026-alaska-governor-election,Will Adam Crum win the 2026 Alaska governor election?,Will Adam Crum win the 2026 Alaska governor election?,"This market will resolve according to the candidate who wins the 2026 Alaska gubernatorial election currently scheduled for November 3, 2026.  

If the results of the election are not confirmed by July 31, 2027, this market will resolve to ""Other"".  

The resolution source for this market is the Associated Press, Fox News, and NBC. This market will resolve once all three sources call the race for the same candidate. If all three sources haven’t called the race in Alaska for the same candidate, this market will resolve based on official certification.",,,alaska-governor-election-winner,Alaska Governor Election Winner  ,44321.611901,9739.65261,False,2026-11-03T00:00:00Z,"[""112101678667388918252758604047145833695065509511438805706635695881082938013669"", ""9195147677734768024442742821036736857536764911670176289004381980919601134562""]",https://polymarket.com/market/will-adam-crum-win-the-2026-alaska-governor-election
635006,will-nancy-dahlstrom-win-the-2026-alaska-governor-election,Will Nancy Dahlstrom win the 2026 Alaska governor election?,Will Nancy Dahlstrom win the 2026 Alaska governor election?,"This market will resolve according to the candidate who wins the 2026 Alaska gubernatorial election currently scheduled for November 3, 2026.  

If the results of the election are not confirmed by July 31, 2027, this market will resolve to ""Other"".  

The resolution source for this market is the Associated Press, Fox News, and NBC. This market will resolve once all three sources call the race for the same candidate. If all three sources haven’t called the race in Alaska for the same candidate, this market will resolve based on official certification.",,,alaska-governor-election-winner,Alaska Governor Election Winner  ,124095.13980300004,15849.38348,False,2026-11-03T00:00:00Z,"[""59674642039945632434991200982713662256203307690119588561924436416775168289415"", ""13361710535557089617208062932593011837316081914436155241873375541608580739238""]",https://polymarket.com/market/will-nancy-dahlstrom-win-the-2026-alaska-governor-election
635007,will-edna-devries-win-the-2026-alaska-governor-election,Will Edna DeVries win the 2026 Alaska governor election?,Will Edna DeVries win the 2026 Alaska governor election?,"This market will resolve according to the candidate who wins the 2026 Alaska gubernatorial election currently scheduled for November 3, 2026.  

If the results of the election are not confirmed by July 31, 2027, this market will resolve to ""Other"".  

The resolution source for this market is the Associated Press, Fox News, and NBC. This market will resolve once all three sources call the race for the same candidate. If all three sources haven’t called the race in Alaska for the same candidate, this market will resolve based on official certification.",,,alaska-governor-election-winner,Alaska Governor Election Winner  ,12160.082506000002,11219.01447,False,2026-11-03T00:00:00Z,"[""48980909355655999335735137257645181263137606430167981969161035375590984102791"", ""64966896006719008074063340757705725595139708147746532030558042213894942485771""]",https://polymarket.com/market/will-edna-devries-win-the-2026-alaska-governor-election
635008,will-matt-heilala-win-the-2026-alaska-governor-election,Will Matt Heilala win the 2026 Alaska governor election?,Will Matt Heilala win the 2026 Alaska governor election?,"This market will resolve according to the candidate who wins the 2026 Alaska gubernatorial election currently scheduled for November 3, 2026.  

If the results of the election are not confirmed by July 31, 2027, this market will resolve to ""Other"".  

The resolution source for this market is the Associated Press, Fox News, and NBC. This market will resolve once all three sources call the race for the same candidate. If all three sources haven’t called the race in Alaska for the same candidate, this market will resolve based on official certification.",,,alaska-governor-election-winner,Alaska Governor Election Winner  ,35596.755326,10680.10234,False,2026-11-03T00:00:00Z,"[""41775449479665930068266329795278714167204411479685732105862933499385131340367"", ""113473521542910478197158103741391826457123704776487916253298517201682293793688""]",https://polymarket.com/market/will-matt-heilala-win-the-2026-alaska-governor-election
635009,will-shelley-hughes-win-the-2026-alaska-governor-election,Will Shelley Hughes win the 2026 Alaska governor election?,Will Shelley Hughes win the 2026 Alaska governor election?,"This market will resolve according to the candidate who wins the 2026 Alaska gubernatorial election currently scheduled for November 3, 2026.  

If the results of the election are not confirmed by July 31, 2027, this market will resolve to ""Other"".  

The resolution source for this market is the Associated Press, Fox News, and NBC. This market will resolve once all three sources call the race for the same candidate. If all three sources haven’t called the race in Alaska for the same candidate, this market will resolve based on official certification.",,,alaska-governor-election-winner,Alaska Governor Election Winner  ,13305.818368000004,12047.09042,False,2026-11-03T00:00:00Z,"[""29296582863501339972029548154128549466562842084431320516838210161873614946088"", ""104855517422265025076370671183295591131138907769453226583035147182707514195839""]",https://polymarket.com/market/will-shelley-hughes-win-the-2026-alaska-governor-election
635010,will-james-parkin-win-the-2026-alaska-governor-election,Will James Parkin win the 2026 Alaska governor election?,Will James Parkin win the 2026 Alaska governor election?,"This market will resolve according to the candidate who wins the 2026 Alaska gubernatorial election currently scheduled for November 3, 2026.  

If the results of the election are not confirmed by July 31, 2027, this market will resolve to ""Other"".  

The resolution source for this market is the Associated Press, Fox News, and NBC. This market will resolve once all three sources call the race for the same candidate. If all three sources haven’t called the race in Alaska for the same candidate, this market will resolve based on official certification.",,,alaska-governor-election-winner,Alaska Governor Election Winner  ,110183.14395200003,13218.12023,False,2026-11-03T00:00:00Z,"[""94636756301597598205450967882875575281158446830532208819280555769682215362951"", ""77720965006807607253936909552495699887933379945549132362659973376686128746867""]",https://polymarket.com/market/will-james-parkin-win-the-2026-alaska-governor-election
635011,will-treg-taylor-win-the-2026-alaska-governor-election,Will Treg Taylor win the 2026 Alaska governor election?,Will Treg Taylor win the 2026 Alaska governor election?,"This market will resolve according to the candidate who wins the 2026 Alaska gubernatorial election currently scheduled for November 3, 2026.  

If the results of the election are not confirmed by July 31, 2027, this market will resolve to ""Other"".  

The resolution source for this market is the Associated Press, Fox News, and NBC. This market will resolve once all three sources call the race for the same candidate. If all three sources haven’t called the race in Alaska for the same candidate, this market will resolve based on official certification.",,,alaska-governor-election-winner,Alaska Governor Election Winner  ,28037.412125000003,1249.97963,False,2026-11-03T00:00:00Z,"[""93969985011170776056000925561172416309286101442856109696106983204369499012978"", ""72506703256469236704803392095389359754054700969674670489618759577406730106828""]",https://polymarket.com/market/will-treg-taylor-win-the-2026-alaska-governor-election
635012,will-bernadette-wilson-win-the-2026-alaska-governor-election,Will Bernadette Wilson win the 2026 Alaska governor election?,Will Bernadette Wilson win the 2026 Alaska governor election?,"This market will resolve according to the candidate who wins the 2026 Alaska gubernatorial election currently scheduled for November 3, 2026.  

If the results of the election are not confirmed by July 31, 2027, this market will resolve to ""Other"".  

The resolution source for this market is the Associated Press, Fox News, and NBC. This market will resolve once all three sources call the race for the same candidate. If all three sources haven’t called the race in Alaska for the same candidate, this market will resolve based on official certification.",,,alaska-governor-election-winner,Alaska Governor Election Winner  ,163429.2439240001,1920.2605,False,2026-11-03T00:00:00Z,"[""64751505184958139146196081658481476813866015817972108997333100399972093820939"", ""15859382751346746343939036525053853077867668968518299817855187651744506002496""]",https://polymarket.com/market/will-bernadette-wilson-win-the-2026-alaska-governor-election
635013,will-lisa-murkowski-win-the-2026-alaska-governor-election,Will Lisa Murkowski win the 2026 Alaska governor election?,Will Lisa Murkowski win the 2026 Alaska governor election?,"This market will resolve according to the candidate who wins the 2026 Alaska gubernatorial election currently scheduled for November 3, 2026.  

If the results of the election are not confirmed by July 31, 2027, this market will resolve to ""Other"".  

The resolution source for this market is the Associated Press, Fox News, and NBC. This market will resolve once all three sources call the race for the same candidate. If all three sources haven’t called the race in Alaska for the same candidate, this market will resolve based on official certification.",,,alaska-governor-election-winner,Alaska Governor Election Winner  ,22244.573927999998,11029.81473,False,2026-11-03T00:00:00Z,"[""27870085196735337387089467371194098802406160667325183183674887905666301487196"", ""82283852366812661010100556525768894264835563690203837127337401846759129565617""]",https://polymarket.com/market/will-lisa-murkowski-win-the-2026-alaska-governor-election
635014,will-tom-begich-win-the-2026-alaska-governor-election,Will Tom Begich win the 2026 Alaska governor election?,Will Tom Begich win the 2026 Alaska governor election?,"This market will resolve according to the candidate who wins the 2026 Alaska gubernatorial election currently scheduled for November 3, 2026.  

If the results of the election are not confirmed by July 31, 2027, this market will resolve to ""Other"".  

The resolution source for this market is the Associated Press, Fox News, and NBC. This market will resolve once all three sources call the race for the same candidate. If all three sources haven’t called the race in Alaska for the same candidate, this market will resolve based on official certification.",,,alaska-governor-election-winner,Alaska Governor Election Winner  ,142231.931723,3877.8058,False,2026-11-03T00:00:00Z,"[""88923835626751439335001852098823598444201043849577093630790185644778054232354"", ""39720463685457026846596900903719403712373357015082509595546409524414612455841""]",https://polymarket.com/market/will-tom-begich-win-the-2026-alaska-governor-election
635015,will-mary-peltola-win-the-2026-alaska-governor-election,Will Mary Peltola win the 2026 Alaska governor election?,Will Mary Peltola win the 2026 Alaska governor election?,"This market will resolve according to the candidate who wins the 2026 Alaska gubernatorial election currently scheduled for November 3, 2026.  

If the results of the election are not confirmed by July 31, 2027, this market will resolve to ""Other"".  

The resolution source for this market is the Associated Press, Fox News, and NBC. This market will resolve once all three sources call the race for the same candidate. If all three sources haven’t called the race in Alaska for the same candidate, this market will resolve based on official certification.",,,alaska-governor-election-winner,Alaska Governor Election Winner  ,327560.771291,11933.06137,False,2026-11-03T00:00:00Z,"[""115303242217186990312218497459537227886423425931711349439197270624601721951066"", ""102710958896541853009226651136193733163206380234516394117132219353801605357276""]",https://polymarket.com/market/will-mary-peltola-win-the-2026-alaska-governor-election
635016,will-jonathan-kreiss-tomkins-win-the-2026-alaska-governor-election,Will Jonathan Kreiss-Tomkins win the 2026 Alaska governor election?,Will Jonathan Kreiss-Tomkins win the 2026 Alaska governor election?,"This market will resolve according to the candidate who wins the 2026 Alaska gubernatorial election currently scheduled for November 3, 2026.  

If the results of the election are not confirmed by July 31, 2027, this market will resolve to ""Other"".  

The resolution source for this market is the Associated Press, Fox News, and NBC. This market will resolve once all three sources call the race for the same candidate. If all three sources haven’t called the race in Alaska for the same candidate, this market will resolve based on official certification.",,,alaska-governor-election-winner,Alaska Governor Election Winner  ,16633.409485,9353.41372,False,2026-11-03T00:00:00Z,"[""20244362049417025533374049121400436676833898969884666612361039499958684857530"", ""37982054955350769473225274338511206092834110396688311841877176075150786948028""]",https://polymarket.com/market/will-jonathan-kreiss-tomkins-win-the-2026-alaska-governor-election
635017,will-hank-kroll-win-the-2026-alaska-governor-election,Will Hank Kroll win the 2026 Alaska governor election?,Will Hank Kroll win the 2026 Alaska governor election?,"This market will resolve according to the candidate who wins the 2026 Alaska gubernatorial election currently scheduled for November 3, 2026.  

If the results of the election are not confirmed by July 31, 2027, this market will resolve to ""Other"".  

The resolution source for this market is the Associated Press, Fox News, and NBC. This market will resolve once all three sources call the race for the same candidate. If all three sources haven’t called the race in Alaska for the same candidate, this market will resolve based on official certification.",,,alaska-governor-election-winner,Alaska Governor Election Winner  ,11708.613199000001,10619.57881,False,2026-11-03T00:00:00Z,"[""95635456605992781069478891718039467857246490713143468096085991589901671594183"", ""91225137864927557918564359258664686497955882591355277709464604776409873406547""]",https://polymarket.com/market/will-hank-kroll-win-the-2026-alaska-governor-election
635018,will-bruce-walden-win-the-2026-alaska-governor-election,Will Bruce Walden win the 2026 Alaska governor election?,Will Bruce Walden win the 2026 Alaska governor election?,"This market will resolve according to the candidate who wins the 2026 Alaska gubernatorial election currently scheduled for November 3, 2026.  

If the results of the election are not confirmed by July 31, 2027, this market will resolve to ""Other"".  

The resolution source for this market is the Associated Press, Fox News, and NBC. This market will resolve once all three sources call the race for the same candidate. If all three sources haven’t called the race in Alaska for the same candidate, this market will resolve based on official certification.",,,alaska-governor-election-winner,Alaska Governor Election Winner  ,9420.394632,13351.05931,False,2026-11-03T00:00:00Z,"[""106363031797138111754039591152977193305538801813676060053033754519035914760518"", ""41727895688258693376847903957662821256714173440177609445045457726450459227657""]",https://polymarket.com/market/will-bruce-walden-win-the-2026-alaska-governor-election
635019,will-matt-claman-win-the-2026-alaska-governor-election,Will Matt Claman win the 2026 Alaska governor election?,Will Matt Claman win the 2026 Alaska governor election?,"This market will resolve according to the candidate who wins the 2026 Alaska gubernatorial election currently scheduled for November 3, 2026.  

If the results of the election are not confirmed by July 31, 2027, this market will resolve to ""Other"".  

The resolution source for this market is the Associated Press, Fox News, and NBC. This market will resolve once all three sources call the race for the same candidate. If all three sources haven’t called the race in Alaska for the same candidate, this market will resolve based on official certification.",,,alaska-governor-election-winner,Alaska Governor Election Winner  ,16886.715672000002,12614.09344,False,2026-11-03T00:00:00Z,"[""28604200858776949725443771900532479947528528058757267516640410601091432067720"", ""91229309270355860713419309118667426703750737891164301386889922666802507208098""]",https://polymarket.com/market/will-matt-claman-win-the-2026-alaska-governor-election
635020,will-lesil-mcguire-win-the-2026-alaska-governor-election,Will Lesil McGuire win the 2026 Alaska governor election?,Will Lesil McGuire win the 2026 Alaska governor election?,"This market will resolve according to the candidate who wins the 2026 Alaska gubernatorial election currently scheduled for November 3, 2026.  

If the results of the election are not confirmed by July 31, 2027, this market will resolve to ""Other"".  

The resolution source for this market is the Associated Press, Fox News, and NBC. This market will resolve once all three sources call the race for the same candidate. If all three sources haven’t called the race in Alaska for the same candidate, this market will resolve based on official certification.",,,alaska-governor-election-winner,Alaska Governor Election Winner  ,5540.987,11193.79307,False,2026-11-03T00:00:00Z,"[""22529706558204688498320021777045565403912945442011622921877074565980935596194"", ""107660395767216529314208472319656520318890894389780384645697742878670378593126""]",https://polymarket.com/market/will-lesil-mcguire-win-the-2026-alaska-governor-election
635021,will-gregg-brelsford-win-the-2026-alaska-governor-election,Will Gregg Brelsford win the 2026 Alaska governor election?,Will Gregg Brelsford win the 2026 Alaska governor election?,"This market will resolve according to the candidate who wins the 2026 Alaska gubernatorial election currently scheduled for November 3, 2026.  

If the results of the election are not confirmed by July 31, 2027, this market will resolve to ""Other"".  

The resolution source for this market is the Associated Press, Fox News, and NBC. This market will resolve once all three sources call the race for the same candidate. If all three sources haven’t called the race in Alaska for the same candidate, this market will resolve based on official certification.",,,alaska-governor-election-winner,Alaska Governor Election Winner  ,2913.651333,11146.83264,False,2026-11-03T00:00:00Z,"[""90372155390861985927725007208426512628481630954974454396465379243202196045659"", ""2701913449823469466380873774659154852878836766994267419008628654782137185923""]",https://polymarket.com/market/will-gregg-brelsford-win-the-2026-alaska-governor-election
635022,will-jessica-faircloth-win-the-2026-alaska-governor-election,Will Jessica Faircloth win the 2026 Alaska governor election?,Will Jessica Faircloth win the 2026 Alaska governor election?,"This market will resolve according to the candidate who wins the 2026 Alaska gubernatorial election currently scheduled for November 3, 2026.  

If the results of the election are not confirmed by July 31, 2027, this market will resolve to ""Other"".  

The resolution source for this market is the Associated Press, Fox News, and NBC. This market will resolve once all three sources call the race for the same candidate. If all three sources haven’t called the race in Alaska for the same candidate, this market will resolve based on official certification.",,,alaska-governor-election-winner,Alaska Governor Election Winner  ,3287.5471999999995,10529.65078,False,2026-11-03T00:00:00Z,"[""5086764460439224896909495789484939252244135243589938028556782950980839670109"", ""46178221517819340873304464752949449694008471239018842509293907666064868164423""]",https://polymarket.com/market/will-jessica-faircloth-win-the-2026-alaska-governor-election
635023,will-destry-j-payne-sr-win-the-2026-alaska-governor-election,Will Destry J. Payne Sr. win the 2026 Alaska governor election?,Will Destry J. Payne Sr. win the 2026 Alaska governor election?,"This market will resolve according to the candidate who wins the 2026 Alaska gubernatorial election currently scheduled for November 3, 2026.  

If the results of the election are not confirmed by July 31, 2027, this market will resolve to ""Other"".  

The resolution source for this market is the Associated Press, Fox News, and NBC. This market will resolve once all three sources call the race for the same candidate. If all three sources haven’t called the race in Alaska for the same candidate, this market will resolve based on official certification.",,,alaska-governor-election-winner,Alaska Governor Election Winner  ,2827.87575,11058.3827,False,2026-11-03T00:00:00Z,"[""94275275907070640522712534747053008279341178769916658518917564436899584909430"", ""65059827140173427877494565540061589018062765634764662931826204007544666003583""]",https://polymarket.com/market/will-destry-j-payne-sr-win-the-2026-alaska-governor-election
635024,will-candidate-i-win-the-2026-alaska-governor-election,Will Bill Walker win the 2026 Alaska governor election?,Will Bill Walker win the 2026 Alaska governor election?,"This market will resolve according to the candidate who wins the 2026 Alaska gubernatorial election currently scheduled for November 3, 2026.  

If the results of the election are not confirmed by July 31, 2027, this market will resolve to ""Other"".  

The resolution source for this market is the Associated Press, Fox News, and NBC. This market will resolve once all three sources call the race for the same candidate. If all three sources haven’t called the race in Alaska for the same candidate, this market will resolve based on official certification.",,,alaska-governor-election-winner,Alaska Governor Election Winner  ,6318.404647,11094.33543,False,2026-11-03T00:00:00Z,"[""89440386514063730127176054212356569265462224863655993641953910953752586860824"", ""12748549410366691485814745487527011946617511780417271837791094564317034321850""]",https://polymarket.com/market/will-candidate-i-win-the-2026-alaska-governor-election
637002,will-donald-trump-win-the-nobel-peace-prize-in-2026-382,Will Donald Trump win the Nobel Peace Prize in 2026?,Will Donald Trump win the Nobel Peace Prize in 2026?,"This market will resolve according to the winner of the 2026 Nobel Peace Prize, as announced by the Norwegian Nobel Committee.

If multiple listed individuals or entities jointly receive the prize, the market will resolve to a single winner. If Donald Trump, Volodymyr Zelenskyy,  Benjamin Netanyahu, Vladimir Putin, or Elon Musk are among the recipients, the market will resolve to the highest-ranked among them in that exact order of precedence. If none of those five are among the winners and the prize is awarded jointly to at least one listed individual and at least one listed organization, the market will resolve in favor of the individual. If no prioritized individuals are among the winners and all listed recipients are of the same type (all individuals or all organizations), the market will resolve to the person whose last name, or the entity’s name, comes first in alphabetical order as listed in this market.

If no official announcement regarding the 2026 Nobel Peace Prize has been made by March 31, 2027, 11:59 PM ET, this market will resolve to ""Other.""

The resolution source for this market will be the first official announcement from the Norwegian Nobel Committee.",,,nobel-peace-prize-winner-2026-139,Nobel Peace Prize Winner 2026,4338043.237172002,436047.44804,False,2026-10-10T00:00:00Z,"[""96308556109755835434254900303426519652053230974356832970824534225192181988516"", ""75648553599758807820760400986240186978327005811004242427218252697572451485336""]",https://polymarket.com/market/will-donald-trump-win-the-nobel-peace-prize-in-2026-382
637003,will-pope-leo-xiv-win-the-nobel-peace-prize-in-2026-698,Will Pope Leo XIV win the Nobel Peace Prize in 2026?,Will Pope Leo XIV win the Nobel Peace Prize in 2026?,"This market will resolve according to the winner of the 2026 Nobel Peace Prize, as announced by the Norwegian Nobel Committee.

If multiple listed individuals or entities jointly receive the prize, the market will resolve to a single winner. If Donald Trump, Volodymyr Zelenskyy,  Benjamin Netanyahu, Vladimir Putin, or Elon Musk are among the recipients, the market will resolve to the highest-ranked among them in that exact order of precedence. If none of those five are among the winners and the prize is awarded jointly to at least one listed individual and at least one listed organization, the market will resolve in favor of the individual. If no prioritized individuals are among the winners and all listed recipients are of the same type (all individuals or all organizations), the market will resolve to the person whose last name, or the entity’s name, comes first in alphabetical order as listed in this market.

If no official announcement regarding the 2026 Nobel Peace Prize has been made by March 31, 2027, 11:59 PM ET, this market will resolve to ""Other.""

The resolution source for this market will be the first official announcement from the Norwegian Nobel Committee.",,,nobel-peace-prize-winner-2026-139,Nobel Peace Prize Winner 2026,810245.4699799998,83456.63227,False,2026-10-10T00:00:00Z,"[""113237755645921715758233944722306063215233909018006486973579082721270649678448"", ""95174951397252701626356005587736778177787845584080929573568339678125892550453""]",https://polymarket.com/market/will-pope-leo-xiv-win-the-nobel-peace-prize-in-2026-698
637004,will-yulia-navalnaya-win-the-nobel-peace-prize-in-2026-261,Will Yulia Navalnaya win the Nobel Peace Prize in 2026?,Will Yulia Navalnaya win the Nobel Peace Prize in 2026?,"This market will resolve according to the winner of the 2026 Nobel Peace Prize, as announced by the Norwegian Nobel Committee.

If multiple listed individuals or entities jointly receive the prize, the market will resolve to a single winner. If Donald Trump, Volodymyr Zelenskyy,  Benjamin Netanyahu, Vladimir Putin, or Elon Musk are among the recipients, the market will resolve to the highest-ranked among them in that exact order of precedence. If none of those five are among the winners and the prize is awarded jointly to at least one listed individual and at least one listed organization, the market will resolve in favor of the individual. If no prioritized individuals are among the winners and all listed recipients are of the same type (all individuals or all organizations), the market will resolve to the person whose last name, or the entity’s name, comes first in alphabetical order as listed in this market.

If no official announcement regarding the 2026 Nobel Peace Prize has been made by March 31, 2027, 11:59 PM ET, this market will resolve to ""Other.""

The resolution source for this market will be the first official announcement from the Norwegian Nobel Committee.",,,nobel-peace-prize-winner-2026-139,Nobel Peace Prize Winner 2026,289459.58580700005,92639.207,False,2026-10-10T00:00:00Z,"[""3494130919441794744300504897798612438496650716124466384425423765833752918969"", ""28096161697269491739201577018265114286225290564353204301878588204336630210171""]",https://polymarket.com/market/will-yulia-navalnaya-win-the-nobel-peace-prize-in-2026-261
637005,will-julian-assange-win-the-nobel-peace-prize-in-2026-899,Will Julian Assange win the Nobel Peace Prize in 2026?,Will Julian Assange win the Nobel Peace Prize in 2026?,"This market will resolve according to the winner of the 2026 Nobel Peace Prize, as announced by the Norwegian Nobel Committee.

If multiple listed individuals or entities jointly receive the prize, the market will resolve to a single winner. If Donald Trump, Volodymyr Zelenskyy,  Benjamin Netanyahu, Vladimir Putin, or Elon Musk are among the recipients, the market will resolve to the highest-ranked among them in that exact order of precedence. If none of those five are among the winners and the prize is awarded jointly to at least one listed individual and at least one listed organization, the market will resolve in favor of the individual. If no prioritized individuals are among the winners and all listed recipients are of the same type (all individuals or all organizations), the market will resolve to the person whose last name, or the entity’s name, comes first in alphabetical order as listed in this market.

If no official announcement regarding the 2026 Nobel Peace Prize has been made by March 31, 2027, 11:59 PM ET, this market will resolve to ""Other.""

The resolution source for this market will be the first official announcement from the Norwegian Nobel Committee.",,,nobel-peace-prize-winner-2026-139,Nobel Peace Prize Winner 2026,849422.3821050003,86855.80203,False,2026-10-10T00:00:00Z,"[""2514203837854735205913781359327052377275050226163878960745268210971566855346"", ""112167985448024082869173908935600668305426586702085278841767559334167398447501""]",https://polymarket.com/market/will-julian-assange-win-the-nobel-peace-prize-in-2026-899
637006,will-greta-thunberg-win-the-nobel-peace-prize-in-2026-767,Will Greta Thunberg win the Nobel Peace Prize in 2026?,Will Greta Thunberg win the Nobel Peace Prize in 2026?,"This market will resolve according to the winner of the 2026 Nobel Peace Prize, as announced by the Norwegian Nobel Committee.

If multiple listed individuals or entities jointly receive the prize, the market will resolve to a single winner. If Donald Trump, Volodymyr Zelenskyy,  Benjamin Netanyahu, Vladimir Putin, or Elon Musk are among the recipients, the market will resolve to the highest-ranked among them in that exact order of precedence. If none of those five are among the winners and the prize is awarded jointly to at least one listed individual and at least one listed organization, the market will resolve in favor of the individual. If no prioritized individuals are among the winners and all listed recipients are of the same type (all individuals or all organizations), the market will resolve to the person whose last name, or the entity’s name, comes first in alphabetical order as listed in this market.

If no official announcement regarding the 2026 Nobel Peace Prize has been made by March 31, 2027, 11:59 PM ET, this market will resolve to ""Other.""

The resolution source for this market will be the first official announcement from the Norwegian Nobel Committee.",,,nobel-peace-prize-winner-2026-139,Nobel Peace Prize Winner 2026,1451245.4532360004,95307.66618,False,2026-10-10T00:00:00Z,"[""110720206167890822616321575705807171983245849150110799188723045022216595670551"", ""88258427153334602839061103957324557393993316504272753015676420313968562088509""]",https://polymarket.com/market/will-greta-thunberg-win-the-nobel-peace-prize-in-2026-767
637007,will-elon-musk-win-the-nobel-peace-prize-in-2026-756,Will Elon Musk win the Nobel Peace Prize in 2026?,Will Elon Musk win the Nobel Peace Prize in 2026?,"This market will resolve according to the winner of the 2026 Nobel Peace Prize, as announced by the Norwegian Nobel Committee.

If multiple listed individuals or entities jointly receive the prize, the market will resolve to a single winner. If Donald Trump, Volodymyr Zelenskyy,  Benjamin Netanyahu, Vladimir Putin, or Elon Musk are among the recipients, the market will resolve to the highest-ranked among them in that exact order of precedence. If none of those five are among the winners and the prize is awarded jointly to at least one listed individual and at least one listed organization, the market will resolve in favor of the individual. If no prioritized individuals are among the winners and all listed recipients are of the same type (all individuals or all organizations), the market will resolve to the person whose last name, or the entity’s name, comes first in alphabetical order as listed in this market.

If no official announcement regarding the 2026 Nobel Peace Prize has been made by March 31, 2027, 11:59 PM ET, this market will resolve to ""Other.""

The resolution source for this market will be the first official announcement from the Norwegian Nobel Committee.",,,nobel-peace-prize-winner-2026-139,Nobel Peace Prize Winner 2026,1170702.7698279999,131051.7902,False,2026-10-10T00:00:00Z,"[""75607128808577269329357564425293012652006155264327001987967114873720422847762"", ""12399441569018704651613633276106609828289317349737964099492012443734276929050""]",https://polymarket.com/market/will-elon-musk-win-the-nobel-peace-prize-in-2026-756
637008,will-unrwa-win-the-nobel-peace-prize-in-2026-983,Will UNRWA win the Nobel Peace Prize in 2026?,Will UNRWA win the Nobel Peace Prize in 2026?,"This market will resolve according to the winner of the 2026 Nobel Peace Prize, as announced by the Norwegian Nobel Committee.

If multiple listed individuals or entities jointly receive the prize, the market will resolve to a single winner. If Donald Trump, Volodymyr Zelenskyy,  Benjamin Netanyahu, Vladimir Putin, or Elon Musk are among the recipients, the market will resolve to the highest-ranked among them in that exact order of precedence. If none of those five are among the winners and the prize is awarded jointly to at least one listed individual and at least one listed organization, the market will resolve in favor of the individual. If no prioritized individuals are among the winners and all listed recipients are of the same type (all individuals or all organizations), the market will resolve to the person whose last name, or the entity’s name, comes first in alphabetical order as listed in this market.

If no official announcement regarding the 2026 Nobel Peace Prize has been made by March 31, 2027, 11:59 PM ET, this market will resolve to ""Other.""

The resolution source for this market will be the first official announcement from the Norwegian Nobel Committee.",,,nobel-peace-prize-winner-2026-139,Nobel Peace Prize Winner 2026,2043456.371794998,90951.09913,False,2026-10-10T00:00:00Z,"[""44648805494496128018486302258584216672381875589441286537181971476979030040822"", ""100774842773502634308392264835606396497542279688738306742145099064280129552022""]",https://polymarket.com/market/will-unrwa-win-the-nobel-peace-prize-in-2026-983
637009,will-the-international-court-of-justice-win-the-nobel-peace-prize-in-2026-885,Will the International Court of Justice win the Nobel Peace Prize in 2026?,Will the International Court of Justice win the Nobel Peace Prize in 2026?,"This market will resolve according to the winner of the 2026 Nobel Peace Prize, as announced by the Norwegian Nobel Committee.

If multiple listed individuals or entities jointly receive the prize, the market will resolve to a single winner. If Donald Trump, Volodymyr Zelenskyy,  Benjamin Netanyahu, Vladimir Putin, or Elon Musk are among the recipients, the market will resolve to the highest-ranked among them in that exact order of precedence. If none of those five are among the winners and the prize is awarded jointly to at least one listed individual and at least one listed organization, the market will resolve in favor of the individual. If no prioritized individuals are among the winners and all listed recipients are of the same type (all individuals or all organizations), the market will resolve to the person whose last name, or the entity’s name, comes first in alphabetical order as listed in this market.

If no official announcement regarding the 2026 Nobel Peace Prize has been made by March 31, 2027, 11:59 PM ET, this market will resolve to ""Other.""

The resolution source for this market will be the first official announcement from the Norwegian Nobel Committee.",,,nobel-peace-prize-winner-2026-139,Nobel Peace Prize Winner 2026,898520.6403250002,83054.86269,False,2026-10-10T00:00:00Z,"[""71369127494310794272479391274205452287676771660414011081710844125846890526676"", ""100825934865672220288878913199795346535221985257911240162629731201658697455767""]",https://polymarket.com/market/will-the-international-court-of-justice-win-the-nobel-peace-prize-in-2026-885
637010,will-antnio-guterres-win-the-nobel-peace-prize-in-2026-623,Will António Guterres win the Nobel Peace Prize in 2026?,Will António Guterres win the Nobel Peace Prize in 2026?,"This market will resolve according to the winner of the 2026 Nobel Peace Prize, as announced by the Norwegian Nobel Committee.

If multiple listed individuals or entities jointly receive the prize, the market will resolve to a single winner. If Donald Trump, Volodymyr Zelenskyy,  Benjamin Netanyahu, Vladimir Putin, or Elon Musk are among the recipients, the market will resolve to the highest-ranked among them in that exact order of precedence. If none of those five are among the winners and the prize is awarded jointly to at least one listed individual and at least one listed organization, the market will resolve in favor of the individual. If no prioritized individuals are among the winners and all listed recipients are of the same type (all individuals or all organizations), the market will resolve to the person whose last name, or the entity’s name, comes first in alphabetical order as listed in this market.

If no official announcement regarding the 2026 Nobel Peace Prize has been made by March 31, 2027, 11:59 PM ET, this market will resolve to ""Other.""

The resolution source for this market will be the first official announcement from the Norwegian Nobel Committee.",,,nobel-peace-prize-winner-2026-139,Nobel Peace Prize Winner 2026,627229.8736969999,85844.04675,False,2026-10-10T00:00:00Z,"[""23342261653888694132200522593527487238848562692306851598440649086435121500976"", ""74898968531597218741457817445756371218150329069760332671745694661596010747348""]",https://polymarket.com/market/will-antnio-guterres-win-the-nobel-peace-prize-in-2026-623
637011,will-volodymyr-zelensky-win-the-nobel-peace-prize-in-2026-637,Will Volodymyr Zelenskyy win the Nobel Peace Prize in 2026?,Will Volodymyr Zelenskyy win the Nobel Peace Prize in 2026?,"This market will resolve according to the winner of the 2026 Nobel Peace Prize, as announced by the Norwegian Nobel Committee.

If multiple listed individuals or entities jointly receive the prize, the market will resolve to a single winner. If Donald Trump, Volodymyr Zelenskyy,  Benjamin Netanyahu, Vladimir Putin, or Elon Musk are among the recipients, the market will resolve to the highest-ranked among them in that exact order of precedence. If none of those five are among the winners and the prize is awarded jointly to at least one listed individual and at least one listed organization, the market will resolve in favor of the individual. If no prioritized individuals are among the winners and all listed recipients are of the same type (all individuals or all organizations), the market will resolve to the person whose last name, or the entity’s name, comes first in alphabetical order as listed in this market.

If no official announcement regarding the 2026 Nobel Peace Prize has been made by March 31, 2027, 11:59 PM ET, this market will resolve to ""Other.""

The resolution source for this market will be the first official announcement from the Norwegian Nobel Committee.",,,nobel-peace-prize-winner-2026-139,Nobel Peace Prize Winner 2026,790326.7915190003,143215.58214,False,2026-10-10T00:00:00Z,"[""69233785052194635705851216099911823720821171641039286350179421202360326472771"", ""8338529888438948644585537691079019147027137862127077274522691678941032005403""]",https://polymarket.com/market/will-volodymyr-zelensky-win-the-nobel-peace-prize-in-2026-637
637012,will-tamim-bin-hamad-al-thani-win-the-nobel-peace-prize-in-2026-755,Will Tamim bin Hamad Al Thani win the Nobel Peace Prize in 2026?,Will Tamim bin Hamad Al Thani win the Nobel Peace Prize in 2026?,"This market will resolve according to the winner of the 2026 Nobel Peace Prize, as announced by the Norwegian Nobel Committee.

If multiple listed individuals or entities jointly receive the prize, the market will resolve to a single winner. If Donald Trump, Volodymyr Zelenskyy,  Benjamin Netanyahu, Vladimir Putin, or Elon Musk are among the recipients, the market will resolve to the highest-ranked among them in that exact order of precedence. If none of those five are among the winners and the prize is awarded jointly to at least one listed individual and at least one listed organization, the market will resolve in favor of the individual. If no prioritized individuals are among the winners and all listed recipients are of the same type (all individuals or all organizations), the market will resolve to the person whose last name, or the entity’s name, comes first in alphabetical order as listed in this market.

If no official announcement regarding the 2026 Nobel Peace Prize has been made by March 31, 2027, 11:59 PM ET, this market will resolve to ""Other.""

The resolution source for this market will be the first official announcement from the Norwegian Nobel Committee.",,,nobel-peace-prize-winner-2026-139,Nobel Peace Prize Winner 2026,782545.546686,111394.53059,False,2026-10-10T00:00:00Z,"[""38629843016683821271278712298908281184814663635088376266062295059246738422381"", ""5589769935476462129484153271836175288080453728912236522871901218697147752772""]",https://polymarket.com/market/will-tamim-bin-hamad-al-thani-win-the-nobel-peace-prize-in-2026-755
637013,will-vladimir-putin-win-the-nobel-peace-prize-in-2026-126,Will Vladimir Putin win the Nobel Peace Prize in 2026?,Will Vladimir Putin win the Nobel Peace Prize in 2026?,"This market will resolve according to the winner of the 2026 Nobel Peace Prize, as announced by the Norwegian Nobel Committee.

If multiple listed individuals or entities jointly receive the prize, the market will resolve to a single winner. If Donald Trump, Volodymyr Zelenskyy,  Benjamin Netanyahu, Vladimir Putin, or Elon Musk are among the recipients, the market will resolve to the highest-ranked among them in that exact order of precedence. If none of those five are among the winners and the prize is awarded jointly to at least one listed individual and at least one listed organization, the market will resolve in favor of the individual. If no prioritized individuals are among the winners and all listed recipients are of the same type (all individuals or all organizations), the market will resolve to the person whose last name, or the entity’s name, comes first in alphabetical order as listed in this market.

If no official announcement regarding the 2026 Nobel Peace Prize has been made by March 31, 2027, 11:59 PM ET, this market will resolve to ""Other.""

The resolution source for this market will be the first official announcement from the Norwegian Nobel Committee.",,,nobel-peace-prize-winner-2026-139,Nobel Peace Prize Winner 2026,904284.310104,128120.97404,False,2026-10-10T00:00:00Z,"[""3072654272549368438022392135276167382428661847959009954134234860002162565563"", ""113985315011147639722353242178466700648968151094441125067915688418671668934701""]",https://polymarket.com/market/will-vladimir-putin-win-the-nobel-peace-prize-in-2026-126
637014,will-khaled-mashal-win-the-nobel-peace-prize-in-2026-787,Will Khaled Mashal win the Nobel Peace Prize in 2026?,Will Khaled Mashal win the Nobel Peace Prize in 2026?,"This market will resolve according to the winner of the 2026 Nobel Peace Prize, as announced by the Norwegian Nobel Committee.

If multiple listed individuals or entities jointly receive the prize, the market will resolve to a single winner. If Donald Trump, Volodymyr Zelenskyy,  Benjamin Netanyahu, Vladimir Putin, or Elon Musk are among the recipients, the market will resolve to the highest-ranked among them in that exact order of precedence. If none of those five are among the winners and the prize is awarded jointly to at least one listed individual and at least one listed organization, the market will resolve in favor of the individual. If no prioritized individuals are among the winners and all listed recipients are of the same type (all individuals or all organizations), the market will resolve to the person whose last name, or the entity’s name, comes first in alphabetical order as listed in this market.

If no official announcement regarding the 2026 Nobel Peace Prize has been made by March 31, 2027, 11:59 PM ET, this market will resolve to ""Other.""

The resolution source for this market will be the first official announcement from the Norwegian Nobel Committee.",,,nobel-peace-prize-winner-2026-139,Nobel Peace Prize Winner 2026,866122.1704779998,90789.98421,False,2026-10-10T00:00:00Z,"[""4817558919700430121831697879056774909752184660255737582917693916506064447935"", ""87180602681563575283368867567629117475002741678602916739029207915550777119916""]",https://polymarket.com/market/will-khaled-mashal-win-the-nobel-peace-prize-in-2026-787
637015,will-benjamin-netanyahu-win-the-nobel-peace-prize-in-2026,Will Benjamin Netanyahu win the Nobel Peace Prize in 2026?,Will Benjamin Netanyahu win the Nobel Peace Prize in 2026?,"This market will resolve according to the winner of the 2026 Nobel Peace Prize, as announced by the Norwegian Nobel Committee.

If multiple listed individuals or entities jointly receive the prize, the market will resolve to a single winner. If Donald Trump, Volodymyr Zelenskyy,  Benjamin Netanyahu, Vladimir Putin, or Elon Musk are among the recipients, the market will resolve to the highest-ranked among them in that exact order of precedence. If none of those five are among the winners and the prize is awarded jointly to at least one listed individual and at least one listed organization, the market will resolve in favor of the individual. If no prioritized individuals are among the winners and all listed recipients are of the same type (all individuals or all organizations), the market will resolve to the person whose last name, or the entity’s name, comes first in alphabetical order as listed in this market.

If no official announcement regarding the 2026 Nobel Peace Prize has been made by March 31, 2027, 11:59 PM ET, this market will resolve to ""Other.""

The resolution source for this market will be the first official announcement from the Norwegian Nobel Committee.",,,nobel-peace-prize-winner-2026-139,Nobel Peace Prize Winner 2026,691499.7221589999,106851.14289,False,2026-10-10T00:00:00Z,"[""8075661047254567797432306525558519998052391236898258911573171689963344650999"", ""112058520838328908682687058357533850521842794205200289227549070997672330839618""]",https://polymarket.com/market/will-benjamin-netanyahu-win-the-nobel-peace-prize-in-2026
637016,will-recep-tayyip-erdoan-win-the-nobel-peace-prize-in-2026,Will Recep Tayyip Erdoğan win the Nobel Peace Prize in 2026?,Will Recep Tayyip Erdoğan win the Nobel Peace Prize in 2026?,"This market will resolve according to the winner of the 2026 Nobel Peace Prize, as announced by the Norwegian Nobel Committee.

If multiple listed individuals or entities jointly receive the prize, the market will resolve to a single winner. If Donald Trump, Volodymyr Zelenskyy,  Benjamin Netanyahu, Vladimir Putin, or Elon Musk are among the recipients, the market will resolve to the highest-ranked among them in that exact order of precedence. If none of those five are among the winners and the prize is awarded jointly to at least one listed individual and at least one listed organization, the market will resolve in favor of the individual. If no prioritized individuals are among the winners and all listed recipients are of the same type (all individuals or all organizations), the market will resolve to the person whose last name, or the entity’s name, comes first in alphabetical order as listed in this market.

If no official announcement regarding the 2026 Nobel Peace Prize has been made by March 31, 2027, 11:59 PM ET, this market will resolve to ""Other.""

The resolution source for this market will be the first official announcement from the Norwegian Nobel Committee.",,,nobel-peace-prize-winner-2026-139,Nobel Peace Prize Winner 2026,1053660.621344001,77955.80546,False,2026-10-10T00:00:00Z,"[""85146181675473345857517501170400200068194836865848336579180316943778562621184"", ""95932030235748967242599691240359532539860303333387793931050103786551928194397""]",https://polymarket.com/market/will-recep-tayyip-erdoan-win-the-nobel-peace-prize-in-2026
637017,will-xi-jinping-win-the-nobel-peace-prize-in-2026,Will Xi Jinping win the Nobel Peace Prize in 2026?,Will Xi Jinping win the Nobel Peace Prize in 2026?,"This market will resolve according to the winner of the 2026 Nobel Peace Prize, as announced by the Norwegian Nobel Committee.

If multiple listed individuals or entities jointly receive the prize, the market will resolve to a single winner. If Donald Trump, Volodymyr Zelenskyy,  Benjamin Netanyahu, Vladimir Putin, or Elon Musk are among the recipients, the market will resolve to the highest-ranked among them in that exact order of precedence. If none of those five are among the winners and the prize is awarded jointly to at least one listed individual and at least one listed organization, the market will resolve in favor of the individual. If no prioritized individuals are among the winners and all listed recipients are of the same type (all individuals or all organizations), the market will resolve to the person whose last name, or the entity’s name, comes first in alphabetical order as listed in this market.

If no official announcement regarding the 2026 Nobel Peace Prize has been made by March 31, 2027, 11:59 PM ET, this market will resolve to ""Other.""

The resolution source for this market will be the first official announcement from the Norwegian Nobel Committee.",,,nobel-peace-prize-winner-2026-139,Nobel Peace Prize Winner 2026,1433960.406188,103199.81337,False,2026-10-10T00:00:00Z,"[""43017540324415003826064618020596028072344969424808059974990020921868559630137"", ""53191751382453576965267402331097248438966776523725261860140290292986323884318""]",https://polymarket.com/market/will-xi-jinping-win-the-nobel-peace-prize-in-2026
637018,will-ahmed-al-sharaa-win-the-nobel-peace-prize-in-2026,Will Ahmed al-Sharaa win the Nobel Peace Prize in 2026?,Will Ahmed al-Sharaa win the Nobel Peace Prize in 2026?,"This market will resolve according to the winner of the 2026 Nobel Peace Prize, as announced by the Norwegian Nobel Committee.

If multiple listed individuals or entities jointly receive the prize, the market will resolve to a single winner. If Donald Trump, Volodymyr Zelenskyy,  Benjamin Netanyahu, Vladimir Putin, or Elon Musk are among the recipients, the market will resolve to the highest-ranked among them in that exact order of precedence. If none of those five are among the winners and the prize is awarded jointly to at least one listed individual and at least one listed organization, the market will resolve in favor of the individual. If no prioritized individuals are among the winners and all listed recipients are of the same type (all individuals or all organizations), the market will resolve to the person whose last name, or the entity’s name, comes first in alphabetical order as listed in this market.

If no official announcement regarding the 2026 Nobel Peace Prize has been made by March 31, 2027, 11:59 PM ET, this market will resolve to ""Other.""

The resolution source for this market will be the first official announcement from the Norwegian Nobel Committee.",,,nobel-peace-prize-winner-2026-139,Nobel Peace Prize Winner 2026,1261795.5759929998,79621.52301,False,2026-10-10T00:00:00Z,"[""29384252153498040908016173010534270095096285030713208216637067996773126537603"", ""46197450022186203692773393723350125064749764592137974055513793856533004524452""]",https://polymarket.com/market/will-ahmed-al-sharaa-win-the-nobel-peace-prize-in-2026
637019,will-charlie-kirk-win-the-nobel-peace-prize-in-2026,Will Charlie Kirk win the Nobel Peace Prize in 2026?,Will Charlie Kirk win the Nobel Peace Prize in 2026?,"This market will resolve according to the winner of the 2026 Nobel Peace Prize, as announced by the Norwegian Nobel Committee.

If multiple listed individuals or entities jointly receive the prize, the market will resolve to a single winner. If Donald Trump, Volodymyr Zelenskyy,  Benjamin Netanyahu, Vladimir Putin, or Elon Musk are among the recipients, the market will resolve to the highest-ranked among them in that exact order of precedence. If none of those five are among the winners and the prize is awarded jointly to at least one listed individual and at least one listed organization, the market will resolve in favor of the individual. If no prioritized individuals are among the winners and all listed recipients are of the same type (all individuals or all organizations), the market will resolve to the person whose last name, or the entity’s name, comes first in alphabetical order as listed in this market.

If no official announcement regarding the 2026 Nobel Peace Prize has been made by March 31, 2027, 11:59 PM ET, this market will resolve to ""Other.""

The resolution source for this market will be the first official announcement from the Norwegian Nobel Committee.",,,nobel-peace-prize-winner-2026-139,Nobel Peace Prize Winner 2026,1244838.8756760003,118623.37574,False,2026-10-10T00:00:00Z,"[""41901357708237118584313729261027657874621373325486663648640954008517926947624"", ""107916695552123881373896612045522214231652174566866222064470731766327560477162""]",https://polymarket.com/market/will-charlie-kirk-win-the-nobel-peace-prize-in-2026
637020,will-mohammed-bin-salman-win-the-nobel-peace-prize-in-2026,Will Mohammed bin Salman win the Nobel Peace Prize in 2026?,Will Mohammed bin Salman win the Nobel Peace Prize in 2026?,"This market will resolve according to the winner of the 2026 Nobel Peace Prize, as announced by the Norwegian Nobel Committee.

If multiple listed individuals or entities jointly receive the prize, the market will resolve to a single winner. If Donald Trump, Volodymyr Zelenskyy,  Benjamin Netanyahu, Vladimir Putin, or Elon Musk are among the recipients, the market will resolve to the highest-ranked among them in that exact order of precedence. If none of those five are among the winners and the prize is awarded jointly to at least one listed individual and at least one listed organization, the market will resolve in favor of the individual. If no prioritized individuals are among the winners and all listed recipients are of the same type (all individuals or all organizations), the market will resolve to the person whose last name, or the entity’s name, comes first in alphabetical order as listed in this market.

If no official announcement regarding the 2026 Nobel Peace Prize has been made by March 31, 2027, 11:59 PM ET, this market will resolve to ""Other.""

The resolution source for this market will be the first official announcement from the Norwegian Nobel Committee.",,,nobel-peace-prize-winner-2026-139,Nobel Peace Prize Winner 2026,1172612.2845450002,121202.91406,False,2026-10-10T00:00:00Z,"[""99055846750090671053174250706531692511641252423756205459914574198871664904532"", ""99569292711324733780517452708294994018768004149545080530428877556903437821239""]",https://polymarket.com/market/will-mohammed-bin-salman-win-the-nobel-peace-prize-in-2026
637021,will-narendra-modi-win-the-nobel-peace-prize-in-2026,Will Narendra Modi win the Nobel Peace Prize in 2026?,Will Narendra Modi win the Nobel Peace Prize in 2026?,"This market will resolve according to the winner of the 2026 Nobel Peace Prize, as announced by the Norwegian Nobel Committee.

If multiple listed individuals or entities jointly receive the prize, the market will resolve to a single winner. If Donald Trump, Volodymyr Zelenskyy,  Benjamin Netanyahu, Vladimir Putin, or Elon Musk are among the recipients, the market will resolve to the highest-ranked among them in that exact order of precedence. If none of those five are among the winners and the prize is awarded jointly to at least one listed individual and at least one listed organization, the market will resolve in favor of the individual. If no prioritized individuals are among the winners and all listed recipients are of the same type (all individuals or all organizations), the market will resolve to the person whose last name, or the entity’s name, comes first in alphabetical order as listed in this market.

If no official announcement regarding the 2026 Nobel Peace Prize has been made by March 31, 2027, 11:59 PM ET, this market will resolve to ""Other.""

The resolution source for this market will be the first official announcement from the Norwegian Nobel Committee.",,,nobel-peace-prize-winner-2026-139,Nobel Peace Prize Winner 2026,685776.3930959998,100685.74464,False,2026-10-10T00:00:00Z,"[""95036065107529622997025744213041265776694292492123977042470465876649211394600"", ""62116206887522199306412248927926622780699787095863900215476866802754406552079""]",https://polymarket.com/market/will-narendra-modi-win-the-nobel-peace-prize-in-2026
637456,ink-fdv-above-500m-one-day-after-launch-253-778,Ink FDV above $500M one day after launch?,Ink FDV above $500M one day after launch?,"This market will resolve to ""Yes"" if the Fully Diluted Valuation of Ink's token is greater than the value specified in the title 1 day after launch. Otherwise, the market will resolve to ""No.""

The token must be actively, publicly transferable and tradable to be considered a launch.

""1 day after launch"" is defined as 4:00 PM ET on the calendar day following launch. The resolution source for this market is the most liquid price source available. If Ink (http://inkonchain.com/) doesn't launch a token by December 31, 2026, 11:59 PM ET, this market will resolve to ""No"".",,,ink-fdv-above-one-day-after-launch,Ink FDV above ___ one day after launch?,321647.441192,15008.8553,False,2027-01-01T05:00:00Z,"[""111038777903810500955184501816954346973829614534020117303301259782775956752807"", ""108830332357648093614878097095693133437816733704835183274262063910374798976168""]",https://polymarket.com/market/ink-fdv-above-500m-one-day-after-launch-253-778
637457,ink-fdv-above-1b-one-day-after-launch-289-587-241,Ink FDV above $1B one day after launch?,Ink FDV above $1B one day after launch?,"This market will resolve to ""Yes"" if the Fully Diluted Valuation of Ink's token is greater than the value specified in the title 1 day after launch. Otherwise, the market will resolve to ""No.""

The token must be actively, publicly transferable and tradable to be considered a launch.

""1 day after launch"" is defined as 4:00 PM ET on the calendar day following launch. The resolution source for this market is the most liquid price source available. If Ink (http://inkonchain.com/) doesn't launch a token by December 31, 2026, 11:59 PM ET, this market will resolve to ""No"".",,,ink-fdv-above-one-day-after-launch,Ink FDV above ___ one day after launch?,227327.35033799996,11729.2833,False,2027-01-01T05:00:00Z,"[""1669403929476904842828383184875082532297077185996813535692439685266884704967"", ""20044115650716430426965705049717303626014883755010628726585624665838456945972""]",https://polymarket.com/market/ink-fdv-above-1b-one-day-after-launch-289-587-241
637910,will-mitch-mcconnell-resign-from-the-senate-before-his-term-ends,Mitch McConnell steps down from Senate before his term ends?,Mitch McConnell steps down from Senate before his term ends?,"This market will resolve to “Yes” if Mitch McConnell formally announces an intention to step down or otherwise vacates his U.S. Senate seat before his current term is scheduled to end (January 3, 2027, 11:59 PM ET). Otherwise, this market will resolve to “No.”

An announcement will qualify only if it indicates that McConnell will leave office prior to the scheduled end of his term. Statements reaffirming an existing plan to retire at the end of his term will not qualify.

The primary resolution sources will be official statements from Mitch McConnell, his office or representatives, and/or official communications from the U.S. Senate or government.",,,will-mitch-mcconnell-resign-from-the-senate-before-his-term-ends,Mitch McConnell steps down from Senate before his term ends?,1114986.342861,51270.5956,False,2027-01-03T00:00:00Z,"[""79397895660526576528066965797785113521241099187839967306891454236823723226031"", ""6176387069967725418539368518279260352303182827227966329832868478861860932409""]",https://polymarket.com/market/will-mitch-mcconnell-resign-from-the-senate-before-his-term-ends
648383,billionaire-one-time-wealth-tax-passes-in-california-election-2026,Billionaire one-time wealth tax passes in California election 2026?,Billionaire one-time wealth tax passes in California election 2026?,"A one-time wealth tax on billionaires has been proposed to potentially appear on California's ballot for the November 3, 2026 general election. You can read more about that here: https://6abc.com/post/california-union-proposes-taxing-billionaires-offset-medicaid-cuts-low-income-people/18066430/

This market will resolve to ""Yes"" if any proposition containing a one-time tax targeting individuals, households, or family units with wealth, assets, or net worth of at least $1 billion (USD or equivalent) passes in the named election. Otherwise, this market will resolve to ""No"".

If no qualifying ballot initiative is certified to appear on the official statewide California ballot as a proposition to be voted on in the stated election by June 25, 2026, 11:59 PM ET (the official cutoff date for new initiatives to be approved), or if all qualifying propositions/initiatives are removed from the ballot or amended before the election such that the main threshold drops below $1 billion, this market will resolve ""No"".

The primary resolution source for this market will be official information from the Government of the State of California, however a consensus of credible reporting may also be used.",,,billionaire-one-time-wealth-tax-passes-in-california-election-2026,Billionaire one-time wealth tax passes in California election 2026?,3644951.081911,92736.9567,False,2026-11-03T00:00:00Z,"[""38487155026041533062980821872238023790862908049855818921747904019478875496931"", ""7330556727383706468662351173040823924339817877848787483691015397124505109410""]",https://polymarket.com/market/billionaire-one-time-wealth-tax-passes-in-california-election-2026
651327,will-gavin-newsom-announce-a-presidential-run-by-december-31-2026,"Will Gavin Newsom announce a Presidential run by December 31, 2026?","Will Gavin Newsom announce a Presidential run by December 31, 2026?","This market will resolve to ""Yes"" if Gavin Newsom officially announces that he is running for U.S. President in the 2028 presidential election, by the specified date, 11:59 PM ET. Otherwise, this market will resolve to ""No.""

For the purpose of resolving this market, an announcement by Gavin Newsom will be sufficient to trigger a ""Yes"" resolution, regardless of whether he actually filed a nomination to run, or whether he actually files a nomination to run in the future.

The primary resolution source for this market will be official statements by Gavin Newsom (e.g., via speech, social media, etc.) or his official or legal representatives; however, a consensus of credible reporting may also be used.",,,will-gavin-newsom-announce-presidential-run-by,Will Gavin Newsom announce Presidential run by...?,59396.96496700001,11834.3798,False,2026-12-31T00:00:00Z,"[""37047640727055104154491541966367763466139953161675548075316317067988588663853"", ""45200102949427176349999568908324938980741775964477026787123052544602998293488""]",https://polymarket.com/market/will-gavin-newsom-announce-a-presidential-run-by-december-31-2026
651395,will-ari-leave-openai-by-december-31-2026,"Will Ari Weinstein leave OpenAI by December 31, 2026?","Will Ari Weinstein leave OpenAI by December 31, 2026?","This market will resolve to ""Yes"" if Ari Weinstein ceases any employment or formal contractual involvement with OpenAI, for any length of time by December 31, 2026, 11:59 PM ET. Otherwise, this market will resolve to “No”.

This includes any termination, suspension, or withdrawal of his contractual or partnership obligations with OpenAI.

An official announcement of Ari’s departure from OpenAI (e.g., a statement from OpenAI or Ari indicating he will no longer be engaged with OpenAI) will qualify, regardless of when the announced departure takes effect.

The resolution source for this market will be a consensus of credible reporting.",,,will-ari-leave-openai-by-december-31-2026,"Will Ari Weinstein leave OpenAI by December 31, 2026?",11704.023590000003,385.14898,False,2026-12-31T00:00:00Z,"[""20622838391940429819873792223789849493273117599734129087725440960996613818069"", ""106772470598389023253324409790798286734997744630208218904860155239025342452839""]",https://polymarket.com/market/will-ari-leave-openai-by-december-31-2026
651400,will-conrad-leave-openai-by-december-31-2026,"Will Conrad Kramer leave OpenAI by December 31, 2026?","Will Conrad Kramer leave OpenAI by December 31, 2026?","This market will resolve to ""Yes"" if Conrad Kramer ceases any employment or formal contractual involvement with OpenAI, for any length of time by December 31, 2026, 11:59 PM ET. Otherwise, this market will resolve to “No”.

This includes any termination, suspension, or withdrawal of his contractual or partnership obligations with OpenAI.

An official announcement of Conrad’s departure from OpenAI (e.g., a statement from OpenAI or Conrad indicating he will no longer be engaged with OpenAI) will qualify, regardless of when the announced departure takes effect.

The resolution source for this market will be a consensus of credible reporting.",,,will-conrad-leave-openai-by-december-31-2026,"Will Conrad Kramer leave OpenAI by December 31, 2026?",5666.536467999999,2.89344,False,2026-12-31T00:00:00Z,"[""29874563369040433575118862419770749480563086667350654739557445346608098986844"", ""111323618240382392771582999962158332851276152255675942803764996958191189161182""]",https://polymarket.com/market/will-conrad-leave-openai-by-december-31-2026
653788,openai-announces-it-has-achieved-agi-before-2027,OpenAI announces it has achieved AGI before 2027?,OpenAI announces it has achieved AGI before 2027?,"This market will resolve to ""Yes"" if OpenAI or an official representative of the company announces that it has created an artificial general intelligence (AGI) by December 31, 2026 ET. Otherwise, this market will resolve to ""No"".

The primary resolution source for this market will be official information from OpenAI and/or its official representative, however a consensus of credible reporting will also be used.",,,openai-announces-it-has-achieved-agi-before-2027,OpenAI announces it has achieved AGI before 2027?,94554.21442600002,4725.815,False,2026-12-31T00:00:00Z,"[""115755033510457721528230598637869053553488546416290388126901840137082000566077"", ""58838271673442942930994176154161427544885549058162072292968389861347162593682""]",https://polymarket.com/market/openai-announces-it-has-achieved-agi-before-2027
656312,will-openai-ipo-by-december-31-2026,Will OpenAI IPO by December 31 2026?,Will OpenAI IPO by December 31 2026?,"This market will resolve to ""Yes"" if OpenAI completes an Initial Public Offering (IPO) by the listed date ET, as confirmed by official company announcements and credible news sources. Otherwise, this market will resolve to ""No"".

The IPO refers to the first sale of stock by the listed company to the public on any recognized stock exchange.

If OpenAI is acquired by another company that is already public, this market will immediately resolve to ""No.""

The resolution source for this market is a consensus of credible reporting.",,,openai-ipo-by,OpenAI IPO by...?,867905.1011959997,4374.1834,False,,"[""78959017184382580042532738046363918551357602274462396865643365060706535362447"", ""10592971839058012204379818734015951513876214421642216097933518020153836601713""]",https://polymarket.com/market/will-openai-ipo-by-december-31-2026
656313,openai-1t-ipo-before-2027,OpenAI $1t+ IPO before 2027?,OpenAI $1t+ IPO before 2027?,"This market will resolve to “Yes” if OpenAI completes an initial public offering (IPO) valued at $1 trillion USD or higher at the time of the IPO by December 31, 2026, 11:59 PM ET. Otherwise, it will resolve to “No.”

An “initial public offering (IPO)” refers to the first sale of OpenAI’s equity securities to the public through a regulated stock exchange.

OpenAI will be considered to have achieved a $1 trillion valuation if the market capitalization implied by the IPO offering price multiplied by the total number of outstanding shares equals or exceeds $1 trillion USD.

Announcements, filings, or planned IPOs that do not result in public trading by that time will not qualify. Private funding rounds, secondary share sales, or employee-share transactions will not be considered. A direct listing or merger via SPAC will qualify only if it results in OpenAI’s common shares becoming publicly traded for the first time on a major exchange.

If OpenAI’s IPO is priced before the resolution deadline but public trading has not yet commenced, the market may remain open for up to 30 calendar days to determine whether the IPO is completed.

If OpenAI is acquired, dissolved, or merged into another entity before an IPO occurs, this market will resolve to “No.” In the event of a restructuring, the market will resolve based on the entity legally recognized as OpenAI’s successor will 

The resolution source will be a consensus for credible reporting.",,,openai-1t-ipo-before-2027,OpenAI $1t+ IPO before 2027?,296232.0205629999,2397.0232,False,2026-12-31T00:00:00Z,"[""39763921554641941061304829681183678894833246741338293177697266335996130248563"", ""53455249154698091892597546188646780074388526414669356079477086663348609285332""]",https://polymarket.com/market/openai-1t-ipo-before-2027
663583,will-the-iranian-regime-fall-by-the-end-of-2026,Will the Iranian regime fall before 2027?,Will the Iranian regime fall before 2027?,"This market will resolve to ""Yes"" if the Islamic Republic of Iran’s current ruling regime is overthrown, collapsed, or otherwise ceases to govern by December 31, 2026, 11:59 PM ET. Otherwise, this market will resolve to “No”.

This requires a broad consensus of reporting indicating that core structures of the Islamic Republic (e.g. the office of the Supreme Leader, the Guardian Council, IRGC control under clerical authority) have been dissolved, incapacitated, or replaced by a fundamentally different governing system or otherwise lost de facto power over a majority of the population of Iran. This could occur via revolution, civil war, military coup, or voluntary abdication, but only qualifies if the Islamic Republic no longer exercises sovereign power.

Routine political events such as elections, reforms, or leadership succession do not qualify. Internal coups or power shifts that preserve the Islamic Republic’s core structures also do not qualify. Only a clear break in continuity—such as a new provisional government, revolutionary council, or constitution replacing the Islamic Republic will qualify.

Partial loss of territory or challenges from rebel or exile groups will not qualify unless the Islamic Republic no longer administers the majority of the Iranian population within Iran. 

The resolution source will be a consensus of credible reporting. ",,,will-the-iranian-regime-fall-by-the-end-of-2026,Will the Iranian regime fall before 2027?,24651341.80313199,836581.8525,False,2026-12-31T00:00:00Z,"[""10991849228756847439673778874175365458450913336396982752046655649803657501964"", ""106181075047366745139197108801635573283215248045056329679360376976893016488727""]",https://polymarket.com/market/will-the-iranian-regime-fall-by-the-end-of-2026
664045,will-mamdani-freeze-nyc-rents-before-2027,Will Mamdani freeze NYC rents before 2027?,Will Mamdani freeze NYC rents before 2027?,"This market will resolve to “Yes” if both the following occur:

1. Zohran Mamdani wins the 2025 NYC Mayoral election.

2. The New York City Rent Guidelines Board implements rent adjustments at 0.0 % for both one-year and two-year renewal leases for rent-stabilized apartments citywide by December 31, 2026, 11:59 PM ET.

The policy will be considered implemented only if a 0.0 % increases for both one-year and two-year renewal leases is in effect by the resolution date. An announced intention or proposed order not yet effective will not qualify. Orders that are blocked, enjoined, or otherwise prevented from taking effect by the deadline will not qualify.

If the policy is enacted through another official mechanism, including but not limited to a mayoral executive order, local legislation, or state law, and goes into effect by the resolution date it will qualify.

Orders that apply only to one lease term (e.g., 0 % on one-year but > 0 % on two-year), apply only to specific unit types (e.g., hotels or SROs), or relate to non-stabilized units will not qualify. Policies which include limited exceptions — such as exclusions for specific categories of rent-stabilized units (e.g., hardship exemptions, temporarily exempt buildings, or administrative carveouts) — will still qualify as long as a general policy of 0 % rent adjustment for both one-year and two-year renewal leases on rent-stabilized apartments and lofts is in effect citywide.

If Mamdani is confirmed to have lost the 2025 NYC Mayoral election by a consensus of credible reporting, this market will immediately resolve to “No.”

The resolution source for this market will be a consensus of credible reporting and official Rent Guidelines Board materials.",,,will-mamdani-freeze-nyc-rents-before-2027,Will Mamdani freeze NYC rents before 2027?,286617.5808419999,10009.34809,False,2026-12-31T00:00:00Z,"[""106102449360267073046637097096598048592436928340059823162151571020807191828087"", ""86934023414665345422427506679433864279296027898426531732170959339104415335162""]",https://polymarket.com/market/will-mamdani-freeze-nyc-rents-before-2027
664884,will-consensys-ipo-by-september-30-2026,Will Consensys IPO by September 30 2026?,Will Consensys IPO by September 30 2026?,"This market will resolve to ""Yes"" if ConsenSys (the parent company of MetaMask) completes an Initial Public Offering (IPO) by the listed date ET, as confirmed by official company announcements and credible news sources. Otherwise, this market will resolve to ""No.""

The IPO refers to the first sale of stock by the listed company to the public on any recognized stock exchange.

If ConsenSys is acquired by another company that is already public, this market will immediately resolve to ""No.""

The resolution source for this market is a consensus of credible reporting.",,,will-consensys-ipo-by-december-31-2025,Consensys IPO by ___ ?,171070.068415,788.00781,False,2026-10-01T04:00:00Z,"[""44287323850020972283935211352775826540687209058466814665073875307486513170314"", ""37883654715006963242132896450609198459500623242319081575718912327432284149793""]",https://polymarket.com/market/will-consensys-ipo-by-september-30-2026
664885,will-consensys-ipo-by-december-31-2026,Will Consensys IPO by December 31 2026?,Will Consensys IPO by December 31 2026?,"This market will resolve to ""Yes"" if ConsenSys (the parent company of MetaMask) completes an Initial Public Offering (IPO) by the listed date ET, as confirmed by official company announcements and credible news sources. Otherwise, this market will resolve to ""No.""

The IPO refers to the first sale of stock by the listed company to the public on any recognized stock exchange.

If ConsenSys is acquired by another company that is already public, this market will immediately resolve to ""No.""

The resolution source for this market is a consensus of credible reporting.",,,will-consensys-ipo-by-december-31-2025,Consensys IPO by ___ ?,169441.335223,1234.0573,False,2027-01-01T05:00:00Z,"[""4927822480860592396593692483043642132200897775575124930148385016112430190854"", ""44547152496212847740061080841265650032108158993466836859412259707179444064344""]",https://polymarket.com/market/will-consensys-ipo-by-december-31-2026
664895,will-metamask-launch-a-token-by-september-30-2026,"Will MetaMask launch a token by September 30, 2026?","Will MetaMask launch a token by September 30, 2026?","This market will resolve to ""Yes"" if Metamask officially launches a token by September 30, 2026, 11:59 PM ET. Otherwise, this market will resolve to ""No"".

The token must be actively and publicly transferable and tradable. Announcements alone do not qualify

The primary resolution source for this market will be information from Metamask, however a consensus of credible reporting will also be used.
",,,will-metamask-launch-a-token-in-2025,Will MetaMask launch a token by ___ ?,1002633.872782,7922.52724,False,2026-10-01T04:00:00Z,"[""82017167864405769499774134034352265993930681918536647755800225490639218464999"", ""24192542941326556420937589393283472461812173299056788843809804465380232715721""]",https://polymarket.com/market/will-metamask-launch-a-token-by-september-30-2026
665205,us-national-bitcoin-reserve-before-2027,US national Bitcoin reserve before 2027?,US national Bitcoin reserve before 2027?,"This market will resolve to ""Yes"" if the US government holds any amount of Bitcoin in its reserves at any point by December 31, 2026, 11:59 PM ET. Otherwise, this market will resolve to ""No"".

Note that the US government confiscating Bitcoin does not count as holding Bitcoin reserves.

The primary resolution source for this market will be official information from the US government and/or the US federal reserve, however a consensus of credible reporting will also be used.",,,us-national-bitcoin-reserve-before-2027,US national Bitcoin reserve before 2027?,52703.09242000001,15602.4715,False,2026-12-31T00:00:00Z,"[""115563279943088574368475763566308524191598627607680105838058505260056381768939"", ""30455770425041126193569940063234142577691408508440512817158696601142733755169""]",https://polymarket.com/market/us-national-bitcoin-reserve-before-2027
665218,israel-and-saudi-arabia-normalize-relations-before-2027,Israel and Saudi Arabia normalize relations before 2027?,Israel and Saudi Arabia normalize relations before 2027?,"This market will resolve to ""Yes"" if both Israel and the Kingdom of Saudi Arabia officially announce the establishment of diplomatic relations by December 31, 2026, 11:59 PM ET. Otherwise, this market will resolve to ""No"".

The primary resolution source for this market will be official information from Israel and the Kingdom of Saudi Arabia, however a consensus of credible reporting may also be used.
",,,israel-and-saudi-arabia-normalize-relations-before-2027,Israel and Saudi Arabia normalize relations before 2027?,426350.7234970001,56985.4754,False,2026-12-31T00:00:00Z,"[""86727316187077924188803504745015598973723867072517640274231186919208073176698"", ""63409286016973577903012142269621228305682014726736632772295861872995350316136""]",https://polymarket.com/market/israel-and-saudi-arabia-normalize-relations-before-2027
665224,ukraine-signs-peace-deal-with-russia-before-2027,Ukraine signs peace deal with Russia before 2027?,Ukraine signs peace deal with Russia before 2027?,"This market will resolve to “Yes”  if, Ukraine signs any written instrument (e.g., treaty, ceasefire/armistice, framework/“roadmap,” exchange of letters, or mediated agreement text) that: (i) includes both Ukraine and the Russian Federation as parties, and (ii) either ends hostilities/establishes a ceasefire or commits both sides to a defined process toward ending the war (i.e., stated objective of peace/normalization plus principles, steps, and/or a timetable) by December 31, 2026, 11:59 PM ET. Otherwise, this market will resolve to “No”. 

Only Ukraine’s signature is required; Russia’s signature or ratification is not.

Localized, temporary, or issue-specific arrangements—such as airstrike-limitation or deconfliction protocols, humanitarian pauses, evacuation corridors, prisoner-exchange or trade/export arrangements, border/DMZ adjustments, or ceasefires limited to a particular sector/front/municipality—will not qualify.

The document must bear a wet-ink or officially issued electronic signature of an authorized Ukrainian representative. Unsigned agreements (e.g., the 2023 Ohrid arrangement) will not qualify regardless of if they are otherwise officially enacted. 

The primary resolution source will be a consensus of credible reporting. 
",,,ukraine-signs-peace-deal-with-russia-before-2027,Ukraine signs peace deal with Russia before 2027?,2549251.0554259997,54702.2555,False,2026-12-31T00:00:00Z,"[""93579588306754356558129639371052358607099327699211232141859164590129536814208"", ""50854871681873904159181209043129993931106057788784391855429428220428495613305""]",https://polymarket.com/market/ukraine-signs-peace-deal-with-russia-before-2027
665243,nato-article-5-before-2027,NATO article 5 before 2027?,NATO article 5 before 2027?,"If any NATO member country invokes Article 5 of the North Atlantic Treaty at any time between November 5, 2025 and December 31, 2026, 11:59 PM ET, this market will resolve to ""Yes"". Otherwise, this market will resolve to ""No"".

The primary resolution source for this market will be official information from NATO (nato.int), however a consensus of credible media will also suffice.",,,nato-article-5-before-2027,NATO article 5 before 2027?,199210.2946839999,20573.12643,False,2026-12-31T00:00:00Z,"[""43163627642054688181815035851547282838254727740867654146202339736338923379962"", ""2023566903018276614249600567472475788663508489795373839831574790501932782080""]",https://polymarket.com/market/nato-article-5-before-2027
665246,yoon-out-of-custody-before-2027,Yoon out of custody before 2027?,Yoon out of custody before 2027?,"This market will resolve to ""Yes"" if President of South Korea Yoon Suk Yeol is released from custody by December 31, 2026, 11:59 PM ET. Otherwise, this market will resolve to ""No"".

If Yoon is released but remains under house arrest, the market will still resolve to ""Yes"".

If Yoon is released on parole, bond, or any other condition that results in them leaving state custody, the market will resolve to ""Yes"".

Transporting Yoon to another location of custody (e.g., a different prison, court, or hospital within the correctional system) will not suffice to resolve this market to ""Yes"".

The primary resolution source for this market will be official information from government authorities or corrections departments; however, a consensus of credible reporting may also be used.",,,yoon-out-of-custody-before-2027,Yoon out of custody before 2027?,182283.99792100003,39051.97714,False,2026-12-31T00:00:00Z,"[""72458525119108210179841170267525414270186496838019970198206850900384026496886"", ""15459599865606870462804403532889014965106643564265630331850488546419850096177""]",https://polymarket.com/market/yoon-out-of-custody-before-2027
665258,will-china-unban-bitcoin-by-2027,Will China unban Bitcoin by 2027?,Will China unban Bitcoin by 2027?,"This market will resolve to ""Yes"" if the government of the People's Republic of China (PRC) explicitly announces that Chinese citizens will be allowed to legally buy Bitcoin with yuan (renminbi) from inside China by December 31, 2026, 11:59 PM ET. Otherwise, this market will resolve to ""No"".

For this market to resolve to ""Yes"" it is only necessary that the PRC announces this change will take place. Whether it actually does will have no bearing on the resolution of this market.

The primary resolution source for this market will be official information from the PRC, however a consensus of credible reporting will also be used.",,,will-china-unban-bitcoin-by-2027,Will China unban Bitcoin by 2027?,1038529.3810400001,46974.19339,False,2026-12-31T00:00:00Z,"[""91810646921497227084241579668235102205462718984593674693010693975258849328842"", ""51080463689161030375818291005097816690283354390568417705958874093502264623871""]",https://polymarket.com/market/will-china-unban-bitcoin-by-2027
665260,will-donald-trump-visit-israel-in-2026,Will Donald Trump visit Israel in 2026?,Will Donald Trump visit Israel in 2026?,"If U.S. President Donald Trump visits a listed country between January 1 and December 31, 2026 11:59 PM ET, the relevant market will resolve to ""Yes"". Otherwise, this market will resolve to ""No"".

For the purpose of this market, a ""visit"" is defined as Trump physically entering the terrestrial or maritime territory of the listed country. Whether or not Trump enters the country's airspace during the timeframe of this market will have no bearing on a positive resolution.

The primary resolution source for this information will be official information from government of the United States of America, official information from Trump or released by his verified social media accounts (e.g. https://twitter.com/POTUS), however, a consensus of credible reporting will also be used.",,,which-countries-will-donald-trump-visit-in-2026,Which countries will Donald Trump visit in 2026?,29068.02121,1092.5602,False,2026-12-31T00:00:00Z,"[""17310312046830507121308439157055105976196613647072768511530359658718851345502"", ""55699747018158096547665700344519381648470601856074046829620128350713749925122""]",https://polymarket.com/market/will-donald-trump-visit-israel-in-2026
665261,will-donald-trump-visit-canada-in-2026,Will Donald Trump visit Canada in 2026?,Will Donald Trump visit Canada in 2026?,"If U.S. President Donald Trump visits a listed country between January 1 and December 31, 2026 11:59 PM ET, the relevant market will resolve to ""Yes"". Otherwise, this market will resolve to ""No"".

For the purpose of this market, a ""visit"" is defined as Trump physically entering the terrestrial or maritime territory of the listed country. Whether or not Trump enters the country's airspace during the timeframe of this market will have no bearing on a positive resolution.

The primary resolution source for this information will be official information from government of the United States of America, official information from Trump or released by his verified social media accounts (e.g. https://twitter.com/POTUS), however, a consensus of credible reporting will also be used.",,,which-countries-will-donald-trump-visit-in-2026,Which countries will Donald Trump visit in 2026?,4448.7204440000005,184.1282,False,2026-12-31T00:00:00Z,"[""111173078110622502975146485705635994101700742486118900857120119365219959759902"", ""27078551761335802816699526818159218716574326271849800902753456601877380119172""]",https://polymarket.com/market/will-donald-trump-visit-canada-in-2026
665262,will-donald-trump-visit-mexico-in-2026,Will Donald Trump visit Mexico in 2026?,Will Donald Trump visit Mexico in 2026?,"If U.S. President Donald Trump visits a listed country between January 1 and December 31, 2026 11:59 PM ET, the relevant market will resolve to ""Yes"". Otherwise, this market will resolve to ""No"".

For the purpose of this market, a ""visit"" is defined as Trump physically entering the terrestrial or maritime territory of the listed country. Whether or not Trump enters the country's airspace during the timeframe of this market will have no bearing on a positive resolution.

The primary resolution source for this information will be official information from government of the United States of America, official information from Trump or released by his verified social media accounts (e.g. https://twitter.com/POTUS), however, a consensus of credible reporting will also be used.",,,which-countries-will-donald-trump-visit-in-2026,Which countries will Donald Trump visit in 2026?,6003.315771999999,581.4898,False,2026-12-31T00:00:00Z,"[""2660935913959156877980210209659597107865021816700470286853937891105902736403"", ""53795656236776744406903869502504610117667322983088759030488700518678321503882""]",https://polymarket.com/market/will-donald-trump-visit-mexico-in-2026
665263,will-donald-trump-visit-saudi-arabia-in-2026,Will Donald Trump visit Saudi Arabia in 2026?,Will Donald Trump visit Saudi Arabia in 2026?,"If U.S. President Donald Trump visits a listed country between January 1 and December 31, 2026 11:59 PM ET, the relevant market will resolve to ""Yes"". Otherwise, this market will resolve to ""No"".

For the purpose of this market, a ""visit"" is defined as Trump physically entering the terrestrial or maritime territory of the listed country. Whether or not Trump enters the country's airspace during the timeframe of this market will have no bearing on a positive resolution.

The primary resolution source for this information will be official information from government of the United States of America, official information from Trump or released by his verified social media accounts (e.g. https://twitter.com/POTUS), however, a consensus of credible reporting will also be used.",,,which-countries-will-donald-trump-visit-in-2026,Which countries will Donald Trump visit in 2026?,768.556603,451.1984,False,2026-12-31T00:00:00Z,"[""98958316908671280985410943834693562833778446454499354254876277510277360020516"", ""11272214191603541172656467050516705715276285235791385530896243499800816425667""]",https://polymarket.com/market/will-donald-trump-visit-saudi-arabia-in-2026
665264,will-donald-trump-visit-japan-in-2026,Will Donald Trump visit Japan in 2026?,Will Donald Trump visit Japan in 2026?,"If U.S. President Donald Trump visits a listed country between January 1 and December 31, 2026 11:59 PM ET, the relevant market will resolve to ""Yes"". Otherwise, this market will resolve to ""No"".

For the purpose of this market, a ""visit"" is defined as Trump physically entering the terrestrial or maritime territory of the listed country. Whether or not Trump enters the country's airspace during the timeframe of this market will have no bearing on a positive resolution.

The primary resolution source for this information will be official information from government of the United States of America, official information from Trump or released by his verified social media accounts (e.g. https://twitter.com/POTUS), however, a consensus of credible reporting will also be used.",,,which-countries-will-donald-trump-visit-in-2026,Which countries will Donald Trump visit in 2026?,15353.902103000002,1518.7112,False,2026-12-31T00:00:00Z,"[""40601234017509983627082313348811516552075805863989365590423573705721556440917"", ""50939042031703572926092235111313230683665789550415175292444654887849326071200""]",https://polymarket.com/market/will-donald-trump-visit-japan-in-2026
665265,will-donald-trump-visit-germany-in-2026,Will Donald Trump visit Germany in 2026?,Will Donald Trump visit Germany in 2026?,"If U.S. President Donald Trump visits a listed country between January 1 and December 31, 2026 11:59 PM ET, the relevant market will resolve to ""Yes"". Otherwise, this market will resolve to ""No"".

For the purpose of this market, a ""visit"" is defined as Trump physically entering the terrestrial or maritime territory of the listed country. Whether or not Trump enters the country's airspace during the timeframe of this market will have no bearing on a positive resolution.

The primary resolution source for this information will be official information from government of the United States of America, official information from Trump or released by his verified social media accounts (e.g. https://twitter.com/POTUS), however, a consensus of credible reporting will also be used.",,,which-countries-will-donald-trump-visit-in-2026,Which countries will Donald Trump visit in 2026?,18468.000038000006,2990.303,False,2026-12-31T00:00:00Z,"[""110859084351224598102665068250877030522446091794505995303397670821160821637185"", ""45758629206278296523241491992706519462704945313648320096954439860797269883565""]",https://polymarket.com/market/will-donald-trump-visit-germany-in-2026
665266,will-donald-trump-visit-south-korea-in-2026,Will Donald Trump visit South Korea in 2026?,Will Donald Trump visit South Korea in 2026?,"If U.S. President Donald Trump visits a listed country between January 1 and December 31, 2026 11:59 PM ET, the relevant market will resolve to ""Yes"". Otherwise, this market will resolve to ""No"".

For the purpose of this market, a ""visit"" is defined as Trump physically entering the terrestrial or maritime territory of the listed country. Whether or not Trump enters the country's airspace during the timeframe of this market will have no bearing on a positive resolution.

The primary resolution source for this information will be official information from government of the United States of America, official information from Trump or released by his verified social media accounts (e.g. https://twitter.com/POTUS), however, a consensus of credible reporting will also be used.",,,which-countries-will-donald-trump-visit-in-2026,Which countries will Donald Trump visit in 2026?,11203.309886000001,291.3496,False,2026-12-31T00:00:00Z,"[""82372860658078812057517537953021899304642795009360311317612603092249155381306"", ""57223012266464245266839675780957317879090160010651034893998916597847988309790""]",https://polymarket.com/market/will-donald-trump-visit-south-korea-in-2026
665268,will-donald-trump-visit-russia-in-2026,Will Donald Trump visit Russia in 2026?,Will Donald Trump visit Russia in 2026?,"If U.S. President Donald Trump visits a listed country between January 1 and December 31, 2026 11:59 PM ET, the relevant market will resolve to ""Yes"". Otherwise, this market will resolve to ""No"".

For the purpose of this market, a ""visit"" is defined as Trump physically entering the terrestrial or maritime territory of the listed country. Whether or not Trump enters the country's airspace during the timeframe of this market will have no bearing on a positive resolution.

The primary resolution source for this information will be official information from government of the United States of America, official information from Trump or released by his verified social media accounts (e.g. https://twitter.com/POTUS), however, a consensus of credible reporting will also be used.",,,which-countries-will-donald-trump-visit-in-2026,Which countries will Donald Trump visit in 2026?,11732.502478,825.49044,False,2026-12-31T00:00:00Z,"[""112508281453536200556149529390707211810985606665838848298111320297159965804567"", ""99184284138633652922737399823375462966721516034564704410239248559932940923574""]",https://polymarket.com/market/will-donald-trump-visit-russia-in-2026
665269,will-donald-trump-visit-ukraine-in-2026,Will Donald Trump visit Ukraine in 2026?,Will Donald Trump visit Ukraine in 2026?,"If U.S. President Donald Trump visits a listed country between January 1 and December 31, 2026 11:59 PM ET, the relevant market will resolve to ""Yes"". Otherwise, this market will resolve to ""No"".

For the purpose of this market, a ""visit"" is defined as Trump physically entering the terrestrial or maritime territory of the listed country. Whether or not Trump enters the country's airspace during the timeframe of this market will have no bearing on a positive resolution.

The primary resolution source for this information will be official information from government of the United States of America, official information from Trump or released by his verified social media accounts (e.g. https://twitter.com/POTUS), however, a consensus of credible reporting will also be used.",,,which-countries-will-donald-trump-visit-in-2026,Which countries will Donald Trump visit in 2026?,7154.222529,409.066,False,2026-12-31T00:00:00Z,"[""84657015257932668285272367496779838311818301379358465876412899156311513547704"", ""51922042763084792744139923579370192689829510770139032200009392581421725559291""]",https://polymarket.com/market/will-donald-trump-visit-ukraine-in-2026
665270,will-donald-trump-visit-taiwan-in-2026,Will Donald Trump visit Taiwan in 2026?,Will Donald Trump visit Taiwan in 2026?,"If U.S. President Donald Trump visits a listed country between January 1 and December 31, 2026 11:59 PM ET, the relevant market will resolve to ""Yes"". Otherwise, this market will resolve to ""No"".

For the purpose of this market, a ""visit"" is defined as Trump physically entering the terrestrial or maritime territory of the listed country. Whether or not Trump enters the country's airspace during the timeframe of this market will have no bearing on a positive resolution.

The primary resolution source for this information will be official information from government of the United States of America, official information from Trump or released by his verified social media accounts (e.g. https://twitter.com/POTUS), however, a consensus of credible reporting will also be used.",,,which-countries-will-donald-trump-visit-in-2026,Which countries will Donald Trump visit in 2026?,84991.375792,1606.00735,False,2026-12-31T00:00:00Z,"[""109935119827597597754008718880016120913965810481393706247560065379293680289585"", ""107335167713423773973447605599790535579211847383082853080503338846150211532025""]",https://polymarket.com/market/will-donald-trump-visit-taiwan-in-2026
665272,will-donald-trump-visit-italy-in-2026,Will Donald Trump visit Italy in 2026?,Will Donald Trump visit Italy in 2026?,"If U.S. President Donald Trump visits a listed country between January 1 and December 31, 2026 11:59 PM ET, the relevant market will resolve to ""Yes"". Otherwise, this market will resolve to ""No"".

For the purpose of this market, a ""visit"" is defined as Trump physically entering the terrestrial or maritime territory of the listed country. Whether or not Trump enters the country's airspace during the timeframe of this market will have no bearing on a positive resolution.

The primary resolution source for this information will be official information from government of the United States of America, official information from Trump or released by his verified social media accounts (e.g. https://twitter.com/POTUS), however, a consensus of credible reporting will also be used.",,,which-countries-will-donald-trump-visit-in-2026,Which countries will Donald Trump visit in 2026?,30505.60926999999,193.6456,False,2026-12-31T00:00:00Z,"[""27284392400859825331402412078091265533988427462829881988484741909722325452392"", ""49227794696905679659471002156496461178454320777626996465260295881542287805564""]",https://polymarket.com/market/will-donald-trump-visit-italy-in-2026
665273,will-donald-trump-visit-oman-in-2026,Will Donald Trump visit Oman in 2026?,Will Donald Trump visit Oman in 2026?,"If U.S. President Donald Trump visits a listed country between January 1 and December 31, 2026 11:59 PM ET, the relevant market will resolve to ""Yes"". Otherwise, this market will resolve to ""No"".

For the purpose of this market, a ""visit"" is defined as Trump physically entering the terrestrial or maritime territory of the listed country. Whether or not Trump enters the country's airspace during the timeframe of this market will have no bearing on a positive resolution.

The primary resolution source for this information will be official information from government of the United States of America, official information from Trump or released by his verified social media accounts (e.g. https://twitter.com/POTUS), however, a consensus of credible reporting will also be used.",,,which-countries-will-donald-trump-visit-in-2026,Which countries will Donald Trump visit in 2026?,3078.9715290000004,169.118,False,2026-12-31T00:00:00Z,"[""105466163642430976608196989060940216251674654034265617334214652142164405242602"", ""56681468879303183297029623501642162466813525616761295162811484270685509641554""]",https://polymarket.com/market/will-donald-trump-visit-oman-in-2026
