market_id,market_slug,market_name,question,description,category,tags,event_slug,event_title,volume,liquidity,closed,close_time,clob_token_ids,market_url
540817,new-rhianna-album-before-gta-vi-926,New Rihanna Album before GTA VI?,New Rihanna Album before GTA VI?,"This market will resolve to ""Yes"" if Rihanna officially releases a new album before Grand Theft Auto VI is officially released in the US. Otherwise, this market will resolve to ""No"".

If neither occurs by July 31, 2026, 11:59 PM ET, this market will resolve to 50-50.

For the purposes of this market, ""release"" refers to the game becoming publicly available for purchase or download in the US. Early access, beta versions, other forms of pre-release availability, or leaks will not count as an official release. If the release is only for certain consoles (e.g. Xbox Series X/S) it will count.

The resolution source for the release of GTA VI is official information from Rockstar Games or its parent company, Take-Two Interactive.

Officially released means that a newly released album is officially available for download or streaming (not including live events) by the resolution date.

Re-releases, deluxe editions, compilations, or greatest hits albums will not count, unless they contain at least 50% tracks that have never been officially released in any format prior to the album's release.

The resolution source for the album release will be any official streaming or download site, e.g. Apple Music or Spotify.",,,what-will-happen-before-gta-vi,What will happen before GTA VI?,858563.9176010154,18410.091,False,2026-07-31T12:00:00Z,"[""98022490269692409998126496127597032490334070080325855126491859374983463996227"", ""53831553061883006530739877284105938919721408776239639687877978808906551086026""]",https://polymarket.com/market/new-rhianna-album-before-gta-vi-926
540818,new-playboi-carti-album-before-gta-vi-421,New Playboi Carti Album before GTA VI?,New Playboi Carti Album before GTA VI?,"This market will resolve to ""Yes"" if Playboi Carti officially releases a new album before Grand Theft Auto VI is officially released in the US. Otherwise, this market will resolve to ""No"".

If neither occurs by July 31, 2026, 11:59 PM ET, this market will resolve to 50-50.

For the purposes of this market, ""release"" refers to the game becoming publicly available for purchase or download in the US. Early access, beta versions, other forms of pre-release availability, or leaks will not count as an official release. If the release is only for certain consoles (e.g. Xbox Series X/S) it will count.

The resolution source for the release of GTA VI is official information from Rockstar Games or its parent company, Take-Two Interactive.

Officially released means that a newly released album is officially available for download or streaming (not including live events) by the resolution date.

Re-releases, deluxe editions, compilations, or greatest hits albums will not count, unless they contain at least 50% tracks that have never been officially released in any format prior to the album's release.

The resolution source for the album release will be any official streaming or download site, e.g. Apple Music or Spotify.",,,what-will-happen-before-gta-vi,What will happen before GTA VI?,748945.8117119462,11196.6648,False,2026-07-31T12:00:00Z,"[""88275040060084773376557187972215267513049848642895776801789297917961077894224"", ""94376205816022955542979635542279932967359915765455578534002478996104754801969""]",https://polymarket.com/market/new-playboi-carti-album-before-gta-vi-421
540819,will-jesus-christ-return-before-gta-vi-665,Will Jesus Christ return before GTA VI?,Will Jesus Christ return before GTA VI?,"This market will resolve to ""Yes"" if The Second Coming of Jesus Christ occurs before Grand Theft Auto VI is officially released in the US. Otherwise, this market will resolve to ""No"".

If neither occurs by July 31, 2026, 11:59 PM ET, this market will resolve to 50-50.

For the purposes of this market, ""release"" refers to the game becoming publicly available for purchase or download in the US. Early access, beta versions, other forms of pre-release availability, or leaks will not count as an official release. If the release is only for certain consoles (e.g. Xbox Series X/S) it will count.

The resolution source for the release of GTA VI is official information from Rockstar Games or its parent company, Take-Two Interactive.

The resolution source for the return of Jesus will be a consensus of credible sources.",,,what-will-happen-before-gta-vi,What will happen before GTA VI?,11824192.246161722,297179.7439,False,2026-07-31T12:00:00Z,"[""90435811253665578014957380826505992530054077692143838383981805324273750424057"", ""92388629082681805622801622703528982922543286352927708208755887536971583436902""]",https://polymarket.com/market/will-jesus-christ-return-before-gta-vi-665
540820,trump-out-as-president-before-gta-vi-846,Trump out as President before GTA VI?,Trump out as President before GTA VI?,"This market will resolve to ""Yes"" if Donald Trump ceases to be the President of the U.S. for any period of time before Grand Theft Auto VI is officially released in the US. Otherwise, this market will resolve to ""No"".

If neither occurs by July 31, 2026, 11:59 PM ET, this market will resolve to 50-50.

For the purposes of this market, ""release"" refers to the game becoming publicly available for purchase or download in the US. Early access, beta versions, other forms of pre-release availability, or leaks will not count as an official release. If the release is only for certain consoles (e.g. Xbox Series X/S) it will count.

The resolution source for the release of GTA VI is official information from Rockstar Games or its parent company, Take-Two Interactive.

An announcement of Trump's resignation/removal, or a scheduled departure from office due to the outcome of an election will not alone qualify.

Only permanent removal from office will qualify for resolution. Temporary removals, such as temporary invocation of the 25th Amendment, will not count.

The resolution source for Trump leaving the presidency will be a consensus of credible reporting.
",,,what-will-happen-before-gta-vi,What will happen before GTA VI?,696893.4049410089,59616.5422,False,2026-07-31T12:00:00Z,"[""108999723207897941876452935557011604067917389120996960199512481363958770540884"", ""64533579809297525579033609963634939501013332859992608996100633472507000251907""]",https://polymarket.com/market/trump-out-as-president-before-gta-vi-846
540843,will-china-invades-taiwan-before-gta-vi-716-644,Will China invades Taiwan before GTA VI?,Will China invades Taiwan before GTA VI?,"This market will resolve to ""Yes"" if China commences a military offensive intended to establish control over any portion of the Republic of China (Taiwan) before Grand Theft Auto VI is officially released in the US. Otherwise, this market will resolve to ""No"".

If neither occurs by July 31, 2026, 11:59 PM ET, this market will resolve to 50-50.

For the purposes of this market, ""release"" refers to the game becoming publicly available for purchase or download in the US. Early access, beta versions, other forms of pre-release availability, or leaks will not count as an official release. If the release is only for certain consoles (e.g. Xbox Series X/S) it will count.

The resolution source for the release of GTA VI is official information from Rockstar Games or its parent company, Take-Two Interactive.

An announcement of Trump's resignation/removal, or a scheduled departure from office due to the outcome of an election will not alone qualify.

Territory under the administration of the Republic of China including any inhabited islands will qualify, however uninhabited islands will not qualify.

The resolution source for China invading Taiwan will be will be official confirmation by China, Taiwan, the United Nations, or any permanent member of the UN Security Council, however a consensus of credible reporting will also be use
",,,what-will-happen-before-gta-vi,What will happen before GTA VI?,1908462.2321200683,62791.2728,False,2026-07-31T12:00:00Z,"[""21695138873211375451055566770107682325494206727818897067665810321709249824909"", ""17516427576383382756368467656206258206490015951115433065318503962238754362428""]",https://polymarket.com/market/will-china-invades-taiwan-before-gta-vi-716-644
540844,will-bitcoin-hit-1m-before-gta-vi-872-424,Will bitcoin hit $1m before GTA VI?,Will bitcoin hit $1m before GTA VI?,"This market will resolve to ""Yes"" if any Binance 1 minute candle for Bitcoin (BTCUSDT) has a final ""High"" price of $1,000,000 or higher before Grand Theft Auto VI is officially released in the US. Otherwise, this market will resolve to ""No"".

If neither occurs by July 31, 2026, 11:59 PM ET, this market will resolve to 50-50.

For the purposes of this market, ""release"" refers to the game becoming publicly available for purchase or download in the US. Early access, beta versions, other forms of pre-release availability, or leaks will not count as an official release. If the release is only for certain consoles (e.g. Xbox Series X/S) it will count.

The resolution source for the release of GTA VI is official information from Rockstar Games or its parent company, Take-Two Interactive.

The resolution source for Bitcoin is Binance, specifically the BTCUSDT ""High"" prices available at https://www.binance.com/en/trade/BTC_USDT, with the chart settings on ""1m"" for one-minute candles selected on the top bar.

Please note that the outcome of this market depends solely on the price data from the Binance BTCUSDT trading pair. Prices from other exchanges, different trading pairs, or spot markets will not be considered for the resolution of this market.",,,what-will-happen-before-gta-vi,What will happen before GTA VI?,4666333.27535678,99876.60419,False,2026-07-31T12:00:00Z,"[""105267568073659068217311993901927962476298440625043565106676088842803600775810"", ""91863162118308663069733924043159186005106558783397508844234610341221325526200""]",https://polymarket.com/market/will-bitcoin-hit-1m-before-gta-vi-872-424
544092,will-harvey-weinstein-be-sentenced-to-no-prison-time,Will Harvey Weinstein be sentenced to no prison time?,Will Harvey Weinstein be sentenced to no prison time?,"This market will resolve according to the prison sentence, if any, imposed on Harvey Weinstein as part of his ongoing New York retrial (People of the State of New York v. Harvey Weinstein) by July 31, 2026, 11:59 PM ET.

This market will resolve immediately based on the first sentence rendered in this case, regardless of any appeals. If Weinstein is found not guilty, there is a mistrial, or if the first sentencing does not include any jail or prison time, this market will resolve to ""No Prison Time.""

If no sentencing takes place by July 31, 2026, 11:59 PM ET, this market will also resolve to ""No Prison Time.""

If the sentence falls exactly between two brackets, then this market will resolve to the higher range bracket.

For the purposes of this market, it does not matter whether the sentence is concurrent or consecutive to any existing sentence Weinstein is already serving. The market will resolve based on the total prison sentence imposed in this case.

The primary resolution source for this market will be official information from the New York court system or other involved U.S. government sources; however, a consensus of credible reporting may also be used.",,,harvey-weinstein-prison-time,Harvey Weinstein prison time?,391006.1010860027,3329.25477,False,2025-12-31T12:00:00Z,"[""24327803960645909378149041810697343640752122608192367041827900158592826352552"", ""86488478623677188352872801318507143761188967461168408688159600382919967378486""]",https://polymarket.com/market/will-harvey-weinstein-be-sentenced-to-no-prison-time
544093,will-harvey-weinstein-be-sentenced-to-less-than-5-years-in-prison,Will Harvey Weinstein be sentenced to less than 5 years in prison?,Will Harvey Weinstein be sentenced to less than 5 years in prison?,"This market will resolve according to the prison sentence, if any, imposed on Harvey Weinstein as part of his ongoing New York retrial (People of the State of New York v. Harvey Weinstein) by July 31, 2026, 11:59 PM ET.

This market will resolve immediately based on the first sentence rendered in this case, regardless of any appeals. If Weinstein is found not guilty, there is a mistrial, or if the first sentencing does not include any jail or prison time, this market will resolve to ""No Prison Time.""

If no sentencing takes place by July 31, 2026, 11:59 PM ET, this market will also resolve to ""No Prison Time.""

If the sentence falls exactly between two brackets, then this market will resolve to the higher range bracket.

For the purposes of this market, it does not matter whether the sentence is concurrent or consecutive to any existing sentence Weinstein is already serving. The market will resolve based on the total prison sentence imposed in this case.

The primary resolution source for this market will be official information from the New York court system or other involved U.S. government sources; however, a consensus of credible reporting may also be used.",,,harvey-weinstein-prison-time,Harvey Weinstein prison time?,147633.3548330003,3576.2949,False,2025-12-31T12:00:00Z,"[""77166477669007661974218999697956080000161736671391584414287437514245884953047"", ""47055352475798285920984907840917431698812931301054546103955312973973172985230""]",https://polymarket.com/market/will-harvey-weinstein-be-sentenced-to-less-than-5-years-in-prison
544094,will-harvey-weinstein-be-sentenced-to-between-5-and-10-years-in-prison,Will Harvey Weinstein be sentenced to between 5 and 10 years in prison?,Will Harvey Weinstein be sentenced to between 5 and 10 years in prison?,"This market will resolve according to the prison sentence, if any, imposed on Harvey Weinstein as part of his ongoing New York retrial (People of the State of New York v. Harvey Weinstein) by July 31, 2026, 11:59 PM ET.

This market will resolve immediately based on the first sentence rendered in this case, regardless of any appeals. If Weinstein is found not guilty, there is a mistrial, or if the first sentencing does not include any jail or prison time, this market will resolve to ""No Prison Time.""

If no sentencing takes place by July 31, 2026, 11:59 PM ET, this market will also resolve to ""No Prison Time.""

If the sentence falls exactly between two brackets, then this market will resolve to the higher range bracket.

For the purposes of this market, it does not matter whether the sentence is concurrent or consecutive to any existing sentence Weinstein is already serving. The market will resolve based on the total prison sentence imposed in this case.

The primary resolution source for this market will be official information from the New York court system or other involved U.S. government sources; however, a consensus of credible reporting may also be used.",,,harvey-weinstein-prison-time,Harvey Weinstein prison time?,97048.23046500061,2831.98483,False,2025-12-31T12:00:00Z,"[""8585617872562550075367684165842985213222082790621129799520234539666057750015"", ""103705222348348023632358209307161171933864556870678885035120650593331360918837""]",https://polymarket.com/market/will-harvey-weinstein-be-sentenced-to-between-5-and-10-years-in-prison
544095,will-harvey-weinstein-be-sentenced-to-between-10-and-20-years-in-prison,Will Harvey Weinstein be sentenced to between 10 and 20 years in prison?,Will Harvey Weinstein be sentenced to between 10 and 20 years in prison?,"This market will resolve according to the prison sentence, if any, imposed on Harvey Weinstein as part of his ongoing New York retrial (People of the State of New York v. Harvey Weinstein) by July 31, 2026, 11:59 PM ET.

This market will resolve immediately based on the first sentence rendered in this case, regardless of any appeals. If Weinstein is found not guilty, there is a mistrial, or if the first sentencing does not include any jail or prison time, this market will resolve to ""No Prison Time.""

If no sentencing takes place by July 31, 2026, 11:59 PM ET, this market will also resolve to ""No Prison Time.""

If the sentence falls exactly between two brackets, then this market will resolve to the higher range bracket.

For the purposes of this market, it does not matter whether the sentence is concurrent or consecutive to any existing sentence Weinstein is already serving. The market will resolve based on the total prison sentence imposed in this case.

The primary resolution source for this market will be official information from the New York court system or other involved U.S. government sources; however, a consensus of credible reporting may also be used.",,,harvey-weinstein-prison-time,Harvey Weinstein prison time?,179190.19910799942,3387.62557,False,2025-12-31T12:00:00Z,"[""15540133404064485946536607974212890170021691204987131841181394872998839987451"", ""63603874958591978684257718702104189214159397118281244112857573557732401361881""]",https://polymarket.com/market/will-harvey-weinstein-be-sentenced-to-between-10-and-20-years-in-prison
544096,will-harvey-weinstein-be-sentenced-to-between-20-and-30-years-in-prison,Will Harvey Weinstein be sentenced to between 20 and 30 years in prison?,Will Harvey Weinstein be sentenced to between 20 and 30 years in prison?,"This market will resolve according to the prison sentence, if any, imposed on Harvey Weinstein as part of his ongoing New York retrial (People of the State of New York v. Harvey Weinstein) by July 31, 2026, 11:59 PM ET.

This market will resolve immediately based on the first sentence rendered in this case, regardless of any appeals. If Weinstein is found not guilty, there is a mistrial, or if the first sentencing does not include any jail or prison time, this market will resolve to ""No Prison Time.""

If no sentencing takes place by July 31, 2026, 11:59 PM ET, this market will also resolve to ""No Prison Time.""

If the sentence falls exactly between two brackets, then this market will resolve to the higher range bracket.

For the purposes of this market, it does not matter whether the sentence is concurrent or consecutive to any existing sentence Weinstein is already serving. The market will resolve based on the total prison sentence imposed in this case.

The primary resolution source for this market will be official information from the New York court system or other involved U.S. government sources; however, a consensus of credible reporting may also be used.",,,harvey-weinstein-prison-time,Harvey Weinstein prison time?,217987.6546909998,2461.60372,False,2025-12-31T12:00:00Z,"[""40689385937970031985272152180777653235879119412231903065658922913468759560353"", ""109223657334725476924710634471321315385389367621714474291402615707818729630121""]",https://polymarket.com/market/will-harvey-weinstein-be-sentenced-to-between-20-and-30-years-in-prison
544097,will-harvey-weinstein-be-sentenced-to-more-than-30-years-in-prison,Will Harvey Weinstein be sentenced to more than 30 years in prison?,Will Harvey Weinstein be sentenced to more than 30 years in prison?,"This market will resolve according to the prison sentence, if any, imposed on Harvey Weinstein as part of his ongoing New York retrial (People of the State of New York v. Harvey Weinstein) by July 31, 2026, 11:59 PM ET.

This market will resolve immediately based on the first sentence rendered in this case, regardless of any appeals. If Weinstein is found not guilty, there is a mistrial, or if the first sentencing does not include any jail or prison time, this market will resolve to ""No Prison Time.""

If no sentencing takes place by July 31, 2026, 11:59 PM ET, this market will also resolve to ""No Prison Time.""

If the sentence falls exactly between two brackets, then this market will resolve to the higher range bracket.

For the purposes of this market, it does not matter whether the sentence is concurrent or consecutive to any existing sentence Weinstein is already serving. The market will resolve based on the total prison sentence imposed in this case.

The primary resolution source for this market will be official information from the New York court system or other involved U.S. government sources; however, a consensus of credible reporting may also be used.",,,harvey-weinstein-prison-time,Harvey Weinstein prison time?,92387.2018,2160.99583,False,2025-12-31T12:00:00Z,"[""87036266705700330884624690101790543034325645582506946990660049003915176778714"", ""26608800110066527607246656145735191327716408714826934367635297922290688100618""]",https://polymarket.com/market/will-harvey-weinstein-be-sentenced-to-more-than-30-years-in-prison
558934,will-spain-win-the-2026-fifa-world-cup-963,Will Spain win the 2026 FIFA World Cup?,Will Spain win the 2026 FIFA World Cup?,"This market will resolve according to the national team that wins the 2026 FIFA World Cup.

If at any point it becomes impossible for this team to win the FIFA World Cup based on the rules of FIFA (e.g., they are eliminated in the knockout stage), this market will resolve immediately to “No”.

If the 2026 FIFA World Cup is permanently canceled or has not been completed by October 13, 2026, 11:59 PM this market will resolve to “Other”.

The primary resolution source will be official information from FIFA, however, a consensus of credible reporting may also be used.",,,world-cup-winner,World Cup Winner ,120874202.09045428,6209927.23884,False,2026-07-20T00:00:00Z,"[""4394372887385518214471608448209527405727552777602031099972143344338178308080"", ""112680630004798425069810935278212000865453267506345451433803052322987302357330""]",https://polymarket.com/market/will-spain-win-the-2026-fifa-world-cup-963
558938,will-argentina-win-the-2026-fifa-world-cup-245,Will Argentina win the 2026 FIFA World Cup?,Will Argentina win the 2026 FIFA World Cup?,"This market will resolve according to the national team that wins the 2026 FIFA World Cup.

If at any point it becomes impossible for this team to win the FIFA World Cup based on the rules of FIFA (e.g., they are eliminated in the knockout stage), this market will resolve immediately to “No”.

If the 2026 FIFA World Cup is permanently canceled or has not been completed by October 13, 2026, 11:59 PM this market will resolve to “Other”.

The primary resolution source will be official information from FIFA, however, a consensus of credible reporting may also be used.",,,world-cup-winner,World Cup Winner ,152060708.49849296,6145013.67189,False,2026-07-20T00:00:00Z,"[""18812649149814341758733697580460697418474693998558159483117100240528657629879"", ""115428153746996892211798999366308897078723117634059783423375188043903703749062""]",https://polymarket.com/market/will-argentina-win-the-2026-fifa-world-cup-245
559651,xi-jinping-out-before-2027,Xi Jinping out before 2027?,Xi Jinping out before 2027?,"This market will resolve to ""Yes"" if China's General Secretary of the Communist Party, Xi Jinping, is removed from power for any length of time between July 3, 2025, and December 31, 2026, 11:59 PM ET. Otherwise, this market will resolve to ""No"".

CCP General Secretary Xi Jinping will be considered removed from power if he announces his resignation from his role as General Secretary, or is otherwise dismissed, detained, disqualified, or otherwise loses his position or is prevented from fulfilling his duties as General Secretary within this market's timeframe.

The primary resolution source for this market will be a consensus of credible reporting.",,,xi-jinping-out-before-2027,Xi Jinping out before 2027?,11351113.681297956,203646.59011,False,2026-12-31T00:00:00Z,"[""32338220190071351435772801779725302244575775216413325951443816017994629993401"", ""25659310674993675562345759665114759892400026242514633218387667107987341231962""]",https://polymarket.com/market/xi-jinping-out-before-2027
559652,will-gavin-newsom-win-the-2028-democratic-presidential-nomination-568,Will Gavin Newsom win the 2028 Democratic presidential nomination?,Will Gavin Newsom win the 2028 Democratic presidential nomination?,"This market will resolve to “Yes” if the named individual wins and accepts the 2028 nomination of the Democratic Party for U.S. president. Otherwise, this market will resolve to “No”.

The resolution source for this market will be a consensus of official Democratic Party sources.

Any replacement of the democratic nominee before election day will not change the resolution of the market.",,,democratic-presidential-nominee-2028,Democratic Presidential Nominee 2028,26470061.851192307,410818.04914,False,2028-11-07T00:00:00Z,"[""54533043819946592547517511176940999955633860128497669742211153063842200957669"", ""87854174148074652060467921081181402357467303721471806610111179101805869578687""]",https://polymarket.com/market/will-gavin-newsom-win-the-2028-democratic-presidential-nomination-568
559653,will-alexandria-ocasio-cortez-win-the-2028-democratic-presidential-nomination-653,Will Alexandria Ocasio-Cortez win the 2028 Democratic presidential nomination?,Will Alexandria Ocasio-Cortez win the 2028 Democratic presidential nomination?,"This market will resolve to “Yes” if the named individual wins and accepts the 2028 nomination of the Democratic Party for U.S. president. Otherwise, this market will resolve to “No”.

The resolution source for this market will be a consensus of official Democratic Party sources.

Any replacement of the democratic nominee before election day will not change the resolution of the market.",,,democratic-presidential-nominee-2028,Democratic Presidential Nominee 2028,13947922.507138142,318885.58863,False,2028-11-07T00:00:00Z,"[""107064985435494333113391038470401719113272800530429703182710416066774068907304"", ""65176072261324737856085688071627118509549293922582857186996392180609764586527""]",https://polymarket.com/market/will-alexandria-ocasio-cortez-win-the-2028-democratic-presidential-nomination-653
559654,will-pete-buttigieg-win-the-2028-democratic-presidential-nomination-687,Will Pete Buttigieg win the 2028 Democratic presidential nomination?,Will Pete Buttigieg win the 2028 Democratic presidential nomination?,"This market will resolve to “Yes” if the named individual wins and accepts the 2028 nomination of the Democratic Party for U.S. president. Otherwise, this market will resolve to “No”.

The resolution source for this market will be a consensus of official Democratic Party sources.

Any replacement of the democratic nominee before election day will not change the resolution of the market.",,,democratic-presidential-nominee-2028,Democratic Presidential Nominee 2028,11596353.266318588,392293.90012,False,2028-11-07T00:00:00Z,"[""91031279171981959197361710127213577102576826515163085396576756946418341946256"", ""18494065527924073750217237765784380365430319396356251245973222791140100738948""]",https://polymarket.com/market/will-pete-buttigieg-win-the-2028-democratic-presidential-nomination-687
559655,will-josh-shapiro-win-the-2028-democratic-presidential-nomination-977,Will Josh Shapiro win the 2028 Democratic presidential nomination?,Will Josh Shapiro win the 2028 Democratic presidential nomination?,"This market will resolve to “Yes” if the named individual wins and accepts the 2028 nomination of the Democratic Party for U.S. president. Otherwise, this market will resolve to “No”.

The resolution source for this market will be a consensus of official Democratic Party sources.

Any replacement of the democratic nominee before election day will not change the resolution of the market.",,,democratic-presidential-nominee-2028,Democratic Presidential Nominee 2028,9142418.59329016,422515.34569,False,2028-11-07T00:00:00Z,"[""71169839497420596285841847514123589847893415750912355173877524195175834054354"", ""55290827599553280245963175724940496753557722439999671239772487781170052583987""]",https://polymarket.com/market/will-josh-shapiro-win-the-2028-democratic-presidential-nomination-977
559656,will-wes-moore-win-the-2028-democratic-presidential-nomination-714,Will Wes Moore win the 2028 Democratic presidential nomination?,Will Wes Moore win the 2028 Democratic presidential nomination?,"This market will resolve to “Yes” if the named individual wins and accepts the 2028 nomination of the Democratic Party for U.S. president. Otherwise, this market will resolve to “No”.

The resolution source for this market will be a consensus of official Democratic Party sources.

Any replacement of the democratic nominee before election day will not change the resolution of the market.",,,democratic-presidential-nominee-2028,Democratic Presidential Nominee 2028,16844782.030675963,695276.75097,False,2028-11-07T00:00:00Z,"[""90227223115596293448966158151606153337847900483048338623540402385929720677904"", ""105134691322323565615831879054043168027913414000042547943201361115853277749482""]",https://polymarket.com/market/will-wes-moore-win-the-2028-democratic-presidential-nomination-714
559657,will-stephen-a-smith-win-the-2028-democratic-presidential-nomination-914,Will Stephen A. Smith win the 2028 Democratic presidential nomination?,Will Stephen A. Smith win the 2028 Democratic presidential nomination?,"This market will resolve to “Yes” if the named individual wins and accepts the 2028 nomination of the Democratic Party for U.S. president. Otherwise, this market will resolve to “No”.

The resolution source for this market will be a consensus of official Democratic Party sources.

Any replacement of the democratic nominee before election day will not change the resolution of the market.",,,democratic-presidential-nominee-2028,Democratic Presidential Nominee 2028,21440897.483584136,1288267.55085,False,2028-11-07T00:00:00Z,"[""60590045489347122735554346200880179420435533609307820342798544098823516727807"", ""76005700027045000587004110133818166617024719626220722682005164003117993034812""]",https://polymarket.com/market/will-stephen-a-smith-win-the-2028-democratic-presidential-nomination-914
559658,will-kamala-harris-win-the-2028-democratic-presidential-nomination-641,Will Kamala Harris win the 2028 Democratic presidential nomination?,Will Kamala Harris win the 2028 Democratic presidential nomination?,"This market will resolve to “Yes” if the named individual wins and accepts the 2028 nomination of the Democratic Party for U.S. president. Otherwise, this market will resolve to “No”.

The resolution source for this market will be a consensus of official Democratic Party sources.

Any replacement of the democratic nominee before election day will not change the resolution of the market.",,,democratic-presidential-nominee-2028,Democratic Presidential Nominee 2028,12552556.639963929,295135.14589,False,2028-11-07T00:00:00Z,"[""38171024903091354977195167437673496224420673639143973968032407064172828043588"", ""26930844951471612827925270830087046333229637930899178134435055616497220846773""]",https://polymarket.com/market/will-kamala-harris-win-the-2028-democratic-presidential-nomination-641
559659,will-gretchen-whitmer-win-the-2028-democratic-presidential-nomination-676,Will Gretchen Whitmer win the 2028 Democratic presidential nomination?,Will Gretchen Whitmer win the 2028 Democratic presidential nomination?,"This market will resolve to “Yes” if the named individual wins and accepts the 2028 nomination of the Democratic Party for U.S. president. Otherwise, this market will resolve to “No”.

The resolution source for this market will be a consensus of official Democratic Party sources.

Any replacement of the democratic nominee before election day will not change the resolution of the market.",,,democratic-presidential-nominee-2028,Democratic Presidential Nominee 2028,10929040.472077992,879980.19308,False,2028-11-07T00:00:00Z,"[""57761428076807364758801249497410455358987881775226117256631754592198558850468"", ""64300336035644500626313522990854070672468621241744347587785777226296613235598""]",https://polymarket.com/market/will-gretchen-whitmer-win-the-2028-democratic-presidential-nomination-676
559660,will-andy-beshear-win-the-2028-democratic-presidential-nomination-832,Will Andy Beshear win the 2028 Democratic presidential nomination?,Will Andy Beshear win the 2028 Democratic presidential nomination?,"This market will resolve to “Yes” if the named individual wins and accepts the 2028 nomination of the Democratic Party for U.S. president. Otherwise, this market will resolve to “No”.

The resolution source for this market will be a consensus of official Democratic Party sources.

Any replacement of the democratic nominee before election day will not change the resolution of the market.",,,democratic-presidential-nominee-2028,Democratic Presidential Nominee 2028,12784811.67137993,431262.88185,False,2028-11-07T00:00:00Z,"[""26468656392978559668331516709623917078428425933265692717836103090220693717685"", ""26335362363448644358593284423242327477307616743233875606762153873424287882825""]",https://polymarket.com/market/will-andy-beshear-win-the-2028-democratic-presidential-nomination-832
559661,will-jon-ossoff-win-the-2028-democratic-presidential-nomination-885,Will Jon Ossoff win the 2028 Democratic presidential nomination?,Will Jon Ossoff win the 2028 Democratic presidential nomination?,"This market will resolve to “Yes” if the named individual wins and accepts the 2028 nomination of the Democratic Party for U.S. president. Otherwise, this market will resolve to “No”.

The resolution source for this market will be a consensus of official Democratic Party sources.

Any replacement of the democratic nominee before election day will not change the resolution of the market.",,,democratic-presidential-nominee-2028,Democratic Presidential Nominee 2028,12128230.421291891,292698.82234,False,2028-11-07T00:00:00Z,"[""70071592420137476676935286377781779672157004436137616627487590484756055232944"", ""107829893465244243112531790315844862173967342141753896250561816305880797209350""]",https://polymarket.com/market/will-jon-ossoff-win-the-2028-democratic-presidential-nomination-885
559662,will-mark-cuban-win-the-2028-democratic-presidential-nomination-329,Will Mark Cuban win the 2028 Democratic presidential nomination?,Will Mark Cuban win the 2028 Democratic presidential nomination?,"This market will resolve to “Yes” if the named individual wins and accepts the 2028 nomination of the Democratic Party for U.S. president. Otherwise, this market will resolve to “No”.

The resolution source for this market will be a consensus of official Democratic Party sources.

Any replacement of the democratic nominee before election day will not change the resolution of the market.",,,democratic-presidential-nominee-2028,Democratic Presidential Nominee 2028,22726508.981024653,1881901.62098,False,2028-11-07T00:00:00Z,"[""58378309871183461257693288827678410871907006920578755035402846056315798427503"", ""55392527126713018429304496836617506663024188480522297953714346140749923557790""]",https://polymarket.com/market/will-mark-cuban-win-the-2028-democratic-presidential-nomination-329
559663,will-jb-pritzker-win-the-2028-democratic-presidential-nomination-288,Will J.B. Pritzker win the 2028 Democratic presidential nomination?,Will J.B. Pritzker win the 2028 Democratic presidential nomination?,"This market will resolve to “Yes” if the named individual wins and accepts the 2028 nomination of the Democratic Party for U.S. president. Otherwise, this market will resolve to “No”.

The resolution source for this market will be a consensus of official Democratic Party sources.

Any replacement of the democratic nominee before election day will not change the resolution of the market.",,,democratic-presidential-nominee-2028,Democratic Presidential Nominee 2028,15015039.59862595,537816.12546,False,2028-11-07T00:00:00Z,"[""103988345069738240821107916249290759786442703283901164377120414690701074137717"", ""108650988487983371520585351370999192979899647080710024226285750050382033453124""]",https://polymarket.com/market/will-jb-pritzker-win-the-2028-democratic-presidential-nomination-288
559664,will-raphael-warnock-win-the-2028-democratic-presidential-nomination-914,Will Raphael Warnock win the 2028 Democratic presidential nomination?,Will Raphael Warnock win the 2028 Democratic presidential nomination?,"This market will resolve to “Yes” if the named individual wins and accepts the 2028 nomination of the Democratic Party for U.S. president. Otherwise, this market will resolve to “No”.

The resolution source for this market will be a consensus of official Democratic Party sources.

Any replacement of the democratic nominee before election day will not change the resolution of the market.",,,democratic-presidential-nominee-2028,Democratic Presidential Nominee 2028,31743235.514157325,1824914.73523,False,2028-11-07T00:00:00Z,"[""52310257194926233099477326083312959938983447523839326865869372741334281264830"", ""88403451835230950222119400360490338078378790763472355557584611572247419676051""]",https://polymarket.com/market/will-raphael-warnock-win-the-2028-democratic-presidential-nomination-914
559665,will-corey-booker-win-the-2028-democratic-presidential-nomination-125,Will Cory Booker win the 2028 Democratic presidential nomination?,Will Cory Booker win the 2028 Democratic presidential nomination?,"This market will resolve to “Yes” if the named individual wins and accepts the 2028 nomination of the Democratic Party for U.S. president. Otherwise, this market will resolve to “No”.

The resolution source for this market will be a consensus of official Democratic Party sources.

Any replacement of the democratic nominee before election day will not change the resolution of the market.",,,democratic-presidential-nominee-2028,Democratic Presidential Nominee 2028,25243875.740376923,1900174.80834,False,2028-11-07T00:00:00Z,"[""50887272939612765629559172143901565817521391945540156085421963433918821328137"", ""29006371059590547574472177233842141554614007974283936149779962779213443973844""]",https://polymarket.com/market/will-corey-booker-win-the-2028-democratic-presidential-nomination-125
559666,will-tim-walz-win-the-2028-democratic-presidential-nomination-475,Will Tim Walz win the 2028 Democratic presidential nomination?,Will Tim Walz win the 2028 Democratic presidential nomination?,"This market will resolve to “Yes” if the named individual wins and accepts the 2028 nomination of the Democratic Party for U.S. president. Otherwise, this market will resolve to “No”.

The resolution source for this market will be a consensus of official Democratic Party sources.

Any replacement of the democratic nominee before election day will not change the resolution of the market.",,,democratic-presidential-nominee-2028,Democratic Presidential Nominee 2028,42519597.373478,2780823.92485,False,2028-11-07T00:00:00Z,"[""104464678880204778606895232389511543522030897731392516718349574106843434770446"", ""90935594925886073322524509252821043048115343298080885997215308777385571383769""]",https://polymarket.com/market/will-tim-walz-win-the-2028-democratic-presidential-nomination-475
559667,will-michelle-obama-win-the-2028-democratic-presidential-nomination-777,Will Michelle Obama win the 2028 Democratic presidential nomination?,Will Michelle Obama win the 2028 Democratic presidential nomination?,"This market will resolve to “Yes” if the named individual wins and accepts the 2028 nomination of the Democratic Party for U.S. president. Otherwise, this market will resolve to “No”.

The resolution source for this market will be a consensus of official Democratic Party sources.

Any replacement of the democratic nominee before election day will not change the resolution of the market.",,,democratic-presidential-nominee-2028,Democratic Presidential Nominee 2028,25968230.098530296,2112421.4242,False,2028-11-07T00:00:00Z,"[""83723134981785004242996949681785273460678873813693556756054904164484296299719"", ""107146110974011455665373243296921398136854344089489911087344946921091914123046""]",https://polymarket.com/market/will-michelle-obama-win-the-2028-democratic-presidential-nomination-777
559668,will-mark-kelly-win-the-2028-democratic-presidential-nomination-479,Will Mark Kelly win the 2028 Democratic presidential nomination?,Will Mark Kelly win the 2028 Democratic presidential nomination?,"This market will resolve to “Yes” if the named individual wins and accepts the 2028 nomination of the Democratic Party for U.S. president. Otherwise, this market will resolve to “No”.

The resolution source for this market will be a consensus of official Democratic Party sources.

Any replacement of the democratic nominee before election day will not change the resolution of the market.",,,democratic-presidential-nominee-2028,Democratic Presidential Nominee 2028,16534958.505644454,582993.14027,False,2028-11-07T00:00:00Z,"[""92325249719485031139867422012514654102580961954747753469470405147070256604118"", ""5116999494213083595175041146469973274436003044730013359502912125889113751080""]",https://polymarket.com/market/will-mark-kelly-win-the-2028-democratic-presidential-nomination-479
559669,will-rahm-emanuel-win-the-2028-democratic-presidential-nomination-299,Will Rahm Emanuel win the 2028 Democratic presidential nomination?,Will Rahm Emanuel win the 2028 Democratic presidential nomination?,"This market will resolve to “Yes” if the named individual wins and accepts the 2028 nomination of the Democratic Party for U.S. president. Otherwise, this market will resolve to “No”.

The resolution source for this market will be a consensus of official Democratic Party sources.

Any replacement of the democratic nominee before election day will not change the resolution of the market.",,,democratic-presidential-nominee-2028,Democratic Presidential Nominee 2028,14284299.460527943,735436.83551,False,2028-11-07T00:00:00Z,"[""10521981432803570450946212503203364998108630328528216082760514453664705157397"", ""91949042216127305292438280992722171735754548787382833799906976841509942727662""]",https://polymarket.com/market/will-rahm-emanuel-win-the-2028-democratic-presidential-nomination-299
559670,will-gina-raimondo-win-the-2028-democratic-presidential-nomination-676,Will Gina Raimondo win the 2028 Democratic presidential nomination?,Will Gina Raimondo win the 2028 Democratic presidential nomination?,"This market will resolve to “Yes” if the named individual wins and accepts the 2028 nomination of the Democratic Party for U.S. president. Otherwise, this market will resolve to “No”.

The resolution source for this market will be a consensus of official Democratic Party sources.

Any replacement of the democratic nominee before election day will not change the resolution of the market.",,,democratic-presidential-nominee-2028,Democratic Presidential Nominee 2028,35449285.23319485,2158411.39449,False,2028-11-07T00:00:00Z,"[""35165603539035270209469650915267170915291414186795231160733227083640059691764"", ""82254794773423437491598574581796732934760602553828664932786984448280136473130""]",https://polymarket.com/market/will-gina-raimondo-win-the-2028-democratic-presidential-nomination-676
559671,will-zohran-mamdani-win-the-2028-democratic-presidential-nomination-445,Will Zohran Mamdani win the 2028 Democratic presidential nomination?,Will Zohran Mamdani win the 2028 Democratic presidential nomination?,"This market will resolve to “Yes” if the named individual wins and accepts the 2028 nomination of the Democratic Party for U.S. president. Otherwise, this market will resolve to “No”.

The resolution source for this market will be a consensus of official Democratic Party sources.

Any replacement of the democratic nominee before election day will not change the resolution of the market.",,,democratic-presidential-nominee-2028,Democratic Presidential Nominee 2028,38425583.84718459,2549566.85156,False,2028-11-07T00:00:00Z,"[""19323997520040734631220675039559156784534982703459512097490198935565229528445"", ""111309365336519526711604102518316708823622751854213281307404397618571408959194""]",https://polymarket.com/market/will-zohran-mamdani-win-the-2028-democratic-presidential-nomination-445
559672,will-roy-cooper-win-the-2028-democratic-presidential-nomination-286,Will Roy Cooper win the 2028 Democratic presidential nomination?,Will Roy Cooper win the 2028 Democratic presidential nomination?,"This market will resolve to “Yes” if the named individual wins and accepts the 2028 nomination of the Democratic Party for U.S. president. Otherwise, this market will resolve to “No”.

The resolution source for this market will be a consensus of official Democratic Party sources.

Any replacement of the democratic nominee before election day will not change the resolution of the market.",,,democratic-presidential-nominee-2028,Democratic Presidential Nominee 2028,31157045.117076423,1796592.19868,False,2028-11-07T00:00:00Z,"[""30732552320006664177902085971957467957450485111214036633872573588757974348601"", ""55053374667733007627913689484290555932799177921000957543346276204775142445823""]",https://polymarket.com/market/will-roy-cooper-win-the-2028-democratic-presidential-nomination-286
559673,will-john-fetterman-win-the-2028-democratic-presidential-nomination-941,Will John Fetterman win the 2028 Democratic presidential nomination?,Will John Fetterman win the 2028 Democratic presidential nomination?,"This market will resolve to “Yes” if the named individual wins and accepts the 2028 nomination of the Democratic Party for U.S. president. Otherwise, this market will resolve to “No”.

The resolution source for this market will be a consensus of official Democratic Party sources.

Any replacement of the democratic nominee before election day will not change the resolution of the market.",,,democratic-presidential-nominee-2028,Democratic Presidential Nominee 2028,23969089.17439413,1870235.49252,False,2028-11-07T00:00:00Z,"[""71289010523270989807437428651002770360280908813019627976988032260868574107425"", ""68686505966910102763700888296813272792512562699674656659355148432859571994559""]",https://polymarket.com/market/will-john-fetterman-win-the-2028-democratic-presidential-nomination-941
559674,will-jared-polis-win-the-2028-democratic-presidential-nomination-837,Will Jared Polis win the 2028 Democratic presidential nomination?,Will Jared Polis win the 2028 Democratic presidential nomination?,"This market will resolve to “Yes” if the named individual wins and accepts the 2028 nomination of the Democratic Party for U.S. president. Otherwise, this market will resolve to “No”.

The resolution source for this market will be a consensus of official Democratic Party sources.

Any replacement of the democratic nominee before election day will not change the resolution of the market.",,,democratic-presidential-nominee-2028,Democratic Presidential Nominee 2028,27003790.966946818,958850.98156,False,2028-11-07T00:00:00Z,"[""42119164854283656238382173699154739480090965550328051492328192273011556335098"", ""39150381508679235943386404690610035044747196600759141560840372170757042543675""]",https://polymarket.com/market/will-jared-polis-win-the-2028-democratic-presidential-nomination-837
559675,will-jon-stewart-win-the-2028-democratic-presidential-nomination-518,Will Jon Stewart win the 2028 Democratic presidential nomination?,Will Jon Stewart win the 2028 Democratic presidential nomination?,"This market will resolve to “Yes” if the named individual wins and accepts the 2028 nomination of the Democratic Party for U.S. president. Otherwise, this market will resolve to “No”.

The resolution source for this market will be a consensus of official Democratic Party sources.

Any replacement of the democratic nominee before election day will not change the resolution of the market.",,,democratic-presidential-nominee-2028,Democratic Presidential Nominee 2028,24493933.0344703,262143.19846,False,2028-11-07T00:00:00Z,"[""58343456405874365460518182619380252930558598368174305791768670198253267891911"", ""84566561349071752664514432513198569980219178901068420341175150225620958953893""]",https://polymarket.com/market/will-jon-stewart-win-the-2028-democratic-presidential-nomination-518
559676,will-barack-obama-win-the-2028-democratic-presidential-nomination-265,Will Barack Obama win the 2028 Democratic presidential nomination?,Will Barack Obama win the 2028 Democratic presidential nomination?,"This market will resolve to “Yes” if the named individual wins and accepts the 2028 nomination of the Democratic Party for U.S. president. Otherwise, this market will resolve to “No”.

The resolution source for this market will be a consensus of official Democratic Party sources.

Any replacement of the democratic nominee before election day will not change the resolution of the market.",,,democratic-presidential-nominee-2028,Democratic Presidential Nominee 2028,33680764.56478863,2401481.70727,False,2028-11-07T00:00:00Z,"[""88927218779847397120407909832537568114340511586397698395193736044476021744522"", ""93993883668914241189795812807312922412111034935516092303580333564217329905759""]",https://polymarket.com/market/will-barack-obama-win-the-2028-democratic-presidential-nomination-265
559677,will-hillary-clinton-win-the-2028-democratic-presidential-nomination,Will Hillary Clinton win the 2028 Democratic presidential nomination?,Will Hillary Clinton win the 2028 Democratic presidential nomination?,"This market will resolve to “Yes” if the named individual wins and accepts the 2028 nomination of the Democratic Party for U.S. president. Otherwise, this market will resolve to “No”.

The resolution source for this market will be a consensus of official Democratic Party sources.

Any replacement of the democratic nominee before election day will not change the resolution of the market.",,,democratic-presidential-nominee-2028,Democratic Presidential Nominee 2028,43377457.768798836,2808360.01118,False,2028-11-07T00:00:00Z,"[""6349038249650226718426900942104344803413105653564595362433352811865798195800"", ""57931882677606943294773135604094039468334392354204920135953322654005083822055""]",https://polymarket.com/market/will-hillary-clinton-win-the-2028-democratic-presidential-nomination
559678,will-liz-cheney-win-the-2028-democratic-presidential-nomination-551,Will Liz Cheney win the 2028 Democratic presidential nomination?,Will Liz Cheney win the 2028 Democratic presidential nomination?,"This market will resolve to “Yes” if the named individual wins and accepts the 2028 nomination of the Democratic Party for U.S. president. Otherwise, this market will resolve to “No”.

The resolution source for this market will be a consensus of official Democratic Party sources.

Any replacement of the democratic nominee before election day will not change the resolution of the market.",,,democratic-presidential-nominee-2028,Democratic Presidential Nominee 2028,38177725.8530461,2513901.00899,False,2028-11-07T00:00:00Z,"[""41340056280794024415573839406074658402877379128871144681466050648033201160259"", ""63802361760137863513735993346883582181207639895442036953936089060482564982249""]",https://polymarket.com/market/will-liz-cheney-win-the-2028-democratic-presidential-nomination-551
559679,will-bernie-sanders-win-the-2028-democratic-presidential-nomination-879,Will Bernie Sanders win the 2028 Democratic presidential nomination?,Will Bernie Sanders win the 2028 Democratic presidential nomination?,"This market will resolve to “Yes” if the named individual wins and accepts the 2028 nomination of the Democratic Party for U.S. president. Otherwise, this market will resolve to “No”.

The resolution source for this market will be a consensus of official Democratic Party sources.

Any replacement of the democratic nominee before election day will not change the resolution of the market.",,,democratic-presidential-nominee-2028,Democratic Presidential Nominee 2028,51339449.81699723,1839128.94928,False,2028-11-07T00:00:00Z,"[""113510300123120868861281132282742729065975487298059944817273881893086209196585"", ""3444964147133304300560138317203877470064591148213906708394693248804691192318""]",https://polymarket.com/market/will-bernie-sanders-win-the-2028-democratic-presidential-nomination-879
559680,will-phil-murphy-win-the-2028-democratic-presidential-nomination-611,Will Phil Murphy win the 2028 Democratic presidential nomination?,Will Phil Murphy win the 2028 Democratic presidential nomination?,"This market will resolve to “Yes” if the named individual wins and accepts the 2028 nomination of the Democratic Party for U.S. president. Otherwise, this market will resolve to “No”.

The resolution source for this market will be a consensus of official Democratic Party sources.

Any replacement of the democratic nominee before election day will not change the resolution of the market.",,,democratic-presidential-nominee-2028,Democratic Presidential Nominee 2028,41654807.90190354,2762394.34832,False,2028-11-07T00:00:00Z,"[""81633484456710374417231462107666791993850637546563366185897100962157481970040"", ""114507466536734360808195115190160357255467689128176113085692265197019898971527""]",https://polymarket.com/market/will-phil-murphy-win-the-2028-democratic-presidential-nomination-611
559681,will-lebron-james-win-the-2028-democratic-presidential-nomination,Will LeBron James win the 2028 Democratic presidential nomination?,Will LeBron James win the 2028 Democratic presidential nomination?,"This market will resolve to “Yes” if the named individual wins and accepts the 2028 nomination of the Democratic Party for U.S. president. Otherwise, this market will resolve to “No”.

The resolution source for this market will be a consensus of official Democratic Party sources.

Any replacement of the democratic nominee before election day will not change the resolution of the market.",,,democratic-presidential-nominee-2028,Democratic Presidential Nominee 2028,43583197.391686834,2801006.63505,False,2028-11-07T00:00:00Z,"[""100561779829530520068956424581003844045516012444425572625523659025114550346085"", ""46254744034025107660239982269249567113656697231872036621777316158933638064598""]",https://polymarket.com/market/will-lebron-james-win-the-2028-democratic-presidential-nomination
559682,will-person-a-win-the-2028-democratic-presidential-nomination,Will Hunter Biden win the 2028 Democratic presidential nomination?,Will Hunter Biden win the 2028 Democratic presidential nomination?,"This market will resolve to “Yes” if the named individual wins and accepts the 2028 nomination of the Democratic Party for U.S. president. Otherwise, this market will resolve to “No”.

The resolution source for this market will be a consensus of official Democratic Party sources.

Any replacement of the democratic nominee before election day will not change the resolution of the market.",,,democratic-presidential-nominee-2028,Democratic Presidential Nominee 2028,43551033.568555646,1382772.51205,False,2028-11-07T00:00:00Z,"[""11343337042526652606304508556838778144915122118685013460142819817079620240439"", ""19117858613830240204442128472263675815111662346578092643025820800380629933012""]",https://polymarket.com/market/will-person-a-win-the-2028-democratic-presidential-nomination
559683,will-george-clooney-win-the-2028-democratic-presidential-nomination,Will George Clooney win the 2028 Democratic presidential nomination?,Will George Clooney win the 2028 Democratic presidential nomination?,"This market will resolve to “Yes” if the named individual wins and accepts the 2028 nomination of the Democratic Party for U.S. president. Otherwise, this market will resolve to “No”.

The resolution source for this market will be a consensus of official Democratic Party sources.

Any replacement of the democratic nominee before election day will not change the resolution of the market.",,,democratic-presidential-nominee-2028,Democratic Presidential Nominee 2028,42598704.45027048,2387583.70232,False,2028-11-07T00:00:00Z,"[""48218088132821386640274752564592889805082274744128282833036735027928992155024"", ""5645396948464928632054207670692862818297222862819597089648758232622731040046""]",https://polymarket.com/market/will-george-clooney-win-the-2028-democratic-presidential-nomination
559684,will-chelsea-clinton-win-the-2028-democratic-presidential-nomination,Will Chelsea Clinton win the 2028 Democratic presidential nomination?,Will Chelsea Clinton win the 2028 Democratic presidential nomination?,"This market will resolve to “Yes” if the named individual wins and accepts the 2028 nomination of the Democratic Party for U.S. president. Otherwise, this market will resolve to “No”.

The resolution source for this market will be a consensus of official Democratic Party sources.

Any replacement of the democratic nominee before election day will not change the resolution of the market.",,,democratic-presidential-nominee-2028,Democratic Presidential Nominee 2028,49921869.08439352,694788.9149,False,2028-11-07T00:00:00Z,"[""46211769122513729244602558513001215391004042100934296321661285791281233261657"", ""76057920052421891902791411567177996435483774677774664174053982044923692373687""]",https://polymarket.com/market/will-chelsea-clinton-win-the-2028-democratic-presidential-nomination
559685,will-mrbeast-win-the-2028-democratic-presidential-nomination,Will MrBeast win the 2028 Democratic presidential nomination?,Will MrBeast win the 2028 Democratic presidential nomination?,"This market will resolve to “Yes” if the named individual wins and accepts the 2028 nomination of the Democratic Party for U.S. president. Otherwise, this market will resolve to “No”.

The resolution source for this market will be a consensus of official Democratic Party sources.

Any replacement of the democratic nominee before election day will not change the resolution of the market.",,,democratic-presidential-nominee-2028,Democratic Presidential Nominee 2028,39857552.35709082,2424521.70641,False,2028-11-07T00:00:00Z,"[""51035537065442638321333063915918274102446051033989435618245745345113522914516"", ""93910251767329056141706007839545721784238465183449597462421810827705938093892""]",https://polymarket.com/market/will-mrbeast-win-the-2028-democratic-presidential-nomination
559686,will-dwayne-the-rock-johnson-win-the-2028-democratic-presidential-nomination,Will Dwayne 'The Rock' Johnson win the 2028 Democratic presidential nomination?,Will Dwayne 'The Rock' Johnson win the 2028 Democratic presidential nomination?,"This market will resolve to “Yes” if the named individual wins and accepts the 2028 nomination of the Democratic Party for U.S. president. Otherwise, this market will resolve to “No”.

The resolution source for this market will be a consensus of official Democratic Party sources.

Any replacement of the democratic nominee before election day will not change the resolution of the market.",,,democratic-presidential-nominee-2028,Democratic Presidential Nominee 2028,12274478.79698306,858560.95089,False,2028-11-07T00:00:00Z,"[""40963724357262746498642320898188195118391211877976821531149510360187173789737"", ""14959910401705469574520698331840889689202579612030624016640567510369602599866""]",https://polymarket.com/market/will-dwayne-the-rock-johnson-win-the-2028-democratic-presidential-nomination
559687,will-oprah-winfrey-win-the-2028-democratic-presidential-nomination,Will Oprah Winfrey win the 2028 Democratic presidential nomination?,Will Oprah Winfrey win the 2028 Democratic presidential nomination?,"This market will resolve to “Yes” if the named individual wins and accepts the 2028 nomination of the Democratic Party for U.S. president. Otherwise, this market will resolve to “No”.

The resolution source for this market will be a consensus of official Democratic Party sources.

Any replacement of the democratic nominee before election day will not change the resolution of the market.",,,democratic-presidential-nominee-2028,Democratic Presidential Nominee 2028,54077431.18613604,2788235.54602,False,2028-11-07T00:00:00Z,"[""2213957649161627793381994368131485505647723208738124952452819345058597751695"", ""44046525152074436753629616217525652949736205933417533647338274649282385796755""]",https://polymarket.com/market/will-oprah-winfrey-win-the-2028-democratic-presidential-nomination
559688,will-andrew-yang-win-the-2028-democratic-presidential-nomination,Will Andrew Yang win the 2028 Democratic presidential nomination?,Will Andrew Yang win the 2028 Democratic presidential nomination?,"This market will resolve to “Yes” if the named individual wins and accepts the 2028 nomination of the Democratic Party for U.S. president. Otherwise, this market will resolve to “No”.

The resolution source for this market will be a consensus of official Democratic Party sources.

Any replacement of the democratic nominee before election day will not change the resolution of the market.",,,democratic-presidential-nominee-2028,Democratic Presidential Nominee 2028,48050094.67257493,2654017.38842,False,2028-11-07T00:00:00Z,"[""102504892414163237174864879683522880588750452841477290216845150938663289742135"", ""21234886083000978203440582985665409733123024063268807484684316771005736994028""]",https://polymarket.com/market/will-andrew-yang-win-the-2028-democratic-presidential-nomination
559689,will-beto-orourke-win-the-2028-democratic-presidential-nomination,Will Beto O’Rourke win the 2028 Democratic presidential nomination?,Will Beto O’Rourke win the 2028 Democratic presidential nomination?,"This market will resolve to “Yes” if the named individual wins and accepts the 2028 nomination of the Democratic Party for U.S. president. Otherwise, this market will resolve to “No”.

The resolution source for this market will be a consensus of official Democratic Party sources.

Any replacement of the democratic nominee before election day will not change the resolution of the market.",,,democratic-presidential-nominee-2028,Democratic Presidential Nominee 2028,42283331.33269465,2665086.08363,False,2028-11-07T00:00:00Z,"[""37126434962149084556522721025504254258386171468763869879755961635390358765833"", ""2426274669138238576933962603416907393958833898063513872892433203206006096668""]",https://polymarket.com/market/will-beto-orourke-win-the-2028-democratic-presidential-nomination
559690,will-kim-kardashian-win-the-2028-democratic-presidential-nomination,Will Kim Kardashian win the 2028 Democratic presidential nomination?,Will Kim Kardashian win the 2028 Democratic presidential nomination?,"This market will resolve to “Yes” if the named individual wins and accepts the 2028 nomination of the Democratic Party for U.S. president. Otherwise, this market will resolve to “No”.

The resolution source for this market will be a consensus of official Democratic Party sources.

Any replacement of the democratic nominee before election day will not change the resolution of the market.",,,democratic-presidential-nominee-2028,Democratic Presidential Nominee 2028,41983440.71888728,2826520.95071,False,2028-11-07T00:00:00Z,"[""55087250670040717711131370018408221134109122974378698780636020561523521220754"", ""108145967398435925971960442906832714254932011684365058146885679351681137451999""]",https://polymarket.com/market/will-kim-kardashian-win-the-2028-democratic-presidential-nomination
559691,will-chris-murphy-win-the-2028-democratic-presidential-nomination,Will Chris Murphy win the 2028 Democratic presidential nomination?,Will Chris Murphy win the 2028 Democratic presidential nomination?,"This market will resolve to “Yes” if the named individual wins and accepts the 2028 nomination of the Democratic Party for U.S. president. Otherwise, this market will resolve to “No”.

The resolution source for this market will be a consensus of official Democratic Party sources.

Any replacement of the democratic nominee before election day will not change the resolution of the market.",,,democratic-presidential-nominee-2028,Democratic Presidential Nominee 2028,16980636.20118368,1931999.24965,False,2028-11-07T00:00:00Z,"[""8815924480259634499011776432080696931704057619336093802050596292915996723758"", ""45099054006923138281311463758770234951153596952213440096254242321807308634603""]",https://polymarket.com/market/will-chris-murphy-win-the-2028-democratic-presidential-nomination
559692,will-jasmine-crockett-win-the-2028-democratic-presidential-nomination,Will Jasmine Crockett win the 2028 Democratic presidential nomination?,Will Jasmine Crockett win the 2028 Democratic presidential nomination?,"This market will resolve to “Yes” if the named individual wins and accepts the 2028 nomination of the Democratic Party for U.S. president. Otherwise, this market will resolve to “No”.

The resolution source for this market will be a consensus of official Democratic Party sources.

Any replacement of the democratic nominee before election day will not change the resolution of the market.",,,democratic-presidential-nominee-2028,Democratic Presidential Nominee 2028,35683130.47483669,2619590.75608,False,2028-11-07T00:00:00Z,"[""22103094389913052942362639589409218272323168761614999702665821259175535456835"", ""10893367019711826592833821276710094799225035200719824531380610476790390190688""]",https://polymarket.com/market/will-jasmine-crockett-win-the-2028-democratic-presidential-nomination
559693,will-ruben-gallego-win-the-2028-democratic-presidential-nomination,Will Ruben Gallego win the 2028 Democratic presidential nomination?,Will Ruben Gallego win the 2028 Democratic presidential nomination?,"This market will resolve to “Yes” if the named individual wins and accepts the 2028 nomination of the Democratic Party for U.S. president. Otherwise, this market will resolve to “No”.

The resolution source for this market will be a consensus of official Democratic Party sources.

Any replacement of the democratic nominee before election day will not change the resolution of the market.",,,democratic-presidential-nominee-2028,Democratic Presidential Nominee 2028,8149477.534519031,1151639.1405,False,2028-11-07T00:00:00Z,"[""94658518227479141344875476648819337938746150529318297759951212169676959854478"", ""89549550119611798541187132573193884477265258658615163602217456913355320927577""]",https://polymarket.com/market/will-ruben-gallego-win-the-2028-democratic-presidential-nomination
559694,will-ro-khanna-win-the-2028-democratic-presidential-nomination,Will Ro Khanna win the 2028 Democratic presidential nomination?,Will Ro Khanna win the 2028 Democratic presidential nomination?,"This market will resolve to “Yes” if the named individual wins and accepts the 2028 nomination of the Democratic Party for U.S. president. Otherwise, this market will resolve to “No”.

The resolution source for this market will be a consensus of official Democratic Party sources.

Any replacement of the democratic nominee before election day will not change the resolution of the market.",,,democratic-presidential-nominee-2028,Democratic Presidential Nominee 2028,11056011.426648533,241080.9023,False,2028-11-07T00:00:00Z,"[""20374050108659687356429749447884880983779889840007423115803042125707701269498"", ""2610336024939503976910443133965525155112118948066646227040491461288298872236""]",https://polymarket.com/market/will-ro-khanna-win-the-2028-democratic-presidential-nomination
559695,will-james-talarico-win-the-2028-democratic-presidential-nomination,Will James Talarico win the 2028 Democratic presidential nomination?,Will James Talarico win the 2028 Democratic presidential nomination?,"This market will resolve to “Yes” if the named individual wins and accepts the 2028 nomination of the Democratic Party for U.S. president. Otherwise, this market will resolve to “No”.

The resolution source for this market will be a consensus of official Democratic Party sources.

Any replacement of the democratic nominee before election day will not change the resolution of the market.",,,democratic-presidential-nominee-2028,Democratic Presidential Nominee 2028,10084517.721723039,289759.69886,False,2028-11-07T00:00:00Z,"[""52535923606561722941567320365820395300598958985353103429657683100920373025261"", ""20643805904661385280242837899001038341346631607217619709766724611396929658707""]",https://polymarket.com/market/will-james-talarico-win-the-2028-democratic-presidential-nomination
559696,will-graham-platner-win-the-2028-democratic-presidential-nomination,Will Graham Platner win the 2028 Democratic presidential nomination?,Will Graham Platner win the 2028 Democratic presidential nomination?,"This market will resolve to “Yes” if the named individual wins and accepts the 2028 nomination of the Democratic Party for U.S. president. Otherwise, this market will resolve to “No”.

The resolution source for this market will be a consensus of official Democratic Party sources.

Any replacement of the democratic nominee before election day will not change the resolution of the market.",,,democratic-presidential-nominee-2028,Democratic Presidential Nominee 2028,7283109.067473002,2243277.24245,False,2028-11-07T00:00:00Z,"[""54840717483866263964304723492966182979723045222316848733193673523986124053075"", ""2830559553603011758209706316487895188007644895898957662939818867834634821212""]",https://polymarket.com/market/will-graham-platner-win-the-2028-democratic-presidential-nomination
560317,putin-out-before-2027-346,"Putin out as President of Russia by December 31, 2026?","Putin out as President of Russia by December 31, 2026?","This market will resolve to “Yes” if Vladimir Putin ceases to be President of Russia for any period of time between market creation and the specified date (ET). Otherwise, this market will resolve to “No”.

An announcement of Vladimir Putin's resignation/removal before this market's end date will immediately resolve this market to ""Yes"", regardless of when the announced resignation/removal goes into effect.

If the specified individual is detained, effectively removed from the specified position, or otherwise permanently prevented from fulfilling the duties of the specified position within this market’s timeframe, it will qualify for a “Yes” resolution.

The resolution source for this market will be official information from Vladimir Putin and the government of Russia; however, a consensus of credible reporting may also be used.",,,putin-out-before-2027,Putin out as President of Russia by...?,17237986.13585108,1164075.856,False,2026-12-31T18:30:00Z,"[""350977769852917329387037893294763093471844346281449484439085576212613048126"", ""87073899845581463485186346288398658568334162612963837182986759797304993556208""]",https://polymarket.com/market/putin-out-before-2027-346
561229,will-jd-vance-win-the-2028-us-presidential-election,Will JD Vance win the 2028 US Presidential Election?,Will JD Vance win the 2028 US Presidential Election?,"The 2028 US Presidential Election is scheduled to take place on November 7, 2028.

This market will resolve to the person who wins the 2028 US Presidential Election.

The resolution source for this market is the Associated Press, Fox News, and NBC. This market will resolve once all three sources call the race for the same candidate. If all three sources haven’t called the race for the same candidate by the inauguration date (January 20, 2029) this market will resolve based on who is inaugurated.",,,presidential-election-winner-2028,Presidential Election Winner 2028,14661106.966561008,552280.0103,False,2028-11-07T00:00:00Z,"[""16040015440196279900485035793550429453516625694844857319147506590755961451627"", ""94476829201604408463453426454480212459887267917122244941405244686637914508323""]",https://polymarket.com/market/will-jd-vance-win-the-2028-us-presidential-election
561230,will-gavin-newsom-win-the-2028-us-presidential-election,Will Gavin Newsom win the 2028 US Presidential Election?,Will Gavin Newsom win the 2028 US Presidential Election?,"The 2028 US Presidential Election is scheduled to take place on November 7, 2028.

This market will resolve to the person who wins the 2028 US Presidential Election.

The resolution source for this market is the Associated Press, Fox News, and NBC. This market will resolve once all three sources call the race for the same candidate. If all three sources haven’t called the race for the same candidate by the inauguration date (January 20, 2029) this market will resolve based on who is inaugurated.",,,presidential-election-winner-2028,Presidential Election Winner 2028,17391127.069104105,443545.38876,False,2028-11-07T00:00:00Z,"[""98250445447699368679516529207365255018790721464590833209064266254238063117329"", ""18823838997443878656879952590502524526556504037944392973476854588563571859850""]",https://polymarket.com/market/will-gavin-newsom-win-the-2028-us-presidential-election
561231,will-alexandria-ocasio-cortez-win-the-2028-us-presidential-election,Will Alexandria Ocasio-Cortez win the 2028 US Presidential Election?,Will Alexandria Ocasio-Cortez win the 2028 US Presidential Election?,"The 2028 US Presidential Election is scheduled to take place on November 7, 2028.

This market will resolve to the person who wins the 2028 US Presidential Election.

The resolution source for this market is the Associated Press, Fox News, and NBC. This market will resolve once all three sources call the race for the same candidate. If all three sources haven’t called the race for the same candidate by the inauguration date (January 20, 2029) this market will resolve based on who is inaugurated.",,,presidential-election-winner-2028,Presidential Election Winner 2028,12578372.818489864,308739.2202,False,2028-11-07T00:00:00Z,"[""8113830512143065501177519557124858581375945005490796772950589720955457782465"", ""11493926619286817179231142642565394485790380952577225820901334479399429951651""]",https://polymarket.com/market/will-alexandria-ocasio-cortez-win-the-2028-us-presidential-election
561232,will-pete-buttigieg-win-the-2028-us-presidential-election,Will Pete Buttigieg win the 2028 US Presidential Election?,Will Pete Buttigieg win the 2028 US Presidential Election?,"The 2028 US Presidential Election is scheduled to take place on November 7, 2028.

This market will resolve to the person who wins the 2028 US Presidential Election.

The resolution source for this market is the Associated Press, Fox News, and NBC. This market will resolve once all three sources call the race for the same candidate. If all three sources haven’t called the race for the same candidate by the inauguration date (January 20, 2029) this market will resolve based on who is inaugurated.",,,presidential-election-winner-2028,Presidential Election Winner 2028,7757871.952893468,470210.59524,False,2028-11-07T00:00:00Z,"[""35629456194498013232473191985311930903993567273832459837879398120893197410860"", ""26087406687932108531005204502244492184534000122992461059156880611150953145122""]",https://polymarket.com/market/will-pete-buttigieg-win-the-2028-us-presidential-election
561233,will-josh-shapiro-win-the-2028-us-presidential-election,Will Josh Shapiro win the 2028 US Presidential Election?,Will Josh Shapiro win the 2028 US Presidential Election?,"The 2028 US Presidential Election is scheduled to take place on November 7, 2028.

This market will resolve to the person who wins the 2028 US Presidential Election.

The resolution source for this market is the Associated Press, Fox News, and NBC. This market will resolve once all three sources call the race for the same candidate. If all three sources haven’t called the race for the same candidate by the inauguration date (January 20, 2029) this market will resolve based on who is inaugurated.",,,presidential-election-winner-2028,Presidential Election Winner 2028,6904799.577593973,385913.71059,False,2028-11-07T00:00:00Z,"[""1420113190297259908358916251277696183671602680024474979931472444792502392139"", ""9195312844128905514645503106857912558078141569888031031723687687489317147622""]",https://polymarket.com/market/will-josh-shapiro-win-the-2028-us-presidential-election
561234,will-marco-rubio-win-the-2028-us-presidential-election,Will Marco Rubio win the 2028 US Presidential Election?,Will Marco Rubio win the 2028 US Presidential Election?,"The 2028 US Presidential Election is scheduled to take place on November 7, 2028.

This market will resolve to the person who wins the 2028 US Presidential Election.

The resolution source for this market is the Associated Press, Fox News, and NBC. This market will resolve once all three sources call the race for the same candidate. If all three sources haven’t called the race for the same candidate by the inauguration date (January 20, 2029) this market will resolve based on who is inaugurated.",,,presidential-election-winner-2028,Presidential Election Winner 2028,11196763.158681037,376432.6812,False,2028-11-07T00:00:00Z,"[""11171618905857319805355893398009978356002287408842633593535559412449299952250"", ""65892530750232246342273648992064742042382898919201083513241874070914353628268""]",https://polymarket.com/market/will-marco-rubio-win-the-2028-us-presidential-election
561235,will-wes-moore-win-the-2028-us-presidential-election,Will Wes Moore win the 2028 US Presidential Election?,Will Wes Moore win the 2028 US Presidential Election?,"The 2028 US Presidential Election is scheduled to take place on November 7, 2028.

This market will resolve to the person who wins the 2028 US Presidential Election.

The resolution source for this market is the Associated Press, Fox News, and NBC. This market will resolve once all three sources call the race for the same candidate. If all three sources haven’t called the race for the same candidate by the inauguration date (January 20, 2029) this market will resolve based on who is inaugurated.",,,presidential-election-winner-2028,Presidential Election Winner 2028,11573246.13346459,362590.59611,False,2028-11-07T00:00:00Z,"[""35272507273162958827997790327967872292415567859334925862043618606081750011897"", ""374661216370333715221919731169956915917040066803205972387948453758235235593""]",https://polymarket.com/market/will-wes-moore-win-the-2028-us-presidential-election
561236,will-gretchen-whitmer-win-the-2028-us-presidential-election,Will Gretchen Whitmer win the 2028 US Presidential Election?,Will Gretchen Whitmer win the 2028 US Presidential Election?,"The 2028 US Presidential Election is scheduled to take place on November 7, 2028.

This market will resolve to the person who wins the 2028 US Presidential Election.

The resolution source for this market is the Associated Press, Fox News, and NBC. This market will resolve once all three sources call the race for the same candidate. If all three sources haven’t called the race for the same candidate by the inauguration date (January 20, 2029) this market will resolve based on who is inaugurated.",,,presidential-election-winner-2028,Presidential Election Winner 2028,13697849.591370823,1639960.03607,False,2028-11-07T00:00:00Z,"[""4999047257294547885970323631312419427544062131054733229841947946130772277335"", ""102084577517225131375286042838758381959278092930102485541091152099183604495224""]",https://polymarket.com/market/will-gretchen-whitmer-win-the-2028-us-presidential-election
561237,will-andy-beshear-win-the-2028-us-presidential-election,Will Andy Beshear win the 2028 US Presidential Election?,Will Andy Beshear win the 2028 US Presidential Election?,"The 2028 US Presidential Election is scheduled to take place on November 7, 2028.

This market will resolve to the person who wins the 2028 US Presidential Election.

The resolution source for this market is the Associated Press, Fox News, and NBC. This market will resolve once all three sources call the race for the same candidate. If all three sources haven’t called the race for the same candidate by the inauguration date (January 20, 2029) this market will resolve based on who is inaugurated.",,,presidential-election-winner-2028,Presidential Election Winner 2028,18795995.555496182,345465.10714,False,2028-11-07T00:00:00Z,"[""50507496430692162923857760920722624157737138256097150616293040054748564876552"", ""53112547591746110422238703365888013497196468199611167129486770819598374380742""]",https://polymarket.com/market/will-andy-beshear-win-the-2028-us-presidential-election
561238,will-glenn-youngkin-win-the-2028-us-presidential-election,Will Glenn Youngkin win the 2028 US Presidential Election?,Will Glenn Youngkin win the 2028 US Presidential Election?,"The 2028 US Presidential Election is scheduled to take place on November 7, 2028.

This market will resolve to the person who wins the 2028 US Presidential Election.

The resolution source for this market is the Associated Press, Fox News, and NBC. This market will resolve once all three sources call the race for the same candidate. If all three sources haven’t called the race for the same candidate by the inauguration date (January 20, 2029) this market will resolve based on who is inaugurated.",,,presidential-election-winner-2028,Presidential Election Winner 2028,26228587.102162205,2062555.61927,False,2028-11-07T00:00:00Z,"[""631059815958854406224163480574507434200946764542129005247984171366597476420"", ""100418331065194201410948024347944500798513421135064468615649525110872253639397""]",https://polymarket.com/market/will-glenn-youngkin-win-the-2028-us-presidential-election
561239,will-kamala-harris-win-the-2028-us-presidential-election,Will Kamala Harris win the 2028 US Presidential Election?,Will Kamala Harris win the 2028 US Presidential Election?,"The 2028 US Presidential Election is scheduled to take place on November 7, 2028.

This market will resolve to the person who wins the 2028 US Presidential Election.

The resolution source for this market is the Associated Press, Fox News, and NBC. This market will resolve once all three sources call the race for the same candidate. If all three sources haven’t called the race for the same candidate by the inauguration date (January 20, 2029) this market will resolve based on who is inaugurated.",,,presidential-election-winner-2028,Presidential Election Winner 2028,8435531.936418025,292605.80322,False,2028-11-07T00:00:00Z,"[""70663352401606372246362604193214664065595751757222752105245221905399175050480"", ""4988819538339626436114997160558538168652916536529198363646261454228218983102""]",https://polymarket.com/market/will-kamala-harris-win-the-2028-us-presidential-election
561240,will-stephen-smith-win-the-2028-us-presidential-election,Will Stephen Smith win the 2028 US Presidential Election?,Will Stephen Smith win the 2028 US Presidential Election?,"The 2028 US Presidential Election is scheduled to take place on November 7, 2028.

This market will resolve to the person who wins the 2028 US Presidential Election.

The resolution source for this market is the Associated Press, Fox News, and NBC. This market will resolve once all three sources call the race for the same candidate. If all three sources haven’t called the race for the same candidate by the inauguration date (January 20, 2029) this market will resolve based on who is inaugurated.",,,presidential-election-winner-2028,Presidential Election Winner 2028,33092979.723672662,1268892.1681,False,2028-11-07T00:00:00Z,"[""105367778020161609482094090847463497982204321259381518614669619753184648647559"", ""12867420029045504056332323771270227403424313645832702673618751920867223902054""]",https://polymarket.com/market/will-stephen-smith-win-the-2028-us-presidential-election
561241,will-jb-pritzker-win-the-2028-us-presidential-election,Will JB Pritzker win the 2028 US Presidential Election?,Will JB Pritzker win the 2028 US Presidential Election?,"The 2028 US Presidential Election is scheduled to take place on November 7, 2028.

This market will resolve to the person who wins the 2028 US Presidential Election.

The resolution source for this market is the Associated Press, Fox News, and NBC. This market will resolve once all three sources call the race for the same candidate. If all three sources haven’t called the race for the same candidate by the inauguration date (January 20, 2029) this market will resolve based on who is inaugurated.",,,presidential-election-winner-2028,Presidential Election Winner 2028,12346392.355164021,639216.1299,False,2028-11-07T00:00:00Z,"[""70948731404464821824516595498024506131170394300814446118501620719416471444076"", ""111825297267676135304812085666512747626812691749338692567733264184356420470119""]",https://polymarket.com/market/will-jb-pritzker-win-the-2028-us-presidential-election
561242,will-tulsi-gabbard-win-the-2028-us-presidential-election,Will Tulsi Gabbard win the 2028 US Presidential Election?,Will Tulsi Gabbard win the 2028 US Presidential Election?,"The 2028 US Presidential Election is scheduled to take place on November 7, 2028.

This market will resolve to the person who wins the 2028 US Presidential Election.

The resolution source for this market is the Associated Press, Fox News, and NBC. This market will resolve once all three sources call the race for the same candidate. If all three sources haven’t called the race for the same candidate by the inauguration date (January 20, 2029) this market will resolve based on who is inaugurated.",,,presidential-election-winner-2028,Presidential Election Winner 2028,32992286.620727856,627585.02718,False,2028-11-07T00:00:00Z,"[""97633418272282627828834872960145259034624388719803091466146359304286851612172"", ""17854429586516792397214557963923647011517685971868312042416963526864862523185""]",https://polymarket.com/market/will-tulsi-gabbard-win-the-2028-us-presidential-election
561243,will-donald-trump-win-the-2028-us-presidential-election,Will Donald Trump win the 2028 US Presidential Election?,Will Donald Trump win the 2028 US Presidential Election?,"The 2028 US Presidential Election is scheduled to take place on November 7, 2028.

This market will resolve to the person who wins the 2028 US Presidential Election.

The resolution source for this market is the Associated Press, Fox News, and NBC. This market will resolve once all three sources call the race for the same candidate. If all three sources haven’t called the race for the same candidate by the inauguration date (January 20, 2029) this market will resolve based on who is inaugurated.",,,presidential-election-winner-2028,Presidential Election Winner 2028,8824753.654957252,755896.50118,False,2028-11-07T00:00:00Z,"[""11807691644868166983390207408868795383945915035851758101409310535538572683733"", ""72656506786460378316387284276713856836841708169262528054985577978493419440428""]",https://polymarket.com/market/will-donald-trump-win-the-2028-us-presidential-election
561244,will-donald-trump-jr-win-the-2028-us-presidential-election,Will Donald Trump Jr. win the 2028 US Presidential Election?,Will Donald Trump Jr. win the 2028 US Presidential Election?,"The 2028 US Presidential Election is scheduled to take place on November 7, 2028.

This market will resolve to the person who wins the 2028 US Presidential Election.

The resolution source for this market is the Associated Press, Fox News, and NBC. This market will resolve once all three sources call the race for the same candidate. If all three sources haven’t called the race for the same candidate by the inauguration date (January 20, 2029) this market will resolve based on who is inaugurated.",,,presidential-election-winner-2028,Presidential Election Winner 2028,13315001.69296579,802314.1198,False,2028-11-07T00:00:00Z,"[""77660944053451874285291959901958937238149180369572698706675030657716494119346"", ""52761630651452310319295064365704431564140478140269624735570317771849185169635""]",https://polymarket.com/market/will-donald-trump-jr-win-the-2028-us-presidential-election
561245,will-nikki-haley-win-the-2028-us-presidential-election,Will Nikki Haley win the 2028 US Presidential Election?,Will Nikki Haley win the 2028 US Presidential Election?,"The 2028 US Presidential Election is scheduled to take place on November 7, 2028.

This market will resolve to the person who wins the 2028 US Presidential Election.

The resolution source for this market is the Associated Press, Fox News, and NBC. This market will resolve once all three sources call the race for the same candidate. If all three sources haven’t called the race for the same candidate by the inauguration date (January 20, 2029) this market will resolve based on who is inaugurated.",,,presidential-election-winner-2028,Presidential Election Winner 2028,28225045.987674255,2154962.45597,False,2028-11-07T00:00:00Z,"[""14253956839582698877884742930225331487593177635330318923853046874994118249367"", ""84386913213192310444216977895083273572419886997719576824320630372812149173320""]",https://polymarket.com/market/will-nikki-haley-win-the-2028-us-presidential-election
561246,will-ron-desantis-win-the-2028-us-presidential-election,Will Ron DeSantis win the 2028 US Presidential Election?,Will Ron DeSantis win the 2028 US Presidential Election?,"The 2028 US Presidential Election is scheduled to take place on November 7, 2028.

This market will resolve to the person who wins the 2028 US Presidential Election.

The resolution source for this market is the Associated Press, Fox News, and NBC. This market will resolve once all three sources call the race for the same candidate. If all three sources haven’t called the race for the same candidate by the inauguration date (January 20, 2029) this market will resolve based on who is inaugurated.",,,presidential-election-winner-2028,Presidential Election Winner 2028,12094560.350606149,200500.56379,False,2028-11-07T00:00:00Z,"[""104480514270625615787868282411330496385404675495672110015326625654626015018993"", ""65724430065358897810064400118831287249960059855415477063660293398018349529272""]",https://polymarket.com/market/will-ron-desantis-win-the-2028-us-presidential-election
561247,will-tim-walz-win-the-2028-us-presidential-election,Will Tim Walz win the 2028 US Presidential Election?,Will Tim Walz win the 2028 US Presidential Election?,"The 2028 US Presidential Election is scheduled to take place on November 7, 2028.

This market will resolve to the person who wins the 2028 US Presidential Election.

The resolution source for this market is the Associated Press, Fox News, and NBC. This market will resolve once all three sources call the race for the same candidate. If all three sources haven’t called the race for the same candidate by the inauguration date (January 20, 2029) this market will resolve based on who is inaugurated.",,,presidential-election-winner-2028,Presidential Election Winner 2028,43444929.003708035,1881484.05021,False,2028-11-07T00:00:00Z,"[""2638997461401140008448476093092229850740161649668999975101243681118238509713"", ""31711509411930636383466083293019394636501894118049148509527295292186501260570""]",https://polymarket.com/market/will-tim-walz-win-the-2028-us-presidential-election
561248,will-vivek-ramaswamy-win-the-2028-us-presidential-election,Will Vivek Ramaswamy win the 2028 US Presidential Election?,Will Vivek Ramaswamy win the 2028 US Presidential Election?,"The 2028 US Presidential Election is scheduled to take place on November 7, 2028.

This market will resolve to the person who wins the 2028 US Presidential Election.

The resolution source for this market is the Associated Press, Fox News, and NBC. This market will resolve once all three sources call the race for the same candidate. If all three sources haven’t called the race for the same candidate by the inauguration date (January 20, 2029) this market will resolve based on who is inaugurated.",,,presidential-election-winner-2028,Presidential Election Winner 2028,36647197.93023617,1457617.64749,False,2028-11-07T00:00:00Z,"[""48067717079255656974334181122173546721823870434119599450595298250019538972254"", ""50325246165657443726245430907883748796540778371466135108478470877169556977248""]",https://polymarket.com/market/will-vivek-ramaswamy-win-the-2028-us-presidential-election
561249,will-greg-abbott-win-the-2028-us-presidential-election,Will Greg Abbott win the 2028 US Presidential Election?,Will Greg Abbott win the 2028 US Presidential Election?,"The 2028 US Presidential Election is scheduled to take place on November 7, 2028.

This market will resolve to the person who wins the 2028 US Presidential Election.

The resolution source for this market is the Associated Press, Fox News, and NBC. This market will resolve once all three sources call the race for the same candidate. If all three sources haven’t called the race for the same candidate by the inauguration date (January 20, 2029) this market will resolve based on who is inaugurated.",,,presidential-election-winner-2028,Presidential Election Winner 2028,34986956.41747161,2265957.77782,False,2028-11-07T00:00:00Z,"[""58585097107933138034126275600204468509993701936571284309823871593297754181479"", ""104431860535489654020481219089291817898241901940037260095979653681449084465327""]",https://polymarket.com/market/will-greg-abbott-win-the-2028-us-presidential-election
561250,will-elon-musk-win-the-2028-us-presidential-election,Will Elon Musk win the 2028 US Presidential Election?,Will Elon Musk win the 2028 US Presidential Election?,"The 2028 US Presidential Election is scheduled to take place on November 7, 2028.

This market will resolve to the person who wins the 2028 US Presidential Election.

The resolution source for this market is the Associated Press, Fox News, and NBC. This market will resolve once all three sources call the race for the same candidate. If all three sources haven’t called the race for the same candidate by the inauguration date (January 20, 2029) this market will resolve based on who is inaugurated.",,,presidential-election-winner-2028,Presidential Election Winner 2028,25472018.539443057,1735015.6319,False,2028-11-07T00:00:00Z,"[""26641906520532802078452346454133721131611596169940893262820937050881742190686"", ""59064132013843281708610372809406242099497812053529304284160897825180883604145""]",https://polymarket.com/market/will-elon-musk-win-the-2028-us-presidential-election
561251,will-lebron-james-win-the-2028-us-presidential-election,Will LeBron James win the 2028 US Presidential Election?,Will LeBron James win the 2028 US Presidential Election?,"The 2028 US Presidential Election is scheduled to take place on November 7, 2028.

This market will resolve to the person who wins the 2028 US Presidential Election.

The resolution source for this market is the Associated Press, Fox News, and NBC. This market will resolve once all three sources call the race for the same candidate. If all three sources haven’t called the race for the same candidate by the inauguration date (January 20, 2029) this market will resolve based on who is inaugurated.",,,presidential-election-winner-2028,Presidential Election Winner 2028,54297270.86706527,2211088.17569,False,2028-11-07T00:00:00Z,"[""39223330966352513418907732239455948906399882924787587183466504819170775983376"", ""50862799703982327636174441241062907649998751737045006653560124656563256528691""]",https://polymarket.com/market/will-lebron-james-win-the-2028-us-presidential-election
561252,will-dwayne-the-rock-johnson-win-the-2028-us-presidential-election,Will Dwayne 'The Rock' Johnson win the 2028 US Presidential Election?,Will Dwayne 'The Rock' Johnson win the 2028 US Presidential Election?,"The 2028 US Presidential Election is scheduled to take place on November 7, 2028.

This market will resolve to the person who wins the 2028 US Presidential Election.

The resolution source for this market is the Associated Press, Fox News, and NBC. This market will resolve once all three sources call the race for the same candidate. If all three sources haven’t called the race for the same candidate by the inauguration date (January 20, 2029) this market will resolve based on who is inaugurated.",,,presidential-election-winner-2028,Presidential Election Winner 2028,8024972.558455021,193937.89727,False,2028-11-07T00:00:00Z,"[""76252402837334795047528042167618984089231134882494719641438604550246396692717"", ""82779978600617806806814031291287454099780828258739355925042203335968508676880""]",https://polymarket.com/market/will-dwayne-the-rock-johnson-win-the-2028-us-presidential-election
561253,will-tucker-carlson-win-the-2028-us-presidential-election,Will Tucker Carlson win the 2028 US Presidential Election?,Will Tucker Carlson win the 2028 US Presidential Election?,"The 2028 US Presidential Election is scheduled to take place on November 7, 2028.

This market will resolve to the person who wins the 2028 US Presidential Election.

The resolution source for this market is the Associated Press, Fox News, and NBC. This market will resolve once all three sources call the race for the same candidate. If all three sources haven’t called the race for the same candidate by the inauguration date (January 20, 2029) this market will resolve based on who is inaugurated.",,,presidential-election-winner-2028,Presidential Election Winner 2028,13590151.899223203,330107.24158,False,2028-11-07T00:00:00Z,"[""45015916581148592087728250896178171120552786117190685135618507471166113474733"", ""5353194854864999214467212176625447374807704051407621946584152368216621932371""]",https://polymarket.com/market/will-tucker-carlson-win-the-2028-us-presidential-election
561254,will-kim-kardashian-win-the-2028-us-presidential-election,Will Kim Kardashian win the 2028 US Presidential Election?,Will Kim Kardashian win the 2028 US Presidential Election?,"The 2028 US Presidential Election is scheduled to take place on November 7, 2028.

This market will resolve to the person who wins the 2028 US Presidential Election.

The resolution source for this market is the Associated Press, Fox News, and NBC. This market will resolve once all three sources call the race for the same candidate. If all three sources haven’t called the race for the same candidate by the inauguration date (January 20, 2029) this market will resolve based on who is inaugurated.",,,presidential-election-winner-2028,Presidential Election Winner 2028,39318156.030101486,1298798.76537,False,2028-11-07T00:00:00Z,"[""24863363384036117015867671383779186335047493791693657275104567365292353535818"", ""44632793419668141561343859504077903947361590865219599333832862239708628173864""]",https://polymarket.com/market/will-kim-kardashian-win-the-2028-us-presidential-election
561255,will-ivanka-trump-win-the-2028-us-presidential-election,Will Ivanka Trump win the 2028 US Presidential Election?,Will Ivanka Trump win the 2028 US Presidential Election?,"The 2028 US Presidential Election is scheduled to take place on November 7, 2028.

This market will resolve to the person who wins the 2028 US Presidential Election.

The resolution source for this market is the Associated Press, Fox News, and NBC. This market will resolve once all three sources call the race for the same candidate. If all three sources haven’t called the race for the same candidate by the inauguration date (January 20, 2029) this market will resolve based on who is inaugurated.",,,presidential-election-winner-2028,Presidential Election Winner 2028,7566885.670285116,764191.00614,False,2028-11-07T00:00:00Z,"[""40932864651005132434669457369564353816786330205469778285035893634458129671101"", ""56215025902031889702122383201324191240581604266667334383154318117703136383150""]",https://polymarket.com/market/will-ivanka-trump-win-the-2028-us-presidential-election
561256,will-zohran-mamdani-win-the-2028-us-presidential-election,Will Zohran Mamdani win the 2028 US Presidential Election?,Will Zohran Mamdani win the 2028 US Presidential Election?,"The 2028 US Presidential Election is scheduled to take place on November 7, 2028.

This market will resolve to the person who wins the 2028 US Presidential Election.

The resolution source for this market is the Associated Press, Fox News, and NBC. This market will resolve once all three sources call the race for the same candidate. If all three sources haven’t called the race for the same candidate by the inauguration date (January 20, 2029) this market will resolve based on who is inaugurated.",,,presidential-election-winner-2028,Presidential Election Winner 2028,21332674.15351859,1937861.36742,False,2028-11-07T00:00:00Z,"[""94621929236241392639802280031607240386237812521756048982107414565863464212526"", ""37476438367629084207797870684242875797541797912993121111059056752005821579571""]",https://polymarket.com/market/will-zohran-mamdani-win-the-2028-us-presidential-election
561257,will-michelle-obama-win-the-2028-us-presidential-election,Will Michelle Obama win the 2028 US Presidential Election?,Will Michelle Obama win the 2028 US Presidential Election?,"The 2028 US Presidential Election is scheduled to take place on November 7, 2028.

This market will resolve to the person who wins the 2028 US Presidential Election.

The resolution source for this market is the Associated Press, Fox News, and NBC. This market will resolve once all three sources call the race for the same candidate. If all three sources haven’t called the race for the same candidate by the inauguration date (January 20, 2029) this market will resolve based on who is inaugurated.",,,presidential-election-winner-2028,Presidential Election Winner 2028,18414018.46087389,1471809.12637,False,2028-11-07T00:00:00Z,"[""88521269813605705303364598280494261510300497312149869577251450871617962933121"", ""1970496541508335019913900195809032484597886384784144327835472760880523550630""]",https://polymarket.com/market/will-michelle-obama-win-the-2028-us-presidential-election
561258,will-jamie-dimon-win-the-2028-us-presidential-election,Will Jamie Dimon win the 2028 US Presidential Election?,Will Jamie Dimon win the 2028 US Presidential Election?,"The 2028 US Presidential Election is scheduled to take place on November 7, 2028.

This market will resolve to the person who wins the 2028 US Presidential Election.

The resolution source for this market is the Associated Press, Fox News, and NBC. This market will resolve once all three sources call the race for the same candidate. If all three sources haven’t called the race for the same candidate by the inauguration date (January 20, 2029) this market will resolve based on who is inaugurated.",,,presidential-election-winner-2028,Presidential Election Winner 2028,10475824.069028078,921729.99506,False,2028-11-07T00:00:00Z,"[""23692929455124171734375794579007643086071570310019729232490607671061438183936"", ""30050897091642315762983745166096629857367320723415212749446858994810226049012""]",https://polymarket.com/market/will-jamie-dimon-win-the-2028-us-presidential-election
561259,will-ro-khanna-win-the-2028-us-presidential-election,Will Ro Khanna win the 2028 US Presidential Election?,Will Ro Khanna win the 2028 US Presidential Election?,"The 2028 US Presidential Election is scheduled to take place on November 7, 2028.

This market will resolve to the person who wins the 2028 US Presidential Election.

The resolution source for this market is the Associated Press, Fox News, and NBC. This market will resolve once all three sources call the race for the same candidate. If all three sources haven’t called the race for the same candidate by the inauguration date (January 20, 2029) this market will resolve based on who is inaugurated.",,,presidential-election-winner-2028,Presidential Election Winner 2028,10427310.63119216,213229.51622,False,2028-11-07T00:00:00Z,"[""45264462342307496826883801236629887275526404999716050689931105511159370296978"", ""21034003091803474219272633665814818485285721473911024023600356649009960505229""]",https://polymarket.com/market/will-ro-khanna-win-the-2028-us-presidential-election
561260,will-thomas-massie-win-the-2028-us-presidential-election,Will Thomas Massie win the 2028 US Presidential Election?,Will Thomas Massie win the 2028 US Presidential Election?,"The 2028 US Presidential Election is scheduled to take place on November 7, 2028.

This market will resolve to the person who wins the 2028 US Presidential Election.

The resolution source for this market is the Associated Press, Fox News, and NBC. This market will resolve once all three sources call the race for the same candidate. If all three sources haven’t called the race for the same candidate by the inauguration date (January 20, 2029) this market will resolve based on who is inaugurated.",,,presidential-election-winner-2028,Presidential Election Winner 2028,7604718.545053935,572645.23799,False,2028-11-07T00:00:00Z,"[""89071282556584199015490241074221756662667488270789034763702585258138302536112"", ""18620821165547265880582330532076859546462061138941862890257010665389427790094""]",https://polymarket.com/market/will-thomas-massie-win-the-2028-us-presidential-election
561261,will-jon-ossoff-win-the-2028-us-presidential-election,Will Jon Ossoff win the 2028 US Presidential Election?,Will Jon Ossoff win the 2028 US Presidential Election?,"The 2028 US Presidential Election is scheduled to take place on November 7, 2028.

This market will resolve to the person who wins the 2028 US Presidential Election.

The resolution source for this market is the Associated Press, Fox News, and NBC. This market will resolve once all three sources call the race for the same candidate. If all three sources haven’t called the race for the same candidate by the inauguration date (January 20, 2029) this market will resolve based on who is inaugurated.",,,presidential-election-winner-2028,Presidential Election Winner 2028,5088862.521614977,355406.57717,False,2028-11-07T00:00:00Z,"[""110102705199530588976777616718115948005824665233400132417374621750887344831757"", ""98394838816403247684221016468696784125095120854407803889228262583112436699261""]",https://polymarket.com/market/will-jon-ossoff-win-the-2028-us-presidential-election
561262,will-james-talarico-win-the-2028-us-presidential-election,Will James Talarico win the 2028 US Presidential Election?,Will James Talarico win the 2028 US Presidential Election?,"The 2028 US Presidential Election is scheduled to take place on November 7, 2028.

This market will resolve to the person who wins the 2028 US Presidential Election.

The resolution source for this market is the Associated Press, Fox News, and NBC. This market will resolve once all three sources call the race for the same candidate. If all three sources haven’t called the race for the same candidate by the inauguration date (January 20, 2029) this market will resolve based on who is inaugurated.",,,presidential-election-winner-2028,Presidential Election Winner 2028,6448505.698337045,1045151.84004,False,2028-11-07T00:00:00Z,"[""92909595831677784305960426832337551335132297174712723670055008600724483830120"", ""26699870693127605012594021642110712356790266877635966965879322906179628109191""]",https://polymarket.com/market/will-james-talarico-win-the-2028-us-presidential-election
561263,will-eric-trump-win-the-2028-us-presidential-election,Will Eric Trump win the 2028 US Presidential Election?,Will Eric Trump win the 2028 US Presidential Election?,"The 2028 US Presidential Election is scheduled to take place on November 7, 2028.

This market will resolve to the person who wins the 2028 US Presidential Election.

The resolution source for this market is the Associated Press, Fox News, and NBC. This market will resolve once all three sources call the race for the same candidate. If all three sources haven’t called the race for the same candidate by the inauguration date (January 20, 2029) this market will resolve based on who is inaugurated.",,,presidential-election-winner-2028,Presidential Election Winner 2028,18212407.566235136,2174121.67172,False,2028-11-07T00:00:00Z,"[""67028631656597977031363620447645908995417871899828777750494099295092202422178"", ""92435534412344629891924787958876018882926476169555134960124357040149315497159""]",https://polymarket.com/market/will-eric-trump-win-the-2028-us-presidential-election
561264,will-pete-hegseth-win-the-2028-us-presidential-election,Will Pete Hegseth win the 2028 US Presidential Election?,Will Pete Hegseth win the 2028 US Presidential Election?,"The 2028 US Presidential Election is scheduled to take place on November 7, 2028.

This market will resolve to the person who wins the 2028 US Presidential Election.

The resolution source for this market is the Associated Press, Fox News, and NBC. This market will resolve once all three sources call the race for the same candidate. If all three sources haven’t called the race for the same candidate by the inauguration date (January 20, 2029) this market will resolve based on who is inaugurated.",,,presidential-election-winner-2028,Presidential Election Winner 2028,8227294.143146052,1962089.10623,False,2028-11-07T00:00:00Z,"[""19127703543758281171764934244436807153695715307017908811054254126168591609122"", ""55988424779505974483153818818889528404380009581145395352086864710928569072171""]",https://polymarket.com/market/will-pete-hegseth-win-the-2028-us-presidential-election
561265,will-jalen-brunson-win-the-2028-us-presidential-election,Will Jalen Brunson win the 2028 US Presidential Election?,Will Jalen Brunson win the 2028 US Presidential Election?,"The 2028 US Presidential Election is scheduled to take place on November 7, 2028.

This market will resolve to the person who wins the 2028 US Presidential Election.

The resolution source for this market is the Associated Press, Fox News, and NBC. This market will resolve once all three sources call the race for the same candidate. If all three sources haven’t called the race for the same candidate by the inauguration date (January 20, 2029) this market will resolve based on who is inaugurated.",,,presidential-election-winner-2028,Presidential Election Winner 2028,1942610.2703410147,2153786.04428,False,2028-11-07T00:00:00Z,"[""102551965884513878228913656538331960551103243325173310298991321638711054206295"", ""25024096730843207041631203687678604497004516683590537482462688974562400646963""]",https://polymarket.com/market/will-jalen-brunson-win-the-2028-us-presidential-election
561973,will-donald-trump-win-the-2028-republican-presidential-nomination,Will Donald Trump win the 2028 Republican presidential nomination?,Will Donald Trump win the 2028 Republican presidential nomination?,"This market will resolve to “Yes” if the named individual wins and accepts the 2028 nomination of the Republican Party for U.S. president. Otherwise, this market will resolve to “No”.

The resolution source for this market will be a consensus of official Republican Party sources.

Any replacement of the Republican nominee before election day will not change the resolution of the market.",,,republican-presidential-nominee-2028,Republican Presidential Nominee 2028,9073606.389365986,437983.43019,False,2028-11-07T00:00:00Z,"[""3039641309958397001906153616677074061284510636204155275446291716739429262374"", ""27828976648682466778776999076215423777766972981338264154049603024771135223200""]",https://polymarket.com/market/will-donald-trump-win-the-2028-republican-presidential-nomination
561974,will-jd-vance-win-the-2028-republican-presidential-nomination,Will J.D. Vance win the 2028 Republican presidential nomination?,Will J.D. Vance win the 2028 Republican presidential nomination?,"This market will resolve to “Yes” if the named individual wins and accepts the 2028 nomination of the Republican Party for U.S. president. Otherwise, this market will resolve to “No”.

The resolution source for this market will be a consensus of official Republican Party sources.

Any replacement of the Republican nominee before election day will not change the resolution of the market.",,,republican-presidential-nominee-2028,Republican Presidential Nominee 2028,14494664.035097042,386576.54772,False,2028-11-07T00:00:00Z,"[""40081275558852222228080198821361202017557872256707631666334039001378518619916"", ""78633590736077251574794513664747155551297291244492840448622550955320930591622""]",https://polymarket.com/market/will-jd-vance-win-the-2028-republican-presidential-nomination
