timestamp,price,market_id,market_name,volume,liquidity,close_time
2026-07-10 10:00:17+00:00,0.0395,567621,Will China invade Taiwan by end of 2026?,38978853.601487756,575245.80516,2026-12-31T00:00:00Z
2026-07-10 11:00:05+00:00,0.0395,567621,Will China invade Taiwan by end of 2026?,38978853.601487756,575245.80516,2026-12-31T00:00:00Z
2026-07-10 12:00:07+00:00,0.0395,567621,Will China invade Taiwan by end of 2026?,38978853.601487756,575245.80516,2026-12-31T00:00:00Z
2026-07-10 13:00:05+00:00,0.0395,567621,Will China invade Taiwan by end of 2026?,38978853.601487756,575245.80516,2026-12-31T00:00:00Z
2026-07-10 14:00:05+00:00,0.0395,567621,Will China invade Taiwan by end of 2026?,38978853.601487756,575245.80516,2026-12-31T00:00:00Z
2026-07-10 15:00:06+00:00,0.0395,567621,Will China invade Taiwan by end of 2026?,38978853.601487756,575245.80516,2026-12-31T00:00:00Z
2026-07-10 16:00:05+00:00,0.0395,567621,Will China invade Taiwan by end of 2026?,38978853.601487756,575245.80516,2026-12-31T00:00:00Z
2026-07-10 17:00:04+00:00,0.0395,567621,Will China invade Taiwan by end of 2026?,38978853.601487756,575245.80516,2026-12-31T00:00:00Z
2026-07-10 18:00:05+00:00,0.0395,567621,Will China invade Taiwan by end of 2026?,38978853.601487756,575245.80516,2026-12-31T00:00:00Z
2026-07-10 19:00:05+00:00,0.0395,567621,Will China invade Taiwan by end of 2026?,38978853.601487756,575245.80516,2026-12-31T00:00:00Z
2026-07-10 20:00:05+00:00,0.0395,567621,Will China invade Taiwan by end of 2026?,38978853.601487756,575245.80516,2026-12-31T00:00:00Z
2026-07-10 21:00:06+00:00,0.0395,567621,Will China invade Taiwan by end of 2026?,38978853.601487756,575245.80516,2026-12-31T00:00:00Z
2026-07-10 23:00:21+00:00,0.0395,567621,Will China invade Taiwan by end of 2026?,38978853.601487756,575245.80516,2026-12-31T00:00:00Z
2026-07-11 00:00:08+00:00,0.0395,567621,Will China invade Taiwan by end of 2026?,38978853.601487756,575245.80516,2026-12-31T00:00:00Z
2026-07-11 01:00:05+00:00,0.0385,567621,Will China invade Taiwan by end of 2026?,38978853.601487756,575245.80516,2026-12-31T00:00:00Z
2026-07-11 02:00:05+00:00,0.0385,567621,Will China invade Taiwan by end of 2026?,38978853.601487756,575245.80516,2026-12-31T00:00:00Z
2026-07-11 03:00:05+00:00,0.0375,567621,Will China invade Taiwan by end of 2026?,38978853.601487756,575245.80516,2026-12-31T00:00:00Z
2026-07-11 04:00:07+00:00,0.0375,567621,Will China invade Taiwan by end of 2026?,38978853.601487756,575245.80516,2026-12-31T00:00:00Z
2026-07-11 05:00:06+00:00,0.0375,567621,Will China invade Taiwan by end of 2026?,38978853.601487756,575245.80516,2026-12-31T00:00:00Z
2026-07-11 06:00:08+00:00,0.0375,567621,Will China invade Taiwan by end of 2026?,38978853.601487756,575245.80516,2026-12-31T00:00:00Z
2026-07-11 07:00:05+00:00,0.0375,567621,Will China invade Taiwan by end of 2026?,38978853.601487756,575245.80516,2026-12-31T00:00:00Z
2026-07-11 08:00:05+00:00,0.0375,567621,Will China invade Taiwan by end of 2026?,38978853.601487756,575245.80516,2026-12-31T00:00:00Z
2026-07-11 09:00:05+00:00,0.0375,567621,Will China invade Taiwan by end of 2026?,38978853.601487756,575245.80516,2026-12-31T00:00:00Z
2026-07-11 10:00:05+00:00,0.0375,567621,Will China invade Taiwan by end of 2026?,38978853.601487756,575245.80516,2026-12-31T00:00:00Z
2026-07-11 11:00:05+00:00,0.0375,567621,Will China invade Taiwan by end of 2026?,38978853.601487756,575245.80516,2026-12-31T00:00:00Z
2026-07-11 12:00:07+00:00,0.0375,567621,Will China invade Taiwan by end of 2026?,38978853.601487756,575245.80516,2026-12-31T00:00:00Z
2026-07-11 13:00:05+00:00,0.0375,567621,Will China invade Taiwan by end of 2026?,38978853.601487756,575245.80516,2026-12-31T00:00:00Z
2026-07-11 14:00:05+00:00,0.0375,567621,Will China invade Taiwan by end of 2026?,38978853.601487756,575245.80516,2026-12-31T00:00:00Z
2026-07-11 15:00:06+00:00,0.0375,567621,Will China invade Taiwan by end of 2026?,38978853.601487756,575245.80516,2026-12-31T00:00:00Z
2026-07-11 16:00:04+00:00,0.0375,567621,Will China invade Taiwan by end of 2026?,38978853.601487756,575245.80516,2026-12-31T00:00:00Z
2026-07-11 17:00:06+00:00,0.0365,567621,Will China invade Taiwan by end of 2026?,38978853.601487756,575245.80516,2026-12-31T00:00:00Z
2026-07-11 18:00:07+00:00,0.0365,567621,Will China invade Taiwan by end of 2026?,38978853.601487756,575245.80516,2026-12-31T00:00:00Z
2026-07-11 19:00:05+00:00,0.0365,567621,Will China invade Taiwan by end of 2026?,38978853.601487756,575245.80516,2026-12-31T00:00:00Z
2026-07-11 20:00:06+00:00,0.0365,567621,Will China invade Taiwan by end of 2026?,38978853.601487756,575245.80516,2026-12-31T00:00:00Z
2026-07-11 21:00:06+00:00,0.0365,567621,Will China invade Taiwan by end of 2026?,38978853.601487756,575245.80516,2026-12-31T00:00:00Z
2026-07-11 22:00:03+00:00,0.0365,567621,Will China invade Taiwan by end of 2026?,38978853.601487756,575245.80516,2026-12-31T00:00:00Z
2026-07-11 23:00:04+00:00,0.0365,567621,Will China invade Taiwan by end of 2026?,38978853.601487756,575245.80516,2026-12-31T00:00:00Z
2026-07-12 00:00:20+00:00,0.0365,567621,Will China invade Taiwan by end of 2026?,38978853.601487756,575245.80516,2026-12-31T00:00:00Z
2026-07-12 01:00:05+00:00,0.0355,567621,Will China invade Taiwan by end of 2026?,38978853.601487756,575245.80516,2026-12-31T00:00:00Z
2026-07-12 02:00:06+00:00,0.0355,567621,Will China invade Taiwan by end of 2026?,38978853.601487756,575245.80516,2026-12-31T00:00:00Z
2026-07-12 03:00:06+00:00,0.0355,567621,Will China invade Taiwan by end of 2026?,38978853.601487756,575245.80516,2026-12-31T00:00:00Z
2026-07-12 04:00:05+00:00,0.0355,567621,Will China invade Taiwan by end of 2026?,38978853.601487756,575245.80516,2026-12-31T00:00:00Z
2026-07-12 05:00:04+00:00,0.0355,567621,Will China invade Taiwan by end of 2026?,38978853.601487756,575245.80516,2026-12-31T00:00:00Z
2026-07-12 06:00:05+00:00,0.0355,567621,Will China invade Taiwan by end of 2026?,38978853.601487756,575245.80516,2026-12-31T00:00:00Z
2026-07-12 07:00:09+00:00,0.0355,567621,Will China invade Taiwan by end of 2026?,38978853.601487756,575245.80516,2026-12-31T00:00:00Z
2026-07-12 08:00:04+00:00,0.0355,567621,Will China invade Taiwan by end of 2026?,38978853.601487756,575245.80516,2026-12-31T00:00:00Z
2026-07-12 09:00:05+00:00,0.0355,567621,Will China invade Taiwan by end of 2026?,38978853.601487756,575245.80516,2026-12-31T00:00:00Z
2026-07-12 10:00:05+00:00,0.0375,567621,Will China invade Taiwan by end of 2026?,38978853.601487756,575245.80516,2026-12-31T00:00:00Z
2026-07-12 11:00:19+00:00,0.0375,567621,Will China invade Taiwan by end of 2026?,38978853.601487756,575245.80516,2026-12-31T00:00:00Z
2026-07-12 12:00:09+00:00,0.0375,567621,Will China invade Taiwan by end of 2026?,38978853.601487756,575245.80516,2026-12-31T00:00:00Z
2026-07-12 13:00:05+00:00,0.0375,567621,Will China invade Taiwan by end of 2026?,38978853.601487756,575245.80516,2026-12-31T00:00:00Z
2026-07-12 14:00:05+00:00,0.0375,567621,Will China invade Taiwan by end of 2026?,38978853.601487756,575245.80516,2026-12-31T00:00:00Z
2026-07-12 15:00:05+00:00,0.0385,567621,Will China invade Taiwan by end of 2026?,38978853.601487756,575245.80516,2026-12-31T00:00:00Z
2026-07-12 16:00:04+00:00,0.0385,567621,Will China invade Taiwan by end of 2026?,38978853.601487756,575245.80516,2026-12-31T00:00:00Z
2026-07-12 17:00:05+00:00,0.0385,567621,Will China invade Taiwan by end of 2026?,38978853.601487756,575245.80516,2026-12-31T00:00:00Z
2026-07-12 18:00:07+00:00,0.0385,567621,Will China invade Taiwan by end of 2026?,38978853.601487756,575245.80516,2026-12-31T00:00:00Z
2026-07-12 19:00:05+00:00,0.0385,567621,Will China invade Taiwan by end of 2026?,38978853.601487756,575245.80516,2026-12-31T00:00:00Z
2026-07-12 20:00:06+00:00,0.0385,567621,Will China invade Taiwan by end of 2026?,38978853.601487756,575245.80516,2026-12-31T00:00:00Z
2026-07-12 21:00:06+00:00,0.0385,567621,Will China invade Taiwan by end of 2026?,38978853.601487756,575245.80516,2026-12-31T00:00:00Z
2026-07-12 22:00:09+00:00,0.0385,567621,Will China invade Taiwan by end of 2026?,38978853.601487756,575245.80516,2026-12-31T00:00:00Z
2026-07-12 23:00:04+00:00,0.0385,567621,Will China invade Taiwan by end of 2026?,38978853.601487756,575245.80516,2026-12-31T00:00:00Z
2026-07-13 00:00:08+00:00,0.0385,567621,Will China invade Taiwan by end of 2026?,38978853.601487756,575245.80516,2026-12-31T00:00:00Z
2026-07-13 01:00:05+00:00,0.0385,567621,Will China invade Taiwan by end of 2026?,38978853.601487756,575245.80516,2026-12-31T00:00:00Z
2026-07-13 02:00:04+00:00,0.0385,567621,Will China invade Taiwan by end of 2026?,38978853.601487756,575245.80516,2026-12-31T00:00:00Z
2026-07-13 03:00:05+00:00,0.0385,567621,Will China invade Taiwan by end of 2026?,38978853.601487756,575245.80516,2026-12-31T00:00:00Z
2026-07-13 04:00:05+00:00,0.0385,567621,Will China invade Taiwan by end of 2026?,38978853.601487756,575245.80516,2026-12-31T00:00:00Z
2026-07-13 05:00:07+00:00,0.0385,567621,Will China invade Taiwan by end of 2026?,38978853.601487756,575245.80516,2026-12-31T00:00:00Z
2026-07-13 06:00:07+00:00,0.0385,567621,Will China invade Taiwan by end of 2026?,38978853.601487756,575245.80516,2026-12-31T00:00:00Z
2026-07-13 07:00:06+00:00,0.0385,567621,Will China invade Taiwan by end of 2026?,38978853.601487756,575245.80516,2026-12-31T00:00:00Z
2026-07-13 08:00:07+00:00,0.0385,567621,Will China invade Taiwan by end of 2026?,38978853.601487756,575245.80516,2026-12-31T00:00:00Z
2026-07-13 09:00:06+00:00,0.0385,567621,Will China invade Taiwan by end of 2026?,38978853.601487756,575245.80516,2026-12-31T00:00:00Z
2026-07-13 10:00:05+00:00,0.0385,567621,Will China invade Taiwan by end of 2026?,38978853.601487756,575245.80516,2026-12-31T00:00:00Z
2026-07-13 11:00:04+00:00,0.0385,567621,Will China invade Taiwan by end of 2026?,38978853.601487756,575245.80516,2026-12-31T00:00:00Z
2026-07-13 12:00:08+00:00,0.0385,567621,Will China invade Taiwan by end of 2026?,38978853.601487756,575245.80516,2026-12-31T00:00:00Z
2026-07-13 13:00:04+00:00,0.0385,567621,Will China invade Taiwan by end of 2026?,38978853.601487756,575245.80516,2026-12-31T00:00:00Z
2026-07-13 14:00:19+00:00,0.0385,567621,Will China invade Taiwan by end of 2026?,38978853.601487756,575245.80516,2026-12-31T00:00:00Z
2026-07-13 15:00:23+00:00,0.0385,567621,Will China invade Taiwan by end of 2026?,38978853.601487756,575245.80516,2026-12-31T00:00:00Z
2026-07-13 16:00:04+00:00,0.0385,567621,Will China invade Taiwan by end of 2026?,38978853.601487756,575245.80516,2026-12-31T00:00:00Z
2026-07-13 17:00:06+00:00,0.0385,567621,Will China invade Taiwan by end of 2026?,38978853.601487756,575245.80516,2026-12-31T00:00:00Z
2026-07-13 18:00:05+00:00,0.0385,567621,Will China invade Taiwan by end of 2026?,38978853.601487756,575245.80516,2026-12-31T00:00:00Z
2026-07-13 19:00:06+00:00,0.0385,567621,Will China invade Taiwan by end of 2026?,38978853.601487756,575245.80516,2026-12-31T00:00:00Z
2026-07-13 20:00:06+00:00,0.0385,567621,Will China invade Taiwan by end of 2026?,38978853.601487756,575245.80516,2026-12-31T00:00:00Z
2026-07-13 21:00:06+00:00,0.0385,567621,Will China invade Taiwan by end of 2026?,38978853.601487756,575245.80516,2026-12-31T00:00:00Z
2026-07-13 22:00:05+00:00,0.0385,567621,Will China invade Taiwan by end of 2026?,38978853.601487756,575245.80516,2026-12-31T00:00:00Z
2026-07-13 23:00:05+00:00,0.0385,567621,Will China invade Taiwan by end of 2026?,38978853.601487756,575245.80516,2026-12-31T00:00:00Z
2026-07-14 00:00:08+00:00,0.0385,567621,Will China invade Taiwan by end of 2026?,38978853.601487756,575245.80516,2026-12-31T00:00:00Z
2026-07-14 01:00:04+00:00,0.0385,567621,Will China invade Taiwan by end of 2026?,38978853.601487756,575245.80516,2026-12-31T00:00:00Z
2026-07-14 02:00:04+00:00,0.0385,567621,Will China invade Taiwan by end of 2026?,38978853.601487756,575245.80516,2026-12-31T00:00:00Z
2026-07-14 03:00:07+00:00,0.0385,567621,Will China invade Taiwan by end of 2026?,38978853.601487756,575245.80516,2026-12-31T00:00:00Z
2026-07-14 04:00:05+00:00,0.0385,567621,Will China invade Taiwan by end of 2026?,38978853.601487756,575245.80516,2026-12-31T00:00:00Z
2026-07-14 05:00:05+00:00,0.0385,567621,Will China invade Taiwan by end of 2026?,38978853.601487756,575245.80516,2026-12-31T00:00:00Z
2026-07-14 06:00:06+00:00,0.0385,567621,Will China invade Taiwan by end of 2026?,38978853.601487756,575245.80516,2026-12-31T00:00:00Z
2026-07-14 07:00:08+00:00,0.0385,567621,Will China invade Taiwan by end of 2026?,38978853.601487756,575245.80516,2026-12-31T00:00:00Z
2026-07-14 08:00:05+00:00,0.0385,567621,Will China invade Taiwan by end of 2026?,38978853.601487756,575245.80516,2026-12-31T00:00:00Z
2026-07-14 09:00:05+00:00,0.0375,567621,Will China invade Taiwan by end of 2026?,38978853.601487756,575245.80516,2026-12-31T00:00:00Z
2026-07-14 10:00:06+00:00,0.0375,567621,Will China invade Taiwan by end of 2026?,38978853.601487756,575245.80516,2026-12-31T00:00:00Z
2026-07-14 11:00:05+00:00,0.0375,567621,Will China invade Taiwan by end of 2026?,38978853.601487756,575245.80516,2026-12-31T00:00:00Z
2026-07-14 12:00:11+00:00,0.0375,567621,Will China invade Taiwan by end of 2026?,38978853.601487756,575245.80516,2026-12-31T00:00:00Z
2026-07-14 13:00:08+00:00,0.0375,567621,Will China invade Taiwan by end of 2026?,38978853.601487756,575245.80516,2026-12-31T00:00:00Z
2026-07-14 14:00:12+00:00,0.0375,567621,Will China invade Taiwan by end of 2026?,38978853.601487756,575245.80516,2026-12-31T00:00:00Z
2026-07-14 15:00:08+00:00,0.0375,567621,Will China invade Taiwan by end of 2026?,38978853.601487756,575245.80516,2026-12-31T00:00:00Z
2026-07-14 16:00:12+00:00,0.0375,567621,Will China invade Taiwan by end of 2026?,38978853.601487756,575245.80516,2026-12-31T00:00:00Z
2026-07-14 17:00:14+00:00,0.0365,567621,Will China invade Taiwan by end of 2026?,38978853.601487756,575245.80516,2026-12-31T00:00:00Z
2026-07-14 18:00:15+00:00,0.0365,567621,Will China invade Taiwan by end of 2026?,38978853.601487756,575245.80516,2026-12-31T00:00:00Z
2026-07-14 19:00:07+00:00,0.0365,567621,Will China invade Taiwan by end of 2026?,38978853.601487756,575245.80516,2026-12-31T00:00:00Z
2026-07-14 20:00:06+00:00,0.0365,567621,Will China invade Taiwan by end of 2026?,38978853.601487756,575245.80516,2026-12-31T00:00:00Z
2026-07-14 21:00:06+00:00,0.0365,567621,Will China invade Taiwan by end of 2026?,38978853.601487756,575245.80516,2026-12-31T00:00:00Z
2026-07-14 22:00:05+00:00,0.0365,567621,Will China invade Taiwan by end of 2026?,38978853.601487756,575245.80516,2026-12-31T00:00:00Z
2026-07-14 23:00:06+00:00,0.0365,567621,Will China invade Taiwan by end of 2026?,38978853.601487756,575245.80516,2026-12-31T00:00:00Z
2026-07-15 00:00:09+00:00,0.0365,567621,Will China invade Taiwan by end of 2026?,38978853.601487756,575245.80516,2026-12-31T00:00:00Z
2026-07-15 01:00:07+00:00,0.0365,567621,Will China invade Taiwan by end of 2026?,38978853.601487756,575245.80516,2026-12-31T00:00:00Z
2026-07-15 02:00:09+00:00,0.0365,567621,Will China invade Taiwan by end of 2026?,38978853.601487756,575245.80516,2026-12-31T00:00:00Z
2026-07-15 03:00:07+00:00,0.0365,567621,Will China invade Taiwan by end of 2026?,38978853.601487756,575245.80516,2026-12-31T00:00:00Z
2026-07-15 04:00:05+00:00,0.0365,567621,Will China invade Taiwan by end of 2026?,38978853.601487756,575245.80516,2026-12-31T00:00:00Z
2026-07-15 05:00:20+00:00,0.0365,567621,Will China invade Taiwan by end of 2026?,38978853.601487756,575245.80516,2026-12-31T00:00:00Z
2026-07-15 06:00:08+00:00,0.0365,567621,Will China invade Taiwan by end of 2026?,38978853.601487756,575245.80516,2026-12-31T00:00:00Z
2026-07-15 07:00:19+00:00,0.0365,567621,Will China invade Taiwan by end of 2026?,38978853.601487756,575245.80516,2026-12-31T00:00:00Z
2026-07-15 08:00:21+00:00,0.0365,567621,Will China invade Taiwan by end of 2026?,38978853.601487756,575245.80516,2026-12-31T00:00:00Z
2026-07-15 09:00:07+00:00,0.0355,567621,Will China invade Taiwan by end of 2026?,38978853.601487756,575245.80516,2026-12-31T00:00:00Z
2026-07-15 10:00:05+00:00,0.0355,567621,Will China invade Taiwan by end of 2026?,38978853.601487756,575245.80516,2026-12-31T00:00:00Z
2026-07-15 11:00:08+00:00,0.0355,567621,Will China invade Taiwan by end of 2026?,38978853.601487756,575245.80516,2026-12-31T00:00:00Z
2026-07-15 12:00:21+00:00,0.039,567621,Will China invade Taiwan by end of 2026?,38978853.601487756,575245.80516,2026-12-31T00:00:00Z
2026-07-15 13:00:06+00:00,0.0385,567621,Will China invade Taiwan by end of 2026?,38978853.601487756,575245.80516,2026-12-31T00:00:00Z
2026-07-15 14:00:06+00:00,0.0375,567621,Will China invade Taiwan by end of 2026?,38978853.601487756,575245.80516,2026-12-31T00:00:00Z
2026-07-15 15:00:10+00:00,0.0375,567621,Will China invade Taiwan by end of 2026?,38978853.601487756,575245.80516,2026-12-31T00:00:00Z
2026-07-15 16:00:06+00:00,0.0375,567621,Will China invade Taiwan by end of 2026?,38978853.601487756,575245.80516,2026-12-31T00:00:00Z
2026-07-15 17:00:06+00:00,0.0375,567621,Will China invade Taiwan by end of 2026?,38978853.601487756,575245.80516,2026-12-31T00:00:00Z
2026-07-15 18:00:10+00:00,0.0375,567621,Will China invade Taiwan by end of 2026?,38978853.601487756,575245.80516,2026-12-31T00:00:00Z
2026-07-15 19:00:09+00:00,0.0375,567621,Will China invade Taiwan by end of 2026?,38978853.601487756,575245.80516,2026-12-31T00:00:00Z
2026-07-15 20:00:06+00:00,0.0375,567621,Will China invade Taiwan by end of 2026?,38978853.601487756,575245.80516,2026-12-31T00:00:00Z
2026-07-15 21:00:07+00:00,0.0375,567621,Will China invade Taiwan by end of 2026?,38978853.601487756,575245.80516,2026-12-31T00:00:00Z
2026-07-15 22:00:05+00:00,0.0375,567621,Will China invade Taiwan by end of 2026?,38978853.601487756,575245.80516,2026-12-31T00:00:00Z
2026-07-15 23:00:06+00:00,0.0375,567621,Will China invade Taiwan by end of 2026?,38978853.601487756,575245.80516,2026-12-31T00:00:00Z
2026-07-16 00:00:11+00:00,0.0375,567621,Will China invade Taiwan by end of 2026?,38978853.601487756,575245.80516,2026-12-31T00:00:00Z
2026-07-16 01:00:05+00:00,0.0375,567621,Will China invade Taiwan by end of 2026?,38978853.601487756,575245.80516,2026-12-31T00:00:00Z
2026-07-16 02:00:05+00:00,0.0375,567621,Will China invade Taiwan by end of 2026?,38978853.601487756,575245.80516,2026-12-31T00:00:00Z
2026-07-16 03:00:09+00:00,0.0385,567621,Will China invade Taiwan by end of 2026?,38978853.601487756,575245.80516,2026-12-31T00:00:00Z
2026-07-16 04:00:06+00:00,0.0385,567621,Will China invade Taiwan by end of 2026?,38978853.601487756,575245.80516,2026-12-31T00:00:00Z
2026-07-16 05:00:05+00:00,0.0385,567621,Will China invade Taiwan by end of 2026?,38978853.601487756,575245.80516,2026-12-31T00:00:00Z
2026-07-16 06:00:08+00:00,0.038,567621,Will China invade Taiwan by end of 2026?,38978853.601487756,575245.80516,2026-12-31T00:00:00Z
2026-07-16 07:00:07+00:00,0.0385,567621,Will China invade Taiwan by end of 2026?,38978853.601487756,575245.80516,2026-12-31T00:00:00Z
2026-07-16 08:00:04+00:00,0.0385,567621,Will China invade Taiwan by end of 2026?,38978853.601487756,575245.80516,2026-12-31T00:00:00Z
2026-07-16 09:00:10+00:00,0.0385,567621,Will China invade Taiwan by end of 2026?,38978853.601487756,575245.80516,2026-12-31T00:00:00Z
2026-07-16 10:00:07+00:00,0.0385,567621,Will China invade Taiwan by end of 2026?,38978853.601487756,575245.80516,2026-12-31T00:00:00Z
2026-07-16 11:00:06+00:00,0.0395,567621,Will China invade Taiwan by end of 2026?,38978853.601487756,575245.80516,2026-12-31T00:00:00Z
2026-07-16 12:00:07+00:00,0.0395,567621,Will China invade Taiwan by end of 2026?,38978853.601487756,575245.80516,2026-12-31T00:00:00Z
2026-07-16 13:00:07+00:00,0.0395,567621,Will China invade Taiwan by end of 2026?,38978853.601487756,575245.80516,2026-12-31T00:00:00Z
2026-07-16 14:00:05+00:00,0.0395,567621,Will China invade Taiwan by end of 2026?,38978853.601487756,575245.80516,2026-12-31T00:00:00Z
2026-07-16 15:00:08+00:00,0.0375,567621,Will China invade Taiwan by end of 2026?,38978853.601487756,575245.80516,2026-12-31T00:00:00Z
2026-07-16 16:00:05+00:00,0.0375,567621,Will China invade Taiwan by end of 2026?,38978853.601487756,575245.80516,2026-12-31T00:00:00Z
2026-07-16 17:00:06+00:00,0.0375,567621,Will China invade Taiwan by end of 2026?,38978853.601487756,575245.80516,2026-12-31T00:00:00Z
2026-07-16 18:00:21+00:00,0.0375,567621,Will China invade Taiwan by end of 2026?,38978853.601487756,575245.80516,2026-12-31T00:00:00Z
2026-07-16 19:00:06+00:00,0.0375,567621,Will China invade Taiwan by end of 2026?,38978853.601487756,575245.80516,2026-12-31T00:00:00Z
2026-07-16 20:00:07+00:00,0.0375,567621,Will China invade Taiwan by end of 2026?,38978853.601487756,575245.80516,2026-12-31T00:00:00Z
2026-07-16 21:00:07+00:00,0.0375,567621,Will China invade Taiwan by end of 2026?,38978853.601487756,575245.80516,2026-12-31T00:00:00Z
2026-07-16 22:00:06+00:00,0.0375,567621,Will China invade Taiwan by end of 2026?,38978853.601487756,575245.80516,2026-12-31T00:00:00Z
2026-07-16 23:00:08+00:00,0.0375,567621,Will China invade Taiwan by end of 2026?,38978853.601487756,575245.80516,2026-12-31T00:00:00Z
2026-07-17 00:00:09+00:00,0.0375,567621,Will China invade Taiwan by end of 2026?,38978853.601487756,575245.80516,2026-12-31T00:00:00Z
2026-07-17 01:00:05+00:00,0.0375,567621,Will China invade Taiwan by end of 2026?,38978853.601487756,575245.80516,2026-12-31T00:00:00Z
2026-07-17 02:00:06+00:00,0.0375,567621,Will China invade Taiwan by end of 2026?,38978853.601487756,575245.80516,2026-12-31T00:00:00Z
2026-07-17 03:00:07+00:00,0.0375,567621,Will China invade Taiwan by end of 2026?,38978853.601487756,575245.80516,2026-12-31T00:00:00Z
2026-07-17 04:00:06+00:00,0.0375,567621,Will China invade Taiwan by end of 2026?,38978853.601487756,575245.80516,2026-12-31T00:00:00Z
2026-07-17 05:00:07+00:00,0.0375,567621,Will China invade Taiwan by end of 2026?,38978853.601487756,575245.80516,2026-12-31T00:00:00Z
2026-07-17 06:00:08+00:00,0.0375,567621,Will China invade Taiwan by end of 2026?,38978853.601487756,575245.80516,2026-12-31T00:00:00Z
2026-07-17 07:00:04+00:00,0.0375,567621,Will China invade Taiwan by end of 2026?,38978853.601487756,575245.80516,2026-12-31T00:00:00Z
2026-07-17 08:00:05+00:00,0.0375,567621,Will China invade Taiwan by end of 2026?,38978853.601487756,575245.80516,2026-12-31T00:00:00Z
2026-07-17 09:00:06+00:00,0.0375,567621,Will China invade Taiwan by end of 2026?,38978853.601487756,575245.80516,2026-12-31T00:00:00Z
2026-07-17 10:00:08+00:00,0.0375,567621,Will China invade Taiwan by end of 2026?,38978853.601487756,575245.80516,2026-12-31T00:00:00Z
2026-07-17 11:00:05+00:00,0.0375,567621,Will China invade Taiwan by end of 2026?,38978853.601487756,575245.80516,2026-12-31T00:00:00Z
2026-07-17 12:00:09+00:00,0.0375,567621,Will China invade Taiwan by end of 2026?,38978853.601487756,575245.80516,2026-12-31T00:00:00Z
2026-07-17 13:00:05+00:00,0.0375,567621,Will China invade Taiwan by end of 2026?,38978853.601487756,575245.80516,2026-12-31T00:00:00Z
2026-07-17 14:00:06+00:00,0.0375,567621,Will China invade Taiwan by end of 2026?,38978853.601487756,575245.80516,2026-12-31T00:00:00Z
2026-07-17 15:00:07+00:00,0.0375,567621,Will China invade Taiwan by end of 2026?,38978853.601487756,575245.80516,2026-12-31T00:00:00Z
2026-07-17 16:00:22+00:00,0.0375,567621,Will China invade Taiwan by end of 2026?,38978853.601487756,575245.80516,2026-12-31T00:00:00Z
2026-07-17 17:00:08+00:00,0.0375,567621,Will China invade Taiwan by end of 2026?,38978853.601487756,575245.80516,2026-12-31T00:00:00Z
2026-07-17 18:00:24+00:00,0.0375,567621,Will China invade Taiwan by end of 2026?,38978853.601487756,575245.80516,2026-12-31T00:00:00Z
2026-07-17 19:00:06+00:00,0.04,567621,Will China invade Taiwan by end of 2026?,38978853.601487756,575245.80516,2026-12-31T00:00:00Z
2026-07-17 20:00:05+00:00,0.0395,567621,Will China invade Taiwan by end of 2026?,38978853.601487756,575245.80516,2026-12-31T00:00:00Z
2026-07-17 21:00:06+00:00,0.0395,567621,Will China invade Taiwan by end of 2026?,38978853.601487756,575245.80516,2026-12-31T00:00:00Z
2026-07-17 22:00:06+00:00,0.0395,567621,Will China invade Taiwan by end of 2026?,38978853.601487756,575245.80516,2026-12-31T00:00:00Z
2026-07-17 23:00:08+00:00,0.0395,567621,Will China invade Taiwan by end of 2026?,38978853.601487756,575245.80516,2026-12-31T00:00:00Z
2026-07-18 00:00:07+00:00,0.0395,567621,Will China invade Taiwan by end of 2026?,38978853.601487756,575245.80516,2026-12-31T00:00:00Z
2026-07-18 01:00:06+00:00,0.0395,567621,Will China invade Taiwan by end of 2026?,38978853.601487756,575245.80516,2026-12-31T00:00:00Z
2026-07-18 02:00:06+00:00,0.0395,567621,Will China invade Taiwan by end of 2026?,38978853.601487756,575245.80516,2026-12-31T00:00:00Z
2026-07-18 03:00:07+00:00,0.0395,567621,Will China invade Taiwan by end of 2026?,38978853.601487756,575245.80516,2026-12-31T00:00:00Z
2026-07-18 04:00:05+00:00,0.0395,567621,Will China invade Taiwan by end of 2026?,38978853.601487756,575245.80516,2026-12-31T00:00:00Z
2026-07-18 05:00:06+00:00,0.0395,567621,Will China invade Taiwan by end of 2026?,38978853.601487756,575245.80516,2026-12-31T00:00:00Z
2026-07-18 06:00:06+00:00,0.0395,567621,Will China invade Taiwan by end of 2026?,38978853.601487756,575245.80516,2026-12-31T00:00:00Z
2026-07-18 07:00:06+00:00,0.0395,567621,Will China invade Taiwan by end of 2026?,38978853.601487756,575245.80516,2026-12-31T00:00:00Z
2026-07-18 08:00:05+00:00,0.0395,567621,Will China invade Taiwan by end of 2026?,38978853.601487756,575245.80516,2026-12-31T00:00:00Z
2026-07-18 09:00:09+00:00,0.0395,567621,Will China invade Taiwan by end of 2026?,38978853.601487756,575245.80516,2026-12-31T00:00:00Z
2026-07-18 10:00:05+00:00,0.0395,567621,Will China invade Taiwan by end of 2026?,38978853.601487756,575245.80516,2026-12-31T00:00:00Z
2026-07-18 11:00:06+00:00,0.0395,567621,Will China invade Taiwan by end of 2026?,38978853.601487756,575245.80516,2026-12-31T00:00:00Z
2026-07-18 12:00:19+00:00,0.0395,567621,Will China invade Taiwan by end of 2026?,38978853.601487756,575245.80516,2026-12-31T00:00:00Z
2026-07-18 13:00:06+00:00,0.0395,567621,Will China invade Taiwan by end of 2026?,38978853.601487756,575245.80516,2026-12-31T00:00:00Z
2026-07-18 14:00:07+00:00,0.0395,567621,Will China invade Taiwan by end of 2026?,38978853.601487756,575245.80516,2026-12-31T00:00:00Z
2026-07-18 15:00:07+00:00,0.0395,567621,Will China invade Taiwan by end of 2026?,38978853.601487756,575245.80516,2026-12-31T00:00:00Z
2026-07-18 16:00:06+00:00,0.0395,567621,Will China invade Taiwan by end of 2026?,38978853.601487756,575245.80516,2026-12-31T00:00:00Z
2026-07-18 17:00:06+00:00,0.0395,567621,Will China invade Taiwan by end of 2026?,38978853.601487756,575245.80516,2026-12-31T00:00:00Z
2026-07-18 18:00:08+00:00,0.0395,567621,Will China invade Taiwan by end of 2026?,38978853.601487756,575245.80516,2026-12-31T00:00:00Z
2026-07-18 19:00:05+00:00,0.0395,567621,Will China invade Taiwan by end of 2026?,38978853.601487756,575245.80516,2026-12-31T00:00:00Z
2026-07-18 20:00:07+00:00,0.0395,567621,Will China invade Taiwan by end of 2026?,38978853.601487756,575245.80516,2026-12-31T00:00:00Z
2026-07-18 21:00:08+00:00,0.0395,567621,Will China invade Taiwan by end of 2026?,38978853.601487756,575245.80516,2026-12-31T00:00:00Z
2026-07-18 22:00:05+00:00,0.0395,567621,Will China invade Taiwan by end of 2026?,38978853.601487756,575245.80516,2026-12-31T00:00:00Z
2026-07-18 23:00:07+00:00,0.0395,567621,Will China invade Taiwan by end of 2026?,38978853.601487756,575245.80516,2026-12-31T00:00:00Z
2026-07-19 00:00:08+00:00,0.0395,567621,Will China invade Taiwan by end of 2026?,38978853.601487756,575245.80516,2026-12-31T00:00:00Z
2026-07-19 01:00:05+00:00,0.0385,567621,Will China invade Taiwan by end of 2026?,38978853.601487756,575245.80516,2026-12-31T00:00:00Z
2026-07-19 02:00:06+00:00,0.0385,567621,Will China invade Taiwan by end of 2026?,38978853.601487756,575245.80516,2026-12-31T00:00:00Z
2026-07-19 03:00:06+00:00,0.0385,567621,Will China invade Taiwan by end of 2026?,38978853.601487756,575245.80516,2026-12-31T00:00:00Z
2026-07-19 04:00:05+00:00,0.0385,567621,Will China invade Taiwan by end of 2026?,38978853.601487756,575245.80516,2026-12-31T00:00:00Z
2026-07-19 05:00:06+00:00,0.0395,567621,Will China invade Taiwan by end of 2026?,38978853.601487756,575245.80516,2026-12-31T00:00:00Z
2026-07-19 06:00:09+00:00,0.0395,567621,Will China invade Taiwan by end of 2026?,38978853.601487756,575245.80516,2026-12-31T00:00:00Z
2026-07-19 07:00:05+00:00,0.0395,567621,Will China invade Taiwan by end of 2026?,38978853.601487756,575245.80516,2026-12-31T00:00:00Z
2026-07-19 08:00:06+00:00,0.0395,567621,Will China invade Taiwan by end of 2026?,38978853.601487756,575245.80516,2026-12-31T00:00:00Z
2026-07-19 09:00:07+00:00,0.0395,567621,Will China invade Taiwan by end of 2026?,38978853.601487756,575245.80516,2026-12-31T00:00:00Z
2026-07-19 10:00:05+00:00,0.04,567621,Will China invade Taiwan by end of 2026?,38978853.601487756,575245.80516,2026-12-31T00:00:00Z
2026-07-19 11:00:06+00:00,0.0395,567621,Will China invade Taiwan by end of 2026?,38978853.601487756,575245.80516,2026-12-31T00:00:00Z
2026-07-19 12:00:07+00:00,0.0395,567621,Will China invade Taiwan by end of 2026?,38978853.601487756,575245.80516,2026-12-31T00:00:00Z
2026-07-19 13:00:07+00:00,0.0395,567621,Will China invade Taiwan by end of 2026?,38978853.601487756,575245.80516,2026-12-31T00:00:00Z
2026-07-19 14:00:07+00:00,0.0395,567621,Will China invade Taiwan by end of 2026?,38978853.601487756,575245.80516,2026-12-31T00:00:00Z
2026-07-19 15:00:07+00:00,0.0395,567621,Will China invade Taiwan by end of 2026?,38978853.601487756,575245.80516,2026-12-31T00:00:00Z
2026-07-19 16:00:21+00:00,0.0395,567621,Will China invade Taiwan by end of 2026?,38978853.601487756,575245.80516,2026-12-31T00:00:00Z
2026-07-19 17:00:10+00:00,0.0385,567621,Will China invade Taiwan by end of 2026?,38978853.601487756,575245.80516,2026-12-31T00:00:00Z
2026-07-19 18:00:07+00:00,0.0385,567621,Will China invade Taiwan by end of 2026?,38978853.601487756,575245.80516,2026-12-31T00:00:00Z
2026-07-19 19:00:07+00:00,0.0385,567621,Will China invade Taiwan by end of 2026?,38978853.601487756,575245.80516,2026-12-31T00:00:00Z
2026-07-19 20:00:08+00:00,0.0385,567621,Will China invade Taiwan by end of 2026?,38978853.601487756,575245.80516,2026-12-31T00:00:00Z
2026-07-19 21:00:21+00:00,0.0395,567621,Will China invade Taiwan by end of 2026?,38978853.601487756,575245.80516,2026-12-31T00:00:00Z
2026-07-19 22:00:06+00:00,0.0405,567621,Will China invade Taiwan by end of 2026?,38978853.601487756,575245.80516,2026-12-31T00:00:00Z
2026-07-19 23:00:06+00:00,0.0415,567621,Will China invade Taiwan by end of 2026?,38978853.601487756,575245.80516,2026-12-31T00:00:00Z
2026-07-20 00:00:22+00:00,0.0415,567621,Will China invade Taiwan by end of 2026?,38978853.601487756,575245.80516,2026-12-31T00:00:00Z
2026-07-20 01:00:07+00:00,0.0415,567621,Will China invade Taiwan by end of 2026?,38978853.601487756,575245.80516,2026-12-31T00:00:00Z
2026-07-20 02:00:06+00:00,0.0405,567621,Will China invade Taiwan by end of 2026?,38978853.601487756,575245.80516,2026-12-31T00:00:00Z
2026-07-20 03:00:07+00:00,0.0405,567621,Will China invade Taiwan by end of 2026?,38978853.601487756,575245.80516,2026-12-31T00:00:00Z
2026-07-20 04:00:05+00:00,0.0405,567621,Will China invade Taiwan by end of 2026?,38978853.601487756,575245.80516,2026-12-31T00:00:00Z
2026-07-20 05:00:19+00:00,0.0405,567621,Will China invade Taiwan by end of 2026?,38978853.601487756,575245.80516,2026-12-31T00:00:00Z
2026-07-20 06:00:09+00:00,0.0405,567621,Will China invade Taiwan by end of 2026?,38978853.601487756,575245.80516,2026-12-31T00:00:00Z
2026-07-20 07:00:06+00:00,0.0405,567621,Will China invade Taiwan by end of 2026?,38978853.601487756,575245.80516,2026-12-31T00:00:00Z
2026-07-20 08:00:05+00:00,0.0405,567621,Will China invade Taiwan by end of 2026?,38978853.601487756,575245.80516,2026-12-31T00:00:00Z
2026-07-20 09:00:07+00:00,0.0405,567621,Will China invade Taiwan by end of 2026?,38978853.601487756,575245.80516,2026-12-31T00:00:00Z
2026-07-20 10:00:05+00:00,0.0405,567621,Will China invade Taiwan by end of 2026?,38978853.601487756,575245.80516,2026-12-31T00:00:00Z
2026-07-20 11:00:07+00:00,0.0405,567621,Will China invade Taiwan by end of 2026?,38978853.601487756,575245.80516,2026-12-31T00:00:00Z
2026-07-20 12:00:07+00:00,0.0405,567621,Will China invade Taiwan by end of 2026?,38978853.601487756,575245.80516,2026-12-31T00:00:00Z
2026-07-20 13:00:08+00:00,0.0405,567621,Will China invade Taiwan by end of 2026?,38978853.601487756,575245.80516,2026-12-31T00:00:00Z
2026-07-20 14:00:05+00:00,0.0405,567621,Will China invade Taiwan by end of 2026?,38978853.601487756,575245.80516,2026-12-31T00:00:00Z
2026-07-20 15:00:11+00:00,0.0405,567621,Will China invade Taiwan by end of 2026?,38978853.601487756,575245.80516,2026-12-31T00:00:00Z
2026-07-20 16:00:08+00:00,0.0405,567621,Will China invade Taiwan by end of 2026?,38978853.601487756,575245.80516,2026-12-31T00:00:00Z
2026-07-20 17:00:15+00:00,0.0405,567621,Will China invade Taiwan by end of 2026?,38978853.601487756,575245.80516,2026-12-31T00:00:00Z
2026-07-20 18:00:07+00:00,0.0405,567621,Will China invade Taiwan by end of 2026?,38978853.601487756,575245.80516,2026-12-31T00:00:00Z
2026-07-20 19:00:06+00:00,0.0435,567621,Will China invade Taiwan by end of 2026?,38978853.601487756,575245.80516,2026-12-31T00:00:00Z
2026-07-20 20:00:21+00:00,0.0435,567621,Will China invade Taiwan by end of 2026?,38978853.601487756,575245.80516,2026-12-31T00:00:00Z
2026-07-20 21:00:09+00:00,0.0435,567621,Will China invade Taiwan by end of 2026?,38978853.601487756,575245.80516,2026-12-31T00:00:00Z
2026-07-20 22:00:05+00:00,0.0435,567621,Will China invade Taiwan by end of 2026?,38978853.601487756,575245.80516,2026-12-31T00:00:00Z
2026-07-20 23:00:05+00:00,0.0435,567621,Will China invade Taiwan by end of 2026?,38978853.601487756,575245.80516,2026-12-31T00:00:00Z
2026-07-21 00:00:09+00:00,0.0435,567621,Will China invade Taiwan by end of 2026?,38978853.601487756,575245.80516,2026-12-31T00:00:00Z
2026-07-21 01:00:09+00:00,0.0435,567621,Will China invade Taiwan by end of 2026?,38978853.601487756,575245.80516,2026-12-31T00:00:00Z
2026-07-21 02:00:08+00:00,0.0435,567621,Will China invade Taiwan by end of 2026?,38978853.601487756,575245.80516,2026-12-31T00:00:00Z
2026-07-21 03:00:09+00:00,0.0435,567621,Will China invade Taiwan by end of 2026?,38978853.601487756,575245.80516,2026-12-31T00:00:00Z
2026-07-21 04:00:21+00:00,0.0435,567621,Will China invade Taiwan by end of 2026?,38978853.601487756,575245.80516,2026-12-31T00:00:00Z
2026-07-21 05:00:06+00:00,0.0435,567621,Will China invade Taiwan by end of 2026?,38978853.601487756,575245.80516,2026-12-31T00:00:00Z
2026-07-21 06:00:09+00:00,0.0435,567621,Will China invade Taiwan by end of 2026?,38978853.601487756,575245.80516,2026-12-31T00:00:00Z
2026-07-21 07:00:08+00:00,0.0435,567621,Will China invade Taiwan by end of 2026?,38978853.601487756,575245.80516,2026-12-31T00:00:00Z
2026-07-21 08:00:06+00:00,0.0435,567621,Will China invade Taiwan by end of 2026?,38978853.601487756,575245.80516,2026-12-31T00:00:00Z
2026-07-21 09:00:08+00:00,0.0435,567621,Will China invade Taiwan by end of 2026?,38978853.601487756,575245.80516,2026-12-31T00:00:00Z
2026-07-21 10:00:06+00:00,0.0435,567621,Will China invade Taiwan by end of 2026?,38978853.601487756,575245.80516,2026-12-31T00:00:00Z
2026-07-21 11:00:06+00:00,0.0435,567621,Will China invade Taiwan by end of 2026?,38978853.601487756,575245.80516,2026-12-31T00:00:00Z
2026-07-21 12:00:10+00:00,0.0435,567621,Will China invade Taiwan by end of 2026?,38978853.601487756,575245.80516,2026-12-31T00:00:00Z
2026-07-21 13:00:07+00:00,0.0435,567621,Will China invade Taiwan by end of 2026?,38978853.601487756,575245.80516,2026-12-31T00:00:00Z
2026-07-21 14:00:06+00:00,0.0435,567621,Will China invade Taiwan by end of 2026?,38978853.601487756,575245.80516,2026-12-31T00:00:00Z
2026-07-21 15:00:21+00:00,0.0425,567621,Will China invade Taiwan by end of 2026?,38978853.601487756,575245.80516,2026-12-31T00:00:00Z
2026-07-21 16:00:07+00:00,0.0415,567621,Will China invade Taiwan by end of 2026?,38978853.601487756,575245.80516,2026-12-31T00:00:00Z
2026-07-21 17:00:06+00:00,0.0415,567621,Will China invade Taiwan by end of 2026?,38978853.601487756,575245.80516,2026-12-31T00:00:00Z
2026-07-21 18:00:14+00:00,0.0415,567621,Will China invade Taiwan by end of 2026?,38978853.601487756,575245.80516,2026-12-31T00:00:00Z
2026-07-21 19:00:05+00:00,0.0415,567621,Will China invade Taiwan by end of 2026?,38978853.601487756,575245.80516,2026-12-31T00:00:00Z
2026-07-21 20:00:06+00:00,0.0415,567621,Will China invade Taiwan by end of 2026?,38978853.601487756,575245.80516,2026-12-31T00:00:00Z
2026-07-21 21:00:09+00:00,0.0425,567621,Will China invade Taiwan by end of 2026?,38978853.601487756,575245.80516,2026-12-31T00:00:00Z
2026-07-21 22:00:06+00:00,0.0425,567621,Will China invade Taiwan by end of 2026?,38978853.601487756,575245.80516,2026-12-31T00:00:00Z
2026-07-21 23:00:19+00:00,0.0425,567621,Will China invade Taiwan by end of 2026?,38978853.601487756,575245.80516,2026-12-31T00:00:00Z
2026-07-22 00:00:08+00:00,0.0425,567621,Will China invade Taiwan by end of 2026?,38978853.601487756,575245.80516,2026-12-31T00:00:00Z
2026-07-22 01:00:06+00:00,0.0415,567621,Will China invade Taiwan by end of 2026?,38978853.601487756,575245.80516,2026-12-31T00:00:00Z
2026-07-22 02:00:06+00:00,0.0415,567621,Will China invade Taiwan by end of 2026?,38978853.601487756,575245.80516,2026-12-31T00:00:00Z
2026-07-22 03:00:08+00:00,0.0415,567621,Will China invade Taiwan by end of 2026?,38978853.601487756,575245.80516,2026-12-31T00:00:00Z
2026-07-22 04:00:06+00:00,0.0415,567621,Will China invade Taiwan by end of 2026?,38978853.601487756,575245.80516,2026-12-31T00:00:00Z
2026-07-22 05:00:05+00:00,0.0415,567621,Will China invade Taiwan by end of 2026?,38978853.601487756,575245.80516,2026-12-31T00:00:00Z
2026-07-22 06:00:22+00:00,0.0415,567621,Will China invade Taiwan by end of 2026?,38978853.601487756,575245.80516,2026-12-31T00:00:00Z
2026-07-22 07:00:06+00:00,0.0405,567621,Will China invade Taiwan by end of 2026?,38978853.601487756,575245.80516,2026-12-31T00:00:00Z
2026-07-22 08:00:05+00:00,0.0405,567621,Will China invade Taiwan by end of 2026?,38978853.601487756,575245.80516,2026-12-31T00:00:00Z
2026-07-22 09:00:07+00:00,0.0405,567621,Will China invade Taiwan by end of 2026?,38978853.601487756,575245.80516,2026-12-31T00:00:00Z
2026-07-22 10:00:06+00:00,0.0405,567621,Will China invade Taiwan by end of 2026?,38978853.601487756,575245.80516,2026-12-31T00:00:00Z
2026-07-22 11:00:06+00:00,0.0405,567621,Will China invade Taiwan by end of 2026?,38978853.601487756,575245.80516,2026-12-31T00:00:00Z
2026-07-22 12:00:07+00:00,0.0405,567621,Will China invade Taiwan by end of 2026?,38978853.601487756,575245.80516,2026-12-31T00:00:00Z
2026-07-22 13:00:06+00:00,0.0405,567621,Will China invade Taiwan by end of 2026?,38978853.601487756,575245.80516,2026-12-31T00:00:00Z
2026-07-22 14:00:05+00:00,0.0405,567621,Will China invade Taiwan by end of 2026?,38978853.601487756,575245.80516,2026-12-31T00:00:00Z
2026-07-22 15:00:08+00:00,0.0395,567621,Will China invade Taiwan by end of 2026?,38978853.601487756,575245.80516,2026-12-31T00:00:00Z
2026-07-22 16:00:06+00:00,0.0395,567621,Will China invade Taiwan by end of 2026?,38978853.601487756,575245.80516,2026-12-31T00:00:00Z
2026-07-22 17:00:10+00:00,0.0385,567621,Will China invade Taiwan by end of 2026?,38978853.601487756,575245.80516,2026-12-31T00:00:00Z
2026-07-22 18:00:07+00:00,0.0385,567621,Will China invade Taiwan by end of 2026?,38978853.601487756,575245.80516,2026-12-31T00:00:00Z
2026-07-22 19:00:05+00:00,0.0385,567621,Will China invade Taiwan by end of 2026?,38978853.601487756,575245.80516,2026-12-31T00:00:00Z
2026-07-22 20:00:08+00:00,0.0385,567621,Will China invade Taiwan by end of 2026?,38978853.601487756,575245.80516,2026-12-31T00:00:00Z
2026-07-22 21:00:08+00:00,0.0385,567621,Will China invade Taiwan by end of 2026?,38978853.601487756,575245.80516,2026-12-31T00:00:00Z
2026-07-22 22:00:09+00:00,0.0385,567621,Will China invade Taiwan by end of 2026?,38978853.601487756,575245.80516,2026-12-31T00:00:00Z
2026-07-22 23:00:07+00:00,0.0385,567621,Will China invade Taiwan by end of 2026?,38978853.601487756,575245.80516,2026-12-31T00:00:00Z
2026-07-23 00:00:14+00:00,0.0385,567621,Will China invade Taiwan by end of 2026?,38978853.601487756,575245.80516,2026-12-31T00:00:00Z
2026-07-23 01:00:20+00:00,0.0385,567621,Will China invade Taiwan by end of 2026?,38978853.601487756,575245.80516,2026-12-31T00:00:00Z
2026-07-23 02:00:07+00:00,0.0385,567621,Will China invade Taiwan by end of 2026?,38978853.601487756,575245.80516,2026-12-31T00:00:00Z
2026-07-23 03:00:09+00:00,0.0385,567621,Will China invade Taiwan by end of 2026?,38978853.601487756,575245.80516,2026-12-31T00:00:00Z
2026-07-23 04:00:09+00:00,0.0385,567621,Will China invade Taiwan by end of 2026?,38978853.601487756,575245.80516,2026-12-31T00:00:00Z
2026-07-23 05:00:14+00:00,0.0385,567621,Will China invade Taiwan by end of 2026?,38978853.601487756,575245.80516,2026-12-31T00:00:00Z
2026-07-23 06:00:14+00:00,0.0385,567621,Will China invade Taiwan by end of 2026?,38978853.601487756,575245.80516,2026-12-31T00:00:00Z
2026-07-23 07:00:09+00:00,0.0385,567621,Will China invade Taiwan by end of 2026?,38978853.601487756,575245.80516,2026-12-31T00:00:00Z
2026-07-23 08:00:05+00:00,0.0385,567621,Will China invade Taiwan by end of 2026?,38978853.601487756,575245.80516,2026-12-31T00:00:00Z
2026-07-23 09:00:10+00:00,0.0385,567621,Will China invade Taiwan by end of 2026?,38978853.601487756,575245.80516,2026-12-31T00:00:00Z
2026-07-23 10:00:09+00:00,0.0385,567621,Will China invade Taiwan by end of 2026?,38978853.601487756,575245.80516,2026-12-31T00:00:00Z
2026-07-23 11:00:07+00:00,0.0385,567621,Will China invade Taiwan by end of 2026?,38978853.601487756,575245.80516,2026-12-31T00:00:00Z
2026-07-23 12:00:15+00:00,0.0385,567621,Will China invade Taiwan by end of 2026?,38978853.601487756,575245.80516,2026-12-31T00:00:00Z
2026-07-23 13:00:08+00:00,0.0385,567621,Will China invade Taiwan by end of 2026?,38978853.601487756,575245.80516,2026-12-31T00:00:00Z
2026-07-23 14:00:07+00:00,0.0385,567621,Will China invade Taiwan by end of 2026?,38978853.601487756,575245.80516,2026-12-31T00:00:00Z
2026-07-23 15:00:12+00:00,0.0385,567621,Will China invade Taiwan by end of 2026?,38978853.601487756,575245.80516,2026-12-31T00:00:00Z
2026-07-23 16:00:08+00:00,0.0385,567621,Will China invade Taiwan by end of 2026?,38978853.601487756,575245.80516,2026-12-31T00:00:00Z
2026-07-23 17:00:11+00:00,0.0385,567621,Will China invade Taiwan by end of 2026?,38978853.601487756,575245.80516,2026-12-31T00:00:00Z
2026-07-23 18:00:09+00:00,0.0385,567621,Will China invade Taiwan by end of 2026?,38978853.601487756,575245.80516,2026-12-31T00:00:00Z
2026-07-23 19:00:09+00:00,0.0385,567621,Will China invade Taiwan by end of 2026?,38978853.601487756,575245.80516,2026-12-31T00:00:00Z
2026-07-23 20:00:10+00:00,0.0385,567621,Will China invade Taiwan by end of 2026?,38978853.601487756,575245.80516,2026-12-31T00:00:00Z
2026-07-23 21:00:12+00:00,0.0385,567621,Will China invade Taiwan by end of 2026?,38978853.601487756,575245.80516,2026-12-31T00:00:00Z
2026-07-23 22:00:10+00:00,0.0385,567621,Will China invade Taiwan by end of 2026?,38978853.601487756,575245.80516,2026-12-31T00:00:00Z
2026-07-23 23:00:09+00:00,0.0385,567621,Will China invade Taiwan by end of 2026?,38978853.601487756,575245.80516,2026-12-31T00:00:00Z
2026-07-24 00:00:10+00:00,0.0385,567621,Will China invade Taiwan by end of 2026?,38978853.601487756,575245.80516,2026-12-31T00:00:00Z
2026-07-24 01:00:07+00:00,0.0385,567621,Will China invade Taiwan by end of 2026?,38978853.601487756,575245.80516,2026-12-31T00:00:00Z
2026-07-24 02:00:09+00:00,0.0385,567621,Will China invade Taiwan by end of 2026?,38978853.601487756,575245.80516,2026-12-31T00:00:00Z
2026-07-24 03:00:12+00:00,0.0375,567621,Will China invade Taiwan by end of 2026?,38978853.601487756,575245.80516,2026-12-31T00:00:00Z
2026-07-24 04:00:08+00:00,0.0385,567621,Will China invade Taiwan by end of 2026?,38978853.601487756,575245.80516,2026-12-31T00:00:00Z
2026-07-24 05:00:13+00:00,0.0375,567621,Will China invade Taiwan by end of 2026?,38978853.601487756,575245.80516,2026-12-31T00:00:00Z
2026-07-24 06:00:09+00:00,0.0385,567621,Will China invade Taiwan by end of 2026?,38978853.601487756,575245.80516,2026-12-31T00:00:00Z
2026-07-24 07:00:07+00:00,0.0385,567621,Will China invade Taiwan by end of 2026?,38978853.601487756,575245.80516,2026-12-31T00:00:00Z
2026-07-24 08:00:07+00:00,0.0375,567621,Will China invade Taiwan by end of 2026?,38978853.601487756,575245.80516,2026-12-31T00:00:00Z
2026-07-24 09:00:11+00:00,0.0385,567621,Will China invade Taiwan by end of 2026?,38978853.601487756,575245.80516,2026-12-31T00:00:00Z
2026-07-24 09:38:06+00:00,0.0375,567621,Will China invade Taiwan by end of 2026?,38978853.601487756,575245.80516,2026-12-31T00:00:00Z
2026-07-10 10:00:18+00:00,0.0275,568116,Will Trump be impeached by end of 2026?,978553.5085760048,131321.61088,2026-12-31T00:00:00Z
2026-07-10 11:00:06+00:00,0.0275,568116,Will Trump be impeached by end of 2026?,978553.5085760048,131321.61088,2026-12-31T00:00:00Z
2026-07-10 12:00:09+00:00,0.0275,568116,Will Trump be impeached by end of 2026?,978553.5085760048,131321.61088,2026-12-31T00:00:00Z
2026-07-10 13:00:06+00:00,0.0275,568116,Will Trump be impeached by end of 2026?,978553.5085760048,131321.61088,2026-12-31T00:00:00Z
2026-07-10 14:00:06+00:00,0.0275,568116,Will Trump be impeached by end of 2026?,978553.5085760048,131321.61088,2026-12-31T00:00:00Z
2026-07-10 15:00:08+00:00,0.0275,568116,Will Trump be impeached by end of 2026?,978553.5085760048,131321.61088,2026-12-31T00:00:00Z
2026-07-10 16:00:07+00:00,0.0275,568116,Will Trump be impeached by end of 2026?,978553.5085760048,131321.61088,2026-12-31T00:00:00Z
2026-07-10 17:00:06+00:00,0.0275,568116,Will Trump be impeached by end of 2026?,978553.5085760048,131321.61088,2026-12-31T00:00:00Z
2026-07-10 18:00:08+00:00,0.0275,568116,Will Trump be impeached by end of 2026?,978553.5085760048,131321.61088,2026-12-31T00:00:00Z
2026-07-10 19:00:06+00:00,0.0275,568116,Will Trump be impeached by end of 2026?,978553.5085760048,131321.61088,2026-12-31T00:00:00Z
2026-07-10 20:00:07+00:00,0.0275,568116,Will Trump be impeached by end of 2026?,978553.5085760048,131321.61088,2026-12-31T00:00:00Z
2026-07-10 21:00:08+00:00,0.0275,568116,Will Trump be impeached by end of 2026?,978553.5085760048,131321.61088,2026-12-31T00:00:00Z
2026-07-10 23:00:23+00:00,0.0275,568116,Will Trump be impeached by end of 2026?,978553.5085760048,131321.61088,2026-12-31T00:00:00Z
2026-07-11 00:00:10+00:00,0.0275,568116,Will Trump be impeached by end of 2026?,978553.5085760048,131321.61088,2026-12-31T00:00:00Z
2026-07-11 01:00:06+00:00,0.0275,568116,Will Trump be impeached by end of 2026?,978553.5085760048,131321.61088,2026-12-31T00:00:00Z
2026-07-11 02:00:07+00:00,0.0275,568116,Will Trump be impeached by end of 2026?,978553.5085760048,131321.61088,2026-12-31T00:00:00Z
2026-07-11 03:00:07+00:00,0.0275,568116,Will Trump be impeached by end of 2026?,978553.5085760048,131321.61088,2026-12-31T00:00:00Z
2026-07-11 04:00:08+00:00,0.0275,568116,Will Trump be impeached by end of 2026?,978553.5085760048,131321.61088,2026-12-31T00:00:00Z
2026-07-11 05:00:07+00:00,0.0275,568116,Will Trump be impeached by end of 2026?,978553.5085760048,131321.61088,2026-12-31T00:00:00Z
2026-07-11 06:00:14+00:00,0.0275,568116,Will Trump be impeached by end of 2026?,978553.5085760048,131321.61088,2026-12-31T00:00:00Z
2026-07-11 07:00:07+00:00,0.0275,568116,Will Trump be impeached by end of 2026?,978553.5085760048,131321.61088,2026-12-31T00:00:00Z
2026-07-11 08:00:07+00:00,0.0275,568116,Will Trump be impeached by end of 2026?,978553.5085760048,131321.61088,2026-12-31T00:00:00Z
2026-07-11 09:00:07+00:00,0.0275,568116,Will Trump be impeached by end of 2026?,978553.5085760048,131321.61088,2026-12-31T00:00:00Z
2026-07-11 10:00:06+00:00,0.029,568116,Will Trump be impeached by end of 2026?,978553.5085760048,131321.61088,2026-12-31T00:00:00Z
2026-07-11 11:00:06+00:00,0.029,568116,Will Trump be impeached by end of 2026?,978553.5085760048,131321.61088,2026-12-31T00:00:00Z
2026-07-11 12:00:10+00:00,0.028,568116,Will Trump be impeached by end of 2026?,978553.5085760048,131321.61088,2026-12-31T00:00:00Z
2026-07-11 13:00:06+00:00,0.028,568116,Will Trump be impeached by end of 2026?,978553.5085760048,131321.61088,2026-12-31T00:00:00Z
2026-07-11 14:00:07+00:00,0.028,568116,Will Trump be impeached by end of 2026?,978553.5085760048,131321.61088,2026-12-31T00:00:00Z
2026-07-11 15:00:08+00:00,0.028,568116,Will Trump be impeached by end of 2026?,978553.5085760048,131321.61088,2026-12-31T00:00:00Z
2026-07-11 16:00:06+00:00,0.028,568116,Will Trump be impeached by end of 2026?,978553.5085760048,131321.61088,2026-12-31T00:00:00Z
2026-07-11 17:00:12+00:00,0.028,568116,Will Trump be impeached by end of 2026?,978553.5085760048,131321.61088,2026-12-31T00:00:00Z
2026-07-11 18:00:09+00:00,0.028,568116,Will Trump be impeached by end of 2026?,978553.5085760048,131321.61088,2026-12-31T00:00:00Z
2026-07-11 19:00:08+00:00,0.028,568116,Will Trump be impeached by end of 2026?,978553.5085760048,131321.61088,2026-12-31T00:00:00Z
2026-07-11 20:00:09+00:00,0.028,568116,Will Trump be impeached by end of 2026?,978553.5085760048,131321.61088,2026-12-31T00:00:00Z
2026-07-11 21:00:09+00:00,0.028,568116,Will Trump be impeached by end of 2026?,978553.5085760048,131321.61088,2026-12-31T00:00:00Z
2026-07-11 22:00:05+00:00,0.028,568116,Will Trump be impeached by end of 2026?,978553.5085760048,131321.61088,2026-12-31T00:00:00Z
2026-07-11 23:00:06+00:00,0.028,568116,Will Trump be impeached by end of 2026?,978553.5085760048,131321.61088,2026-12-31T00:00:00Z
2026-07-12 00:00:23+00:00,0.028,568116,Will Trump be impeached by end of 2026?,978553.5085760048,131321.61088,2026-12-31T00:00:00Z
2026-07-12 01:00:06+00:00,0.028,568116,Will Trump be impeached by end of 2026?,978553.5085760048,131321.61088,2026-12-31T00:00:00Z
2026-07-12 02:00:07+00:00,0.028,568116,Will Trump be impeached by end of 2026?,978553.5085760048,131321.61088,2026-12-31T00:00:00Z
2026-07-12 03:00:08+00:00,0.028,568116,Will Trump be impeached by end of 2026?,978553.5085760048,131321.61088,2026-12-31T00:00:00Z
2026-07-12 04:00:06+00:00,0.028,568116,Will Trump be impeached by end of 2026?,978553.5085760048,131321.61088,2026-12-31T00:00:00Z
2026-07-12 05:00:05+00:00,0.028,568116,Will Trump be impeached by end of 2026?,978553.5085760048,131321.61088,2026-12-31T00:00:00Z
2026-07-12 06:00:08+00:00,0.028,568116,Will Trump be impeached by end of 2026?,978553.5085760048,131321.61088,2026-12-31T00:00:00Z
2026-07-12 07:00:15+00:00,0.028,568116,Will Trump be impeached by end of 2026?,978553.5085760048,131321.61088,2026-12-31T00:00:00Z
2026-07-12 08:00:05+00:00,0.028,568116,Will Trump be impeached by end of 2026?,978553.5085760048,131321.61088,2026-12-31T00:00:00Z
2026-07-12 09:00:07+00:00,0.028,568116,Will Trump be impeached by end of 2026?,978553.5085760048,131321.61088,2026-12-31T00:00:00Z
2026-07-12 10:00:07+00:00,0.028,568116,Will Trump be impeached by end of 2026?,978553.5085760048,131321.61088,2026-12-31T00:00:00Z
2026-07-12 11:00:20+00:00,0.028,568116,Will Trump be impeached by end of 2026?,978553.5085760048,131321.61088,2026-12-31T00:00:00Z
2026-07-12 12:00:12+00:00,0.028,568116,Will Trump be impeached by end of 2026?,978553.5085760048,131321.61088,2026-12-31T00:00:00Z
2026-07-12 13:00:07+00:00,0.028,568116,Will Trump be impeached by end of 2026?,978553.5085760048,131321.61088,2026-12-31T00:00:00Z
2026-07-12 14:00:08+00:00,0.028,568116,Will Trump be impeached by end of 2026?,978553.5085760048,131321.61088,2026-12-31T00:00:00Z
2026-07-12 15:00:08+00:00,0.028,568116,Will Trump be impeached by end of 2026?,978553.5085760048,131321.61088,2026-12-31T00:00:00Z
2026-07-12 16:00:06+00:00,0.028,568116,Will Trump be impeached by end of 2026?,978553.5085760048,131321.61088,2026-12-31T00:00:00Z
2026-07-12 17:00:07+00:00,0.028,568116,Will Trump be impeached by end of 2026?,978553.5085760048,131321.61088,2026-12-31T00:00:00Z
2026-07-12 18:00:09+00:00,0.028,568116,Will Trump be impeached by end of 2026?,978553.5085760048,131321.61088,2026-12-31T00:00:00Z
2026-07-12 19:00:10+00:00,0.028,568116,Will Trump be impeached by end of 2026?,978553.5085760048,131321.61088,2026-12-31T00:00:00Z
2026-07-12 20:00:07+00:00,0.028,568116,Will Trump be impeached by end of 2026?,978553.5085760048,131321.61088,2026-12-31T00:00:00Z
2026-07-12 21:00:10+00:00,0.028,568116,Will Trump be impeached by end of 2026?,978553.5085760048,131321.61088,2026-12-31T00:00:00Z
2026-07-12 22:00:15+00:00,0.028,568116,Will Trump be impeached by end of 2026?,978553.5085760048,131321.61088,2026-12-31T00:00:00Z
2026-07-12 23:00:06+00:00,0.028,568116,Will Trump be impeached by end of 2026?,978553.5085760048,131321.61088,2026-12-31T00:00:00Z
2026-07-13 00:00:13+00:00,0.0285,568116,Will Trump be impeached by end of 2026?,978553.5085760048,131321.61088,2026-12-31T00:00:00Z
2026-07-13 01:00:08+00:00,0.0285,568116,Will Trump be impeached by end of 2026?,978553.5085760048,131321.61088,2026-12-31T00:00:00Z
2026-07-13 02:00:05+00:00,0.0285,568116,Will Trump be impeached by end of 2026?,978553.5085760048,131321.61088,2026-12-31T00:00:00Z
2026-07-13 03:00:07+00:00,0.0285,568116,Will Trump be impeached by end of 2026?,978553.5085760048,131321.61088,2026-12-31T00:00:00Z
2026-07-13 04:00:09+00:00,0.028,568116,Will Trump be impeached by end of 2026?,978553.5085760048,131321.61088,2026-12-31T00:00:00Z
2026-07-13 05:00:10+00:00,0.028,568116,Will Trump be impeached by end of 2026?,978553.5085760048,131321.61088,2026-12-31T00:00:00Z
2026-07-13 06:00:10+00:00,0.028,568116,Will Trump be impeached by end of 2026?,978553.5085760048,131321.61088,2026-12-31T00:00:00Z
2026-07-13 07:00:12+00:00,0.028,568116,Will Trump be impeached by end of 2026?,978553.5085760048,131321.61088,2026-12-31T00:00:00Z
2026-07-13 08:00:09+00:00,0.028,568116,Will Trump be impeached by end of 2026?,978553.5085760048,131321.61088,2026-12-31T00:00:00Z
2026-07-13 09:00:09+00:00,0.028,568116,Will Trump be impeached by end of 2026?,978553.5085760048,131321.61088,2026-12-31T00:00:00Z
2026-07-13 10:00:07+00:00,0.028,568116,Will Trump be impeached by end of 2026?,978553.5085760048,131321.61088,2026-12-31T00:00:00Z
2026-07-13 11:00:07+00:00,0.028,568116,Will Trump be impeached by end of 2026?,978553.5085760048,131321.61088,2026-12-31T00:00:00Z
2026-07-13 12:00:13+00:00,0.028,568116,Will Trump be impeached by end of 2026?,978553.5085760048,131321.61088,2026-12-31T00:00:00Z
2026-07-13 13:00:07+00:00,0.028,568116,Will Trump be impeached by end of 2026?,978553.5085760048,131321.61088,2026-12-31T00:00:00Z
2026-07-13 14:00:21+00:00,0.028,568116,Will Trump be impeached by end of 2026?,978553.5085760048,131321.61088,2026-12-31T00:00:00Z
2026-07-13 15:00:26+00:00,0.028,568116,Will Trump be impeached by end of 2026?,978553.5085760048,131321.61088,2026-12-31T00:00:00Z
2026-07-13 16:00:07+00:00,0.028,568116,Will Trump be impeached by end of 2026?,978553.5085760048,131321.61088,2026-12-31T00:00:00Z
2026-07-13 17:00:15+00:00,0.029,568116,Will Trump be impeached by end of 2026?,978553.5085760048,131321.61088,2026-12-31T00:00:00Z
2026-07-13 18:00:09+00:00,0.0325,568116,Will Trump be impeached by end of 2026?,978553.5085760048,131321.61088,2026-12-31T00:00:00Z
2026-07-13 19:00:08+00:00,0.0325,568116,Will Trump be impeached by end of 2026?,978553.5085760048,131321.61088,2026-12-31T00:00:00Z
2026-07-13 20:00:09+00:00,0.0325,568116,Will Trump be impeached by end of 2026?,978553.5085760048,131321.61088,2026-12-31T00:00:00Z
2026-07-13 21:00:10+00:00,0.034,568116,Will Trump be impeached by end of 2026?,978553.5085760048,131321.61088,2026-12-31T00:00:00Z
2026-07-13 22:00:07+00:00,0.034,568116,Will Trump be impeached by end of 2026?,978553.5085760048,131321.61088,2026-12-31T00:00:00Z
2026-07-13 23:00:07+00:00,0.034,568116,Will Trump be impeached by end of 2026?,978553.5085760048,131321.61088,2026-12-31T00:00:00Z
2026-07-14 00:00:10+00:00,0.034,568116,Will Trump be impeached by end of 2026?,978553.5085760048,131321.61088,2026-12-31T00:00:00Z
2026-07-14 01:00:05+00:00,0.034,568116,Will Trump be impeached by end of 2026?,978553.5085760048,131321.61088,2026-12-31T00:00:00Z
2026-07-14 02:00:05+00:00,0.034,568116,Will Trump be impeached by end of 2026?,978553.5085760048,131321.61088,2026-12-31T00:00:00Z
2026-07-14 03:00:10+00:00,0.034,568116,Will Trump be impeached by end of 2026?,978553.5085760048,131321.61088,2026-12-31T00:00:00Z
2026-07-14 04:00:06+00:00,0.034,568116,Will Trump be impeached by end of 2026?,978553.5085760048,131321.61088,2026-12-31T00:00:00Z
2026-07-14 05:00:06+00:00,0.034,568116,Will Trump be impeached by end of 2026?,978553.5085760048,131321.61088,2026-12-31T00:00:00Z
2026-07-14 06:00:10+00:00,0.034,568116,Will Trump be impeached by end of 2026?,978553.5085760048,131321.61088,2026-12-31T00:00:00Z
2026-07-14 07:00:13+00:00,0.034,568116,Will Trump be impeached by end of 2026?,978553.5085760048,131321.61088,2026-12-31T00:00:00Z
2026-07-14 08:00:06+00:00,0.034,568116,Will Trump be impeached by end of 2026?,978553.5085760048,131321.61088,2026-12-31T00:00:00Z
2026-07-14 09:00:08+00:00,0.034,568116,Will Trump be impeached by end of 2026?,978553.5085760048,131321.61088,2026-12-31T00:00:00Z
2026-07-14 10:00:08+00:00,0.032,568116,Will Trump be impeached by end of 2026?,978553.5085760048,131321.61088,2026-12-31T00:00:00Z
2026-07-14 11:00:07+00:00,0.032,568116,Will Trump be impeached by end of 2026?,978553.5085760048,131321.61088,2026-12-31T00:00:00Z
2026-07-14 12:00:16+00:00,0.0325,568116,Will Trump be impeached by end of 2026?,978553.5085760048,131321.61088,2026-12-31T00:00:00Z
2026-07-14 13:00:09+00:00,0.032,568116,Will Trump be impeached by end of 2026?,978553.5085760048,131321.61088,2026-12-31T00:00:00Z
2026-07-14 14:00:13+00:00,0.0325,568116,Will Trump be impeached by end of 2026?,978553.5085760048,131321.61088,2026-12-31T00:00:00Z
2026-07-14 15:00:11+00:00,0.0325,568116,Will Trump be impeached by end of 2026?,978553.5085760048,131321.61088,2026-12-31T00:00:00Z
2026-07-14 16:00:14+00:00,0.0325,568116,Will Trump be impeached by end of 2026?,978553.5085760048,131321.61088,2026-12-31T00:00:00Z
2026-07-14 17:00:36+00:00,0.0325,568116,Will Trump be impeached by end of 2026?,978553.5085760048,131321.61088,2026-12-31T00:00:00Z
2026-07-14 18:00:20+00:00,0.0325,568116,Will Trump be impeached by end of 2026?,978553.5085760048,131321.61088,2026-12-31T00:00:00Z
2026-07-14 19:00:09+00:00,0.0325,568116,Will Trump be impeached by end of 2026?,978553.5085760048,131321.61088,2026-12-31T00:00:00Z
2026-07-14 20:00:09+00:00,0.0325,568116,Will Trump be impeached by end of 2026?,978553.5085760048,131321.61088,2026-12-31T00:00:00Z
2026-07-14 21:00:11+00:00,0.0325,568116,Will Trump be impeached by end of 2026?,978553.5085760048,131321.61088,2026-12-31T00:00:00Z
2026-07-14 22:00:07+00:00,0.0325,568116,Will Trump be impeached by end of 2026?,978553.5085760048,131321.61088,2026-12-31T00:00:00Z
2026-07-14 23:00:08+00:00,0.033,568116,Will Trump be impeached by end of 2026?,978553.5085760048,131321.61088,2026-12-31T00:00:00Z
2026-07-15 00:00:17+00:00,0.0325,568116,Will Trump be impeached by end of 2026?,978553.5085760048,131321.61088,2026-12-31T00:00:00Z
2026-07-15 01:00:09+00:00,0.0325,568116,Will Trump be impeached by end of 2026?,978553.5085760048,131321.61088,2026-12-31T00:00:00Z
2026-07-15 02:00:12+00:00,0.0325,568116,Will Trump be impeached by end of 2026?,978553.5085760048,131321.61088,2026-12-31T00:00:00Z
2026-07-15 03:00:15+00:00,0.0325,568116,Will Trump be impeached by end of 2026?,978553.5085760048,131321.61088,2026-12-31T00:00:00Z
2026-07-15 04:00:08+00:00,0.0325,568116,Will Trump be impeached by end of 2026?,978553.5085760048,131321.61088,2026-12-31T00:00:00Z
2026-07-15 05:00:23+00:00,0.0325,568116,Will Trump be impeached by end of 2026?,978553.5085760048,131321.61088,2026-12-31T00:00:00Z
2026-07-15 06:00:14+00:00,0.0325,568116,Will Trump be impeached by end of 2026?,978553.5085760048,131321.61088,2026-12-31T00:00:00Z
2026-07-15 07:00:25+00:00,0.0325,568116,Will Trump be impeached by end of 2026?,978553.5085760048,131321.61088,2026-12-31T00:00:00Z
2026-07-15 08:00:24+00:00,0.0325,568116,Will Trump be impeached by end of 2026?,978553.5085760048,131321.61088,2026-12-31T00:00:00Z
2026-07-15 09:00:11+00:00,0.0325,568116,Will Trump be impeached by end of 2026?,978553.5085760048,131321.61088,2026-12-31T00:00:00Z
2026-07-15 10:00:07+00:00,0.0325,568116,Will Trump be impeached by end of 2026?,978553.5085760048,131321.61088,2026-12-31T00:00:00Z
2026-07-15 11:00:10+00:00,0.0325,568116,Will Trump be impeached by end of 2026?,978553.5085760048,131321.61088,2026-12-31T00:00:00Z
2026-07-15 12:00:28+00:00,0.0325,568116,Will Trump be impeached by end of 2026?,978553.5085760048,131321.61088,2026-12-31T00:00:00Z
2026-07-15 13:00:09+00:00,0.0325,568116,Will Trump be impeached by end of 2026?,978553.5085760048,131321.61088,2026-12-31T00:00:00Z
2026-07-15 14:00:09+00:00,0.0325,568116,Will Trump be impeached by end of 2026?,978553.5085760048,131321.61088,2026-12-31T00:00:00Z
2026-07-15 15:00:15+00:00,0.0325,568116,Will Trump be impeached by end of 2026?,978553.5085760048,131321.61088,2026-12-31T00:00:00Z
2026-07-15 16:00:08+00:00,0.0325,568116,Will Trump be impeached by end of 2026?,978553.5085760048,131321.61088,2026-12-31T00:00:00Z
2026-07-15 17:00:18+00:00,0.0325,568116,Will Trump be impeached by end of 2026?,978553.5085760048,131321.61088,2026-12-31T00:00:00Z
2026-07-15 18:00:16+00:00,0.031,568116,Will Trump be impeached by end of 2026?,978553.5085760048,131321.61088,2026-12-31T00:00:00Z
2026-07-15 19:00:11+00:00,0.0305,568116,Will Trump be impeached by end of 2026?,978553.5085760048,131321.61088,2026-12-31T00:00:00Z
2026-07-15 20:00:10+00:00,0.0305,568116,Will Trump be impeached by end of 2026?,978553.5085760048,131321.61088,2026-12-31T00:00:00Z
2026-07-15 21:00:12+00:00,0.0305,568116,Will Trump be impeached by end of 2026?,978553.5085760048,131321.61088,2026-12-31T00:00:00Z
2026-07-15 22:00:07+00:00,0.0305,568116,Will Trump be impeached by end of 2026?,978553.5085760048,131321.61088,2026-12-31T00:00:00Z
2026-07-15 23:00:08+00:00,0.0305,568116,Will Trump be impeached by end of 2026?,978553.5085760048,131321.61088,2026-12-31T00:00:00Z
2026-07-16 00:00:15+00:00,0.0305,568116,Will Trump be impeached by end of 2026?,978553.5085760048,131321.61088,2026-12-31T00:00:00Z
2026-07-16 01:00:06+00:00,0.031,568116,Will Trump be impeached by end of 2026?,978553.5085760048,131321.61088,2026-12-31T00:00:00Z
2026-07-16 02:00:06+00:00,0.032,568116,Will Trump be impeached by end of 2026?,978553.5085760048,131321.61088,2026-12-31T00:00:00Z
2026-07-16 03:00:13+00:00,0.032,568116,Will Trump be impeached by end of 2026?,978553.5085760048,131321.61088,2026-12-31T00:00:00Z
2026-07-16 04:00:08+00:00,0.031,568116,Will Trump be impeached by end of 2026?,978553.5085760048,131321.61088,2026-12-31T00:00:00Z
2026-07-16 05:00:09+00:00,0.031,568116,Will Trump be impeached by end of 2026?,978553.5085760048,131321.61088,2026-12-31T00:00:00Z
2026-07-16 06:00:35+00:00,0.032,568116,Will Trump be impeached by end of 2026?,978553.5085760048,131321.61088,2026-12-31T00:00:00Z
2026-07-16 07:00:11+00:00,0.032,568116,Will Trump be impeached by end of 2026?,978553.5085760048,131321.61088,2026-12-31T00:00:00Z
2026-07-16 08:00:06+00:00,0.031,568116,Will Trump be impeached by end of 2026?,978553.5085760048,131321.61088,2026-12-31T00:00:00Z
2026-07-16 09:00:13+00:00,0.031,568116,Will Trump be impeached by end of 2026?,978553.5085760048,131321.61088,2026-12-31T00:00:00Z
2026-07-16 10:00:10+00:00,0.031,568116,Will Trump be impeached by end of 2026?,978553.5085760048,131321.61088,2026-12-31T00:00:00Z
2026-07-16 11:00:09+00:00,0.031,568116,Will Trump be impeached by end of 2026?,978553.5085760048,131321.61088,2026-12-31T00:00:00Z
2026-07-16 12:00:12+00:00,0.031,568116,Will Trump be impeached by end of 2026?,978553.5085760048,131321.61088,2026-12-31T00:00:00Z
2026-07-16 13:00:10+00:00,0.031,568116,Will Trump be impeached by end of 2026?,978553.5085760048,131321.61088,2026-12-31T00:00:00Z
2026-07-16 14:00:08+00:00,0.031,568116,Will Trump be impeached by end of 2026?,978553.5085760048,131321.61088,2026-12-31T00:00:00Z
2026-07-16 15:00:15+00:00,0.0305,568116,Will Trump be impeached by end of 2026?,978553.5085760048,131321.61088,2026-12-31T00:00:00Z
2026-07-16 16:00:07+00:00,0.0305,568116,Will Trump be impeached by end of 2026?,978553.5085760048,131321.61088,2026-12-31T00:00:00Z
2026-07-16 17:00:09+00:00,0.03,568116,Will Trump be impeached by end of 2026?,978553.5085760048,131321.61088,2026-12-31T00:00:00Z
2026-07-16 18:00:25+00:00,0.0295,568116,Will Trump be impeached by end of 2026?,978553.5085760048,131321.61088,2026-12-31T00:00:00Z
2026-07-16 19:00:09+00:00,0.0295,568116,Will Trump be impeached by end of 2026?,978553.5085760048,131321.61088,2026-12-31T00:00:00Z
2026-07-16 20:00:10+00:00,0.0295,568116,Will Trump be impeached by end of 2026?,978553.5085760048,131321.61088,2026-12-31T00:00:00Z
2026-07-16 21:00:12+00:00,0.03,568116,Will Trump be impeached by end of 2026?,978553.5085760048,131321.61088,2026-12-31T00:00:00Z
2026-07-16 22:00:09+00:00,0.03,568116,Will Trump be impeached by end of 2026?,978553.5085760048,131321.61088,2026-12-31T00:00:00Z
2026-07-16 23:00:11+00:00,0.03,568116,Will Trump be impeached by end of 2026?,978553.5085760048,131321.61088,2026-12-31T00:00:00Z
2026-07-17 00:00:16+00:00,0.03,568116,Will Trump be impeached by end of 2026?,978553.5085760048,131321.61088,2026-12-31T00:00:00Z
2026-07-17 01:00:07+00:00,0.03,568116,Will Trump be impeached by end of 2026?,978553.5085760048,131321.61088,2026-12-31T00:00:00Z
2026-07-17 02:00:11+00:00,0.03,568116,Will Trump be impeached by end of 2026?,978553.5085760048,131321.61088,2026-12-31T00:00:00Z
2026-07-17 03:00:15+00:00,0.03,568116,Will Trump be impeached by end of 2026?,978553.5085760048,131321.61088,2026-12-31T00:00:00Z
2026-07-17 04:00:13+00:00,0.0305,568116,Will Trump be impeached by end of 2026?,978553.5085760048,131321.61088,2026-12-31T00:00:00Z
2026-07-17 05:00:14+00:00,0.0305,568116,Will Trump be impeached by end of 2026?,978553.5085760048,131321.61088,2026-12-31T00:00:00Z
2026-07-17 06:00:20+00:00,0.0305,568116,Will Trump be impeached by end of 2026?,978553.5085760048,131321.61088,2026-12-31T00:00:00Z
2026-07-17 07:00:06+00:00,0.0305,568116,Will Trump be impeached by end of 2026?,978553.5085760048,131321.61088,2026-12-31T00:00:00Z
2026-07-17 08:00:07+00:00,0.0305,568116,Will Trump be impeached by end of 2026?,978553.5085760048,131321.61088,2026-12-31T00:00:00Z
2026-07-17 09:00:11+00:00,0.0305,568116,Will Trump be impeached by end of 2026?,978553.5085760048,131321.61088,2026-12-31T00:00:00Z
2026-07-17 10:00:15+00:00,0.0305,568116,Will Trump be impeached by end of 2026?,978553.5085760048,131321.61088,2026-12-31T00:00:00Z
2026-07-17 11:00:10+00:00,0.0305,568116,Will Trump be impeached by end of 2026?,978553.5085760048,131321.61088,2026-12-31T00:00:00Z
2026-07-17 12:00:18+00:00,0.0305,568116,Will Trump be impeached by end of 2026?,978553.5085760048,131321.61088,2026-12-31T00:00:00Z
2026-07-17 13:00:09+00:00,0.0305,568116,Will Trump be impeached by end of 2026?,978553.5085760048,131321.61088,2026-12-31T00:00:00Z
2026-07-17 14:00:11+00:00,0.0305,568116,Will Trump be impeached by end of 2026?,978553.5085760048,131321.61088,2026-12-31T00:00:00Z
2026-07-17 15:00:14+00:00,0.0305,568116,Will Trump be impeached by end of 2026?,978553.5085760048,131321.61088,2026-12-31T00:00:00Z
2026-07-17 16:00:25+00:00,0.032,568116,Will Trump be impeached by end of 2026?,978553.5085760048,131321.61088,2026-12-31T00:00:00Z
2026-07-17 17:00:16+00:00,0.032,568116,Will Trump be impeached by end of 2026?,978553.5085760048,131321.61088,2026-12-31T00:00:00Z
2026-07-17 18:00:32+00:00,0.032,568116,Will Trump be impeached by end of 2026?,978553.5085760048,131321.61088,2026-12-31T00:00:00Z
2026-07-17 19:00:10+00:00,0.032,568116,Will Trump be impeached by end of 2026?,978553.5085760048,131321.61088,2026-12-31T00:00:00Z
2026-07-17 20:00:10+00:00,0.0305,568116,Will Trump be impeached by end of 2026?,978553.5085760048,131321.61088,2026-12-31T00:00:00Z
2026-07-17 21:00:13+00:00,0.0305,568116,Will Trump be impeached by end of 2026?,978553.5085760048,131321.61088,2026-12-31T00:00:00Z
2026-07-17 22:00:12+00:00,0.0305,568116,Will Trump be impeached by end of 2026?,978553.5085760048,131321.61088,2026-12-31T00:00:00Z
2026-07-17 23:00:11+00:00,0.0305,568116,Will Trump be impeached by end of 2026?,978553.5085760048,131321.61088,2026-12-31T00:00:00Z
2026-07-18 00:00:12+00:00,0.0305,568116,Will Trump be impeached by end of 2026?,978553.5085760048,131321.61088,2026-12-31T00:00:00Z
2026-07-18 01:00:07+00:00,0.0305,568116,Will Trump be impeached by end of 2026?,978553.5085760048,131321.61088,2026-12-31T00:00:00Z
2026-07-18 02:00:08+00:00,0.0305,568116,Will Trump be impeached by end of 2026?,978553.5085760048,131321.61088,2026-12-31T00:00:00Z
2026-07-18 03:00:12+00:00,0.0305,568116,Will Trump be impeached by end of 2026?,978553.5085760048,131321.61088,2026-12-31T00:00:00Z
2026-07-18 04:00:12+00:00,0.0305,568116,Will Trump be impeached by end of 2026?,978553.5085760048,131321.61088,2026-12-31T00:00:00Z
2026-07-18 05:00:09+00:00,0.0305,568116,Will Trump be impeached by end of 2026?,978553.5085760048,131321.61088,2026-12-31T00:00:00Z
2026-07-18 06:00:14+00:00,0.0305,568116,Will Trump be impeached by end of 2026?,978553.5085760048,131321.61088,2026-12-31T00:00:00Z
2026-07-18 07:00:14+00:00,0.0305,568116,Will Trump be impeached by end of 2026?,978553.5085760048,131321.61088,2026-12-31T00:00:00Z
2026-07-18 08:00:08+00:00,0.0305,568116,Will Trump be impeached by end of 2026?,978553.5085760048,131321.61088,2026-12-31T00:00:00Z
2026-07-18 09:00:17+00:00,0.0305,568116,Will Trump be impeached by end of 2026?,978553.5085760048,131321.61088,2026-12-31T00:00:00Z
2026-07-18 10:00:10+00:00,0.0305,568116,Will Trump be impeached by end of 2026?,978553.5085760048,131321.61088,2026-12-31T00:00:00Z
2026-07-18 11:00:13+00:00,0.0305,568116,Will Trump be impeached by end of 2026?,978553.5085760048,131321.61088,2026-12-31T00:00:00Z
2026-07-18 12:00:28+00:00,0.0305,568116,Will Trump be impeached by end of 2026?,978553.5085760048,131321.61088,2026-12-31T00:00:00Z
2026-07-18 13:00:11+00:00,0.0305,568116,Will Trump be impeached by end of 2026?,978553.5085760048,131321.61088,2026-12-31T00:00:00Z
2026-07-18 14:00:11+00:00,0.0305,568116,Will Trump be impeached by end of 2026?,978553.5085760048,131321.61088,2026-12-31T00:00:00Z
2026-07-18 15:00:24+00:00,0.0305,568116,Will Trump be impeached by end of 2026?,978553.5085760048,131321.61088,2026-12-31T00:00:00Z
2026-07-18 16:00:11+00:00,0.0305,568116,Will Trump be impeached by end of 2026?,978553.5085760048,131321.61088,2026-12-31T00:00:00Z
2026-07-18 17:00:21+00:00,0.0305,568116,Will Trump be impeached by end of 2026?,978553.5085760048,131321.61088,2026-12-31T00:00:00Z
2026-07-18 18:00:16+00:00,0.0305,568116,Will Trump be impeached by end of 2026?,978553.5085760048,131321.61088,2026-12-31T00:00:00Z
2026-07-18 19:00:09+00:00,0.0305,568116,Will Trump be impeached by end of 2026?,978553.5085760048,131321.61088,2026-12-31T00:00:00Z
2026-07-18 20:00:17+00:00,0.0305,568116,Will Trump be impeached by end of 2026?,978553.5085760048,131321.61088,2026-12-31T00:00:00Z
2026-07-18 21:00:19+00:00,0.0305,568116,Will Trump be impeached by end of 2026?,978553.5085760048,131321.61088,2026-12-31T00:00:00Z
2026-07-18 22:00:13+00:00,0.0305,568116,Will Trump be impeached by end of 2026?,978553.5085760048,131321.61088,2026-12-31T00:00:00Z
2026-07-18 23:00:14+00:00,0.0305,568116,Will Trump be impeached by end of 2026?,978553.5085760048,131321.61088,2026-12-31T00:00:00Z
2026-07-19 00:00:23+00:00,0.0305,568116,Will Trump be impeached by end of 2026?,978553.5085760048,131321.61088,2026-12-31T00:00:00Z
2026-07-19 01:00:10+00:00,0.0305,568116,Will Trump be impeached by end of 2026?,978553.5085760048,131321.61088,2026-12-31T00:00:00Z
2026-07-19 02:00:09+00:00,0.0305,568116,Will Trump be impeached by end of 2026?,978553.5085760048,131321.61088,2026-12-31T00:00:00Z
2026-07-19 03:00:18+00:00,0.0305,568116,Will Trump be impeached by end of 2026?,978553.5085760048,131321.61088,2026-12-31T00:00:00Z
2026-07-19 04:00:12+00:00,0.0305,568116,Will Trump be impeached by end of 2026?,978553.5085760048,131321.61088,2026-12-31T00:00:00Z
2026-07-19 05:00:12+00:00,0.0305,568116,Will Trump be impeached by end of 2026?,978553.5085760048,131321.61088,2026-12-31T00:00:00Z
2026-07-19 06:00:24+00:00,0.0305,568116,Will Trump be impeached by end of 2026?,978553.5085760048,131321.61088,2026-12-31T00:00:00Z
2026-07-19 07:00:15+00:00,0.0305,568116,Will Trump be impeached by end of 2026?,978553.5085760048,131321.61088,2026-12-31T00:00:00Z
2026-07-19 08:00:13+00:00,0.0305,568116,Will Trump be impeached by end of 2026?,978553.5085760048,131321.61088,2026-12-31T00:00:00Z
2026-07-19 09:00:19+00:00,0.0305,568116,Will Trump be impeached by end of 2026?,978553.5085760048,131321.61088,2026-12-31T00:00:00Z
2026-07-19 10:00:15+00:00,0.0305,568116,Will Trump be impeached by end of 2026?,978553.5085760048,131321.61088,2026-12-31T00:00:00Z
2026-07-19 11:00:12+00:00,0.0305,568116,Will Trump be impeached by end of 2026?,978553.5085760048,131321.61088,2026-12-31T00:00:00Z
2026-07-19 12:00:16+00:00,0.0305,568116,Will Trump be impeached by end of 2026?,978553.5085760048,131321.61088,2026-12-31T00:00:00Z
2026-07-19 13:00:11+00:00,0.0305,568116,Will Trump be impeached by end of 2026?,978553.5085760048,131321.61088,2026-12-31T00:00:00Z
2026-07-19 14:00:15+00:00,0.0305,568116,Will Trump be impeached by end of 2026?,978553.5085760048,131321.61088,2026-12-31T00:00:00Z
2026-07-19 15:00:13+00:00,0.0305,568116,Will Trump be impeached by end of 2026?,978553.5085760048,131321.61088,2026-12-31T00:00:00Z
2026-07-19 16:00:31+00:00,0.0305,568116,Will Trump be impeached by end of 2026?,978553.5085760048,131321.61088,2026-12-31T00:00:00Z
2026-07-19 17:00:22+00:00,0.0305,568116,Will Trump be impeached by end of 2026?,978553.5085760048,131321.61088,2026-12-31T00:00:00Z
2026-07-19 18:00:14+00:00,0.0305,568116,Will Trump be impeached by end of 2026?,978553.5085760048,131321.61088,2026-12-31T00:00:00Z
2026-07-19 19:00:15+00:00,0.0305,568116,Will Trump be impeached by end of 2026?,978553.5085760048,131321.61088,2026-12-31T00:00:00Z
2026-07-19 20:00:14+00:00,0.0305,568116,Will Trump be impeached by end of 2026?,978553.5085760048,131321.61088,2026-12-31T00:00:00Z
2026-07-19 21:00:28+00:00,0.0305,568116,Will Trump be impeached by end of 2026?,978553.5085760048,131321.61088,2026-12-31T00:00:00Z
2026-07-19 22:00:13+00:00,0.0305,568116,Will Trump be impeached by end of 2026?,978553.5085760048,131321.61088,2026-12-31T00:00:00Z
2026-07-19 23:00:10+00:00,0.0305,568116,Will Trump be impeached by end of 2026?,978553.5085760048,131321.61088,2026-12-31T00:00:00Z
2026-07-20 00:00:29+00:00,0.0305,568116,Will Trump be impeached by end of 2026?,978553.5085760048,131321.61088,2026-12-31T00:00:00Z
2026-07-20 01:00:10+00:00,0.0305,568116,Will Trump be impeached by end of 2026?,978553.5085760048,131321.61088,2026-12-31T00:00:00Z
2026-07-20 02:00:10+00:00,0.0305,568116,Will Trump be impeached by end of 2026?,978553.5085760048,131321.61088,2026-12-31T00:00:00Z
2026-07-20 03:00:15+00:00,0.0305,568116,Will Trump be impeached by end of 2026?,978553.5085760048,131321.61088,2026-12-31T00:00:00Z
2026-07-20 04:00:10+00:00,0.0305,568116,Will Trump be impeached by end of 2026?,978553.5085760048,131321.61088,2026-12-31T00:00:00Z
2026-07-20 05:00:24+00:00,0.0305,568116,Will Trump be impeached by end of 2026?,978553.5085760048,131321.61088,2026-12-31T00:00:00Z
2026-07-20 06:00:18+00:00,0.031,568116,Will Trump be impeached by end of 2026?,978553.5085760048,131321.61088,2026-12-31T00:00:00Z
2026-07-20 07:00:12+00:00,0.031,568116,Will Trump be impeached by end of 2026?,978553.5085760048,131321.61088,2026-12-31T00:00:00Z
2026-07-20 08:00:07+00:00,0.031,568116,Will Trump be impeached by end of 2026?,978553.5085760048,131321.61088,2026-12-31T00:00:00Z
2026-07-20 09:00:17+00:00,0.031,568116,Will Trump be impeached by end of 2026?,978553.5085760048,131321.61088,2026-12-31T00:00:00Z
2026-07-20 10:00:07+00:00,0.031,568116,Will Trump be impeached by end of 2026?,978553.5085760048,131321.61088,2026-12-31T00:00:00Z
2026-07-20 11:00:10+00:00,0.031,568116,Will Trump be impeached by end of 2026?,978553.5085760048,131321.61088,2026-12-31T00:00:00Z
2026-07-20 12:00:13+00:00,0.031,568116,Will Trump be impeached by end of 2026?,978553.5085760048,131321.61088,2026-12-31T00:00:00Z
2026-07-20 13:00:11+00:00,0.031,568116,Will Trump be impeached by end of 2026?,978553.5085760048,131321.61088,2026-12-31T00:00:00Z
2026-07-20 14:00:07+00:00,0.031,568116,Will Trump be impeached by end of 2026?,978553.5085760048,131321.61088,2026-12-31T00:00:00Z
2026-07-20 15:00:19+00:00,0.031,568116,Will Trump be impeached by end of 2026?,978553.5085760048,131321.61088,2026-12-31T00:00:00Z
2026-07-20 16:00:12+00:00,0.031,568116,Will Trump be impeached by end of 2026?,978553.5085760048,131321.61088,2026-12-31T00:00:00Z
2026-07-20 17:00:26+00:00,0.0305,568116,Will Trump be impeached by end of 2026?,978553.5085760048,131321.61088,2026-12-31T00:00:00Z
2026-07-20 18:00:16+00:00,0.0305,568116,Will Trump be impeached by end of 2026?,978553.5085760048,131321.61088,2026-12-31T00:00:00Z
2026-07-20 19:00:11+00:00,0.0305,568116,Will Trump be impeached by end of 2026?,978553.5085760048,131321.61088,2026-12-31T00:00:00Z
2026-07-20 20:00:28+00:00,0.022,568116,Will Trump be impeached by end of 2026?,978553.5085760048,131321.61088,2026-12-31T00:00:00Z
2026-07-20 21:00:17+00:00,0.022,568116,Will Trump be impeached by end of 2026?,978553.5085760048,131321.61088,2026-12-31T00:00:00Z
2026-07-20 22:00:07+00:00,0.022,568116,Will Trump be impeached by end of 2026?,978553.5085760048,131321.61088,2026-12-31T00:00:00Z
2026-07-20 23:00:08+00:00,0.022,568116,Will Trump be impeached by end of 2026?,978553.5085760048,131321.61088,2026-12-31T00:00:00Z
2026-07-21 00:00:17+00:00,0.0215,568116,Will Trump be impeached by end of 2026?,978553.5085760048,131321.61088,2026-12-31T00:00:00Z
2026-07-21 01:00:16+00:00,0.0215,568116,Will Trump be impeached by end of 2026?,978553.5085760048,131321.61088,2026-12-31T00:00:00Z
2026-07-21 02:00:17+00:00,0.0215,568116,Will Trump be impeached by end of 2026?,978553.5085760048,131321.61088,2026-12-31T00:00:00Z
2026-07-21 03:00:17+00:00,0.0215,568116,Will Trump be impeached by end of 2026?,978553.5085760048,131321.61088,2026-12-31T00:00:00Z
2026-07-21 04:00:23+00:00,0.0215,568116,Will Trump be impeached by end of 2026?,978553.5085760048,131321.61088,2026-12-31T00:00:00Z
2026-07-21 05:00:12+00:00,0.0215,568116,Will Trump be impeached by end of 2026?,978553.5085760048,131321.61088,2026-12-31T00:00:00Z
2026-07-21 06:00:20+00:00,0.0215,568116,Will Trump be impeached by end of 2026?,978553.5085760048,131321.61088,2026-12-31T00:00:00Z
2026-07-21 07:00:19+00:00,0.0215,568116,Will Trump be impeached by end of 2026?,978553.5085760048,131321.61088,2026-12-31T00:00:00Z
2026-07-21 08:00:13+00:00,0.0215,568116,Will Trump be impeached by end of 2026?,978553.5085760048,131321.61088,2026-12-31T00:00:00Z
2026-07-21 09:00:15+00:00,0.0215,568116,Will Trump be impeached by end of 2026?,978553.5085760048,131321.61088,2026-12-31T00:00:00Z
2026-07-21 10:00:12+00:00,0.022,568116,Will Trump be impeached by end of 2026?,978553.5085760048,131321.61088,2026-12-31T00:00:00Z
2026-07-21 11:00:12+00:00,0.021,568116,Will Trump be impeached by end of 2026?,978553.5085760048,131321.61088,2026-12-31T00:00:00Z
2026-07-21 12:00:22+00:00,0.021,568116,Will Trump be impeached by end of 2026?,978553.5085760048,131321.61088,2026-12-31T00:00:00Z
2026-07-21 13:00:14+00:00,0.021,568116,Will Trump be impeached by end of 2026?,978553.5085760048,131321.61088,2026-12-31T00:00:00Z
2026-07-21 14:00:12+00:00,0.021,568116,Will Trump be impeached by end of 2026?,978553.5085760048,131321.61088,2026-12-31T00:00:00Z
2026-07-21 15:00:42+00:00,0.021,568116,Will Trump be impeached by end of 2026?,978553.5085760048,131321.61088,2026-12-31T00:00:00Z
2026-07-21 16:00:16+00:00,0.021,568116,Will Trump be impeached by end of 2026?,978553.5085760048,131321.61088,2026-12-31T00:00:00Z
2026-07-21 17:00:11+00:00,0.021,568116,Will Trump be impeached by end of 2026?,978553.5085760048,131321.61088,2026-12-31T00:00:00Z
2026-07-21 18:00:34+00:00,0.021,568116,Will Trump be impeached by end of 2026?,978553.5085760048,131321.61088,2026-12-31T00:00:00Z
2026-07-21 19:00:07+00:00,0.0215,568116,Will Trump be impeached by end of 2026?,978553.5085760048,131321.61088,2026-12-31T00:00:00Z
2026-07-21 20:00:08+00:00,0.0215,568116,Will Trump be impeached by end of 2026?,978553.5085760048,131321.61088,2026-12-31T00:00:00Z
2026-07-21 21:00:34+00:00,0.0215,568116,Will Trump be impeached by end of 2026?,978553.5085760048,131321.61088,2026-12-31T00:00:00Z
2026-07-21 22:00:12+00:00,0.0215,568116,Will Trump be impeached by end of 2026?,978553.5085760048,131321.61088,2026-12-31T00:00:00Z
2026-07-21 23:00:23+00:00,0.0215,568116,Will Trump be impeached by end of 2026?,978553.5085760048,131321.61088,2026-12-31T00:00:00Z
2026-07-22 00:00:12+00:00,0.0215,568116,Will Trump be impeached by end of 2026?,978553.5085760048,131321.61088,2026-12-31T00:00:00Z
2026-07-22 01:00:07+00:00,0.0215,568116,Will Trump be impeached by end of 2026?,978553.5085760048,131321.61088,2026-12-31T00:00:00Z
2026-07-22 02:00:08+00:00,0.0215,568116,Will Trump be impeached by end of 2026?,978553.5085760048,131321.61088,2026-12-31T00:00:00Z
2026-07-22 03:00:13+00:00,0.0215,568116,Will Trump be impeached by end of 2026?,978553.5085760048,131321.61088,2026-12-31T00:00:00Z
2026-07-22 04:00:12+00:00,0.0215,568116,Will Trump be impeached by end of 2026?,978553.5085760048,131321.61088,2026-12-31T00:00:00Z
2026-07-22 05:00:07+00:00,0.0215,568116,Will Trump be impeached by end of 2026?,978553.5085760048,131321.61088,2026-12-31T00:00:00Z
2026-07-22 06:00:30+00:00,0.0215,568116,Will Trump be impeached by end of 2026?,978553.5085760048,131321.61088,2026-12-31T00:00:00Z
2026-07-22 07:00:12+00:00,0.0215,568116,Will Trump be impeached by end of 2026?,978553.5085760048,131321.61088,2026-12-31T00:00:00Z
2026-07-22 08:00:07+00:00,0.0215,568116,Will Trump be impeached by end of 2026?,978553.5085760048,131321.61088,2026-12-31T00:00:00Z
2026-07-22 09:00:15+00:00,0.0215,568116,Will Trump be impeached by end of 2026?,978553.5085760048,131321.61088,2026-12-31T00:00:00Z
2026-07-22 10:00:08+00:00,0.0215,568116,Will Trump be impeached by end of 2026?,978553.5085760048,131321.61088,2026-12-31T00:00:00Z
2026-07-22 11:00:07+00:00,0.0215,568116,Will Trump be impeached by end of 2026?,978553.5085760048,131321.61088,2026-12-31T00:00:00Z
2026-07-22 12:00:19+00:00,0.0215,568116,Will Trump be impeached by end of 2026?,978553.5085760048,131321.61088,2026-12-31T00:00:00Z
2026-07-22 13:00:08+00:00,0.0215,568116,Will Trump be impeached by end of 2026?,978553.5085760048,131321.61088,2026-12-31T00:00:00Z
2026-07-22 14:00:06+00:00,0.0215,568116,Will Trump be impeached by end of 2026?,978553.5085760048,131321.61088,2026-12-31T00:00:00Z
2026-07-22 15:00:14+00:00,0.0215,568116,Will Trump be impeached by end of 2026?,978553.5085760048,131321.61088,2026-12-31T00:00:00Z
2026-07-22 16:00:09+00:00,0.0215,568116,Will Trump be impeached by end of 2026?,978553.5085760048,131321.61088,2026-12-31T00:00:00Z
2026-07-22 17:00:23+00:00,0.0215,568116,Will Trump be impeached by end of 2026?,978553.5085760048,131321.61088,2026-12-31T00:00:00Z
2026-07-22 18:00:17+00:00,0.0215,568116,Will Trump be impeached by end of 2026?,978553.5085760048,131321.61088,2026-12-31T00:00:00Z
2026-07-22 19:00:08+00:00,0.0215,568116,Will Trump be impeached by end of 2026?,978553.5085760048,131321.61088,2026-12-31T00:00:00Z
2026-07-22 20:00:11+00:00,0.0215,568116,Will Trump be impeached by end of 2026?,978553.5085760048,131321.61088,2026-12-31T00:00:00Z
2026-07-22 21:00:17+00:00,0.0215,568116,Will Trump be impeached by end of 2026?,978553.5085760048,131321.61088,2026-12-31T00:00:00Z
2026-07-22 22:00:17+00:00,0.0215,568116,Will Trump be impeached by end of 2026?,978553.5085760048,131321.61088,2026-12-31T00:00:00Z
2026-07-22 23:00:09+00:00,0.0215,568116,Will Trump be impeached by end of 2026?,978553.5085760048,131321.61088,2026-12-31T00:00:00Z
2026-07-23 00:00:21+00:00,0.0215,568116,Will Trump be impeached by end of 2026?,978553.5085760048,131321.61088,2026-12-31T00:00:00Z
2026-07-23 01:00:22+00:00,0.0215,568116,Will Trump be impeached by end of 2026?,978553.5085760048,131321.61088,2026-12-31T00:00:00Z
2026-07-23 02:00:10+00:00,0.0215,568116,Will Trump be impeached by end of 2026?,978553.5085760048,131321.61088,2026-12-31T00:00:00Z
2026-07-23 03:00:20+00:00,0.0215,568116,Will Trump be impeached by end of 2026?,978553.5085760048,131321.61088,2026-12-31T00:00:00Z
2026-07-23 04:00:14+00:00,0.0215,568116,Will Trump be impeached by end of 2026?,978553.5085760048,131321.61088,2026-12-31T00:00:00Z
2026-07-23 05:00:28+00:00,0.0215,568116,Will Trump be impeached by end of 2026?,978553.5085760048,131321.61088,2026-12-31T00:00:00Z
2026-07-23 06:00:36+00:00,0.0215,568116,Will Trump be impeached by end of 2026?,978553.5085760048,131321.61088,2026-12-31T00:00:00Z
2026-07-23 07:00:23+00:00,0.0215,568116,Will Trump be impeached by end of 2026?,978553.5085760048,131321.61088,2026-12-31T00:00:00Z
2026-07-23 08:00:10+00:00,0.0215,568116,Will Trump be impeached by end of 2026?,978553.5085760048,131321.61088,2026-12-31T00:00:00Z
2026-07-23 09:00:31+00:00,0.0215,568116,Will Trump be impeached by end of 2026?,978553.5085760048,131321.61088,2026-12-31T00:00:00Z
2026-07-23 10:00:24+00:00,0.0215,568116,Will Trump be impeached by end of 2026?,978553.5085760048,131321.61088,2026-12-31T00:00:00Z
2026-07-23 11:00:14+00:00,0.0225,568116,Will Trump be impeached by end of 2026?,978553.5085760048,131321.61088,2026-12-31T00:00:00Z
2026-07-23 12:00:36+00:00,0.0225,568116,Will Trump be impeached by end of 2026?,978553.5085760048,131321.61088,2026-12-31T00:00:00Z
2026-07-23 13:00:18+00:00,0.0225,568116,Will Trump be impeached by end of 2026?,978553.5085760048,131321.61088,2026-12-31T00:00:00Z
2026-07-23 14:00:17+00:00,0.0225,568116,Will Trump be impeached by end of 2026?,978553.5085760048,131321.61088,2026-12-31T00:00:00Z
2026-07-23 15:00:36+00:00,0.022,568116,Will Trump be impeached by end of 2026?,978553.5085760048,131321.61088,2026-12-31T00:00:00Z
2026-07-23 16:00:16+00:00,0.0225,568116,Will Trump be impeached by end of 2026?,978553.5085760048,131321.61088,2026-12-31T00:00:00Z
2026-07-23 17:00:38+00:00,0.0225,568116,Will Trump be impeached by end of 2026?,978553.5085760048,131321.61088,2026-12-31T00:00:00Z
2026-07-23 18:00:36+00:00,0.0225,568116,Will Trump be impeached by end of 2026?,978553.5085760048,131321.61088,2026-12-31T00:00:00Z
2026-07-23 19:00:25+00:00,0.0215,568116,Will Trump be impeached by end of 2026?,978553.5085760048,131321.61088,2026-12-31T00:00:00Z
2026-07-23 20:00:23+00:00,0.0215,568116,Will Trump be impeached by end of 2026?,978553.5085760048,131321.61088,2026-12-31T00:00:00Z
2026-07-23 21:00:28+00:00,0.0215,568116,Will Trump be impeached by end of 2026?,978553.5085760048,131321.61088,2026-12-31T00:00:00Z
2026-07-23 22:00:21+00:00,0.0215,568116,Will Trump be impeached by end of 2026?,978553.5085760048,131321.61088,2026-12-31T00:00:00Z
2026-07-23 23:00:19+00:00,0.0215,568116,Will Trump be impeached by end of 2026?,978553.5085760048,131321.61088,2026-12-31T00:00:00Z
2026-07-24 00:00:32+00:00,0.0215,568116,Will Trump be impeached by end of 2026?,978553.5085760048,131321.61088,2026-12-31T00:00:00Z
2026-07-24 01:00:12+00:00,0.0215,568116,Will Trump be impeached by end of 2026?,978553.5085760048,131321.61088,2026-12-31T00:00:00Z
2026-07-24 02:00:15+00:00,0.0215,568116,Will Trump be impeached by end of 2026?,978553.5085760048,131321.61088,2026-12-31T00:00:00Z
2026-07-24 03:00:32+00:00,0.0215,568116,Will Trump be impeached by end of 2026?,978553.5085760048,131321.61088,2026-12-31T00:00:00Z
2026-07-24 04:00:21+00:00,0.0215,568116,Will Trump be impeached by end of 2026?,978553.5085760048,131321.61088,2026-12-31T00:00:00Z
2026-07-24 05:00:38+00:00,0.0215,568116,Will Trump be impeached by end of 2026?,978553.5085760048,131321.61088,2026-12-31T00:00:00Z
2026-07-24 06:00:43+00:00,0.0215,568116,Will Trump be impeached by end of 2026?,978553.5085760048,131321.61088,2026-12-31T00:00:00Z
2026-07-24 07:00:14+00:00,0.0215,568116,Will Trump be impeached by end of 2026?,978553.5085760048,131321.61088,2026-12-31T00:00:00Z
2026-07-24 08:00:19+00:00,0.0215,568116,Will Trump be impeached by end of 2026?,978553.5085760048,131321.61088,2026-12-31T00:00:00Z
2026-07-24 09:00:29+00:00,0.0215,568116,Will Trump be impeached by end of 2026?,978553.5085760048,131321.61088,2026-12-31T00:00:00Z
2026-07-24 09:38:08+00:00,0.0215,568116,Will Trump be impeached by end of 2026?,978553.5085760048,131321.61088,2026-12-31T00:00:00Z
2026-07-10 10:00:18+00:00,0.055,568117,"Will Trump resign by December 31, 2026?",517954.9146579976,71592.1722,2026-12-31T00:00:00Z
2026-07-10 11:00:05+00:00,0.055,568117,"Will Trump resign by December 31, 2026?",517954.9146579976,71592.1722,2026-12-31T00:00:00Z
2026-07-10 12:00:08+00:00,0.055,568117,"Will Trump resign by December 31, 2026?",517954.9146579976,71592.1722,2026-12-31T00:00:00Z
2026-07-10 13:00:05+00:00,0.055,568117,"Will Trump resign by December 31, 2026?",517954.9146579976,71592.1722,2026-12-31T00:00:00Z
2026-07-10 14:00:05+00:00,0.055,568117,"Will Trump resign by December 31, 2026?",517954.9146579976,71592.1722,2026-12-31T00:00:00Z
2026-07-10 15:00:07+00:00,0.055,568117,"Will Trump resign by December 31, 2026?",517954.9146579976,71592.1722,2026-12-31T00:00:00Z
2026-07-10 16:00:06+00:00,0.055,568117,"Will Trump resign by December 31, 2026?",517954.9146579976,71592.1722,2026-12-31T00:00:00Z
2026-07-10 17:00:05+00:00,0.055,568117,"Will Trump resign by December 31, 2026?",517954.9146579976,71592.1722,2026-12-31T00:00:00Z
2026-07-10 18:00:07+00:00,0.055,568117,"Will Trump resign by December 31, 2026?",517954.9146579976,71592.1722,2026-12-31T00:00:00Z
2026-07-10 19:00:06+00:00,0.055,568117,"Will Trump resign by December 31, 2026?",517954.9146579976,71592.1722,2026-12-31T00:00:00Z
2026-07-10 20:00:06+00:00,0.055,568117,"Will Trump resign by December 31, 2026?",517954.9146579976,71592.1722,2026-12-31T00:00:00Z
2026-07-10 21:00:07+00:00,0.055,568117,"Will Trump resign by December 31, 2026?",517954.9146579976,71592.1722,2026-12-31T00:00:00Z
2026-07-10 23:00:22+00:00,0.055,568117,"Will Trump resign by December 31, 2026?",517954.9146579976,71592.1722,2026-12-31T00:00:00Z
2026-07-11 00:00:09+00:00,0.055,568117,"Will Trump resign by December 31, 2026?",517954.9146579976,71592.1722,2026-12-31T00:00:00Z
2026-07-11 01:00:05+00:00,0.055,568117,"Will Trump resign by December 31, 2026?",517954.9146579976,71592.1722,2026-12-31T00:00:00Z
2026-07-11 02:00:06+00:00,0.055,568117,"Will Trump resign by December 31, 2026?",517954.9146579976,71592.1722,2026-12-31T00:00:00Z
2026-07-11 03:00:06+00:00,0.055,568117,"Will Trump resign by December 31, 2026?",517954.9146579976,71592.1722,2026-12-31T00:00:00Z
2026-07-11 04:00:07+00:00,0.055,568117,"Will Trump resign by December 31, 2026?",517954.9146579976,71592.1722,2026-12-31T00:00:00Z
2026-07-11 05:00:07+00:00,0.055,568117,"Will Trump resign by December 31, 2026?",517954.9146579976,71592.1722,2026-12-31T00:00:00Z
2026-07-11 06:00:11+00:00,0.055,568117,"Will Trump resign by December 31, 2026?",517954.9146579976,71592.1722,2026-12-31T00:00:00Z
2026-07-11 07:00:06+00:00,0.055,568117,"Will Trump resign by December 31, 2026?",517954.9146579976,71592.1722,2026-12-31T00:00:00Z
2026-07-11 08:00:06+00:00,0.055,568117,"Will Trump resign by December 31, 2026?",517954.9146579976,71592.1722,2026-12-31T00:00:00Z
2026-07-11 09:00:06+00:00,0.055,568117,"Will Trump resign by December 31, 2026?",517954.9146579976,71592.1722,2026-12-31T00:00:00Z
2026-07-11 10:00:06+00:00,0.055,568117,"Will Trump resign by December 31, 2026?",517954.9146579976,71592.1722,2026-12-31T00:00:00Z
2026-07-11 11:00:06+00:00,0.055,568117,"Will Trump resign by December 31, 2026?",517954.9146579976,71592.1722,2026-12-31T00:00:00Z
2026-07-11 12:00:09+00:00,0.055,568117,"Will Trump resign by December 31, 2026?",517954.9146579976,71592.1722,2026-12-31T00:00:00Z
2026-07-11 13:00:05+00:00,0.055,568117,"Will Trump resign by December 31, 2026?",517954.9146579976,71592.1722,2026-12-31T00:00:00Z
2026-07-11 14:00:06+00:00,0.055,568117,"Will Trump resign by December 31, 2026?",517954.9146579976,71592.1722,2026-12-31T00:00:00Z
2026-07-11 15:00:07+00:00,0.055,568117,"Will Trump resign by December 31, 2026?",517954.9146579976,71592.1722,2026-12-31T00:00:00Z
2026-07-11 16:00:05+00:00,0.055,568117,"Will Trump resign by December 31, 2026?",517954.9146579976,71592.1722,2026-12-31T00:00:00Z
2026-07-11 17:00:07+00:00,0.055,568117,"Will Trump resign by December 31, 2026?",517954.9146579976,71592.1722,2026-12-31T00:00:00Z
2026-07-11 18:00:08+00:00,0.055,568117,"Will Trump resign by December 31, 2026?",517954.9146579976,71592.1722,2026-12-31T00:00:00Z
2026-07-11 19:00:07+00:00,0.055,568117,"Will Trump resign by December 31, 2026?",517954.9146579976,71592.1722,2026-12-31T00:00:00Z
2026-07-11 20:00:08+00:00,0.055,568117,"Will Trump resign by December 31, 2026?",517954.9146579976,71592.1722,2026-12-31T00:00:00Z
2026-07-11 21:00:07+00:00,0.055,568117,"Will Trump resign by December 31, 2026?",517954.9146579976,71592.1722,2026-12-31T00:00:00Z
2026-07-11 22:00:04+00:00,0.055,568117,"Will Trump resign by December 31, 2026?",517954.9146579976,71592.1722,2026-12-31T00:00:00Z
2026-07-11 23:00:05+00:00,0.055,568117,"Will Trump resign by December 31, 2026?",517954.9146579976,71592.1722,2026-12-31T00:00:00Z
2026-07-12 00:00:21+00:00,0.055,568117,"Will Trump resign by December 31, 2026?",517954.9146579976,71592.1722,2026-12-31T00:00:00Z
2026-07-12 01:00:05+00:00,0.055,568117,"Will Trump resign by December 31, 2026?",517954.9146579976,71592.1722,2026-12-31T00:00:00Z
2026-07-12 02:00:06+00:00,0.055,568117,"Will Trump resign by December 31, 2026?",517954.9146579976,71592.1722,2026-12-31T00:00:00Z
2026-07-12 03:00:07+00:00,0.055,568117,"Will Trump resign by December 31, 2026?",517954.9146579976,71592.1722,2026-12-31T00:00:00Z
2026-07-12 04:00:05+00:00,0.055,568117,"Will Trump resign by December 31, 2026?",517954.9146579976,71592.1722,2026-12-31T00:00:00Z
2026-07-12 05:00:04+00:00,0.055,568117,"Will Trump resign by December 31, 2026?",517954.9146579976,71592.1722,2026-12-31T00:00:00Z
2026-07-12 06:00:06+00:00,0.055,568117,"Will Trump resign by December 31, 2026?",517954.9146579976,71592.1722,2026-12-31T00:00:00Z
2026-07-12 07:00:12+00:00,0.055,568117,"Will Trump resign by December 31, 2026?",517954.9146579976,71592.1722,2026-12-31T00:00:00Z
2026-07-12 08:00:05+00:00,0.055,568117,"Will Trump resign by December 31, 2026?",517954.9146579976,71592.1722,2026-12-31T00:00:00Z
2026-07-12 09:00:06+00:00,0.055,568117,"Will Trump resign by December 31, 2026?",517954.9146579976,71592.1722,2026-12-31T00:00:00Z
2026-07-12 10:00:06+00:00,0.055,568117,"Will Trump resign by December 31, 2026?",517954.9146579976,71592.1722,2026-12-31T00:00:00Z
2026-07-12 11:00:19+00:00,0.055,568117,"Will Trump resign by December 31, 2026?",517954.9146579976,71592.1722,2026-12-31T00:00:00Z
2026-07-12 12:00:10+00:00,0.055,568117,"Will Trump resign by December 31, 2026?",517954.9146579976,71592.1722,2026-12-31T00:00:00Z
2026-07-12 13:00:06+00:00,0.055,568117,"Will Trump resign by December 31, 2026?",517954.9146579976,71592.1722,2026-12-31T00:00:00Z
2026-07-12 14:00:07+00:00,0.055,568117,"Will Trump resign by December 31, 2026?",517954.9146579976,71592.1722,2026-12-31T00:00:00Z
2026-07-12 15:00:06+00:00,0.055,568117,"Will Trump resign by December 31, 2026?",517954.9146579976,71592.1722,2026-12-31T00:00:00Z
2026-07-12 16:00:05+00:00,0.055,568117,"Will Trump resign by December 31, 2026?",517954.9146579976,71592.1722,2026-12-31T00:00:00Z
2026-07-12 17:00:06+00:00,0.055,568117,"Will Trump resign by December 31, 2026?",517954.9146579976,71592.1722,2026-12-31T00:00:00Z
2026-07-12 18:00:08+00:00,0.055,568117,"Will Trump resign by December 31, 2026?",517954.9146579976,71592.1722,2026-12-31T00:00:00Z
2026-07-12 19:00:07+00:00,0.055,568117,"Will Trump resign by December 31, 2026?",517954.9146579976,71592.1722,2026-12-31T00:00:00Z
2026-07-12 20:00:06+00:00,0.055,568117,"Will Trump resign by December 31, 2026?",517954.9146579976,71592.1722,2026-12-31T00:00:00Z
2026-07-12 21:00:07+00:00,0.055,568117,"Will Trump resign by December 31, 2026?",517954.9146579976,71592.1722,2026-12-31T00:00:00Z
2026-07-12 22:00:12+00:00,0.055,568117,"Will Trump resign by December 31, 2026?",517954.9146579976,71592.1722,2026-12-31T00:00:00Z
2026-07-12 23:00:05+00:00,0.055,568117,"Will Trump resign by December 31, 2026?",517954.9146579976,71592.1722,2026-12-31T00:00:00Z
2026-07-13 00:00:10+00:00,0.055,568117,"Will Trump resign by December 31, 2026?",517954.9146579976,71592.1722,2026-12-31T00:00:00Z
2026-07-13 01:00:06+00:00,0.055,568117,"Will Trump resign by December 31, 2026?",517954.9146579976,71592.1722,2026-12-31T00:00:00Z
2026-07-13 02:00:05+00:00,0.055,568117,"Will Trump resign by December 31, 2026?",517954.9146579976,71592.1722,2026-12-31T00:00:00Z
2026-07-13 03:00:06+00:00,0.055,568117,"Will Trump resign by December 31, 2026?",517954.9146579976,71592.1722,2026-12-31T00:00:00Z
2026-07-13 04:00:07+00:00,0.055,568117,"Will Trump resign by December 31, 2026?",517954.9146579976,71592.1722,2026-12-31T00:00:00Z
2026-07-13 05:00:09+00:00,0.055,568117,"Will Trump resign by December 31, 2026?",517954.9146579976,71592.1722,2026-12-31T00:00:00Z
2026-07-13 06:00:08+00:00,0.055,568117,"Will Trump resign by December 31, 2026?",517954.9146579976,71592.1722,2026-12-31T00:00:00Z
2026-07-13 07:00:08+00:00,0.055,568117,"Will Trump resign by December 31, 2026?",517954.9146579976,71592.1722,2026-12-31T00:00:00Z
2026-07-13 08:00:08+00:00,0.055,568117,"Will Trump resign by December 31, 2026?",517954.9146579976,71592.1722,2026-12-31T00:00:00Z
2026-07-13 09:00:07+00:00,0.055,568117,"Will Trump resign by December 31, 2026?",517954.9146579976,71592.1722,2026-12-31T00:00:00Z
2026-07-13 10:00:05+00:00,0.055,568117,"Will Trump resign by December 31, 2026?",517954.9146579976,71592.1722,2026-12-31T00:00:00Z
2026-07-13 11:00:05+00:00,0.055,568117,"Will Trump resign by December 31, 2026?",517954.9146579976,71592.1722,2026-12-31T00:00:00Z
2026-07-13 12:00:10+00:00,0.055,568117,"Will Trump resign by December 31, 2026?",517954.9146579976,71592.1722,2026-12-31T00:00:00Z
2026-07-13 13:00:05+00:00,0.055,568117,"Will Trump resign by December 31, 2026?",517954.9146579976,71592.1722,2026-12-31T00:00:00Z
2026-07-13 14:00:20+00:00,0.055,568117,"Will Trump resign by December 31, 2026?",517954.9146579976,71592.1722,2026-12-31T00:00:00Z
2026-07-13 15:00:24+00:00,0.055,568117,"Will Trump resign by December 31, 2026?",517954.9146579976,71592.1722,2026-12-31T00:00:00Z
2026-07-13 16:00:05+00:00,0.055,568117,"Will Trump resign by December 31, 2026?",517954.9146579976,71592.1722,2026-12-31T00:00:00Z
2026-07-13 17:00:08+00:00,0.055,568117,"Will Trump resign by December 31, 2026?",517954.9146579976,71592.1722,2026-12-31T00:00:00Z
2026-07-13 18:00:07+00:00,0.055,568117,"Will Trump resign by December 31, 2026?",517954.9146579976,71592.1722,2026-12-31T00:00:00Z
2026-07-13 19:00:06+00:00,0.055,568117,"Will Trump resign by December 31, 2026?",517954.9146579976,71592.1722,2026-12-31T00:00:00Z
2026-07-13 20:00:07+00:00,0.055,568117,"Will Trump resign by December 31, 2026?",517954.9146579976,71592.1722,2026-12-31T00:00:00Z
2026-07-13 21:00:07+00:00,0.055,568117,"Will Trump resign by December 31, 2026?",517954.9146579976,71592.1722,2026-12-31T00:00:00Z
2026-07-13 22:00:06+00:00,0.055,568117,"Will Trump resign by December 31, 2026?",517954.9146579976,71592.1722,2026-12-31T00:00:00Z
2026-07-13 23:00:06+00:00,0.055,568117,"Will Trump resign by December 31, 2026?",517954.9146579976,71592.1722,2026-12-31T00:00:00Z
2026-07-14 00:00:09+00:00,0.055,568117,"Will Trump resign by December 31, 2026?",517954.9146579976,71592.1722,2026-12-31T00:00:00Z
2026-07-14 01:00:04+00:00,0.055,568117,"Will Trump resign by December 31, 2026?",517954.9146579976,71592.1722,2026-12-31T00:00:00Z
2026-07-14 02:00:04+00:00,0.055,568117,"Will Trump resign by December 31, 2026?",517954.9146579976,71592.1722,2026-12-31T00:00:00Z
2026-07-14 03:00:08+00:00,0.055,568117,"Will Trump resign by December 31, 2026?",517954.9146579976,71592.1722,2026-12-31T00:00:00Z
2026-07-14 04:00:05+00:00,0.055,568117,"Will Trump resign by December 31, 2026?",517954.9146579976,71592.1722,2026-12-31T00:00:00Z
2026-07-14 05:00:06+00:00,0.055,568117,"Will Trump resign by December 31, 2026?",517954.9146579976,71592.1722,2026-12-31T00:00:00Z
2026-07-14 06:00:08+00:00,0.055,568117,"Will Trump resign by December 31, 2026?",517954.9146579976,71592.1722,2026-12-31T00:00:00Z
2026-07-14 07:00:10+00:00,0.055,568117,"Will Trump resign by December 31, 2026?",517954.9146579976,71592.1722,2026-12-31T00:00:00Z
2026-07-14 08:00:05+00:00,0.055,568117,"Will Trump resign by December 31, 2026?",517954.9146579976,71592.1722,2026-12-31T00:00:00Z
2026-07-14 09:00:06+00:00,0.055,568117,"Will Trump resign by December 31, 2026?",517954.9146579976,71592.1722,2026-12-31T00:00:00Z
2026-07-14 10:00:07+00:00,0.055,568117,"Will Trump resign by December 31, 2026?",517954.9146579976,71592.1722,2026-12-31T00:00:00Z
2026-07-14 11:00:06+00:00,0.055,568117,"Will Trump resign by December 31, 2026?",517954.9146579976,71592.1722,2026-12-31T00:00:00Z
2026-07-14 12:00:13+00:00,0.055,568117,"Will Trump resign by December 31, 2026?",517954.9146579976,71592.1722,2026-12-31T00:00:00Z
2026-07-14 13:00:08+00:00,0.055,568117,"Will Trump resign by December 31, 2026?",517954.9146579976,71592.1722,2026-12-31T00:00:00Z
2026-07-14 14:00:12+00:00,0.055,568117,"Will Trump resign by December 31, 2026?",517954.9146579976,71592.1722,2026-12-31T00:00:00Z
2026-07-14 15:00:09+00:00,0.055,568117,"Will Trump resign by December 31, 2026?",517954.9146579976,71592.1722,2026-12-31T00:00:00Z
2026-07-14 16:00:13+00:00,0.055,568117,"Will Trump resign by December 31, 2026?",517954.9146579976,71592.1722,2026-12-31T00:00:00Z
2026-07-14 17:00:18+00:00,0.055,568117,"Will Trump resign by December 31, 2026?",517954.9146579976,71592.1722,2026-12-31T00:00:00Z
2026-07-14 18:00:18+00:00,0.055,568117,"Will Trump resign by December 31, 2026?",517954.9146579976,71592.1722,2026-12-31T00:00:00Z
2026-07-14 19:00:08+00:00,0.055,568117,"Will Trump resign by December 31, 2026?",517954.9146579976,71592.1722,2026-12-31T00:00:00Z
2026-07-14 20:00:08+00:00,0.055,568117,"Will Trump resign by December 31, 2026?",517954.9146579976,71592.1722,2026-12-31T00:00:00Z
2026-07-14 21:00:08+00:00,0.055,568117,"Will Trump resign by December 31, 2026?",517954.9146579976,71592.1722,2026-12-31T00:00:00Z
2026-07-14 22:00:05+00:00,0.055,568117,"Will Trump resign by December 31, 2026?",517954.9146579976,71592.1722,2026-12-31T00:00:00Z
2026-07-14 23:00:07+00:00,0.055,568117,"Will Trump resign by December 31, 2026?",517954.9146579976,71592.1722,2026-12-31T00:00:00Z
2026-07-15 00:00:11+00:00,0.055,568117,"Will Trump resign by December 31, 2026?",517954.9146579976,71592.1722,2026-12-31T00:00:00Z
2026-07-15 01:00:08+00:00,0.055,568117,"Will Trump resign by December 31, 2026?",517954.9146579976,71592.1722,2026-12-31T00:00:00Z
2026-07-15 02:00:10+00:00,0.055,568117,"Will Trump resign by December 31, 2026?",517954.9146579976,71592.1722,2026-12-31T00:00:00Z
2026-07-15 03:00:10+00:00,0.055,568117,"Will Trump resign by December 31, 2026?",517954.9146579976,71592.1722,2026-12-31T00:00:00Z
2026-07-15 04:00:06+00:00,0.055,568117,"Will Trump resign by December 31, 2026?",517954.9146579976,71592.1722,2026-12-31T00:00:00Z
2026-07-15 05:00:22+00:00,0.055,568117,"Will Trump resign by December 31, 2026?",517954.9146579976,71592.1722,2026-12-31T00:00:00Z
2026-07-15 06:00:10+00:00,0.055,568117,"Will Trump resign by December 31, 2026?",517954.9146579976,71592.1722,2026-12-31T00:00:00Z
2026-07-15 07:00:21+00:00,0.055,568117,"Will Trump resign by December 31, 2026?",517954.9146579976,71592.1722,2026-12-31T00:00:00Z
2026-07-15 08:00:22+00:00,0.055,568117,"Will Trump resign by December 31, 2026?",517954.9146579976,71592.1722,2026-12-31T00:00:00Z
2026-07-15 09:00:09+00:00,0.055,568117,"Will Trump resign by December 31, 2026?",517954.9146579976,71592.1722,2026-12-31T00:00:00Z
2026-07-15 10:00:05+00:00,0.055,568117,"Will Trump resign by December 31, 2026?",517954.9146579976,71592.1722,2026-12-31T00:00:00Z
2026-07-15 11:00:09+00:00,0.055,568117,"Will Trump resign by December 31, 2026?",517954.9146579976,71592.1722,2026-12-31T00:00:00Z
2026-07-15 12:00:24+00:00,0.055,568117,"Will Trump resign by December 31, 2026?",517954.9146579976,71592.1722,2026-12-31T00:00:00Z
2026-07-15 13:00:07+00:00,0.055,568117,"Will Trump resign by December 31, 2026?",517954.9146579976,71592.1722,2026-12-31T00:00:00Z
2026-07-15 14:00:07+00:00,0.055,568117,"Will Trump resign by December 31, 2026?",517954.9146579976,71592.1722,2026-12-31T00:00:00Z
2026-07-15 15:00:11+00:00,0.055,568117,"Will Trump resign by December 31, 2026?",517954.9146579976,71592.1722,2026-12-31T00:00:00Z
2026-07-15 16:00:06+00:00,0.055,568117,"Will Trump resign by December 31, 2026?",517954.9146579976,71592.1722,2026-12-31T00:00:00Z
2026-07-15 17:00:08+00:00,0.055,568117,"Will Trump resign by December 31, 2026?",517954.9146579976,71592.1722,2026-12-31T00:00:00Z
2026-07-15 18:00:13+00:00,0.055,568117,"Will Trump resign by December 31, 2026?",517954.9146579976,71592.1722,2026-12-31T00:00:00Z
2026-07-15 19:00:10+00:00,0.055,568117,"Will Trump resign by December 31, 2026?",517954.9146579976,71592.1722,2026-12-31T00:00:00Z
2026-07-15 20:00:08+00:00,0.055,568117,"Will Trump resign by December 31, 2026?",517954.9146579976,71592.1722,2026-12-31T00:00:00Z
2026-07-15 21:00:08+00:00,0.055,568117,"Will Trump resign by December 31, 2026?",517954.9146579976,71592.1722,2026-12-31T00:00:00Z
2026-07-15 22:00:06+00:00,0.055,568117,"Will Trump resign by December 31, 2026?",517954.9146579976,71592.1722,2026-12-31T00:00:00Z
2026-07-15 23:00:07+00:00,0.055,568117,"Will Trump resign by December 31, 2026?",517954.9146579976,71592.1722,2026-12-31T00:00:00Z
2026-07-16 00:00:13+00:00,0.055,568117,"Will Trump resign by December 31, 2026?",517954.9146579976,71592.1722,2026-12-31T00:00:00Z
2026-07-16 01:00:06+00:00,0.055,568117,"Will Trump resign by December 31, 2026?",517954.9146579976,71592.1722,2026-12-31T00:00:00Z
2026-07-16 02:00:05+00:00,0.055,568117,"Will Trump resign by December 31, 2026?",517954.9146579976,71592.1722,2026-12-31T00:00:00Z
2026-07-16 03:00:10+00:00,0.055,568117,"Will Trump resign by December 31, 2026?",517954.9146579976,71592.1722,2026-12-31T00:00:00Z
2026-07-16 04:00:07+00:00,0.055,568117,"Will Trump resign by December 31, 2026?",517954.9146579976,71592.1722,2026-12-31T00:00:00Z
2026-07-16 05:00:06+00:00,0.055,568117,"Will Trump resign by December 31, 2026?",517954.9146579976,71592.1722,2026-12-31T00:00:00Z
2026-07-16 06:00:11+00:00,0.055,568117,"Will Trump resign by December 31, 2026?",517954.9146579976,71592.1722,2026-12-31T00:00:00Z
2026-07-16 07:00:08+00:00,0.055,568117,"Will Trump resign by December 31, 2026?",517954.9146579976,71592.1722,2026-12-31T00:00:00Z
2026-07-16 08:00:05+00:00,0.055,568117,"Will Trump resign by December 31, 2026?",517954.9146579976,71592.1722,2026-12-31T00:00:00Z
2026-07-16 09:00:11+00:00,0.055,568117,"Will Trump resign by December 31, 2026?",517954.9146579976,71592.1722,2026-12-31T00:00:00Z
2026-07-16 10:00:08+00:00,0.055,568117,"Will Trump resign by December 31, 2026?",517954.9146579976,71592.1722,2026-12-31T00:00:00Z
2026-07-16 11:00:07+00:00,0.055,568117,"Will Trump resign by December 31, 2026?",517954.9146579976,71592.1722,2026-12-31T00:00:00Z
2026-07-16 12:00:09+00:00,0.055,568117,"Will Trump resign by December 31, 2026?",517954.9146579976,71592.1722,2026-12-31T00:00:00Z
2026-07-16 13:00:08+00:00,0.055,568117,"Will Trump resign by December 31, 2026?",517954.9146579976,71592.1722,2026-12-31T00:00:00Z
2026-07-16 14:00:06+00:00,0.055,568117,"Will Trump resign by December 31, 2026?",517954.9146579976,71592.1722,2026-12-31T00:00:00Z
2026-07-16 15:00:11+00:00,0.055,568117,"Will Trump resign by December 31, 2026?",517954.9146579976,71592.1722,2026-12-31T00:00:00Z
2026-07-16 16:00:06+00:00,0.055,568117,"Will Trump resign by December 31, 2026?",517954.9146579976,71592.1722,2026-12-31T00:00:00Z
2026-07-16 17:00:07+00:00,0.055,568117,"Will Trump resign by December 31, 2026?",517954.9146579976,71592.1722,2026-12-31T00:00:00Z
2026-07-16 18:00:22+00:00,0.055,568117,"Will Trump resign by December 31, 2026?",517954.9146579976,71592.1722,2026-12-31T00:00:00Z
2026-07-16 19:00:07+00:00,0.055,568117,"Will Trump resign by December 31, 2026?",517954.9146579976,71592.1722,2026-12-31T00:00:00Z
2026-07-16 20:00:08+00:00,0.055,568117,"Will Trump resign by December 31, 2026?",517954.9146579976,71592.1722,2026-12-31T00:00:00Z
2026-07-16 21:00:09+00:00,0.055,568117,"Will Trump resign by December 31, 2026?",517954.9146579976,71592.1722,2026-12-31T00:00:00Z
2026-07-16 22:00:07+00:00,0.055,568117,"Will Trump resign by December 31, 2026?",517954.9146579976,71592.1722,2026-12-31T00:00:00Z
2026-07-16 23:00:09+00:00,0.055,568117,"Will Trump resign by December 31, 2026?",517954.9146579976,71592.1722,2026-12-31T00:00:00Z
2026-07-17 00:00:13+00:00,0.055,568117,"Will Trump resign by December 31, 2026?",517954.9146579976,71592.1722,2026-12-31T00:00:00Z
2026-07-17 01:00:06+00:00,0.055,568117,"Will Trump resign by December 31, 2026?",517954.9146579976,71592.1722,2026-12-31T00:00:00Z
2026-07-17 02:00:08+00:00,0.055,568117,"Will Trump resign by December 31, 2026?",517954.9146579976,71592.1722,2026-12-31T00:00:00Z
2026-07-17 03:00:10+00:00,0.055,568117,"Will Trump resign by December 31, 2026?",517954.9146579976,71592.1722,2026-12-31T00:00:00Z
2026-07-17 04:00:09+00:00,0.055,568117,"Will Trump resign by December 31, 2026?",517954.9146579976,71592.1722,2026-12-31T00:00:00Z
2026-07-17 05:00:10+00:00,0.055,568117,"Will Trump resign by December 31, 2026?",517954.9146579976,71592.1722,2026-12-31T00:00:00Z
2026-07-17 06:00:13+00:00,0.055,568117,"Will Trump resign by December 31, 2026?",517954.9146579976,71592.1722,2026-12-31T00:00:00Z
2026-07-17 07:00:05+00:00,0.055,568117,"Will Trump resign by December 31, 2026?",517954.9146579976,71592.1722,2026-12-31T00:00:00Z
2026-07-17 08:00:06+00:00,0.055,568117,"Will Trump resign by December 31, 2026?",517954.9146579976,71592.1722,2026-12-31T00:00:00Z
2026-07-17 09:00:08+00:00,0.055,568117,"Will Trump resign by December 31, 2026?",517954.9146579976,71592.1722,2026-12-31T00:00:00Z
2026-07-17 10:00:10+00:00,0.055,568117,"Will Trump resign by December 31, 2026?",517954.9146579976,71592.1722,2026-12-31T00:00:00Z
2026-07-17 11:00:07+00:00,0.055,568117,"Will Trump resign by December 31, 2026?",517954.9146579976,71592.1722,2026-12-31T00:00:00Z
2026-07-17 12:00:12+00:00,0.055,568117,"Will Trump resign by December 31, 2026?",517954.9146579976,71592.1722,2026-12-31T00:00:00Z
2026-07-17 13:00:06+00:00,0.055,568117,"Will Trump resign by December 31, 2026?",517954.9146579976,71592.1722,2026-12-31T00:00:00Z
2026-07-17 14:00:07+00:00,0.055,568117,"Will Trump resign by December 31, 2026?",517954.9146579976,71592.1722,2026-12-31T00:00:00Z
2026-07-17 15:00:09+00:00,0.055,568117,"Will Trump resign by December 31, 2026?",517954.9146579976,71592.1722,2026-12-31T00:00:00Z
2026-07-17 16:00:23+00:00,0.055,568117,"Will Trump resign by December 31, 2026?",517954.9146579976,71592.1722,2026-12-31T00:00:00Z
2026-07-17 17:00:11+00:00,0.055,568117,"Will Trump resign by December 31, 2026?",517954.9146579976,71592.1722,2026-12-31T00:00:00Z
2026-07-17 18:00:26+00:00,0.055,568117,"Will Trump resign by December 31, 2026?",517954.9146579976,71592.1722,2026-12-31T00:00:00Z
2026-07-17 19:00:07+00:00,0.055,568117,"Will Trump resign by December 31, 2026?",517954.9146579976,71592.1722,2026-12-31T00:00:00Z
2026-07-17 20:00:07+00:00,0.055,568117,"Will Trump resign by December 31, 2026?",517954.9146579976,71592.1722,2026-12-31T00:00:00Z
2026-07-17 21:00:08+00:00,0.055,568117,"Will Trump resign by December 31, 2026?",517954.9146579976,71592.1722,2026-12-31T00:00:00Z
2026-07-17 22:00:08+00:00,0.055,568117,"Will Trump resign by December 31, 2026?",517954.9146579976,71592.1722,2026-12-31T00:00:00Z
2026-07-17 23:00:09+00:00,0.055,568117,"Will Trump resign by December 31, 2026?",517954.9146579976,71592.1722,2026-12-31T00:00:00Z
2026-07-18 00:00:09+00:00,0.055,568117,"Will Trump resign by December 31, 2026?",517954.9146579976,71592.1722,2026-12-31T00:00:00Z
2026-07-18 01:00:06+00:00,0.055,568117,"Will Trump resign by December 31, 2026?",517954.9146579976,71592.1722,2026-12-31T00:00:00Z
2026-07-18 02:00:06+00:00,0.055,568117,"Will Trump resign by December 31, 2026?",517954.9146579976,71592.1722,2026-12-31T00:00:00Z
2026-07-18 03:00:09+00:00,0.055,568117,"Will Trump resign by December 31, 2026?",517954.9146579976,71592.1722,2026-12-31T00:00:00Z
2026-07-18 04:00:06+00:00,0.055,568117,"Will Trump resign by December 31, 2026?",517954.9146579976,71592.1722,2026-12-31T00:00:00Z
2026-07-18 05:00:07+00:00,0.055,568117,"Will Trump resign by December 31, 2026?",517954.9146579976,71592.1722,2026-12-31T00:00:00Z
2026-07-18 06:00:08+00:00,0.055,568117,"Will Trump resign by December 31, 2026?",517954.9146579976,71592.1722,2026-12-31T00:00:00Z
2026-07-18 07:00:09+00:00,0.055,568117,"Will Trump resign by December 31, 2026?",517954.9146579976,71592.1722,2026-12-31T00:00:00Z
2026-07-18 08:00:06+00:00,0.055,568117,"Will Trump resign by December 31, 2026?",517954.9146579976,71592.1722,2026-12-31T00:00:00Z
2026-07-18 09:00:12+00:00,0.055,568117,"Will Trump resign by December 31, 2026?",517954.9146579976,71592.1722,2026-12-31T00:00:00Z
2026-07-18 10:00:06+00:00,0.055,568117,"Will Trump resign by December 31, 2026?",517954.9146579976,71592.1722,2026-12-31T00:00:00Z
2026-07-18 11:00:07+00:00,0.055,568117,"Will Trump resign by December 31, 2026?",517954.9146579976,71592.1722,2026-12-31T00:00:00Z
2026-07-18 12:00:22+00:00,0.055,568117,"Will Trump resign by December 31, 2026?",517954.9146579976,71592.1722,2026-12-31T00:00:00Z
2026-07-18 13:00:07+00:00,0.055,568117,"Will Trump resign by December 31, 2026?",517954.9146579976,71592.1722,2026-12-31T00:00:00Z
2026-07-18 14:00:08+00:00,0.05,568117,"Will Trump resign by December 31, 2026?",517954.9146579976,71592.1722,2026-12-31T00:00:00Z
2026-07-18 15:00:10+00:00,0.05,568117,"Will Trump resign by December 31, 2026?",517954.9146579976,71592.1722,2026-12-31T00:00:00Z
2026-07-18 16:00:08+00:00,0.05,568117,"Will Trump resign by December 31, 2026?",517954.9146579976,71592.1722,2026-12-31T00:00:00Z
2026-07-18 17:00:11+00:00,0.05,568117,"Will Trump resign by December 31, 2026?",517954.9146579976,71592.1722,2026-12-31T00:00:00Z
2026-07-18 18:00:10+00:00,0.05,568117,"Will Trump resign by December 31, 2026?",517954.9146579976,71592.1722,2026-12-31T00:00:00Z
2026-07-18 19:00:06+00:00,0.05,568117,"Will Trump resign by December 31, 2026?",517954.9146579976,71592.1722,2026-12-31T00:00:00Z
2026-07-18 20:00:10+00:00,0.045,568117,"Will Trump resign by December 31, 2026?",517954.9146579976,71592.1722,2026-12-31T00:00:00Z
2026-07-18 21:00:11+00:00,0.045,568117,"Will Trump resign by December 31, 2026?",517954.9146579976,71592.1722,2026-12-31T00:00:00Z
2026-07-18 22:00:07+00:00,0.045,568117,"Will Trump resign by December 31, 2026?",517954.9146579976,71592.1722,2026-12-31T00:00:00Z
2026-07-18 23:00:10+00:00,0.045,568117,"Will Trump resign by December 31, 2026?",517954.9146579976,71592.1722,2026-12-31T00:00:00Z
2026-07-19 00:00:12+00:00,0.045,568117,"Will Trump resign by December 31, 2026?",517954.9146579976,71592.1722,2026-12-31T00:00:00Z
2026-07-19 01:00:07+00:00,0.045,568117,"Will Trump resign by December 31, 2026?",517954.9146579976,71592.1722,2026-12-31T00:00:00Z
2026-07-19 02:00:07+00:00,0.045,568117,"Will Trump resign by December 31, 2026?",517954.9146579976,71592.1722,2026-12-31T00:00:00Z
2026-07-19 03:00:10+00:00,0.045,568117,"Will Trump resign by December 31, 2026?",517954.9146579976,71592.1722,2026-12-31T00:00:00Z
2026-07-19 04:00:07+00:00,0.045,568117,"Will Trump resign by December 31, 2026?",517954.9146579976,71592.1722,2026-12-31T00:00:00Z
2026-07-19 05:00:08+00:00,0.045,568117,"Will Trump resign by December 31, 2026?",517954.9146579976,71592.1722,2026-12-31T00:00:00Z
2026-07-19 06:00:13+00:00,0.045,568117,"Will Trump resign by December 31, 2026?",517954.9146579976,71592.1722,2026-12-31T00:00:00Z
2026-07-19 07:00:08+00:00,0.045,568117,"Will Trump resign by December 31, 2026?",517954.9146579976,71592.1722,2026-12-31T00:00:00Z
2026-07-19 08:00:08+00:00,0.045,568117,"Will Trump resign by December 31, 2026?",517954.9146579976,71592.1722,2026-12-31T00:00:00Z
2026-07-19 09:00:11+00:00,0.045,568117,"Will Trump resign by December 31, 2026?",517954.9146579976,71592.1722,2026-12-31T00:00:00Z
2026-07-19 10:00:07+00:00,0.045,568117,"Will Trump resign by December 31, 2026?",517954.9146579976,71592.1722,2026-12-31T00:00:00Z
2026-07-19 11:00:08+00:00,0.045,568117,"Will Trump resign by December 31, 2026?",517954.9146579976,71592.1722,2026-12-31T00:00:00Z
2026-07-19 12:00:10+00:00,0.045,568117,"Will Trump resign by December 31, 2026?",517954.9146579976,71592.1722,2026-12-31T00:00:00Z
2026-07-19 13:00:09+00:00,0.045,568117,"Will Trump resign by December 31, 2026?",517954.9146579976,71592.1722,2026-12-31T00:00:00Z
2026-07-19 14:00:09+00:00,0.045,568117,"Will Trump resign by December 31, 2026?",517954.9146579976,71592.1722,2026-12-31T00:00:00Z
2026-07-19 15:00:09+00:00,0.045,568117,"Will Trump resign by December 31, 2026?",517954.9146579976,71592.1722,2026-12-31T00:00:00Z
2026-07-19 16:00:23+00:00,0.045,568117,"Will Trump resign by December 31, 2026?",517954.9146579976,71592.1722,2026-12-31T00:00:00Z
2026-07-19 17:00:13+00:00,0.045,568117,"Will Trump resign by December 31, 2026?",517954.9146579976,71592.1722,2026-12-31T00:00:00Z
2026-07-19 18:00:09+00:00,0.045,568117,"Will Trump resign by December 31, 2026?",517954.9146579976,71592.1722,2026-12-31T00:00:00Z
2026-07-19 19:00:09+00:00,0.045,568117,"Will Trump resign by December 31, 2026?",517954.9146579976,71592.1722,2026-12-31T00:00:00Z
2026-07-19 20:00:11+00:00,0.045,568117,"Will Trump resign by December 31, 2026?",517954.9146579976,71592.1722,2026-12-31T00:00:00Z
2026-07-19 21:00:23+00:00,0.045,568117,"Will Trump resign by December 31, 2026?",517954.9146579976,71592.1722,2026-12-31T00:00:00Z
2026-07-19 22:00:09+00:00,0.045,568117,"Will Trump resign by December 31, 2026?",517954.9146579976,71592.1722,2026-12-31T00:00:00Z
2026-07-19 23:00:08+00:00,0.045,568117,"Will Trump resign by December 31, 2026?",517954.9146579976,71592.1722,2026-12-31T00:00:00Z
2026-07-20 00:00:24+00:00,0.045,568117,"Will Trump resign by December 31, 2026?",517954.9146579976,71592.1722,2026-12-31T00:00:00Z
2026-07-20 01:00:08+00:00,0.045,568117,"Will Trump resign by December 31, 2026?",517954.9146579976,71592.1722,2026-12-31T00:00:00Z
2026-07-20 02:00:07+00:00,0.045,568117,"Will Trump resign by December 31, 2026?",517954.9146579976,71592.1722,2026-12-31T00:00:00Z
2026-07-20 03:00:09+00:00,0.045,568117,"Will Trump resign by December 31, 2026?",517954.9146579976,71592.1722,2026-12-31T00:00:00Z
2026-07-20 04:00:07+00:00,0.045,568117,"Will Trump resign by December 31, 2026?",517954.9146579976,71592.1722,2026-12-31T00:00:00Z
2026-07-20 05:00:20+00:00,0.045,568117,"Will Trump resign by December 31, 2026?",517954.9146579976,71592.1722,2026-12-31T00:00:00Z
2026-07-20 06:00:11+00:00,0.045,568117,"Will Trump resign by December 31, 2026?",517954.9146579976,71592.1722,2026-12-31T00:00:00Z
2026-07-20 07:00:08+00:00,0.045,568117,"Will Trump resign by December 31, 2026?",517954.9146579976,71592.1722,2026-12-31T00:00:00Z
2026-07-20 08:00:06+00:00,0.045,568117,"Will Trump resign by December 31, 2026?",517954.9146579976,71592.1722,2026-12-31T00:00:00Z
2026-07-20 09:00:11+00:00,0.045,568117,"Will Trump resign by December 31, 2026?",517954.9146579976,71592.1722,2026-12-31T00:00:00Z
2026-07-20 10:00:05+00:00,0.045,568117,"Will Trump resign by December 31, 2026?",517954.9146579976,71592.1722,2026-12-31T00:00:00Z
2026-07-20 11:00:08+00:00,0.045,568117,"Will Trump resign by December 31, 2026?",517954.9146579976,71592.1722,2026-12-31T00:00:00Z
2026-07-20 12:00:09+00:00,0.045,568117,"Will Trump resign by December 31, 2026?",517954.9146579976,71592.1722,2026-12-31T00:00:00Z
2026-07-20 13:00:09+00:00,0.045,568117,"Will Trump resign by December 31, 2026?",517954.9146579976,71592.1722,2026-12-31T00:00:00Z
2026-07-20 14:00:06+00:00,0.045,568117,"Will Trump resign by December 31, 2026?",517954.9146579976,71592.1722,2026-12-31T00:00:00Z
2026-07-20 15:00:14+00:00,0.045,568117,"Will Trump resign by December 31, 2026?",517954.9146579976,71592.1722,2026-12-31T00:00:00Z
2026-07-20 16:00:09+00:00,0.045,568117,"Will Trump resign by December 31, 2026?",517954.9146579976,71592.1722,2026-12-31T00:00:00Z
2026-07-20 17:00:18+00:00,0.045,568117,"Will Trump resign by December 31, 2026?",517954.9146579976,71592.1722,2026-12-31T00:00:00Z
2026-07-20 18:00:11+00:00,0.045,568117,"Will Trump resign by December 31, 2026?",517954.9146579976,71592.1722,2026-12-31T00:00:00Z
2026-07-20 19:00:08+00:00,0.045,568117,"Will Trump resign by December 31, 2026?",517954.9146579976,71592.1722,2026-12-31T00:00:00Z
2026-07-20 20:00:23+00:00,0.045,568117,"Will Trump resign by December 31, 2026?",517954.9146579976,71592.1722,2026-12-31T00:00:00Z
2026-07-20 21:00:12+00:00,0.045,568117,"Will Trump resign by December 31, 2026?",517954.9146579976,71592.1722,2026-12-31T00:00:00Z
2026-07-20 22:00:05+00:00,0.045,568117,"Will Trump resign by December 31, 2026?",517954.9146579976,71592.1722,2026-12-31T00:00:00Z
2026-07-20 23:00:06+00:00,0.045,568117,"Will Trump resign by December 31, 2026?",517954.9146579976,71592.1722,2026-12-31T00:00:00Z
2026-07-21 00:00:12+00:00,0.045,568117,"Will Trump resign by December 31, 2026?",517954.9146579976,71592.1722,2026-12-31T00:00:00Z
2026-07-21 01:00:10+00:00,0.045,568117,"Will Trump resign by December 31, 2026?",517954.9146579976,71592.1722,2026-12-31T00:00:00Z
2026-07-21 02:00:10+00:00,0.045,568117,"Will Trump resign by December 31, 2026?",517954.9146579976,71592.1722,2026-12-31T00:00:00Z
2026-07-21 03:00:12+00:00,0.045,568117,"Will Trump resign by December 31, 2026?",517954.9146579976,71592.1722,2026-12-31T00:00:00Z
2026-07-21 04:00:22+00:00,0.045,568117,"Will Trump resign by December 31, 2026?",517954.9146579976,71592.1722,2026-12-31T00:00:00Z
2026-07-21 05:00:08+00:00,0.045,568117,"Will Trump resign by December 31, 2026?",517954.9146579976,71592.1722,2026-12-31T00:00:00Z
2026-07-21 06:00:12+00:00,0.045,568117,"Will Trump resign by December 31, 2026?",517954.9146579976,71592.1722,2026-12-31T00:00:00Z
2026-07-21 07:00:11+00:00,0.045,568117,"Will Trump resign by December 31, 2026?",517954.9146579976,71592.1722,2026-12-31T00:00:00Z
2026-07-21 08:00:08+00:00,0.045,568117,"Will Trump resign by December 31, 2026?",517954.9146579976,71592.1722,2026-12-31T00:00:00Z
2026-07-21 09:00:11+00:00,0.045,568117,"Will Trump resign by December 31, 2026?",517954.9146579976,71592.1722,2026-12-31T00:00:00Z
2026-07-21 10:00:08+00:00,0.045,568117,"Will Trump resign by December 31, 2026?",517954.9146579976,71592.1722,2026-12-31T00:00:00Z
2026-07-21 11:00:08+00:00,0.045,568117,"Will Trump resign by December 31, 2026?",517954.9146579976,71592.1722,2026-12-31T00:00:00Z
2026-07-21 12:00:13+00:00,0.045,568117,"Will Trump resign by December 31, 2026?",517954.9146579976,71592.1722,2026-12-31T00:00:00Z
2026-07-21 13:00:09+00:00,0.045,568117,"Will Trump resign by December 31, 2026?",517954.9146579976,71592.1722,2026-12-31T00:00:00Z
2026-07-21 14:00:08+00:00,0.045,568117,"Will Trump resign by December 31, 2026?",517954.9146579976,71592.1722,2026-12-31T00:00:00Z
2026-07-21 15:00:24+00:00,0.045,568117,"Will Trump resign by December 31, 2026?",517954.9146579976,71592.1722,2026-12-31T00:00:00Z
2026-07-21 16:00:10+00:00,0.045,568117,"Will Trump resign by December 31, 2026?",517954.9146579976,71592.1722,2026-12-31T00:00:00Z
2026-07-21 17:00:07+00:00,0.045,568117,"Will Trump resign by December 31, 2026?",517954.9146579976,71592.1722,2026-12-31T00:00:00Z
2026-07-21 18:00:21+00:00,0.045,568117,"Will Trump resign by December 31, 2026?",517954.9146579976,71592.1722,2026-12-31T00:00:00Z
2026-07-21 19:00:05+00:00,0.045,568117,"Will Trump resign by December 31, 2026?",517954.9146579976,71592.1722,2026-12-31T00:00:00Z
2026-07-21 20:00:06+00:00,0.045,568117,"Will Trump resign by December 31, 2026?",517954.9146579976,71592.1722,2026-12-31T00:00:00Z
2026-07-21 21:00:20+00:00,0.045,568117,"Will Trump resign by December 31, 2026?",517954.9146579976,71592.1722,2026-12-31T00:00:00Z
2026-07-21 22:00:08+00:00,0.045,568117,"Will Trump resign by December 31, 2026?",517954.9146579976,71592.1722,2026-12-31T00:00:00Z
2026-07-21 23:00:20+00:00,0.045,568117,"Will Trump resign by December 31, 2026?",517954.9146579976,71592.1722,2026-12-31T00:00:00Z
2026-07-22 00:00:09+00:00,0.045,568117,"Will Trump resign by December 31, 2026?",517954.9146579976,71592.1722,2026-12-31T00:00:00Z
2026-07-22 01:00:06+00:00,0.045,568117,"Will Trump resign by December 31, 2026?",517954.9146579976,71592.1722,2026-12-31T00:00:00Z
2026-07-22 02:00:07+00:00,0.045,568117,"Will Trump resign by December 31, 2026?",517954.9146579976,71592.1722,2026-12-31T00:00:00Z
2026-07-22 03:00:10+00:00,0.045,568117,"Will Trump resign by December 31, 2026?",517954.9146579976,71592.1722,2026-12-31T00:00:00Z
2026-07-22 04:00:08+00:00,0.045,568117,"Will Trump resign by December 31, 2026?",517954.9146579976,71592.1722,2026-12-31T00:00:00Z
2026-07-22 05:00:06+00:00,0.045,568117,"Will Trump resign by December 31, 2026?",517954.9146579976,71592.1722,2026-12-31T00:00:00Z
2026-07-22 06:00:24+00:00,0.045,568117,"Will Trump resign by December 31, 2026?",517954.9146579976,71592.1722,2026-12-31T00:00:00Z
2026-07-22 07:00:08+00:00,0.045,568117,"Will Trump resign by December 31, 2026?",517954.9146579976,71592.1722,2026-12-31T00:00:00Z
2026-07-22 08:00:06+00:00,0.045,568117,"Will Trump resign by December 31, 2026?",517954.9146579976,71592.1722,2026-12-31T00:00:00Z
2026-07-22 09:00:09+00:00,0.045,568117,"Will Trump resign by December 31, 2026?",517954.9146579976,71592.1722,2026-12-31T00:00:00Z
2026-07-22 10:00:06+00:00,0.045,568117,"Will Trump resign by December 31, 2026?",517954.9146579976,71592.1722,2026-12-31T00:00:00Z
2026-07-22 11:00:06+00:00,0.0365,568117,"Will Trump resign by December 31, 2026?",517954.9146579976,71592.1722,2026-12-31T00:00:00Z
2026-07-22 12:00:09+00:00,0.0365,568117,"Will Trump resign by December 31, 2026?",517954.9146579976,71592.1722,2026-12-31T00:00:00Z
2026-07-22 13:00:07+00:00,0.037,568117,"Will Trump resign by December 31, 2026?",517954.9146579976,71592.1722,2026-12-31T00:00:00Z
2026-07-22 14:00:05+00:00,0.037,568117,"Will Trump resign by December 31, 2026?",517954.9146579976,71592.1722,2026-12-31T00:00:00Z
2026-07-22 15:00:10+00:00,0.037,568117,"Will Trump resign by December 31, 2026?",517954.9146579976,71592.1722,2026-12-31T00:00:00Z
2026-07-22 16:00:07+00:00,0.0375,568117,"Will Trump resign by December 31, 2026?",517954.9146579976,71592.1722,2026-12-31T00:00:00Z
2026-07-22 17:00:14+00:00,0.0375,568117,"Will Trump resign by December 31, 2026?",517954.9146579976,71592.1722,2026-12-31T00:00:00Z
2026-07-22 18:00:09+00:00,0.0375,568117,"Will Trump resign by December 31, 2026?",517954.9146579976,71592.1722,2026-12-31T00:00:00Z
2026-07-22 19:00:06+00:00,0.0375,568117,"Will Trump resign by December 31, 2026?",517954.9146579976,71592.1722,2026-12-31T00:00:00Z
2026-07-22 20:00:09+00:00,0.0375,568117,"Will Trump resign by December 31, 2026?",517954.9146579976,71592.1722,2026-12-31T00:00:00Z
2026-07-22 21:00:10+00:00,0.0375,568117,"Will Trump resign by December 31, 2026?",517954.9146579976,71592.1722,2026-12-31T00:00:00Z
2026-07-22 22:00:13+00:00,0.0375,568117,"Will Trump resign by December 31, 2026?",517954.9146579976,71592.1722,2026-12-31T00:00:00Z
2026-07-22 23:00:08+00:00,0.0375,568117,"Will Trump resign by December 31, 2026?",517954.9146579976,71592.1722,2026-12-31T00:00:00Z
2026-07-23 00:00:17+00:00,0.0375,568117,"Will Trump resign by December 31, 2026?",517954.9146579976,71592.1722,2026-12-31T00:00:00Z
2026-07-23 01:00:21+00:00,0.0375,568117,"Will Trump resign by December 31, 2026?",517954.9146579976,71592.1722,2026-12-31T00:00:00Z
2026-07-23 02:00:09+00:00,0.0375,568117,"Will Trump resign by December 31, 2026?",517954.9146579976,71592.1722,2026-12-31T00:00:00Z
2026-07-23 03:00:12+00:00,0.0375,568117,"Will Trump resign by December 31, 2026?",517954.9146579976,71592.1722,2026-12-31T00:00:00Z
2026-07-23 04:00:11+00:00,0.0375,568117,"Will Trump resign by December 31, 2026?",517954.9146579976,71592.1722,2026-12-31T00:00:00Z
2026-07-23 05:00:21+00:00,0.037,568117,"Will Trump resign by December 31, 2026?",517954.9146579976,71592.1722,2026-12-31T00:00:00Z
2026-07-23 06:00:23+00:00,0.037,568117,"Will Trump resign by December 31, 2026?",517954.9146579976,71592.1722,2026-12-31T00:00:00Z
2026-07-23 07:00:14+00:00,0.037,568117,"Will Trump resign by December 31, 2026?",517954.9146579976,71592.1722,2026-12-31T00:00:00Z
2026-07-23 08:00:07+00:00,0.037,568117,"Will Trump resign by December 31, 2026?",517954.9146579976,71592.1722,2026-12-31T00:00:00Z
2026-07-23 09:00:17+00:00,0.037,568117,"Will Trump resign by December 31, 2026?",517954.9146579976,71592.1722,2026-12-31T00:00:00Z
2026-07-23 10:00:16+00:00,0.037,568117,"Will Trump resign by December 31, 2026?",517954.9146579976,71592.1722,2026-12-31T00:00:00Z
2026-07-23 11:00:09+00:00,0.037,568117,"Will Trump resign by December 31, 2026?",517954.9146579976,71592.1722,2026-12-31T00:00:00Z
2026-07-23 12:00:24+00:00,0.037,568117,"Will Trump resign by December 31, 2026?",517954.9146579976,71592.1722,2026-12-31T00:00:00Z
2026-07-23 13:00:12+00:00,0.037,568117,"Will Trump resign by December 31, 2026?",517954.9146579976,71592.1722,2026-12-31T00:00:00Z
2026-07-23 14:00:12+00:00,0.037,568117,"Will Trump resign by December 31, 2026?",517954.9146579976,71592.1722,2026-12-31T00:00:00Z
2026-07-23 15:00:21+00:00,0.0365,568117,"Will Trump resign by December 31, 2026?",517954.9146579976,71592.1722,2026-12-31T00:00:00Z
2026-07-23 16:00:12+00:00,0.037,568117,"Will Trump resign by December 31, 2026?",517954.9146579976,71592.1722,2026-12-31T00:00:00Z
2026-07-23 17:00:23+00:00,0.037,568117,"Will Trump resign by December 31, 2026?",517954.9146579976,71592.1722,2026-12-31T00:00:00Z
2026-07-23 18:00:20+00:00,0.0355,568117,"Will Trump resign by December 31, 2026?",517954.9146579976,71592.1722,2026-12-31T00:00:00Z
2026-07-23 19:00:14+00:00,0.0355,568117,"Will Trump resign by December 31, 2026?",517954.9146579976,71592.1722,2026-12-31T00:00:00Z
2026-07-23 20:00:15+00:00,0.037,568117,"Will Trump resign by December 31, 2026?",517954.9146579976,71592.1722,2026-12-31T00:00:00Z
2026-07-23 21:00:20+00:00,0.037,568117,"Will Trump resign by December 31, 2026?",517954.9146579976,71592.1722,2026-12-31T00:00:00Z
2026-07-23 22:00:14+00:00,0.037,568117,"Will Trump resign by December 31, 2026?",517954.9146579976,71592.1722,2026-12-31T00:00:00Z
2026-07-23 23:00:13+00:00,0.037,568117,"Will Trump resign by December 31, 2026?",517954.9146579976,71592.1722,2026-12-31T00:00:00Z
2026-07-24 00:00:18+00:00,0.037,568117,"Will Trump resign by December 31, 2026?",517954.9146579976,71592.1722,2026-12-31T00:00:00Z
2026-07-24 01:00:09+00:00,0.037,568117,"Will Trump resign by December 31, 2026?",517954.9146579976,71592.1722,2026-12-31T00:00:00Z
2026-07-24 02:00:12+00:00,0.037,568117,"Will Trump resign by December 31, 2026?",517954.9146579976,71592.1722,2026-12-31T00:00:00Z
2026-07-24 03:00:20+00:00,0.037,568117,"Will Trump resign by December 31, 2026?",517954.9146579976,71592.1722,2026-12-31T00:00:00Z
2026-07-24 04:00:13+00:00,0.037,568117,"Will Trump resign by December 31, 2026?",517954.9146579976,71592.1722,2026-12-31T00:00:00Z
2026-07-24 05:00:22+00:00,0.037,568117,"Will Trump resign by December 31, 2026?",517954.9146579976,71592.1722,2026-12-31T00:00:00Z
2026-07-24 06:00:20+00:00,0.037,568117,"Will Trump resign by December 31, 2026?",517954.9146579976,71592.1722,2026-12-31T00:00:00Z
2026-07-24 07:00:11+00:00,0.037,568117,"Will Trump resign by December 31, 2026?",517954.9146579976,71592.1722,2026-12-31T00:00:00Z
2026-07-24 08:00:13+00:00,0.037,568117,"Will Trump resign by December 31, 2026?",517954.9146579976,71592.1722,2026-12-31T00:00:00Z
2026-07-24 09:00:20+00:00,0.037,568117,"Will Trump resign by December 31, 2026?",517954.9146579976,71592.1722,2026-12-31T00:00:00Z
2026-07-24 09:38:07+00:00,0.037,568117,"Will Trump resign by December 31, 2026?",517954.9146579976,71592.1722,2026-12-31T00:00:00Z
2026-07-10 10:00:18+00:00,0.0355,608364,Will OpenAI’s market cap be between $750B and $1T at market close on IPO day?,173260.62284600025,7118.00593,2026-06-30T00:00:00Z
2026-07-10 11:00:06+00:00,0.0355,608364,Will OpenAI’s market cap be between $750B and $1T at market close on IPO day?,173260.62284600025,7118.00593,2026-06-30T00:00:00Z
2026-07-10 12:00:08+00:00,0.0355,608364,Will OpenAI’s market cap be between $750B and $1T at market close on IPO day?,173260.62284600025,7118.00593,2026-06-30T00:00:00Z
2026-07-10 13:00:06+00:00,0.0355,608364,Will OpenAI’s market cap be between $750B and $1T at market close on IPO day?,173260.62284600025,7118.00593,2026-06-30T00:00:00Z
2026-07-10 14:00:05+00:00,0.0355,608364,Will OpenAI’s market cap be between $750B and $1T at market close on IPO day?,173260.62284600025,7118.00593,2026-06-30T00:00:00Z
2026-07-10 15:00:08+00:00,0.0355,608364,Will OpenAI’s market cap be between $750B and $1T at market close on IPO day?,173260.62284600025,7118.00593,2026-06-30T00:00:00Z
2026-07-10 16:00:06+00:00,0.0355,608364,Will OpenAI’s market cap be between $750B and $1T at market close on IPO day?,173260.62284600025,7118.00593,2026-06-30T00:00:00Z
2026-07-10 17:00:05+00:00,0.0355,608364,Will OpenAI’s market cap be between $750B and $1T at market close on IPO day?,173260.62284600025,7118.00593,2026-06-30T00:00:00Z
2026-07-10 18:00:07+00:00,0.0355,608364,Will OpenAI’s market cap be between $750B and $1T at market close on IPO day?,173260.62284600025,7118.00593,2026-06-30T00:00:00Z
2026-07-10 19:00:06+00:00,0.0355,608364,Will OpenAI’s market cap be between $750B and $1T at market close on IPO day?,173260.62284600025,7118.00593,2026-06-30T00:00:00Z
2026-07-10 20:00:06+00:00,0.0355,608364,Will OpenAI’s market cap be between $750B and $1T at market close on IPO day?,173260.62284600025,7118.00593,2026-06-30T00:00:00Z
2026-07-10 21:00:07+00:00,0.0355,608364,Will OpenAI’s market cap be between $750B and $1T at market close on IPO day?,173260.62284600025,7118.00593,2026-06-30T00:00:00Z
2026-07-10 23:00:22+00:00,0.0355,608364,Will OpenAI’s market cap be between $750B and $1T at market close on IPO day?,173260.62284600025,7118.00593,2026-06-30T00:00:00Z
2026-07-11 00:00:09+00:00,0.0355,608364,Will OpenAI’s market cap be between $750B and $1T at market close on IPO day?,173260.62284600025,7118.00593,2026-06-30T00:00:00Z
2026-07-11 01:00:05+00:00,0.0355,608364,Will OpenAI’s market cap be between $750B and $1T at market close on IPO day?,173260.62284600025,7118.00593,2026-06-30T00:00:00Z
2026-07-11 02:00:06+00:00,0.0355,608364,Will OpenAI’s market cap be between $750B and $1T at market close on IPO day?,173260.62284600025,7118.00593,2026-06-30T00:00:00Z
2026-07-11 03:00:06+00:00,0.0355,608364,Will OpenAI’s market cap be between $750B and $1T at market close on IPO day?,173260.62284600025,7118.00593,2026-06-30T00:00:00Z
2026-07-11 04:00:08+00:00,0.0355,608364,Will OpenAI’s market cap be between $750B and $1T at market close on IPO day?,173260.62284600025,7118.00593,2026-06-30T00:00:00Z
2026-07-11 05:00:07+00:00,0.0355,608364,Will OpenAI’s market cap be between $750B and $1T at market close on IPO day?,173260.62284600025,7118.00593,2026-06-30T00:00:00Z
2026-07-11 06:00:11+00:00,0.0355,608364,Will OpenAI’s market cap be between $750B and $1T at market close on IPO day?,173260.62284600025,7118.00593,2026-06-30T00:00:00Z
2026-07-11 07:00:06+00:00,0.0305,608364,Will OpenAI’s market cap be between $750B and $1T at market close on IPO day?,173260.62284600025,7118.00593,2026-06-30T00:00:00Z
2026-07-11 08:00:06+00:00,0.0295,608364,Will OpenAI’s market cap be between $750B and $1T at market close on IPO day?,173260.62284600025,7118.00593,2026-06-30T00:00:00Z
2026-07-11 09:00:07+00:00,0.0295,608364,Will OpenAI’s market cap be between $750B and $1T at market close on IPO day?,173260.62284600025,7118.00593,2026-06-30T00:00:00Z
2026-07-11 10:00:06+00:00,0.0295,608364,Will OpenAI’s market cap be between $750B and $1T at market close on IPO day?,173260.62284600025,7118.00593,2026-06-30T00:00:00Z
2026-07-11 11:00:06+00:00,0.0295,608364,Will OpenAI’s market cap be between $750B and $1T at market close on IPO day?,173260.62284600025,7118.00593,2026-06-30T00:00:00Z
2026-07-11 12:00:09+00:00,0.0295,608364,Will OpenAI’s market cap be between $750B and $1T at market close on IPO day?,173260.62284600025,7118.00593,2026-06-30T00:00:00Z
2026-07-11 13:00:05+00:00,0.0295,608364,Will OpenAI’s market cap be between $750B and $1T at market close on IPO day?,173260.62284600025,7118.00593,2026-06-30T00:00:00Z
2026-07-11 14:00:06+00:00,0.0295,608364,Will OpenAI’s market cap be between $750B and $1T at market close on IPO day?,173260.62284600025,7118.00593,2026-06-30T00:00:00Z
2026-07-11 15:00:08+00:00,0.0295,608364,Will OpenAI’s market cap be between $750B and $1T at market close on IPO day?,173260.62284600025,7118.00593,2026-06-30T00:00:00Z
2026-07-11 16:00:05+00:00,0.0295,608364,Will OpenAI’s market cap be between $750B and $1T at market close on IPO day?,173260.62284600025,7118.00593,2026-06-30T00:00:00Z
2026-07-11 17:00:09+00:00,0.0295,608364,Will OpenAI’s market cap be between $750B and $1T at market close on IPO day?,173260.62284600025,7118.00593,2026-06-30T00:00:00Z
2026-07-11 18:00:08+00:00,0.0295,608364,Will OpenAI’s market cap be between $750B and $1T at market close on IPO day?,173260.62284600025,7118.00593,2026-06-30T00:00:00Z
2026-07-11 19:00:07+00:00,0.0295,608364,Will OpenAI’s market cap be between $750B and $1T at market close on IPO day?,173260.62284600025,7118.00593,2026-06-30T00:00:00Z
2026-07-11 20:00:08+00:00,0.0295,608364,Will OpenAI’s market cap be between $750B and $1T at market close on IPO day?,173260.62284600025,7118.00593,2026-06-30T00:00:00Z
2026-07-11 21:00:07+00:00,0.0295,608364,Will OpenAI’s market cap be between $750B and $1T at market close on IPO day?,173260.62284600025,7118.00593,2026-06-30T00:00:00Z
2026-07-11 22:00:04+00:00,0.0295,608364,Will OpenAI’s market cap be between $750B and $1T at market close on IPO day?,173260.62284600025,7118.00593,2026-06-30T00:00:00Z
2026-07-11 23:00:05+00:00,0.0295,608364,Will OpenAI’s market cap be between $750B and $1T at market close on IPO day?,173260.62284600025,7118.00593,2026-06-30T00:00:00Z
2026-07-12 00:00:22+00:00,0.0295,608364,Will OpenAI’s market cap be between $750B and $1T at market close on IPO day?,173260.62284600025,7118.00593,2026-06-30T00:00:00Z
2026-07-12 01:00:05+00:00,0.0295,608364,Will OpenAI’s market cap be between $750B and $1T at market close on IPO day?,173260.62284600025,7118.00593,2026-06-30T00:00:00Z
2026-07-12 02:00:06+00:00,0.0295,608364,Will OpenAI’s market cap be between $750B and $1T at market close on IPO day?,173260.62284600025,7118.00593,2026-06-30T00:00:00Z
2026-07-12 03:00:07+00:00,0.0295,608364,Will OpenAI’s market cap be between $750B and $1T at market close on IPO day?,173260.62284600025,7118.00593,2026-06-30T00:00:00Z
2026-07-12 04:00:06+00:00,0.0295,608364,Will OpenAI’s market cap be between $750B and $1T at market close on IPO day?,173260.62284600025,7118.00593,2026-06-30T00:00:00Z
2026-07-12 05:00:04+00:00,0.0345,608364,Will OpenAI’s market cap be between $750B and $1T at market close on IPO day?,173260.62284600025,7118.00593,2026-06-30T00:00:00Z
2026-07-12 06:00:07+00:00,0.0345,608364,Will OpenAI’s market cap be between $750B and $1T at market close on IPO day?,173260.62284600025,7118.00593,2026-06-30T00:00:00Z
2026-07-12 07:00:12+00:00,0.0345,608364,Will OpenAI’s market cap be between $750B and $1T at market close on IPO day?,173260.62284600025,7118.00593,2026-06-30T00:00:00Z
2026-07-12 08:00:05+00:00,0.0345,608364,Will OpenAI’s market cap be between $750B and $1T at market close on IPO day?,173260.62284600025,7118.00593,2026-06-30T00:00:00Z
2026-07-12 09:00:06+00:00,0.0345,608364,Will OpenAI’s market cap be between $750B and $1T at market close on IPO day?,173260.62284600025,7118.00593,2026-06-30T00:00:00Z
2026-07-12 10:00:06+00:00,0.0345,608364,Will OpenAI’s market cap be between $750B and $1T at market close on IPO day?,173260.62284600025,7118.00593,2026-06-30T00:00:00Z
2026-07-12 11:00:19+00:00,0.0345,608364,Will OpenAI’s market cap be between $750B and $1T at market close on IPO day?,173260.62284600025,7118.00593,2026-06-30T00:00:00Z
2026-07-12 12:00:11+00:00,0.034,608364,Will OpenAI’s market cap be between $750B and $1T at market close on IPO day?,173260.62284600025,7118.00593,2026-06-30T00:00:00Z
2026-07-12 13:00:06+00:00,0.034,608364,Will OpenAI’s market cap be between $750B and $1T at market close on IPO day?,173260.62284600025,7118.00593,2026-06-30T00:00:00Z
2026-07-12 14:00:08+00:00,0.034,608364,Will OpenAI’s market cap be between $750B and $1T at market close on IPO day?,173260.62284600025,7118.00593,2026-06-30T00:00:00Z
2026-07-12 15:00:07+00:00,0.034,608364,Will OpenAI’s market cap be between $750B and $1T at market close on IPO day?,173260.62284600025,7118.00593,2026-06-30T00:00:00Z
2026-07-12 16:00:05+00:00,0.034,608364,Will OpenAI’s market cap be between $750B and $1T at market close on IPO day?,173260.62284600025,7118.00593,2026-06-30T00:00:00Z
2026-07-12 17:00:06+00:00,0.034,608364,Will OpenAI’s market cap be between $750B and $1T at market close on IPO day?,173260.62284600025,7118.00593,2026-06-30T00:00:00Z
2026-07-12 18:00:09+00:00,0.034,608364,Will OpenAI’s market cap be between $750B and $1T at market close on IPO day?,173260.62284600025,7118.00593,2026-06-30T00:00:00Z
2026-07-12 19:00:09+00:00,0.034,608364,Will OpenAI’s market cap be between $750B and $1T at market close on IPO day?,173260.62284600025,7118.00593,2026-06-30T00:00:00Z
2026-07-12 20:00:06+00:00,0.034,608364,Will OpenAI’s market cap be between $750B and $1T at market close on IPO day?,173260.62284600025,7118.00593,2026-06-30T00:00:00Z
2026-07-12 21:00:08+00:00,0.034,608364,Will OpenAI’s market cap be between $750B and $1T at market close on IPO day?,173260.62284600025,7118.00593,2026-06-30T00:00:00Z
2026-07-12 22:00:13+00:00,0.034,608364,Will OpenAI’s market cap be between $750B and $1T at market close on IPO day?,173260.62284600025,7118.00593,2026-06-30T00:00:00Z
2026-07-12 23:00:05+00:00,0.034,608364,Will OpenAI’s market cap be between $750B and $1T at market close on IPO day?,173260.62284600025,7118.00593,2026-06-30T00:00:00Z
2026-07-13 00:00:11+00:00,0.034,608364,Will OpenAI’s market cap be between $750B and $1T at market close on IPO day?,173260.62284600025,7118.00593,2026-06-30T00:00:00Z
2026-07-13 01:00:08+00:00,0.034,608364,Will OpenAI’s market cap be between $750B and $1T at market close on IPO day?,173260.62284600025,7118.00593,2026-06-30T00:00:00Z
2026-07-13 02:00:05+00:00,0.034,608364,Will OpenAI’s market cap be between $750B and $1T at market close on IPO day?,173260.62284600025,7118.00593,2026-06-30T00:00:00Z
2026-07-13 03:00:07+00:00,0.0345,608364,Will OpenAI’s market cap be between $750B and $1T at market close on IPO day?,173260.62284600025,7118.00593,2026-06-30T00:00:00Z
2026-07-13 04:00:07+00:00,0.034,608364,Will OpenAI’s market cap be between $750B and $1T at market close on IPO day?,173260.62284600025,7118.00593,2026-06-30T00:00:00Z
2026-07-13 05:00:09+00:00,0.0335,608364,Will OpenAI’s market cap be between $750B and $1T at market close on IPO day?,173260.62284600025,7118.00593,2026-06-30T00:00:00Z
2026-07-13 06:00:09+00:00,0.0335,608364,Will OpenAI’s market cap be between $750B and $1T at market close on IPO day?,173260.62284600025,7118.00593,2026-06-30T00:00:00Z
2026-07-13 07:00:10+00:00,0.0335,608364,Will OpenAI’s market cap be between $750B and $1T at market close on IPO day?,173260.62284600025,7118.00593,2026-06-30T00:00:00Z
2026-07-13 08:00:08+00:00,0.0335,608364,Will OpenAI’s market cap be between $750B and $1T at market close on IPO day?,173260.62284600025,7118.00593,2026-06-30T00:00:00Z
2026-07-13 09:00:08+00:00,0.0335,608364,Will OpenAI’s market cap be between $750B and $1T at market close on IPO day?,173260.62284600025,7118.00593,2026-06-30T00:00:00Z
2026-07-13 10:00:06+00:00,0.0335,608364,Will OpenAI’s market cap be between $750B and $1T at market close on IPO day?,173260.62284600025,7118.00593,2026-06-30T00:00:00Z
2026-07-13 11:00:06+00:00,0.0335,608364,Will OpenAI’s market cap be between $750B and $1T at market close on IPO day?,173260.62284600025,7118.00593,2026-06-30T00:00:00Z
2026-07-13 12:00:11+00:00,0.0335,608364,Will OpenAI’s market cap be between $750B and $1T at market close on IPO day?,173260.62284600025,7118.00593,2026-06-30T00:00:00Z
2026-07-13 13:00:06+00:00,0.0335,608364,Will OpenAI’s market cap be between $750B and $1T at market close on IPO day?,173260.62284600025,7118.00593,2026-06-30T00:00:00Z
2026-07-13 14:00:20+00:00,0.0335,608364,Will OpenAI’s market cap be between $750B and $1T at market close on IPO day?,173260.62284600025,7118.00593,2026-06-30T00:00:00Z
2026-07-13 15:00:25+00:00,0.0335,608364,Will OpenAI’s market cap be between $750B and $1T at market close on IPO day?,173260.62284600025,7118.00593,2026-06-30T00:00:00Z
2026-07-13 16:00:06+00:00,0.035,608364,Will OpenAI’s market cap be between $750B and $1T at market close on IPO day?,173260.62284600025,7118.00593,2026-06-30T00:00:00Z
2026-07-13 17:00:09+00:00,0.0335,608364,Will OpenAI’s market cap be between $750B and $1T at market close on IPO day?,173260.62284600025,7118.00593,2026-06-30T00:00:00Z
2026-07-13 18:00:08+00:00,0.0335,608364,Will OpenAI’s market cap be between $750B and $1T at market close on IPO day?,173260.62284600025,7118.00593,2026-06-30T00:00:00Z
2026-07-13 19:00:07+00:00,0.0335,608364,Will OpenAI’s market cap be between $750B and $1T at market close on IPO day?,173260.62284600025,7118.00593,2026-06-30T00:00:00Z
2026-07-13 20:00:08+00:00,0.0335,608364,Will OpenAI’s market cap be between $750B and $1T at market close on IPO day?,173260.62284600025,7118.00593,2026-06-30T00:00:00Z
2026-07-13 21:00:08+00:00,0.0335,608364,Will OpenAI’s market cap be between $750B and $1T at market close on IPO day?,173260.62284600025,7118.00593,2026-06-30T00:00:00Z
2026-07-13 22:00:06+00:00,0.0335,608364,Will OpenAI’s market cap be between $750B and $1T at market close on IPO day?,173260.62284600025,7118.00593,2026-06-30T00:00:00Z
2026-07-13 23:00:07+00:00,0.0335,608364,Will OpenAI’s market cap be between $750B and $1T at market close on IPO day?,173260.62284600025,7118.00593,2026-06-30T00:00:00Z
2026-07-14 00:00:10+00:00,0.0335,608364,Will OpenAI’s market cap be between $750B and $1T at market close on IPO day?,173260.62284600025,7118.00593,2026-06-30T00:00:00Z
2026-07-14 01:00:05+00:00,0.0335,608364,Will OpenAI’s market cap be between $750B and $1T at market close on IPO day?,173260.62284600025,7118.00593,2026-06-30T00:00:00Z
2026-07-14 02:00:05+00:00,0.0335,608364,Will OpenAI’s market cap be between $750B and $1T at market close on IPO day?,173260.62284600025,7118.00593,2026-06-30T00:00:00Z
2026-07-14 03:00:09+00:00,0.0335,608364,Will OpenAI’s market cap be between $750B and $1T at market close on IPO day?,173260.62284600025,7118.00593,2026-06-30T00:00:00Z
2026-07-14 04:00:06+00:00,0.0335,608364,Will OpenAI’s market cap be between $750B and $1T at market close on IPO day?,173260.62284600025,7118.00593,2026-06-30T00:00:00Z
2026-07-14 05:00:06+00:00,0.0335,608364,Will OpenAI’s market cap be between $750B and $1T at market close on IPO day?,173260.62284600025,7118.00593,2026-06-30T00:00:00Z
2026-07-14 06:00:09+00:00,0.0335,608364,Will OpenAI’s market cap be between $750B and $1T at market close on IPO day?,173260.62284600025,7118.00593,2026-06-30T00:00:00Z
2026-07-14 07:00:11+00:00,0.0335,608364,Will OpenAI’s market cap be between $750B and $1T at market close on IPO day?,173260.62284600025,7118.00593,2026-06-30T00:00:00Z
2026-07-14 08:00:05+00:00,0.0335,608364,Will OpenAI’s market cap be between $750B and $1T at market close on IPO day?,173260.62284600025,7118.00593,2026-06-30T00:00:00Z
2026-07-14 09:00:07+00:00,0.0335,608364,Will OpenAI’s market cap be between $750B and $1T at market close on IPO day?,173260.62284600025,7118.00593,2026-06-30T00:00:00Z
2026-07-14 10:00:08+00:00,0.0335,608364,Will OpenAI’s market cap be between $750B and $1T at market close on IPO day?,173260.62284600025,7118.00593,2026-06-30T00:00:00Z
2026-07-14 11:00:06+00:00,0.0335,608364,Will OpenAI’s market cap be between $750B and $1T at market close on IPO day?,173260.62284600025,7118.00593,2026-06-30T00:00:00Z
2026-07-14 12:00:14+00:00,0.0335,608364,Will OpenAI’s market cap be between $750B and $1T at market close on IPO day?,173260.62284600025,7118.00593,2026-06-30T00:00:00Z
2026-07-14 13:00:09+00:00,0.0335,608364,Will OpenAI’s market cap be between $750B and $1T at market close on IPO day?,173260.62284600025,7118.00593,2026-06-30T00:00:00Z
2026-07-14 14:00:13+00:00,0.0335,608364,Will OpenAI’s market cap be between $750B and $1T at market close on IPO day?,173260.62284600025,7118.00593,2026-06-30T00:00:00Z
2026-07-14 15:00:10+00:00,0.0335,608364,Will OpenAI’s market cap be between $750B and $1T at market close on IPO day?,173260.62284600025,7118.00593,2026-06-30T00:00:00Z
2026-07-14 16:00:13+00:00,0.0335,608364,Will OpenAI’s market cap be between $750B and $1T at market close on IPO day?,173260.62284600025,7118.00593,2026-06-30T00:00:00Z
2026-07-14 17:00:29+00:00,0.033,608364,Will OpenAI’s market cap be between $750B and $1T at market close on IPO day?,173260.62284600025,7118.00593,2026-06-30T00:00:00Z
2026-07-14 18:00:19+00:00,0.033,608364,Will OpenAI’s market cap be between $750B and $1T at market close on IPO day?,173260.62284600025,7118.00593,2026-06-30T00:00:00Z
2026-07-14 19:00:09+00:00,0.033,608364,Will OpenAI’s market cap be between $750B and $1T at market close on IPO day?,173260.62284600025,7118.00593,2026-06-30T00:00:00Z
2026-07-14 20:00:09+00:00,0.033,608364,Will OpenAI’s market cap be between $750B and $1T at market close on IPO day?,173260.62284600025,7118.00593,2026-06-30T00:00:00Z
2026-07-14 21:00:09+00:00,0.033,608364,Will OpenAI’s market cap be between $750B and $1T at market close on IPO day?,173260.62284600025,7118.00593,2026-06-30T00:00:00Z
2026-07-14 22:00:06+00:00,0.033,608364,Will OpenAI’s market cap be between $750B and $1T at market close on IPO day?,173260.62284600025,7118.00593,2026-06-30T00:00:00Z
2026-07-14 23:00:08+00:00,0.033,608364,Will OpenAI’s market cap be between $750B and $1T at market close on IPO day?,173260.62284600025,7118.00593,2026-06-30T00:00:00Z
2026-07-15 00:00:14+00:00,0.033,608364,Will OpenAI’s market cap be between $750B and $1T at market close on IPO day?,173260.62284600025,7118.00593,2026-06-30T00:00:00Z
2026-07-15 01:00:09+00:00,0.033,608364,Will OpenAI’s market cap be between $750B and $1T at market close on IPO day?,173260.62284600025,7118.00593,2026-06-30T00:00:00Z
2026-07-15 02:00:11+00:00,0.033,608364,Will OpenAI’s market cap be between $750B and $1T at market close on IPO day?,173260.62284600025,7118.00593,2026-06-30T00:00:00Z
2026-07-15 03:00:13+00:00,0.033,608364,Will OpenAI’s market cap be between $750B and $1T at market close on IPO day?,173260.62284600025,7118.00593,2026-06-30T00:00:00Z
2026-07-15 04:00:07+00:00,0.033,608364,Will OpenAI’s market cap be between $750B and $1T at market close on IPO day?,173260.62284600025,7118.00593,2026-06-30T00:00:00Z
2026-07-15 05:00:22+00:00,0.033,608364,Will OpenAI’s market cap be between $750B and $1T at market close on IPO day?,173260.62284600025,7118.00593,2026-06-30T00:00:00Z
2026-07-15 06:00:12+00:00,0.033,608364,Will OpenAI’s market cap be between $750B and $1T at market close on IPO day?,173260.62284600025,7118.00593,2026-06-30T00:00:00Z
2026-07-15 07:00:23+00:00,0.033,608364,Will OpenAI’s market cap be between $750B and $1T at market close on IPO day?,173260.62284600025,7118.00593,2026-06-30T00:00:00Z
2026-07-15 08:00:23+00:00,0.033,608364,Will OpenAI’s market cap be between $750B and $1T at market close on IPO day?,173260.62284600025,7118.00593,2026-06-30T00:00:00Z
2026-07-15 09:00:10+00:00,0.033,608364,Will OpenAI’s market cap be between $750B and $1T at market close on IPO day?,173260.62284600025,7118.00593,2026-06-30T00:00:00Z
2026-07-15 10:00:06+00:00,0.033,608364,Will OpenAI’s market cap be between $750B and $1T at market close on IPO day?,173260.62284600025,7118.00593,2026-06-30T00:00:00Z
2026-07-15 11:00:10+00:00,0.033,608364,Will OpenAI’s market cap be between $750B and $1T at market close on IPO day?,173260.62284600025,7118.00593,2026-06-30T00:00:00Z
2026-07-15 12:00:27+00:00,0.033,608364,Will OpenAI’s market cap be between $750B and $1T at market close on IPO day?,173260.62284600025,7118.00593,2026-06-30T00:00:00Z
2026-07-15 13:00:08+00:00,0.033,608364,Will OpenAI’s market cap be between $750B and $1T at market close on IPO day?,173260.62284600025,7118.00593,2026-06-30T00:00:00Z
2026-07-15 14:00:08+00:00,0.033,608364,Will OpenAI’s market cap be between $750B and $1T at market close on IPO day?,173260.62284600025,7118.00593,2026-06-30T00:00:00Z
2026-07-15 15:00:13+00:00,0.033,608364,Will OpenAI’s market cap be between $750B and $1T at market close on IPO day?,173260.62284600025,7118.00593,2026-06-30T00:00:00Z
2026-07-15 16:00:07+00:00,0.033,608364,Will OpenAI’s market cap be between $750B and $1T at market close on IPO day?,173260.62284600025,7118.00593,2026-06-30T00:00:00Z
2026-07-15 17:00:11+00:00,0.033,608364,Will OpenAI’s market cap be between $750B and $1T at market close on IPO day?,173260.62284600025,7118.00593,2026-06-30T00:00:00Z
2026-07-15 18:00:15+00:00,0.033,608364,Will OpenAI’s market cap be between $750B and $1T at market close on IPO day?,173260.62284600025,7118.00593,2026-06-30T00:00:00Z
2026-07-15 19:00:10+00:00,0.033,608364,Will OpenAI’s market cap be between $750B and $1T at market close on IPO day?,173260.62284600025,7118.00593,2026-06-30T00:00:00Z
2026-07-15 20:00:09+00:00,0.033,608364,Will OpenAI’s market cap be between $750B and $1T at market close on IPO day?,173260.62284600025,7118.00593,2026-06-30T00:00:00Z
2026-07-15 21:00:10+00:00,0.033,608364,Will OpenAI’s market cap be between $750B and $1T at market close on IPO day?,173260.62284600025,7118.00593,2026-06-30T00:00:00Z
2026-07-15 22:00:07+00:00,0.033,608364,Will OpenAI’s market cap be between $750B and $1T at market close on IPO day?,173260.62284600025,7118.00593,2026-06-30T00:00:00Z
2026-07-15 23:00:07+00:00,0.033,608364,Will OpenAI’s market cap be between $750B and $1T at market close on IPO day?,173260.62284600025,7118.00593,2026-06-30T00:00:00Z
2026-07-16 00:00:14+00:00,0.033,608364,Will OpenAI’s market cap be between $750B and $1T at market close on IPO day?,173260.62284600025,7118.00593,2026-06-30T00:00:00Z
2026-07-16 01:00:06+00:00,0.033,608364,Will OpenAI’s market cap be between $750B and $1T at market close on IPO day?,173260.62284600025,7118.00593,2026-06-30T00:00:00Z
2026-07-16 02:00:05+00:00,0.033,608364,Will OpenAI’s market cap be between $750B and $1T at market close on IPO day?,173260.62284600025,7118.00593,2026-06-30T00:00:00Z
2026-07-16 03:00:12+00:00,0.033,608364,Will OpenAI’s market cap be between $750B and $1T at market close on IPO day?,173260.62284600025,7118.00593,2026-06-30T00:00:00Z
2026-07-16 04:00:07+00:00,0.033,608364,Will OpenAI’s market cap be between $750B and $1T at market close on IPO day?,173260.62284600025,7118.00593,2026-06-30T00:00:00Z
2026-07-16 05:00:07+00:00,0.033,608364,Will OpenAI’s market cap be between $750B and $1T at market close on IPO day?,173260.62284600025,7118.00593,2026-06-30T00:00:00Z
2026-07-16 06:00:23+00:00,0.033,608364,Will OpenAI’s market cap be between $750B and $1T at market close on IPO day?,173260.62284600025,7118.00593,2026-06-30T00:00:00Z
2026-07-16 07:00:10+00:00,0.033,608364,Will OpenAI’s market cap be between $750B and $1T at market close on IPO day?,173260.62284600025,7118.00593,2026-06-30T00:00:00Z
2026-07-16 08:00:05+00:00,0.0295,608364,Will OpenAI’s market cap be between $750B and $1T at market close on IPO day?,173260.62284600025,7118.00593,2026-06-30T00:00:00Z
2026-07-16 09:00:12+00:00,0.0405,608364,Will OpenAI’s market cap be between $750B and $1T at market close on IPO day?,173260.62284600025,7118.00593,2026-06-30T00:00:00Z
2026-07-16 10:00:09+00:00,0.0365,608364,Will OpenAI’s market cap be between $750B and $1T at market close on IPO day?,173260.62284600025,7118.00593,2026-06-30T00:00:00Z
2026-07-16 11:00:08+00:00,0.035,608364,Will OpenAI’s market cap be between $750B and $1T at market close on IPO day?,173260.62284600025,7118.00593,2026-06-30T00:00:00Z
2026-07-16 12:00:11+00:00,0.0335,608364,Will OpenAI’s market cap be between $750B and $1T at market close on IPO day?,173260.62284600025,7118.00593,2026-06-30T00:00:00Z
2026-07-16 13:00:09+00:00,0.033,608364,Will OpenAI’s market cap be between $750B and $1T at market close on IPO day?,173260.62284600025,7118.00593,2026-06-30T00:00:00Z
2026-07-16 14:00:07+00:00,0.044,608364,Will OpenAI’s market cap be between $750B and $1T at market close on IPO day?,173260.62284600025,7118.00593,2026-06-30T00:00:00Z
2026-07-16 15:00:13+00:00,0.0405,608364,Will OpenAI’s market cap be between $750B and $1T at market close on IPO day?,173260.62284600025,7118.00593,2026-06-30T00:00:00Z
2026-07-16 16:00:07+00:00,0.0375,608364,Will OpenAI’s market cap be between $750B and $1T at market close on IPO day?,173260.62284600025,7118.00593,2026-06-30T00:00:00Z
2026-07-16 17:00:08+00:00,0.043,608364,Will OpenAI’s market cap be between $750B and $1T at market close on IPO day?,173260.62284600025,7118.00593,2026-06-30T00:00:00Z
2026-07-16 18:00:24+00:00,0.041,608364,Will OpenAI’s market cap be between $750B and $1T at market close on IPO day?,173260.62284600025,7118.00593,2026-06-30T00:00:00Z
2026-07-16 19:00:08+00:00,0.039,608364,Will OpenAI’s market cap be between $750B and $1T at market close on IPO day?,173260.62284600025,7118.00593,2026-06-30T00:00:00Z
2026-07-16 20:00:09+00:00,0.0455,608364,Will OpenAI’s market cap be between $750B and $1T at market close on IPO day?,173260.62284600025,7118.00593,2026-06-30T00:00:00Z
2026-07-16 21:00:11+00:00,0.041,608364,Will OpenAI’s market cap be between $750B and $1T at market close on IPO day?,173260.62284600025,7118.00593,2026-06-30T00:00:00Z
2026-07-16 22:00:08+00:00,0.047,608364,Will OpenAI’s market cap be between $750B and $1T at market close on IPO day?,173260.62284600025,7118.00593,2026-06-30T00:00:00Z
2026-07-16 23:00:10+00:00,0.0475,608364,Will OpenAI’s market cap be between $750B and $1T at market close on IPO day?,173260.62284600025,7118.00593,2026-06-30T00:00:00Z
2026-07-17 00:00:15+00:00,0.0475,608364,Will OpenAI’s market cap be between $750B and $1T at market close on IPO day?,173260.62284600025,7118.00593,2026-06-30T00:00:00Z
2026-07-17 01:00:07+00:00,0.0405,608364,Will OpenAI’s market cap be between $750B and $1T at market close on IPO day?,173260.62284600025,7118.00593,2026-06-30T00:00:00Z
2026-07-17 02:00:09+00:00,0.0385,608364,Will OpenAI’s market cap be between $750B and $1T at market close on IPO day?,173260.62284600025,7118.00593,2026-06-30T00:00:00Z
2026-07-17 03:00:12+00:00,0.0355,608364,Will OpenAI’s market cap be between $750B and $1T at market close on IPO day?,173260.62284600025,7118.00593,2026-06-30T00:00:00Z
2026-07-17 04:00:11+00:00,0.034,608364,Will OpenAI’s market cap be between $750B and $1T at market close on IPO day?,173260.62284600025,7118.00593,2026-06-30T00:00:00Z
2026-07-17 05:00:11+00:00,0.033,608364,Will OpenAI’s market cap be between $750B and $1T at market close on IPO day?,173260.62284600025,7118.00593,2026-06-30T00:00:00Z
2026-07-17 06:00:15+00:00,0.033,608364,Will OpenAI’s market cap be between $750B and $1T at market close on IPO day?,173260.62284600025,7118.00593,2026-06-30T00:00:00Z
2026-07-17 07:00:05+00:00,0.033,608364,Will OpenAI’s market cap be between $750B and $1T at market close on IPO day?,173260.62284600025,7118.00593,2026-06-30T00:00:00Z
2026-07-17 08:00:06+00:00,0.033,608364,Will OpenAI’s market cap be between $750B and $1T at market close on IPO day?,173260.62284600025,7118.00593,2026-06-30T00:00:00Z
2026-07-17 09:00:10+00:00,0.033,608364,Will OpenAI’s market cap be between $750B and $1T at market close on IPO day?,173260.62284600025,7118.00593,2026-06-30T00:00:00Z
2026-07-17 10:00:13+00:00,0.033,608364,Will OpenAI’s market cap be between $750B and $1T at market close on IPO day?,173260.62284600025,7118.00593,2026-06-30T00:00:00Z
2026-07-17 11:00:08+00:00,0.033,608364,Will OpenAI’s market cap be between $750B and $1T at market close on IPO day?,173260.62284600025,7118.00593,2026-06-30T00:00:00Z
2026-07-17 12:00:15+00:00,0.033,608364,Will OpenAI’s market cap be between $750B and $1T at market close on IPO day?,173260.62284600025,7118.00593,2026-06-30T00:00:00Z
2026-07-17 13:00:07+00:00,0.0385,608364,Will OpenAI’s market cap be between $750B and $1T at market close on IPO day?,173260.62284600025,7118.00593,2026-06-30T00:00:00Z
2026-07-17 14:00:09+00:00,0.0435,608364,Will OpenAI’s market cap be between $750B and $1T at market close on IPO day?,173260.62284600025,7118.00593,2026-06-30T00:00:00Z
2026-07-17 15:00:11+00:00,0.043,608364,Will OpenAI’s market cap be between $750B and $1T at market close on IPO day?,173260.62284600025,7118.00593,2026-06-30T00:00:00Z
2026-07-17 16:00:24+00:00,0.043,608364,Will OpenAI’s market cap be between $750B and $1T at market close on IPO day?,173260.62284600025,7118.00593,2026-06-30T00:00:00Z
2026-07-17 17:00:14+00:00,0.043,608364,Will OpenAI’s market cap be between $750B and $1T at market close on IPO day?,173260.62284600025,7118.00593,2026-06-30T00:00:00Z
2026-07-17 18:00:28+00:00,0.0435,608364,Will OpenAI’s market cap be between $750B and $1T at market close on IPO day?,173260.62284600025,7118.00593,2026-06-30T00:00:00Z
2026-07-17 19:00:08+00:00,0.0435,608364,Will OpenAI’s market cap be between $750B and $1T at market close on IPO day?,173260.62284600025,7118.00593,2026-06-30T00:00:00Z
2026-07-17 20:00:09+00:00,0.0435,608364,Will OpenAI’s market cap be between $750B and $1T at market close on IPO day?,173260.62284600025,7118.00593,2026-06-30T00:00:00Z
2026-07-17 21:00:09+00:00,0.0435,608364,Will OpenAI’s market cap be between $750B and $1T at market close on IPO day?,173260.62284600025,7118.00593,2026-06-30T00:00:00Z
2026-07-17 22:00:10+00:00,0.0435,608364,Will OpenAI’s market cap be between $750B and $1T at market close on IPO day?,173260.62284600025,7118.00593,2026-06-30T00:00:00Z
2026-07-17 23:00:10+00:00,0.0435,608364,Will OpenAI’s market cap be between $750B and $1T at market close on IPO day?,173260.62284600025,7118.00593,2026-06-30T00:00:00Z
2026-07-18 00:00:11+00:00,0.0435,608364,Will OpenAI’s market cap be between $750B and $1T at market close on IPO day?,173260.62284600025,7118.00593,2026-06-30T00:00:00Z
2026-07-18 01:00:07+00:00,0.0435,608364,Will OpenAI’s market cap be between $750B and $1T at market close on IPO day?,173260.62284600025,7118.00593,2026-06-30T00:00:00Z
2026-07-18 02:00:07+00:00,0.043,608364,Will OpenAI’s market cap be between $750B and $1T at market close on IPO day?,173260.62284600025,7118.00593,2026-06-30T00:00:00Z
2026-07-18 03:00:11+00:00,0.042,608364,Will OpenAI’s market cap be between $750B and $1T at market close on IPO day?,173260.62284600025,7118.00593,2026-06-30T00:00:00Z
2026-07-18 04:00:07+00:00,0.039,608364,Will OpenAI’s market cap be between $750B and $1T at market close on IPO day?,173260.62284600025,7118.00593,2026-06-30T00:00:00Z
2026-07-18 05:00:08+00:00,0.044,608364,Will OpenAI’s market cap be between $750B and $1T at market close on IPO day?,173260.62284600025,7118.00593,2026-06-30T00:00:00Z
2026-07-18 06:00:11+00:00,0.0395,608364,Will OpenAI’s market cap be between $750B and $1T at market close on IPO day?,173260.62284600025,7118.00593,2026-06-30T00:00:00Z
2026-07-18 07:00:11+00:00,0.036,608364,Will OpenAI’s market cap be between $750B and $1T at market close on IPO day?,173260.62284600025,7118.00593,2026-06-30T00:00:00Z
2026-07-18 08:00:07+00:00,0.0355,608364,Will OpenAI’s market cap be between $750B and $1T at market close on IPO day?,173260.62284600025,7118.00593,2026-06-30T00:00:00Z
2026-07-18 09:00:14+00:00,0.0355,608364,Will OpenAI’s market cap be between $750B and $1T at market close on IPO day?,173260.62284600025,7118.00593,2026-06-30T00:00:00Z
2026-07-18 10:00:07+00:00,0.0355,608364,Will OpenAI’s market cap be between $750B and $1T at market close on IPO day?,173260.62284600025,7118.00593,2026-06-30T00:00:00Z
2026-07-18 11:00:10+00:00,0.0355,608364,Will OpenAI’s market cap be between $750B and $1T at market close on IPO day?,173260.62284600025,7118.00593,2026-06-30T00:00:00Z
2026-07-18 12:00:25+00:00,0.0355,608364,Will OpenAI’s market cap be between $750B and $1T at market close on IPO day?,173260.62284600025,7118.00593,2026-06-30T00:00:00Z
2026-07-18 13:00:09+00:00,0.0355,608364,Will OpenAI’s market cap be between $750B and $1T at market close on IPO day?,173260.62284600025,7118.00593,2026-06-30T00:00:00Z
2026-07-18 14:00:09+00:00,0.0355,608364,Will OpenAI’s market cap be between $750B and $1T at market close on IPO day?,173260.62284600025,7118.00593,2026-06-30T00:00:00Z
2026-07-18 15:00:18+00:00,0.0355,608364,Will OpenAI’s market cap be between $750B and $1T at market close on IPO day?,173260.62284600025,7118.00593,2026-06-30T00:00:00Z
2026-07-18 16:00:09+00:00,0.0355,608364,Will OpenAI’s market cap be between $750B and $1T at market close on IPO day?,173260.62284600025,7118.00593,2026-06-30T00:00:00Z
2026-07-18 17:00:16+00:00,0.0355,608364,Will OpenAI’s market cap be between $750B and $1T at market close on IPO day?,173260.62284600025,7118.00593,2026-06-30T00:00:00Z
2026-07-18 18:00:13+00:00,0.0355,608364,Will OpenAI’s market cap be between $750B and $1T at market close on IPO day?,173260.62284600025,7118.00593,2026-06-30T00:00:00Z
2026-07-18 19:00:07+00:00,0.036,608364,Will OpenAI’s market cap be between $750B and $1T at market close on IPO day?,173260.62284600025,7118.00593,2026-06-30T00:00:00Z
2026-07-18 20:00:14+00:00,0.036,608364,Will OpenAI’s market cap be between $750B and $1T at market close on IPO day?,173260.62284600025,7118.00593,2026-06-30T00:00:00Z
2026-07-18 21:00:15+00:00,0.036,608364,Will OpenAI’s market cap be between $750B and $1T at market close on IPO day?,173260.62284600025,7118.00593,2026-06-30T00:00:00Z
2026-07-18 22:00:10+00:00,0.036,608364,Will OpenAI’s market cap be between $750B and $1T at market close on IPO day?,173260.62284600025,7118.00593,2026-06-30T00:00:00Z
2026-07-18 23:00:12+00:00,0.036,608364,Will OpenAI’s market cap be between $750B and $1T at market close on IPO day?,173260.62284600025,7118.00593,2026-06-30T00:00:00Z
2026-07-19 00:00:15+00:00,0.036,608364,Will OpenAI’s market cap be between $750B and $1T at market close on IPO day?,173260.62284600025,7118.00593,2026-06-30T00:00:00Z
2026-07-19 01:00:09+00:00,0.036,608364,Will OpenAI’s market cap be between $750B and $1T at market close on IPO day?,173260.62284600025,7118.00593,2026-06-30T00:00:00Z
2026-07-19 02:00:08+00:00,0.036,608364,Will OpenAI’s market cap be between $750B and $1T at market close on IPO day?,173260.62284600025,7118.00593,2026-06-30T00:00:00Z
2026-07-19 03:00:13+00:00,0.036,608364,Will OpenAI’s market cap be between $750B and $1T at market close on IPO day?,173260.62284600025,7118.00593,2026-06-30T00:00:00Z
2026-07-19 04:00:10+00:00,0.036,608364,Will OpenAI’s market cap be between $750B and $1T at market close on IPO day?,173260.62284600025,7118.00593,2026-06-30T00:00:00Z
2026-07-19 05:00:10+00:00,0.036,608364,Will OpenAI’s market cap be between $750B and $1T at market close on IPO day?,173260.62284600025,7118.00593,2026-06-30T00:00:00Z
2026-07-19 06:00:17+00:00,0.036,608364,Will OpenAI’s market cap be between $750B and $1T at market close on IPO day?,173260.62284600025,7118.00593,2026-06-30T00:00:00Z
2026-07-19 07:00:11+00:00,0.0355,608364,Will OpenAI’s market cap be between $750B and $1T at market close on IPO day?,173260.62284600025,7118.00593,2026-06-30T00:00:00Z
2026-07-19 08:00:10+00:00,0.0355,608364,Will OpenAI’s market cap be between $750B and $1T at market close on IPO day?,173260.62284600025,7118.00593,2026-06-30T00:00:00Z
2026-07-19 09:00:15+00:00,0.0355,608364,Will OpenAI’s market cap be between $750B and $1T at market close on IPO day?,173260.62284600025,7118.00593,2026-06-30T00:00:00Z
2026-07-19 10:00:09+00:00,0.0355,608364,Will OpenAI’s market cap be between $750B and $1T at market close on IPO day?,173260.62284600025,7118.00593,2026-06-30T00:00:00Z
2026-07-19 11:00:10+00:00,0.0355,608364,Will OpenAI’s market cap be between $750B and $1T at market close on IPO day?,173260.62284600025,7118.00593,2026-06-30T00:00:00Z
2026-07-19 12:00:12+00:00,0.0355,608364,Will OpenAI’s market cap be between $750B and $1T at market close on IPO day?,173260.62284600025,7118.00593,2026-06-30T00:00:00Z
2026-07-19 13:00:10+00:00,0.0355,608364,Will OpenAI’s market cap be between $750B and $1T at market close on IPO day?,173260.62284600025,7118.00593,2026-06-30T00:00:00Z
2026-07-19 14:00:12+00:00,0.0355,608364,Will OpenAI’s market cap be between $750B and $1T at market close on IPO day?,173260.62284600025,7118.00593,2026-06-30T00:00:00Z
2026-07-19 15:00:11+00:00,0.0355,608364,Will OpenAI’s market cap be between $750B and $1T at market close on IPO day?,173260.62284600025,7118.00593,2026-06-30T00:00:00Z
2026-07-19 16:00:30+00:00,0.0355,608364,Will OpenAI’s market cap be between $750B and $1T at market close on IPO day?,173260.62284600025,7118.00593,2026-06-30T00:00:00Z
2026-07-19 17:00:17+00:00,0.0355,608364,Will OpenAI’s market cap be between $750B and $1T at market close on IPO day?,173260.62284600025,7118.00593,2026-06-30T00:00:00Z
2026-07-19 18:00:12+00:00,0.0355,608364,Will OpenAI’s market cap be between $750B and $1T at market close on IPO day?,173260.62284600025,7118.00593,2026-06-30T00:00:00Z
2026-07-19 19:00:11+00:00,0.0355,608364,Will OpenAI’s market cap be between $750B and $1T at market close on IPO day?,173260.62284600025,7118.00593,2026-06-30T00:00:00Z
2026-07-19 20:00:13+00:00,0.0355,608364,Will OpenAI’s market cap be between $750B and $1T at market close on IPO day?,173260.62284600025,7118.00593,2026-06-30T00:00:00Z
2026-07-19 21:00:26+00:00,0.0355,608364,Will OpenAI’s market cap be between $750B and $1T at market close on IPO day?,173260.62284600025,7118.00593,2026-06-30T00:00:00Z
2026-07-19 22:00:11+00:00,0.0355,608364,Will OpenAI’s market cap be between $750B and $1T at market close on IPO day?,173260.62284600025,7118.00593,2026-06-30T00:00:00Z
2026-07-19 23:00:09+00:00,0.0355,608364,Will OpenAI’s market cap be between $750B and $1T at market close on IPO day?,173260.62284600025,7118.00593,2026-06-30T00:00:00Z
2026-07-20 00:00:26+00:00,0.0355,608364,Will OpenAI’s market cap be between $750B and $1T at market close on IPO day?,173260.62284600025,7118.00593,2026-06-30T00:00:00Z
2026-07-20 01:00:09+00:00,0.0355,608364,Will OpenAI’s market cap be between $750B and $1T at market close on IPO day?,173260.62284600025,7118.00593,2026-06-30T00:00:00Z
2026-07-20 02:00:08+00:00,0.0355,608364,Will OpenAI’s market cap be between $750B and $1T at market close on IPO day?,173260.62284600025,7118.00593,2026-06-30T00:00:00Z
2026-07-20 03:00:11+00:00,0.0355,608364,Will OpenAI’s market cap be between $750B and $1T at market close on IPO day?,173260.62284600025,7118.00593,2026-06-30T00:00:00Z
2026-07-20 04:00:08+00:00,0.0355,608364,Will OpenAI’s market cap be between $750B and $1T at market close on IPO day?,173260.62284600025,7118.00593,2026-06-30T00:00:00Z
2026-07-20 05:00:22+00:00,0.0355,608364,Will OpenAI’s market cap be between $750B and $1T at market close on IPO day?,173260.62284600025,7118.00593,2026-06-30T00:00:00Z
2026-07-20 06:00:15+00:00,0.0355,608364,Will OpenAI’s market cap be between $750B and $1T at market close on IPO day?,173260.62284600025,7118.00593,2026-06-30T00:00:00Z
2026-07-20 07:00:10+00:00,0.0385,608364,Will OpenAI’s market cap be between $750B and $1T at market close on IPO day?,173260.62284600025,7118.00593,2026-06-30T00:00:00Z
2026-07-20 08:00:06+00:00,0.0385,608364,Will OpenAI’s market cap be between $750B and $1T at market close on IPO day?,173260.62284600025,7118.00593,2026-06-30T00:00:00Z
2026-07-20 09:00:14+00:00,0.0385,608364,Will OpenAI’s market cap be between $750B and $1T at market close on IPO day?,173260.62284600025,7118.00593,2026-06-30T00:00:00Z
2026-07-20 10:00:06+00:00,0.0385,608364,Will OpenAI’s market cap be between $750B and $1T at market close on IPO day?,173260.62284600025,7118.00593,2026-06-30T00:00:00Z
2026-07-20 11:00:09+00:00,0.0385,608364,Will OpenAI’s market cap be between $750B and $1T at market close on IPO day?,173260.62284600025,7118.00593,2026-06-30T00:00:00Z
2026-07-20 12:00:11+00:00,0.0385,608364,Will OpenAI’s market cap be between $750B and $1T at market close on IPO day?,173260.62284600025,7118.00593,2026-06-30T00:00:00Z
2026-07-20 13:00:10+00:00,0.0385,608364,Will OpenAI’s market cap be between $750B and $1T at market close on IPO day?,173260.62284600025,7118.00593,2026-06-30T00:00:00Z
2026-07-20 14:00:07+00:00,0.0385,608364,Will OpenAI’s market cap be between $750B and $1T at market close on IPO day?,173260.62284600025,7118.00593,2026-06-30T00:00:00Z
2026-07-20 15:00:17+00:00,0.0385,608364,Will OpenAI’s market cap be between $750B and $1T at market close on IPO day?,173260.62284600025,7118.00593,2026-06-30T00:00:00Z
2026-07-20 16:00:11+00:00,0.0385,608364,Will OpenAI’s market cap be between $750B and $1T at market close on IPO day?,173260.62284600025,7118.00593,2026-06-30T00:00:00Z
2026-07-20 17:00:22+00:00,0.0385,608364,Will OpenAI’s market cap be between $750B and $1T at market close on IPO day?,173260.62284600025,7118.00593,2026-06-30T00:00:00Z
2026-07-20 18:00:14+00:00,0.0385,608364,Will OpenAI’s market cap be between $750B and $1T at market close on IPO day?,173260.62284600025,7118.00593,2026-06-30T00:00:00Z
2026-07-20 19:00:09+00:00,0.0385,608364,Will OpenAI’s market cap be between $750B and $1T at market close on IPO day?,173260.62284600025,7118.00593,2026-06-30T00:00:00Z
2026-07-20 20:00:25+00:00,0.0385,608364,Will OpenAI’s market cap be between $750B and $1T at market close on IPO day?,173260.62284600025,7118.00593,2026-06-30T00:00:00Z
2026-07-20 21:00:14+00:00,0.0385,608364,Will OpenAI’s market cap be between $750B and $1T at market close on IPO day?,173260.62284600025,7118.00593,2026-06-30T00:00:00Z
2026-07-20 22:00:06+00:00,0.0385,608364,Will OpenAI’s market cap be between $750B and $1T at market close on IPO day?,173260.62284600025,7118.00593,2026-06-30T00:00:00Z
2026-07-20 23:00:06+00:00,0.0385,608364,Will OpenAI’s market cap be between $750B and $1T at market close on IPO day?,173260.62284600025,7118.00593,2026-06-30T00:00:00Z
2026-07-21 00:00:14+00:00,0.0385,608364,Will OpenAI’s market cap be between $750B and $1T at market close on IPO day?,173260.62284600025,7118.00593,2026-06-30T00:00:00Z
2026-07-21 01:00:13+00:00,0.0385,608364,Will OpenAI’s market cap be between $750B and $1T at market close on IPO day?,173260.62284600025,7118.00593,2026-06-30T00:00:00Z
2026-07-21 02:00:13+00:00,0.0385,608364,Will OpenAI’s market cap be between $750B and $1T at market close on IPO day?,173260.62284600025,7118.00593,2026-06-30T00:00:00Z
2026-07-21 03:00:14+00:00,0.0385,608364,Will OpenAI’s market cap be between $750B and $1T at market close on IPO day?,173260.62284600025,7118.00593,2026-06-30T00:00:00Z
2026-07-21 04:00:22+00:00,0.0385,608364,Will OpenAI’s market cap be between $750B and $1T at market close on IPO day?,173260.62284600025,7118.00593,2026-06-30T00:00:00Z
2026-07-21 05:00:09+00:00,0.0385,608364,Will OpenAI’s market cap be between $750B and $1T at market close on IPO day?,173260.62284600025,7118.00593,2026-06-30T00:00:00Z
2026-07-21 06:00:15+00:00,0.0385,608364,Will OpenAI’s market cap be between $750B and $1T at market close on IPO day?,173260.62284600025,7118.00593,2026-06-30T00:00:00Z
2026-07-21 07:00:16+00:00,0.0385,608364,Will OpenAI’s market cap be between $750B and $1T at market close on IPO day?,173260.62284600025,7118.00593,2026-06-30T00:00:00Z
2026-07-21 08:00:10+00:00,0.0385,608364,Will OpenAI’s market cap be between $750B and $1T at market close on IPO day?,173260.62284600025,7118.00593,2026-06-30T00:00:00Z
2026-07-21 09:00:14+00:00,0.0385,608364,Will OpenAI’s market cap be between $750B and $1T at market close on IPO day?,173260.62284600025,7118.00593,2026-06-30T00:00:00Z
2026-07-21 10:00:10+00:00,0.0385,608364,Will OpenAI’s market cap be between $750B and $1T at market close on IPO day?,173260.62284600025,7118.00593,2026-06-30T00:00:00Z
2026-07-21 11:00:10+00:00,0.0385,608364,Will OpenAI’s market cap be between $750B and $1T at market close on IPO day?,173260.62284600025,7118.00593,2026-06-30T00:00:00Z
2026-07-21 12:00:19+00:00,0.0385,608364,Will OpenAI’s market cap be between $750B and $1T at market close on IPO day?,173260.62284600025,7118.00593,2026-06-30T00:00:00Z
2026-07-21 13:00:11+00:00,0.0385,608364,Will OpenAI’s market cap be between $750B and $1T at market close on IPO day?,173260.62284600025,7118.00593,2026-06-30T00:00:00Z
2026-07-21 14:00:10+00:00,0.0385,608364,Will OpenAI’s market cap be between $750B and $1T at market close on IPO day?,173260.62284600025,7118.00593,2026-06-30T00:00:00Z
2026-07-21 15:00:31+00:00,0.0385,608364,Will OpenAI’s market cap be between $750B and $1T at market close on IPO day?,173260.62284600025,7118.00593,2026-06-30T00:00:00Z
2026-07-21 16:00:14+00:00,0.0385,608364,Will OpenAI’s market cap be between $750B and $1T at market close on IPO day?,173260.62284600025,7118.00593,2026-06-30T00:00:00Z
2026-07-21 17:00:10+00:00,0.0385,608364,Will OpenAI’s market cap be between $750B and $1T at market close on IPO day?,173260.62284600025,7118.00593,2026-06-30T00:00:00Z
2026-07-21 18:00:30+00:00,0.0385,608364,Will OpenAI’s market cap be between $750B and $1T at market close on IPO day?,173260.62284600025,7118.00593,2026-06-30T00:00:00Z
2026-07-21 19:00:06+00:00,0.0385,608364,Will OpenAI’s market cap be between $750B and $1T at market close on IPO day?,173260.62284600025,7118.00593,2026-06-30T00:00:00Z
2026-07-21 20:00:07+00:00,0.0385,608364,Will OpenAI’s market cap be between $750B and $1T at market close on IPO day?,173260.62284600025,7118.00593,2026-06-30T00:00:00Z
2026-07-21 21:00:28+00:00,0.0385,608364,Will OpenAI’s market cap be between $750B and $1T at market close on IPO day?,173260.62284600025,7118.00593,2026-06-30T00:00:00Z
2026-07-21 22:00:09+00:00,0.0385,608364,Will OpenAI’s market cap be between $750B and $1T at market close on IPO day?,173260.62284600025,7118.00593,2026-06-30T00:00:00Z
2026-07-21 23:00:21+00:00,0.0385,608364,Will OpenAI’s market cap be between $750B and $1T at market close on IPO day?,173260.62284600025,7118.00593,2026-06-30T00:00:00Z
2026-07-22 00:00:11+00:00,0.0385,608364,Will OpenAI’s market cap be between $750B and $1T at market close on IPO day?,173260.62284600025,7118.00593,2026-06-30T00:00:00Z
2026-07-22 01:00:07+00:00,0.0385,608364,Will OpenAI’s market cap be between $750B and $1T at market close on IPO day?,173260.62284600025,7118.00593,2026-06-30T00:00:00Z
2026-07-22 02:00:07+00:00,0.0385,608364,Will OpenAI’s market cap be between $750B and $1T at market close on IPO day?,173260.62284600025,7118.00593,2026-06-30T00:00:00Z
2026-07-22 03:00:11+00:00,0.0385,608364,Will OpenAI’s market cap be between $750B and $1T at market close on IPO day?,173260.62284600025,7118.00593,2026-06-30T00:00:00Z
2026-07-22 04:00:10+00:00,0.0385,608364,Will OpenAI’s market cap be between $750B and $1T at market close on IPO day?,173260.62284600025,7118.00593,2026-06-30T00:00:00Z
2026-07-22 05:00:07+00:00,0.0385,608364,Will OpenAI’s market cap be between $750B and $1T at market close on IPO day?,173260.62284600025,7118.00593,2026-06-30T00:00:00Z
2026-07-22 06:00:26+00:00,0.0385,608364,Will OpenAI’s market cap be between $750B and $1T at market close on IPO day?,173260.62284600025,7118.00593,2026-06-30T00:00:00Z
2026-07-22 07:00:10+00:00,0.0385,608364,Will OpenAI’s market cap be between $750B and $1T at market close on IPO day?,173260.62284600025,7118.00593,2026-06-30T00:00:00Z
2026-07-22 08:00:06+00:00,0.0385,608364,Will OpenAI’s market cap be between $750B and $1T at market close on IPO day?,173260.62284600025,7118.00593,2026-06-30T00:00:00Z
2026-07-22 09:00:14+00:00,0.0385,608364,Will OpenAI’s market cap be between $750B and $1T at market close on IPO day?,173260.62284600025,7118.00593,2026-06-30T00:00:00Z
2026-07-22 10:00:07+00:00,0.0385,608364,Will OpenAI’s market cap be between $750B and $1T at market close on IPO day?,173260.62284600025,7118.00593,2026-06-30T00:00:00Z
2026-07-22 11:00:07+00:00,0.0385,608364,Will OpenAI’s market cap be between $750B and $1T at market close on IPO day?,173260.62284600025,7118.00593,2026-06-30T00:00:00Z
2026-07-22 12:00:13+00:00,0.0385,608364,Will OpenAI’s market cap be between $750B and $1T at market close on IPO day?,173260.62284600025,7118.00593,2026-06-30T00:00:00Z
2026-07-22 13:00:07+00:00,0.0385,608364,Will OpenAI’s market cap be between $750B and $1T at market close on IPO day?,173260.62284600025,7118.00593,2026-06-30T00:00:00Z
2026-07-22 14:00:06+00:00,0.0385,608364,Will OpenAI’s market cap be between $750B and $1T at market close on IPO day?,173260.62284600025,7118.00593,2026-06-30T00:00:00Z
2026-07-22 15:00:12+00:00,0.0385,608364,Will OpenAI’s market cap be between $750B and $1T at market close on IPO day?,173260.62284600025,7118.00593,2026-06-30T00:00:00Z
2026-07-22 16:00:08+00:00,0.0385,608364,Will OpenAI’s market cap be between $750B and $1T at market close on IPO day?,173260.62284600025,7118.00593,2026-06-30T00:00:00Z
2026-07-22 17:00:20+00:00,0.0385,608364,Will OpenAI’s market cap be between $750B and $1T at market close on IPO day?,173260.62284600025,7118.00593,2026-06-30T00:00:00Z
2026-07-22 18:00:15+00:00,0.0385,608364,Will OpenAI’s market cap be between $750B and $1T at market close on IPO day?,173260.62284600025,7118.00593,2026-06-30T00:00:00Z
2026-07-22 19:00:07+00:00,0.0385,608364,Will OpenAI’s market cap be between $750B and $1T at market close on IPO day?,173260.62284600025,7118.00593,2026-06-30T00:00:00Z
2026-07-22 20:00:09+00:00,0.0385,608364,Will OpenAI’s market cap be between $750B and $1T at market close on IPO day?,173260.62284600025,7118.00593,2026-06-30T00:00:00Z
2026-07-22 21:00:13+00:00,0.0385,608364,Will OpenAI’s market cap be between $750B and $1T at market close on IPO day?,173260.62284600025,7118.00593,2026-06-30T00:00:00Z
2026-07-22 22:00:14+00:00,0.0385,608364,Will OpenAI’s market cap be between $750B and $1T at market close on IPO day?,173260.62284600025,7118.00593,2026-06-30T00:00:00Z
2026-07-22 23:00:09+00:00,0.0385,608364,Will OpenAI’s market cap be between $750B and $1T at market close on IPO day?,173260.62284600025,7118.00593,2026-06-30T00:00:00Z
2026-07-23 00:00:19+00:00,0.0385,608364,Will OpenAI’s market cap be between $750B and $1T at market close on IPO day?,173260.62284600025,7118.00593,2026-06-30T00:00:00Z
2026-07-23 01:00:21+00:00,0.0385,608364,Will OpenAI’s market cap be between $750B and $1T at market close on IPO day?,173260.62284600025,7118.00593,2026-06-30T00:00:00Z
2026-07-23 02:00:09+00:00,0.0385,608364,Will OpenAI’s market cap be between $750B and $1T at market close on IPO day?,173260.62284600025,7118.00593,2026-06-30T00:00:00Z
2026-07-23 03:00:14+00:00,0.0385,608364,Will OpenAI’s market cap be between $750B and $1T at market close on IPO day?,173260.62284600025,7118.00593,2026-06-30T00:00:00Z
2026-07-23 04:00:12+00:00,0.0385,608364,Will OpenAI’s market cap be between $750B and $1T at market close on IPO day?,173260.62284600025,7118.00593,2026-06-30T00:00:00Z
2026-07-23 05:00:24+00:00,0.0385,608364,Will OpenAI’s market cap be between $750B and $1T at market close on IPO day?,173260.62284600025,7118.00593,2026-06-30T00:00:00Z
2026-07-23 06:00:28+00:00,0.052,608364,Will OpenAI’s market cap be between $750B and $1T at market close on IPO day?,173260.62284600025,7118.00593,2026-06-30T00:00:00Z
2026-07-23 07:00:18+00:00,0.0525,608364,Will OpenAI’s market cap be between $750B and $1T at market close on IPO day?,173260.62284600025,7118.00593,2026-06-30T00:00:00Z
2026-07-23 08:00:09+00:00,0.0525,608364,Will OpenAI’s market cap be between $750B and $1T at market close on IPO day?,173260.62284600025,7118.00593,2026-06-30T00:00:00Z
2026-07-23 09:00:21+00:00,0.05,608364,Will OpenAI’s market cap be between $750B and $1T at market close on IPO day?,173260.62284600025,7118.00593,2026-06-30T00:00:00Z
2026-07-23 10:00:20+00:00,0.0525,608364,Will OpenAI’s market cap be between $750B and $1T at market close on IPO day?,173260.62284600025,7118.00593,2026-06-30T00:00:00Z
2026-07-23 11:00:11+00:00,0.0525,608364,Will OpenAI’s market cap be between $750B and $1T at market close on IPO day?,173260.62284600025,7118.00593,2026-06-30T00:00:00Z
2026-07-23 12:00:31+00:00,0.052,608364,Will OpenAI’s market cap be between $750B and $1T at market close on IPO day?,173260.62284600025,7118.00593,2026-06-30T00:00:00Z
2026-07-23 13:00:15+00:00,0.045,608364,Will OpenAI’s market cap be between $750B and $1T at market close on IPO day?,173260.62284600025,7118.00593,2026-06-30T00:00:00Z
2026-07-23 14:00:15+00:00,0.0445,608364,Will OpenAI’s market cap be between $750B and $1T at market close on IPO day?,173260.62284600025,7118.00593,2026-06-30T00:00:00Z
2026-07-23 15:00:29+00:00,0.044,608364,Will OpenAI’s market cap be between $750B and $1T at market close on IPO day?,173260.62284600025,7118.00593,2026-06-30T00:00:00Z
2026-07-23 16:00:14+00:00,0.045,608364,Will OpenAI’s market cap be between $750B and $1T at market close on IPO day?,173260.62284600025,7118.00593,2026-06-30T00:00:00Z
2026-07-23 17:00:29+00:00,0.0525,608364,Will OpenAI’s market cap be between $750B and $1T at market close on IPO day?,173260.62284600025,7118.00593,2026-06-30T00:00:00Z
2026-07-23 18:00:29+00:00,0.0505,608364,Will OpenAI’s market cap be between $750B and $1T at market close on IPO day?,173260.62284600025,7118.00593,2026-06-30T00:00:00Z
2026-07-23 19:00:20+00:00,0.0445,608364,Will OpenAI’s market cap be between $750B and $1T at market close on IPO day?,173260.62284600025,7118.00593,2026-06-30T00:00:00Z
2026-07-23 20:00:16+00:00,0.0525,608364,Will OpenAI’s market cap be between $750B and $1T at market close on IPO day?,173260.62284600025,7118.00593,2026-06-30T00:00:00Z
2026-07-23 21:00:23+00:00,0.0525,608364,Will OpenAI’s market cap be between $750B and $1T at market close on IPO day?,173260.62284600025,7118.00593,2026-06-30T00:00:00Z
2026-07-23 22:00:17+00:00,0.0525,608364,Will OpenAI’s market cap be between $750B and $1T at market close on IPO day?,173260.62284600025,7118.00593,2026-06-30T00:00:00Z
2026-07-23 23:00:16+00:00,0.0445,608364,Will OpenAI’s market cap be between $750B and $1T at market close on IPO day?,173260.62284600025,7118.00593,2026-06-30T00:00:00Z
2026-07-24 00:00:23+00:00,0.0445,608364,Will OpenAI’s market cap be between $750B and $1T at market close on IPO day?,173260.62284600025,7118.00593,2026-06-30T00:00:00Z
2026-07-24 01:00:10+00:00,0.0525,608364,Will OpenAI’s market cap be between $750B and $1T at market close on IPO day?,173260.62284600025,7118.00593,2026-06-30T00:00:00Z
2026-07-24 02:00:14+00:00,0.0445,608364,Will OpenAI’s market cap be between $750B and $1T at market close on IPO day?,173260.62284600025,7118.00593,2026-06-30T00:00:00Z
2026-07-24 03:00:24+00:00,0.0445,608364,Will OpenAI’s market cap be between $750B and $1T at market close on IPO day?,173260.62284600025,7118.00593,2026-06-30T00:00:00Z
2026-07-24 04:00:16+00:00,0.049,608364,Will OpenAI’s market cap be between $750B and $1T at market close on IPO day?,173260.62284600025,7118.00593,2026-06-30T00:00:00Z
2026-07-24 05:00:29+00:00,0.049,608364,Will OpenAI’s market cap be between $750B and $1T at market close on IPO day?,173260.62284600025,7118.00593,2026-06-30T00:00:00Z
2026-07-24 06:00:25+00:00,0.049,608364,Will OpenAI’s market cap be between $750B and $1T at market close on IPO day?,173260.62284600025,7118.00593,2026-06-30T00:00:00Z
2026-07-24 07:00:13+00:00,0.049,608364,Will OpenAI’s market cap be between $750B and $1T at market close on IPO day?,173260.62284600025,7118.00593,2026-06-30T00:00:00Z
2026-07-24 08:00:16+00:00,0.0525,608364,Will OpenAI’s market cap be between $750B and $1T at market close on IPO day?,173260.62284600025,7118.00593,2026-06-30T00:00:00Z
2026-07-24 09:00:24+00:00,0.0445,608364,Will OpenAI’s market cap be between $750B and $1T at market close on IPO day?,173260.62284600025,7118.00593,2026-06-30T00:00:00Z
2026-07-24 09:38:07+00:00,0.05,608364,Will OpenAI’s market cap be between $750B and $1T at market close on IPO day?,173260.62284600025,7118.00593,2026-06-30T00:00:00Z
2026-07-10 10:00:18+00:00,0.0615,608365,Will OpenAI’s market cap be between $1T and $1.25T at market close on IPO day?,214579.09407000034,6484.29218,2026-06-30T00:00:00Z
2026-07-10 11:00:06+00:00,0.0615,608365,Will OpenAI’s market cap be between $1T and $1.25T at market close on IPO day?,214579.09407000034,6484.29218,2026-06-30T00:00:00Z
2026-07-10 12:00:08+00:00,0.0615,608365,Will OpenAI’s market cap be between $1T and $1.25T at market close on IPO day?,214579.09407000034,6484.29218,2026-06-30T00:00:00Z
2026-07-10 13:00:06+00:00,0.0615,608365,Will OpenAI’s market cap be between $1T and $1.25T at market close on IPO day?,214579.09407000034,6484.29218,2026-06-30T00:00:00Z
2026-07-10 14:00:05+00:00,0.0615,608365,Will OpenAI’s market cap be between $1T and $1.25T at market close on IPO day?,214579.09407000034,6484.29218,2026-06-30T00:00:00Z
2026-07-10 15:00:08+00:00,0.0615,608365,Will OpenAI’s market cap be between $1T and $1.25T at market close on IPO day?,214579.09407000034,6484.29218,2026-06-30T00:00:00Z
2026-07-10 16:00:06+00:00,0.0615,608365,Will OpenAI’s market cap be between $1T and $1.25T at market close on IPO day?,214579.09407000034,6484.29218,2026-06-30T00:00:00Z
2026-07-10 17:00:05+00:00,0.0615,608365,Will OpenAI’s market cap be between $1T and $1.25T at market close on IPO day?,214579.09407000034,6484.29218,2026-06-30T00:00:00Z
2026-07-10 18:00:07+00:00,0.0615,608365,Will OpenAI’s market cap be between $1T and $1.25T at market close on IPO day?,214579.09407000034,6484.29218,2026-06-30T00:00:00Z
2026-07-10 19:00:06+00:00,0.0615,608365,Will OpenAI’s market cap be between $1T and $1.25T at market close on IPO day?,214579.09407000034,6484.29218,2026-06-30T00:00:00Z
2026-07-10 20:00:06+00:00,0.0615,608365,Will OpenAI’s market cap be between $1T and $1.25T at market close on IPO day?,214579.09407000034,6484.29218,2026-06-30T00:00:00Z
2026-07-10 21:00:07+00:00,0.0615,608365,Will OpenAI’s market cap be between $1T and $1.25T at market close on IPO day?,214579.09407000034,6484.29218,2026-06-30T00:00:00Z
2026-07-10 23:00:22+00:00,0.0615,608365,Will OpenAI’s market cap be between $1T and $1.25T at market close on IPO day?,214579.09407000034,6484.29218,2026-06-30T00:00:00Z
2026-07-11 00:00:09+00:00,0.0615,608365,Will OpenAI’s market cap be between $1T and $1.25T at market close on IPO day?,214579.09407000034,6484.29218,2026-06-30T00:00:00Z
2026-07-11 01:00:05+00:00,0.0615,608365,Will OpenAI’s market cap be between $1T and $1.25T at market close on IPO day?,214579.09407000034,6484.29218,2026-06-30T00:00:00Z
2026-07-11 02:00:06+00:00,0.0615,608365,Will OpenAI’s market cap be between $1T and $1.25T at market close on IPO day?,214579.09407000034,6484.29218,2026-06-30T00:00:00Z
2026-07-11 03:00:06+00:00,0.0615,608365,Will OpenAI’s market cap be between $1T and $1.25T at market close on IPO day?,214579.09407000034,6484.29218,2026-06-30T00:00:00Z
2026-07-11 04:00:08+00:00,0.0615,608365,Will OpenAI’s market cap be between $1T and $1.25T at market close on IPO day?,214579.09407000034,6484.29218,2026-06-30T00:00:00Z
2026-07-11 05:00:07+00:00,0.0615,608365,Will OpenAI’s market cap be between $1T and $1.25T at market close on IPO day?,214579.09407000034,6484.29218,2026-06-30T00:00:00Z
2026-07-11 06:00:11+00:00,0.061,608365,Will OpenAI’s market cap be between $1T and $1.25T at market close on IPO day?,214579.09407000034,6484.29218,2026-06-30T00:00:00Z
2026-07-11 07:00:06+00:00,0.06,608365,Will OpenAI’s market cap be between $1T and $1.25T at market close on IPO day?,214579.09407000034,6484.29218,2026-06-30T00:00:00Z
2026-07-11 08:00:06+00:00,0.06,608365,Will OpenAI’s market cap be between $1T and $1.25T at market close on IPO day?,214579.09407000034,6484.29218,2026-06-30T00:00:00Z
2026-07-11 09:00:06+00:00,0.06,608365,Will OpenAI’s market cap be between $1T and $1.25T at market close on IPO day?,214579.09407000034,6484.29218,2026-06-30T00:00:00Z
2026-07-11 10:00:06+00:00,0.06,608365,Will OpenAI’s market cap be between $1T and $1.25T at market close on IPO day?,214579.09407000034,6484.29218,2026-06-30T00:00:00Z
2026-07-11 11:00:06+00:00,0.06,608365,Will OpenAI’s market cap be between $1T and $1.25T at market close on IPO day?,214579.09407000034,6484.29218,2026-06-30T00:00:00Z
2026-07-11 12:00:09+00:00,0.06,608365,Will OpenAI’s market cap be between $1T and $1.25T at market close on IPO day?,214579.09407000034,6484.29218,2026-06-30T00:00:00Z
2026-07-11 13:00:05+00:00,0.06,608365,Will OpenAI’s market cap be between $1T and $1.25T at market close on IPO day?,214579.09407000034,6484.29218,2026-06-30T00:00:00Z
2026-07-11 14:00:06+00:00,0.06,608365,Will OpenAI’s market cap be between $1T and $1.25T at market close on IPO day?,214579.09407000034,6484.29218,2026-06-30T00:00:00Z
2026-07-11 15:00:07+00:00,0.06,608365,Will OpenAI’s market cap be between $1T and $1.25T at market close on IPO day?,214579.09407000034,6484.29218,2026-06-30T00:00:00Z
2026-07-11 16:00:05+00:00,0.06,608365,Will OpenAI’s market cap be between $1T and $1.25T at market close on IPO day?,214579.09407000034,6484.29218,2026-06-30T00:00:00Z
2026-07-11 17:00:09+00:00,0.06,608365,Will OpenAI’s market cap be between $1T and $1.25T at market close on IPO day?,214579.09407000034,6484.29218,2026-06-30T00:00:00Z
2026-07-11 18:00:08+00:00,0.06,608365,Will OpenAI’s market cap be between $1T and $1.25T at market close on IPO day?,214579.09407000034,6484.29218,2026-06-30T00:00:00Z
2026-07-11 19:00:07+00:00,0.06,608365,Will OpenAI’s market cap be between $1T and $1.25T at market close on IPO day?,214579.09407000034,6484.29218,2026-06-30T00:00:00Z
2026-07-11 20:00:08+00:00,0.06,608365,Will OpenAI’s market cap be between $1T and $1.25T at market close on IPO day?,214579.09407000034,6484.29218,2026-06-30T00:00:00Z
2026-07-11 21:00:07+00:00,0.06,608365,Will OpenAI’s market cap be between $1T and $1.25T at market close on IPO day?,214579.09407000034,6484.29218,2026-06-30T00:00:00Z
2026-07-11 22:00:04+00:00,0.0595,608365,Will OpenAI’s market cap be between $1T and $1.25T at market close on IPO day?,214579.09407000034,6484.29218,2026-06-30T00:00:00Z
2026-07-11 23:00:05+00:00,0.0595,608365,Will OpenAI’s market cap be between $1T and $1.25T at market close on IPO day?,214579.09407000034,6484.29218,2026-06-30T00:00:00Z
2026-07-12 00:00:22+00:00,0.0595,608365,Will OpenAI’s market cap be between $1T and $1.25T at market close on IPO day?,214579.09407000034,6484.29218,2026-06-30T00:00:00Z
2026-07-12 01:00:05+00:00,0.0595,608365,Will OpenAI’s market cap be between $1T and $1.25T at market close on IPO day?,214579.09407000034,6484.29218,2026-06-30T00:00:00Z
2026-07-12 02:00:06+00:00,0.0595,608365,Will OpenAI’s market cap be between $1T and $1.25T at market close on IPO day?,214579.09407000034,6484.29218,2026-06-30T00:00:00Z
2026-07-12 03:00:07+00:00,0.0595,608365,Will OpenAI’s market cap be between $1T and $1.25T at market close on IPO day?,214579.09407000034,6484.29218,2026-06-30T00:00:00Z
2026-07-12 04:00:06+00:00,0.0595,608365,Will OpenAI’s market cap be between $1T and $1.25T at market close on IPO day?,214579.09407000034,6484.29218,2026-06-30T00:00:00Z
2026-07-12 05:00:04+00:00,0.0595,608365,Will OpenAI’s market cap be between $1T and $1.25T at market close on IPO day?,214579.09407000034,6484.29218,2026-06-30T00:00:00Z
2026-07-12 06:00:06+00:00,0.0595,608365,Will OpenAI’s market cap be between $1T and $1.25T at market close on IPO day?,214579.09407000034,6484.29218,2026-06-30T00:00:00Z
2026-07-12 07:00:12+00:00,0.0595,608365,Will OpenAI’s market cap be between $1T and $1.25T at market close on IPO day?,214579.09407000034,6484.29218,2026-06-30T00:00:00Z
2026-07-12 08:00:05+00:00,0.0595,608365,Will OpenAI’s market cap be between $1T and $1.25T at market close on IPO day?,214579.09407000034,6484.29218,2026-06-30T00:00:00Z
2026-07-12 09:00:06+00:00,0.0595,608365,Will OpenAI’s market cap be between $1T and $1.25T at market close on IPO day?,214579.09407000034,6484.29218,2026-06-30T00:00:00Z
2026-07-12 10:00:06+00:00,0.0595,608365,Will OpenAI’s market cap be between $1T and $1.25T at market close on IPO day?,214579.09407000034,6484.29218,2026-06-30T00:00:00Z
2026-07-12 11:00:19+00:00,0.0595,608365,Will OpenAI’s market cap be between $1T and $1.25T at market close on IPO day?,214579.09407000034,6484.29218,2026-06-30T00:00:00Z
2026-07-12 12:00:10+00:00,0.0595,608365,Will OpenAI’s market cap be between $1T and $1.25T at market close on IPO day?,214579.09407000034,6484.29218,2026-06-30T00:00:00Z
2026-07-12 13:00:06+00:00,0.0595,608365,Will OpenAI’s market cap be between $1T and $1.25T at market close on IPO day?,214579.09407000034,6484.29218,2026-06-30T00:00:00Z
2026-07-12 14:00:07+00:00,0.0595,608365,Will OpenAI’s market cap be between $1T and $1.25T at market close on IPO day?,214579.09407000034,6484.29218,2026-06-30T00:00:00Z
2026-07-12 15:00:07+00:00,0.0595,608365,Will OpenAI’s market cap be between $1T and $1.25T at market close on IPO day?,214579.09407000034,6484.29218,2026-06-30T00:00:00Z
2026-07-12 16:00:05+00:00,0.0595,608365,Will OpenAI’s market cap be between $1T and $1.25T at market close on IPO day?,214579.09407000034,6484.29218,2026-06-30T00:00:00Z
2026-07-12 17:00:06+00:00,0.0595,608365,Will OpenAI’s market cap be between $1T and $1.25T at market close on IPO day?,214579.09407000034,6484.29218,2026-06-30T00:00:00Z
2026-07-12 18:00:08+00:00,0.0595,608365,Will OpenAI’s market cap be between $1T and $1.25T at market close on IPO day?,214579.09407000034,6484.29218,2026-06-30T00:00:00Z
2026-07-12 19:00:08+00:00,0.0595,608365,Will OpenAI’s market cap be between $1T and $1.25T at market close on IPO day?,214579.09407000034,6484.29218,2026-06-30T00:00:00Z
2026-07-12 20:00:06+00:00,0.0595,608365,Will OpenAI’s market cap be between $1T and $1.25T at market close on IPO day?,214579.09407000034,6484.29218,2026-06-30T00:00:00Z
2026-07-12 21:00:08+00:00,0.0595,608365,Will OpenAI’s market cap be between $1T and $1.25T at market close on IPO day?,214579.09407000034,6484.29218,2026-06-30T00:00:00Z
2026-07-12 22:00:13+00:00,0.0595,608365,Will OpenAI’s market cap be between $1T and $1.25T at market close on IPO day?,214579.09407000034,6484.29218,2026-06-30T00:00:00Z
2026-07-12 23:00:05+00:00,0.0595,608365,Will OpenAI’s market cap be between $1T and $1.25T at market close on IPO day?,214579.09407000034,6484.29218,2026-06-30T00:00:00Z
2026-07-13 00:00:10+00:00,0.0595,608365,Will OpenAI’s market cap be between $1T and $1.25T at market close on IPO day?,214579.09407000034,6484.29218,2026-06-30T00:00:00Z
2026-07-13 01:00:06+00:00,0.0595,608365,Will OpenAI’s market cap be between $1T and $1.25T at market close on IPO day?,214579.09407000034,6484.29218,2026-06-30T00:00:00Z
2026-07-13 02:00:05+00:00,0.0595,608365,Will OpenAI’s market cap be between $1T and $1.25T at market close on IPO day?,214579.09407000034,6484.29218,2026-06-30T00:00:00Z
2026-07-13 03:00:06+00:00,0.0595,608365,Will OpenAI’s market cap be between $1T and $1.25T at market close on IPO day?,214579.09407000034,6484.29218,2026-06-30T00:00:00Z
2026-07-13 04:00:07+00:00,0.0595,608365,Will OpenAI’s market cap be between $1T and $1.25T at market close on IPO day?,214579.09407000034,6484.29218,2026-06-30T00:00:00Z
2026-07-13 05:00:09+00:00,0.0595,608365,Will OpenAI’s market cap be between $1T and $1.25T at market close on IPO day?,214579.09407000034,6484.29218,2026-06-30T00:00:00Z
2026-07-13 06:00:09+00:00,0.0595,608365,Will OpenAI’s market cap be between $1T and $1.25T at market close on IPO day?,214579.09407000034,6484.29218,2026-06-30T00:00:00Z
2026-07-13 07:00:08+00:00,0.0595,608365,Will OpenAI’s market cap be between $1T and $1.25T at market close on IPO day?,214579.09407000034,6484.29218,2026-06-30T00:00:00Z
2026-07-13 08:00:08+00:00,0.0595,608365,Will OpenAI’s market cap be between $1T and $1.25T at market close on IPO day?,214579.09407000034,6484.29218,2026-06-30T00:00:00Z
2026-07-13 09:00:07+00:00,0.0595,608365,Will OpenAI’s market cap be between $1T and $1.25T at market close on IPO day?,214579.09407000034,6484.29218,2026-06-30T00:00:00Z
2026-07-13 10:00:05+00:00,0.0595,608365,Will OpenAI’s market cap be between $1T and $1.25T at market close on IPO day?,214579.09407000034,6484.29218,2026-06-30T00:00:00Z
2026-07-13 11:00:06+00:00,0.0595,608365,Will OpenAI’s market cap be between $1T and $1.25T at market close on IPO day?,214579.09407000034,6484.29218,2026-06-30T00:00:00Z
2026-07-13 12:00:10+00:00,0.0595,608365,Will OpenAI’s market cap be between $1T and $1.25T at market close on IPO day?,214579.09407000034,6484.29218,2026-06-30T00:00:00Z
2026-07-13 13:00:05+00:00,0.0595,608365,Will OpenAI’s market cap be between $1T and $1.25T at market close on IPO day?,214579.09407000034,6484.29218,2026-06-30T00:00:00Z
2026-07-13 14:00:20+00:00,0.0595,608365,Will OpenAI’s market cap be between $1T and $1.25T at market close on IPO day?,214579.09407000034,6484.29218,2026-06-30T00:00:00Z
2026-07-13 15:00:25+00:00,0.0595,608365,Will OpenAI’s market cap be between $1T and $1.25T at market close on IPO day?,214579.09407000034,6484.29218,2026-06-30T00:00:00Z
2026-07-13 16:00:05+00:00,0.0595,608365,Will OpenAI’s market cap be between $1T and $1.25T at market close on IPO day?,214579.09407000034,6484.29218,2026-06-30T00:00:00Z
2026-07-13 17:00:09+00:00,0.0595,608365,Will OpenAI’s market cap be between $1T and $1.25T at market close on IPO day?,214579.09407000034,6484.29218,2026-06-30T00:00:00Z
2026-07-13 18:00:08+00:00,0.0595,608365,Will OpenAI’s market cap be between $1T and $1.25T at market close on IPO day?,214579.09407000034,6484.29218,2026-06-30T00:00:00Z
2026-07-13 19:00:07+00:00,0.0595,608365,Will OpenAI’s market cap be between $1T and $1.25T at market close on IPO day?,214579.09407000034,6484.29218,2026-06-30T00:00:00Z
2026-07-13 20:00:08+00:00,0.0595,608365,Will OpenAI’s market cap be between $1T and $1.25T at market close on IPO day?,214579.09407000034,6484.29218,2026-06-30T00:00:00Z
2026-07-13 21:00:08+00:00,0.0595,608365,Will OpenAI’s market cap be between $1T and $1.25T at market close on IPO day?,214579.09407000034,6484.29218,2026-06-30T00:00:00Z
2026-07-13 22:00:06+00:00,0.0595,608365,Will OpenAI’s market cap be between $1T and $1.25T at market close on IPO day?,214579.09407000034,6484.29218,2026-06-30T00:00:00Z
2026-07-13 23:00:07+00:00,0.0595,608365,Will OpenAI’s market cap be between $1T and $1.25T at market close on IPO day?,214579.09407000034,6484.29218,2026-06-30T00:00:00Z
2026-07-14 00:00:09+00:00,0.0595,608365,Will OpenAI’s market cap be between $1T and $1.25T at market close on IPO day?,214579.09407000034,6484.29218,2026-06-30T00:00:00Z
2026-07-14 01:00:05+00:00,0.0595,608365,Will OpenAI’s market cap be between $1T and $1.25T at market close on IPO day?,214579.09407000034,6484.29218,2026-06-30T00:00:00Z
2026-07-14 02:00:05+00:00,0.0595,608365,Will OpenAI’s market cap be between $1T and $1.25T at market close on IPO day?,214579.09407000034,6484.29218,2026-06-30T00:00:00Z
2026-07-14 03:00:09+00:00,0.0595,608365,Will OpenAI’s market cap be between $1T and $1.25T at market close on IPO day?,214579.09407000034,6484.29218,2026-06-30T00:00:00Z
2026-07-14 04:00:06+00:00,0.0595,608365,Will OpenAI’s market cap be between $1T and $1.25T at market close on IPO day?,214579.09407000034,6484.29218,2026-06-30T00:00:00Z
2026-07-14 05:00:06+00:00,0.0595,608365,Will OpenAI’s market cap be between $1T and $1.25T at market close on IPO day?,214579.09407000034,6484.29218,2026-06-30T00:00:00Z
2026-07-14 06:00:08+00:00,0.0595,608365,Will OpenAI’s market cap be between $1T and $1.25T at market close on IPO day?,214579.09407000034,6484.29218,2026-06-30T00:00:00Z
2026-07-14 07:00:11+00:00,0.0595,608365,Will OpenAI’s market cap be between $1T and $1.25T at market close on IPO day?,214579.09407000034,6484.29218,2026-06-30T00:00:00Z
2026-07-14 08:00:05+00:00,0.06,608365,Will OpenAI’s market cap be between $1T and $1.25T at market close on IPO day?,214579.09407000034,6484.29218,2026-06-30T00:00:00Z
2026-07-14 09:00:07+00:00,0.0595,608365,Will OpenAI’s market cap be between $1T and $1.25T at market close on IPO day?,214579.09407000034,6484.29218,2026-06-30T00:00:00Z
2026-07-14 10:00:08+00:00,0.0595,608365,Will OpenAI’s market cap be between $1T and $1.25T at market close on IPO day?,214579.09407000034,6484.29218,2026-06-30T00:00:00Z
2026-07-14 11:00:06+00:00,0.0595,608365,Will OpenAI’s market cap be between $1T and $1.25T at market close on IPO day?,214579.09407000034,6484.29218,2026-06-30T00:00:00Z
2026-07-14 12:00:14+00:00,0.0595,608365,Will OpenAI’s market cap be between $1T and $1.25T at market close on IPO day?,214579.09407000034,6484.29218,2026-06-30T00:00:00Z
2026-07-14 13:00:09+00:00,0.0595,608365,Will OpenAI’s market cap be between $1T and $1.25T at market close on IPO day?,214579.09407000034,6484.29218,2026-06-30T00:00:00Z
2026-07-14 14:00:13+00:00,0.0595,608365,Will OpenAI’s market cap be between $1T and $1.25T at market close on IPO day?,214579.09407000034,6484.29218,2026-06-30T00:00:00Z
2026-07-14 15:00:10+00:00,0.0595,608365,Will OpenAI’s market cap be between $1T and $1.25T at market close on IPO day?,214579.09407000034,6484.29218,2026-06-30T00:00:00Z
2026-07-14 16:00:13+00:00,0.0595,608365,Will OpenAI’s market cap be between $1T and $1.25T at market close on IPO day?,214579.09407000034,6484.29218,2026-06-30T00:00:00Z
2026-07-14 17:00:21+00:00,0.0595,608365,Will OpenAI’s market cap be between $1T and $1.25T at market close on IPO day?,214579.09407000034,6484.29218,2026-06-30T00:00:00Z
2026-07-14 18:00:19+00:00,0.0595,608365,Will OpenAI’s market cap be between $1T and $1.25T at market close on IPO day?,214579.09407000034,6484.29218,2026-06-30T00:00:00Z
2026-07-14 19:00:09+00:00,0.0595,608365,Will OpenAI’s market cap be between $1T and $1.25T at market close on IPO day?,214579.09407000034,6484.29218,2026-06-30T00:00:00Z
2026-07-14 20:00:09+00:00,0.0595,608365,Will OpenAI’s market cap be between $1T and $1.25T at market close on IPO day?,214579.09407000034,6484.29218,2026-06-30T00:00:00Z
2026-07-14 21:00:09+00:00,0.0595,608365,Will OpenAI’s market cap be between $1T and $1.25T at market close on IPO day?,214579.09407000034,6484.29218,2026-06-30T00:00:00Z
2026-07-14 22:00:06+00:00,0.0595,608365,Will OpenAI’s market cap be between $1T and $1.25T at market close on IPO day?,214579.09407000034,6484.29218,2026-06-30T00:00:00Z
2026-07-14 23:00:07+00:00,0.0595,608365,Will OpenAI’s market cap be between $1T and $1.25T at market close on IPO day?,214579.09407000034,6484.29218,2026-06-30T00:00:00Z
2026-07-15 00:00:14+00:00,0.0595,608365,Will OpenAI’s market cap be between $1T and $1.25T at market close on IPO day?,214579.09407000034,6484.29218,2026-06-30T00:00:00Z
2026-07-15 01:00:08+00:00,0.0595,608365,Will OpenAI’s market cap be between $1T and $1.25T at market close on IPO day?,214579.09407000034,6484.29218,2026-06-30T00:00:00Z
2026-07-15 02:00:11+00:00,0.0595,608365,Will OpenAI’s market cap be between $1T and $1.25T at market close on IPO day?,214579.09407000034,6484.29218,2026-06-30T00:00:00Z
2026-07-15 03:00:12+00:00,0.0595,608365,Will OpenAI’s market cap be between $1T and $1.25T at market close on IPO day?,214579.09407000034,6484.29218,2026-06-30T00:00:00Z
2026-07-15 04:00:07+00:00,0.0595,608365,Will OpenAI’s market cap be between $1T and $1.25T at market close on IPO day?,214579.09407000034,6484.29218,2026-06-30T00:00:00Z
2026-07-15 05:00:22+00:00,0.0595,608365,Will OpenAI’s market cap be between $1T and $1.25T at market close on IPO day?,214579.09407000034,6484.29218,2026-06-30T00:00:00Z
2026-07-15 06:00:12+00:00,0.0595,608365,Will OpenAI’s market cap be between $1T and $1.25T at market close on IPO day?,214579.09407000034,6484.29218,2026-06-30T00:00:00Z
2026-07-15 07:00:23+00:00,0.0595,608365,Will OpenAI’s market cap be between $1T and $1.25T at market close on IPO day?,214579.09407000034,6484.29218,2026-06-30T00:00:00Z
2026-07-15 08:00:23+00:00,0.0595,608365,Will OpenAI’s market cap be between $1T and $1.25T at market close on IPO day?,214579.09407000034,6484.29218,2026-06-30T00:00:00Z
2026-07-15 09:00:10+00:00,0.0595,608365,Will OpenAI’s market cap be between $1T and $1.25T at market close on IPO day?,214579.09407000034,6484.29218,2026-06-30T00:00:00Z
2026-07-15 10:00:06+00:00,0.0595,608365,Will OpenAI’s market cap be between $1T and $1.25T at market close on IPO day?,214579.09407000034,6484.29218,2026-06-30T00:00:00Z
2026-07-15 11:00:10+00:00,0.0595,608365,Will OpenAI’s market cap be between $1T and $1.25T at market close on IPO day?,214579.09407000034,6484.29218,2026-06-30T00:00:00Z
2026-07-15 12:00:27+00:00,0.0595,608365,Will OpenAI’s market cap be between $1T and $1.25T at market close on IPO day?,214579.09407000034,6484.29218,2026-06-30T00:00:00Z
2026-07-15 13:00:08+00:00,0.0595,608365,Will OpenAI’s market cap be between $1T and $1.25T at market close on IPO day?,214579.09407000034,6484.29218,2026-06-30T00:00:00Z
2026-07-15 14:00:08+00:00,0.0595,608365,Will OpenAI’s market cap be between $1T and $1.25T at market close on IPO day?,214579.09407000034,6484.29218,2026-06-30T00:00:00Z
2026-07-15 15:00:13+00:00,0.0595,608365,Will OpenAI’s market cap be between $1T and $1.25T at market close on IPO day?,214579.09407000034,6484.29218,2026-06-30T00:00:00Z
2026-07-15 16:00:07+00:00,0.0595,608365,Will OpenAI’s market cap be between $1T and $1.25T at market close on IPO day?,214579.09407000034,6484.29218,2026-06-30T00:00:00Z
2026-07-15 17:00:08+00:00,0.0595,608365,Will OpenAI’s market cap be between $1T and $1.25T at market close on IPO day?,214579.09407000034,6484.29218,2026-06-30T00:00:00Z
2026-07-15 18:00:14+00:00,0.0595,608365,Will OpenAI’s market cap be between $1T and $1.25T at market close on IPO day?,214579.09407000034,6484.29218,2026-06-30T00:00:00Z
2026-07-15 19:00:10+00:00,0.0595,608365,Will OpenAI’s market cap be between $1T and $1.25T at market close on IPO day?,214579.09407000034,6484.29218,2026-06-30T00:00:00Z
2026-07-15 20:00:09+00:00,0.0595,608365,Will OpenAI’s market cap be between $1T and $1.25T at market close on IPO day?,214579.09407000034,6484.29218,2026-06-30T00:00:00Z
2026-07-15 21:00:10+00:00,0.0595,608365,Will OpenAI’s market cap be between $1T and $1.25T at market close on IPO day?,214579.09407000034,6484.29218,2026-06-30T00:00:00Z
2026-07-15 22:00:06+00:00,0.0595,608365,Will OpenAI’s market cap be between $1T and $1.25T at market close on IPO day?,214579.09407000034,6484.29218,2026-06-30T00:00:00Z
2026-07-15 23:00:07+00:00,0.0595,608365,Will OpenAI’s market cap be between $1T and $1.25T at market close on IPO day?,214579.09407000034,6484.29218,2026-06-30T00:00:00Z
2026-07-16 00:00:13+00:00,0.0595,608365,Will OpenAI’s market cap be between $1T and $1.25T at market close on IPO day?,214579.09407000034,6484.29218,2026-06-30T00:00:00Z
2026-07-16 01:00:06+00:00,0.0595,608365,Will OpenAI’s market cap be between $1T and $1.25T at market close on IPO day?,214579.09407000034,6484.29218,2026-06-30T00:00:00Z
2026-07-16 02:00:05+00:00,0.0595,608365,Will OpenAI’s market cap be between $1T and $1.25T at market close on IPO day?,214579.09407000034,6484.29218,2026-06-30T00:00:00Z
2026-07-16 03:00:11+00:00,0.0595,608365,Will OpenAI’s market cap be between $1T and $1.25T at market close on IPO day?,214579.09407000034,6484.29218,2026-06-30T00:00:00Z
2026-07-16 04:00:07+00:00,0.0595,608365,Will OpenAI’s market cap be between $1T and $1.25T at market close on IPO day?,214579.09407000034,6484.29218,2026-06-30T00:00:00Z
2026-07-16 05:00:06+00:00,0.0595,608365,Will OpenAI’s market cap be between $1T and $1.25T at market close on IPO day?,214579.09407000034,6484.29218,2026-06-30T00:00:00Z
2026-07-16 06:00:23+00:00,0.0595,608365,Will OpenAI’s market cap be between $1T and $1.25T at market close on IPO day?,214579.09407000034,6484.29218,2026-06-30T00:00:00Z
2026-07-16 07:00:10+00:00,0.0595,608365,Will OpenAI’s market cap be between $1T and $1.25T at market close on IPO day?,214579.09407000034,6484.29218,2026-06-30T00:00:00Z
2026-07-16 08:00:05+00:00,0.0595,608365,Will OpenAI’s market cap be between $1T and $1.25T at market close on IPO day?,214579.09407000034,6484.29218,2026-06-30T00:00:00Z
2026-07-16 09:00:12+00:00,0.07,608365,Will OpenAI’s market cap be between $1T and $1.25T at market close on IPO day?,214579.09407000034,6484.29218,2026-06-30T00:00:00Z
2026-07-16 10:00:08+00:00,0.069,608365,Will OpenAI’s market cap be between $1T and $1.25T at market close on IPO day?,214579.09407000034,6484.29218,2026-06-30T00:00:00Z
2026-07-16 11:00:08+00:00,0.068,608365,Will OpenAI’s market cap be between $1T and $1.25T at market close on IPO day?,214579.09407000034,6484.29218,2026-06-30T00:00:00Z
2026-07-16 12:00:11+00:00,0.0675,608365,Will OpenAI’s market cap be between $1T and $1.25T at market close on IPO day?,214579.09407000034,6484.29218,2026-06-30T00:00:00Z
2026-07-16 13:00:09+00:00,0.067,608365,Will OpenAI’s market cap be between $1T and $1.25T at market close on IPO day?,214579.09407000034,6484.29218,2026-06-30T00:00:00Z
2026-07-16 14:00:07+00:00,0.066,608365,Will OpenAI’s market cap be between $1T and $1.25T at market close on IPO day?,214579.09407000034,6484.29218,2026-06-30T00:00:00Z
2026-07-16 15:00:11+00:00,0.065,608365,Will OpenAI’s market cap be between $1T and $1.25T at market close on IPO day?,214579.09407000034,6484.29218,2026-06-30T00:00:00Z
2026-07-16 16:00:06+00:00,0.0645,608365,Will OpenAI’s market cap be between $1T and $1.25T at market close on IPO day?,214579.09407000034,6484.29218,2026-06-30T00:00:00Z
2026-07-16 17:00:08+00:00,0.064,608365,Will OpenAI’s market cap be between $1T and $1.25T at market close on IPO day?,214579.09407000034,6484.29218,2026-06-30T00:00:00Z
2026-07-16 18:00:24+00:00,0.063,608365,Will OpenAI’s market cap be between $1T and $1.25T at market close on IPO day?,214579.09407000034,6484.29218,2026-06-30T00:00:00Z
2026-07-16 19:00:08+00:00,0.0625,608365,Will OpenAI’s market cap be between $1T and $1.25T at market close on IPO day?,214579.09407000034,6484.29218,2026-06-30T00:00:00Z
2026-07-16 20:00:09+00:00,0.061,608365,Will OpenAI’s market cap be between $1T and $1.25T at market close on IPO day?,214579.09407000034,6484.29218,2026-06-30T00:00:00Z
2026-07-16 21:00:11+00:00,0.061,608365,Will OpenAI’s market cap be between $1T and $1.25T at market close on IPO day?,214579.09407000034,6484.29218,2026-06-30T00:00:00Z
2026-07-16 22:00:08+00:00,0.061,608365,Will OpenAI’s market cap be between $1T and $1.25T at market close on IPO day?,214579.09407000034,6484.29218,2026-06-30T00:00:00Z
2026-07-16 23:00:10+00:00,0.061,608365,Will OpenAI’s market cap be between $1T and $1.25T at market close on IPO day?,214579.09407000034,6484.29218,2026-06-30T00:00:00Z
2026-07-17 00:00:15+00:00,0.061,608365,Will OpenAI’s market cap be between $1T and $1.25T at market close on IPO day?,214579.09407000034,6484.29218,2026-06-30T00:00:00Z
2026-07-17 01:00:06+00:00,0.061,608365,Will OpenAI’s market cap be between $1T and $1.25T at market close on IPO day?,214579.09407000034,6484.29218,2026-06-30T00:00:00Z
2026-07-17 02:00:09+00:00,0.061,608365,Will OpenAI’s market cap be between $1T and $1.25T at market close on IPO day?,214579.09407000034,6484.29218,2026-06-30T00:00:00Z
2026-07-17 03:00:12+00:00,0.061,608365,Will OpenAI’s market cap be between $1T and $1.25T at market close on IPO day?,214579.09407000034,6484.29218,2026-06-30T00:00:00Z
2026-07-17 04:00:11+00:00,0.061,608365,Will OpenAI’s market cap be between $1T and $1.25T at market close on IPO day?,214579.09407000034,6484.29218,2026-06-30T00:00:00Z
2026-07-17 05:00:11+00:00,0.061,608365,Will OpenAI’s market cap be between $1T and $1.25T at market close on IPO day?,214579.09407000034,6484.29218,2026-06-30T00:00:00Z
2026-07-17 06:00:15+00:00,0.061,608365,Will OpenAI’s market cap be between $1T and $1.25T at market close on IPO day?,214579.09407000034,6484.29218,2026-06-30T00:00:00Z
2026-07-17 07:00:05+00:00,0.061,608365,Will OpenAI’s market cap be between $1T and $1.25T at market close on IPO day?,214579.09407000034,6484.29218,2026-06-30T00:00:00Z
2026-07-17 08:00:06+00:00,0.061,608365,Will OpenAI’s market cap be between $1T and $1.25T at market close on IPO day?,214579.09407000034,6484.29218,2026-06-30T00:00:00Z
2026-07-17 09:00:09+00:00,0.061,608365,Will OpenAI’s market cap be between $1T and $1.25T at market close on IPO day?,214579.09407000034,6484.29218,2026-06-30T00:00:00Z
2026-07-17 10:00:12+00:00,0.061,608365,Will OpenAI’s market cap be between $1T and $1.25T at market close on IPO day?,214579.09407000034,6484.29218,2026-06-30T00:00:00Z
2026-07-17 11:00:08+00:00,0.061,608365,Will OpenAI’s market cap be between $1T and $1.25T at market close on IPO day?,214579.09407000034,6484.29218,2026-06-30T00:00:00Z
2026-07-17 12:00:15+00:00,0.061,608365,Will OpenAI’s market cap be between $1T and $1.25T at market close on IPO day?,214579.09407000034,6484.29218,2026-06-30T00:00:00Z
2026-07-17 13:00:07+00:00,0.061,608365,Will OpenAI’s market cap be between $1T and $1.25T at market close on IPO day?,214579.09407000034,6484.29218,2026-06-30T00:00:00Z
2026-07-17 14:00:09+00:00,0.061,608365,Will OpenAI’s market cap be between $1T and $1.25T at market close on IPO day?,214579.09407000034,6484.29218,2026-06-30T00:00:00Z
2026-07-17 15:00:11+00:00,0.061,608365,Will OpenAI’s market cap be between $1T and $1.25T at market close on IPO day?,214579.09407000034,6484.29218,2026-06-30T00:00:00Z
2026-07-17 16:00:24+00:00,0.06,608365,Will OpenAI’s market cap be between $1T and $1.25T at market close on IPO day?,214579.09407000034,6484.29218,2026-06-30T00:00:00Z
2026-07-17 17:00:13+00:00,0.06,608365,Will OpenAI’s market cap be between $1T and $1.25T at market close on IPO day?,214579.09407000034,6484.29218,2026-06-30T00:00:00Z
2026-07-17 18:00:28+00:00,0.06,608365,Will OpenAI’s market cap be between $1T and $1.25T at market close on IPO day?,214579.09407000034,6484.29218,2026-06-30T00:00:00Z
2026-07-17 19:00:08+00:00,0.06,608365,Will OpenAI’s market cap be between $1T and $1.25T at market close on IPO day?,214579.09407000034,6484.29218,2026-06-30T00:00:00Z
2026-07-17 20:00:08+00:00,0.0595,608365,Will OpenAI’s market cap be between $1T and $1.25T at market close on IPO day?,214579.09407000034,6484.29218,2026-06-30T00:00:00Z
2026-07-17 21:00:09+00:00,0.059,608365,Will OpenAI’s market cap be between $1T and $1.25T at market close on IPO day?,214579.09407000034,6484.29218,2026-06-30T00:00:00Z
2026-07-17 22:00:10+00:00,0.059,608365,Will OpenAI’s market cap be between $1T and $1.25T at market close on IPO day?,214579.09407000034,6484.29218,2026-06-30T00:00:00Z
2026-07-17 23:00:10+00:00,0.059,608365,Will OpenAI’s market cap be between $1T and $1.25T at market close on IPO day?,214579.09407000034,6484.29218,2026-06-30T00:00:00Z
2026-07-18 00:00:11+00:00,0.059,608365,Will OpenAI’s market cap be between $1T and $1.25T at market close on IPO day?,214579.09407000034,6484.29218,2026-06-30T00:00:00Z
2026-07-18 01:00:07+00:00,0.059,608365,Will OpenAI’s market cap be between $1T and $1.25T at market close on IPO day?,214579.09407000034,6484.29218,2026-06-30T00:00:00Z
2026-07-18 02:00:07+00:00,0.0575,608365,Will OpenAI’s market cap be between $1T and $1.25T at market close on IPO day?,214579.09407000034,6484.29218,2026-06-30T00:00:00Z
2026-07-18 03:00:10+00:00,0.057,608365,Will OpenAI’s market cap be between $1T and $1.25T at market close on IPO day?,214579.09407000034,6484.29218,2026-06-30T00:00:00Z
2026-07-18 04:00:07+00:00,0.057,608365,Will OpenAI’s market cap be between $1T and $1.25T at market close on IPO day?,214579.09407000034,6484.29218,2026-06-30T00:00:00Z
2026-07-18 05:00:08+00:00,0.056,608365,Will OpenAI’s market cap be between $1T and $1.25T at market close on IPO day?,214579.09407000034,6484.29218,2026-06-30T00:00:00Z
2026-07-18 06:00:11+00:00,0.057,608365,Will OpenAI’s market cap be between $1T and $1.25T at market close on IPO day?,214579.09407000034,6484.29218,2026-06-30T00:00:00Z
2026-07-18 07:00:11+00:00,0.057,608365,Will OpenAI’s market cap be between $1T and $1.25T at market close on IPO day?,214579.09407000034,6484.29218,2026-06-30T00:00:00Z
2026-07-18 08:00:07+00:00,0.057,608365,Will OpenAI’s market cap be between $1T and $1.25T at market close on IPO day?,214579.09407000034,6484.29218,2026-06-30T00:00:00Z
2026-07-18 09:00:14+00:00,0.057,608365,Will OpenAI’s market cap be between $1T and $1.25T at market close on IPO day?,214579.09407000034,6484.29218,2026-06-30T00:00:00Z
2026-07-18 10:00:07+00:00,0.057,608365,Will OpenAI’s market cap be between $1T and $1.25T at market close on IPO day?,214579.09407000034,6484.29218,2026-06-30T00:00:00Z
2026-07-18 11:00:10+00:00,0.057,608365,Will OpenAI’s market cap be between $1T and $1.25T at market close on IPO day?,214579.09407000034,6484.29218,2026-06-30T00:00:00Z
2026-07-18 12:00:24+00:00,0.057,608365,Will OpenAI’s market cap be between $1T and $1.25T at market close on IPO day?,214579.09407000034,6484.29218,2026-06-30T00:00:00Z
2026-07-18 13:00:09+00:00,0.057,608365,Will OpenAI’s market cap be between $1T and $1.25T at market close on IPO day?,214579.09407000034,6484.29218,2026-06-30T00:00:00Z
2026-07-18 14:00:09+00:00,0.057,608365,Will OpenAI’s market cap be between $1T and $1.25T at market close on IPO day?,214579.09407000034,6484.29218,2026-06-30T00:00:00Z
2026-07-18 15:00:18+00:00,0.057,608365,Will OpenAI’s market cap be between $1T and $1.25T at market close on IPO day?,214579.09407000034,6484.29218,2026-06-30T00:00:00Z
2026-07-18 16:00:09+00:00,0.0565,608365,Will OpenAI’s market cap be between $1T and $1.25T at market close on IPO day?,214579.09407000034,6484.29218,2026-06-30T00:00:00Z
2026-07-18 17:00:15+00:00,0.0565,608365,Will OpenAI’s market cap be between $1T and $1.25T at market close on IPO day?,214579.09407000034,6484.29218,2026-06-30T00:00:00Z
2026-07-18 18:00:12+00:00,0.0575,608365,Will OpenAI’s market cap be between $1T and $1.25T at market close on IPO day?,214579.09407000034,6484.29218,2026-06-30T00:00:00Z
2026-07-18 19:00:07+00:00,0.0575,608365,Will OpenAI’s market cap be between $1T and $1.25T at market close on IPO day?,214579.09407000034,6484.29218,2026-06-30T00:00:00Z
2026-07-18 20:00:13+00:00,0.0705,608365,Will OpenAI’s market cap be between $1T and $1.25T at market close on IPO day?,214579.09407000034,6484.29218,2026-06-30T00:00:00Z
2026-07-18 21:00:14+00:00,0.0705,608365,Will OpenAI’s market cap be between $1T and $1.25T at market close on IPO day?,214579.09407000034,6484.29218,2026-06-30T00:00:00Z
2026-07-18 22:00:09+00:00,0.0705,608365,Will OpenAI’s market cap be between $1T and $1.25T at market close on IPO day?,214579.09407000034,6484.29218,2026-06-30T00:00:00Z
2026-07-18 23:00:12+00:00,0.0705,608365,Will OpenAI’s market cap be between $1T and $1.25T at market close on IPO day?,214579.09407000034,6484.29218,2026-06-30T00:00:00Z
2026-07-19 00:00:14+00:00,0.0705,608365,Will OpenAI’s market cap be between $1T and $1.25T at market close on IPO day?,214579.09407000034,6484.29218,2026-06-30T00:00:00Z
2026-07-19 01:00:09+00:00,0.0705,608365,Will OpenAI’s market cap be between $1T and $1.25T at market close on IPO day?,214579.09407000034,6484.29218,2026-06-30T00:00:00Z
2026-07-19 02:00:08+00:00,0.0705,608365,Will OpenAI’s market cap be between $1T and $1.25T at market close on IPO day?,214579.09407000034,6484.29218,2026-06-30T00:00:00Z
2026-07-19 03:00:12+00:00,0.0705,608365,Will OpenAI’s market cap be between $1T and $1.25T at market close on IPO day?,214579.09407000034,6484.29218,2026-06-30T00:00:00Z
2026-07-19 04:00:10+00:00,0.0705,608365,Will OpenAI’s market cap be between $1T and $1.25T at market close on IPO day?,214579.09407000034,6484.29218,2026-06-30T00:00:00Z
2026-07-19 05:00:09+00:00,0.0705,608365,Will OpenAI’s market cap be between $1T and $1.25T at market close on IPO day?,214579.09407000034,6484.29218,2026-06-30T00:00:00Z
2026-07-19 06:00:17+00:00,0.0705,608365,Will OpenAI’s market cap be between $1T and $1.25T at market close on IPO day?,214579.09407000034,6484.29218,2026-06-30T00:00:00Z
2026-07-19 07:00:11+00:00,0.0705,608365,Will OpenAI’s market cap be between $1T and $1.25T at market close on IPO day?,214579.09407000034,6484.29218,2026-06-30T00:00:00Z
2026-07-19 08:00:10+00:00,0.0705,608365,Will OpenAI’s market cap be between $1T and $1.25T at market close on IPO day?,214579.09407000034,6484.29218,2026-06-30T00:00:00Z
2026-07-19 09:00:15+00:00,0.0705,608365,Will OpenAI’s market cap be between $1T and $1.25T at market close on IPO day?,214579.09407000034,6484.29218,2026-06-30T00:00:00Z
2026-07-19 10:00:09+00:00,0.0705,608365,Will OpenAI’s market cap be between $1T and $1.25T at market close on IPO day?,214579.09407000034,6484.29218,2026-06-30T00:00:00Z
2026-07-19 11:00:10+00:00,0.0705,608365,Will OpenAI’s market cap be between $1T and $1.25T at market close on IPO day?,214579.09407000034,6484.29218,2026-06-30T00:00:00Z
2026-07-19 12:00:12+00:00,0.0705,608365,Will OpenAI’s market cap be between $1T and $1.25T at market close on IPO day?,214579.09407000034,6484.29218,2026-06-30T00:00:00Z
2026-07-19 13:00:10+00:00,0.0705,608365,Will OpenAI’s market cap be between $1T and $1.25T at market close on IPO day?,214579.09407000034,6484.29218,2026-06-30T00:00:00Z
2026-07-19 14:00:12+00:00,0.0705,608365,Will OpenAI’s market cap be between $1T and $1.25T at market close on IPO day?,214579.09407000034,6484.29218,2026-06-30T00:00:00Z
2026-07-19 15:00:11+00:00,0.0705,608365,Will OpenAI’s market cap be between $1T and $1.25T at market close on IPO day?,214579.09407000034,6484.29218,2026-06-30T00:00:00Z
2026-07-19 16:00:30+00:00,0.0705,608365,Will OpenAI’s market cap be between $1T and $1.25T at market close on IPO day?,214579.09407000034,6484.29218,2026-06-30T00:00:00Z
2026-07-19 17:00:17+00:00,0.0705,608365,Will OpenAI’s market cap be between $1T and $1.25T at market close on IPO day?,214579.09407000034,6484.29218,2026-06-30T00:00:00Z
2026-07-19 18:00:12+00:00,0.0705,608365,Will OpenAI’s market cap be between $1T and $1.25T at market close on IPO day?,214579.09407000034,6484.29218,2026-06-30T00:00:00Z
2026-07-19 19:00:11+00:00,0.0705,608365,Will OpenAI’s market cap be between $1T and $1.25T at market close on IPO day?,214579.09407000034,6484.29218,2026-06-30T00:00:00Z
2026-07-19 20:00:13+00:00,0.0705,608365,Will OpenAI’s market cap be between $1T and $1.25T at market close on IPO day?,214579.09407000034,6484.29218,2026-06-30T00:00:00Z
2026-07-19 21:00:26+00:00,0.0705,608365,Will OpenAI’s market cap be between $1T and $1.25T at market close on IPO day?,214579.09407000034,6484.29218,2026-06-30T00:00:00Z
2026-07-19 22:00:11+00:00,0.0705,608365,Will OpenAI’s market cap be between $1T and $1.25T at market close on IPO day?,214579.09407000034,6484.29218,2026-06-30T00:00:00Z
2026-07-19 23:00:09+00:00,0.0705,608365,Will OpenAI’s market cap be between $1T and $1.25T at market close on IPO day?,214579.09407000034,6484.29218,2026-06-30T00:00:00Z
2026-07-20 00:00:26+00:00,0.0705,608365,Will OpenAI’s market cap be between $1T and $1.25T at market close on IPO day?,214579.09407000034,6484.29218,2026-06-30T00:00:00Z
2026-07-20 01:00:09+00:00,0.0705,608365,Will OpenAI’s market cap be between $1T and $1.25T at market close on IPO day?,214579.09407000034,6484.29218,2026-06-30T00:00:00Z
2026-07-20 02:00:08+00:00,0.0705,608365,Will OpenAI’s market cap be between $1T and $1.25T at market close on IPO day?,214579.09407000034,6484.29218,2026-06-30T00:00:00Z
2026-07-20 03:00:11+00:00,0.0705,608365,Will OpenAI’s market cap be between $1T and $1.25T at market close on IPO day?,214579.09407000034,6484.29218,2026-06-30T00:00:00Z
2026-07-20 04:00:08+00:00,0.0705,608365,Will OpenAI’s market cap be between $1T and $1.25T at market close on IPO day?,214579.09407000034,6484.29218,2026-06-30T00:00:00Z
2026-07-20 05:00:21+00:00,0.0705,608365,Will OpenAI’s market cap be between $1T and $1.25T at market close on IPO day?,214579.09407000034,6484.29218,2026-06-30T00:00:00Z
2026-07-20 06:00:15+00:00,0.0705,608365,Will OpenAI’s market cap be between $1T and $1.25T at market close on IPO day?,214579.09407000034,6484.29218,2026-06-30T00:00:00Z
2026-07-20 07:00:10+00:00,0.0795,608365,Will OpenAI’s market cap be between $1T and $1.25T at market close on IPO day?,214579.09407000034,6484.29218,2026-06-30T00:00:00Z
2026-07-20 08:00:06+00:00,0.0795,608365,Will OpenAI’s market cap be between $1T and $1.25T at market close on IPO day?,214579.09407000034,6484.29218,2026-06-30T00:00:00Z
2026-07-20 09:00:14+00:00,0.0795,608365,Will OpenAI’s market cap be between $1T and $1.25T at market close on IPO day?,214579.09407000034,6484.29218,2026-06-30T00:00:00Z
2026-07-20 10:00:06+00:00,0.0795,608365,Will OpenAI’s market cap be between $1T and $1.25T at market close on IPO day?,214579.09407000034,6484.29218,2026-06-30T00:00:00Z
2026-07-20 11:00:09+00:00,0.0795,608365,Will OpenAI’s market cap be between $1T and $1.25T at market close on IPO day?,214579.09407000034,6484.29218,2026-06-30T00:00:00Z
2026-07-20 12:00:11+00:00,0.0795,608365,Will OpenAI’s market cap be between $1T and $1.25T at market close on IPO day?,214579.09407000034,6484.29218,2026-06-30T00:00:00Z
2026-07-20 13:00:10+00:00,0.0795,608365,Will OpenAI’s market cap be between $1T and $1.25T at market close on IPO day?,214579.09407000034,6484.29218,2026-06-30T00:00:00Z
2026-07-20 14:00:07+00:00,0.0795,608365,Will OpenAI’s market cap be between $1T and $1.25T at market close on IPO day?,214579.09407000034,6484.29218,2026-06-30T00:00:00Z
2026-07-20 15:00:17+00:00,0.0795,608365,Will OpenAI’s market cap be between $1T and $1.25T at market close on IPO day?,214579.09407000034,6484.29218,2026-06-30T00:00:00Z
2026-07-20 16:00:10+00:00,0.08,608365,Will OpenAI’s market cap be between $1T and $1.25T at market close on IPO day?,214579.09407000034,6484.29218,2026-06-30T00:00:00Z
2026-07-20 17:00:21+00:00,0.08,608365,Will OpenAI’s market cap be between $1T and $1.25T at market close on IPO day?,214579.09407000034,6484.29218,2026-06-30T00:00:00Z
2026-07-20 18:00:13+00:00,0.08,608365,Will OpenAI’s market cap be between $1T and $1.25T at market close on IPO day?,214579.09407000034,6484.29218,2026-06-30T00:00:00Z
2026-07-20 19:00:09+00:00,0.08,608365,Will OpenAI’s market cap be between $1T and $1.25T at market close on IPO day?,214579.09407000034,6484.29218,2026-06-30T00:00:00Z
2026-07-20 20:00:25+00:00,0.08,608365,Will OpenAI’s market cap be between $1T and $1.25T at market close on IPO day?,214579.09407000034,6484.29218,2026-06-30T00:00:00Z
2026-07-20 21:00:14+00:00,0.08,608365,Will OpenAI’s market cap be between $1T and $1.25T at market close on IPO day?,214579.09407000034,6484.29218,2026-06-30T00:00:00Z
2026-07-20 22:00:06+00:00,0.08,608365,Will OpenAI’s market cap be between $1T and $1.25T at market close on IPO day?,214579.09407000034,6484.29218,2026-06-30T00:00:00Z
2026-07-20 23:00:06+00:00,0.08,608365,Will OpenAI’s market cap be between $1T and $1.25T at market close on IPO day?,214579.09407000034,6484.29218,2026-06-30T00:00:00Z
2026-07-21 00:00:13+00:00,0.08,608365,Will OpenAI’s market cap be between $1T and $1.25T at market close on IPO day?,214579.09407000034,6484.29218,2026-06-30T00:00:00Z
2026-07-21 01:00:13+00:00,0.08,608365,Will OpenAI’s market cap be between $1T and $1.25T at market close on IPO day?,214579.09407000034,6484.29218,2026-06-30T00:00:00Z
2026-07-21 02:00:13+00:00,0.08,608365,Will OpenAI’s market cap be between $1T and $1.25T at market close on IPO day?,214579.09407000034,6484.29218,2026-06-30T00:00:00Z
2026-07-21 03:00:14+00:00,0.08,608365,Will OpenAI’s market cap be between $1T and $1.25T at market close on IPO day?,214579.09407000034,6484.29218,2026-06-30T00:00:00Z
2026-07-21 04:00:22+00:00,0.08,608365,Will OpenAI’s market cap be between $1T and $1.25T at market close on IPO day?,214579.09407000034,6484.29218,2026-06-30T00:00:00Z
2026-07-21 05:00:09+00:00,0.08,608365,Will OpenAI’s market cap be between $1T and $1.25T at market close on IPO day?,214579.09407000034,6484.29218,2026-06-30T00:00:00Z
2026-07-21 06:00:14+00:00,0.08,608365,Will OpenAI’s market cap be between $1T and $1.25T at market close on IPO day?,214579.09407000034,6484.29218,2026-06-30T00:00:00Z
2026-07-21 07:00:14+00:00,0.08,608365,Will OpenAI’s market cap be between $1T and $1.25T at market close on IPO day?,214579.09407000034,6484.29218,2026-06-30T00:00:00Z
2026-07-21 08:00:10+00:00,0.08,608365,Will OpenAI’s market cap be between $1T and $1.25T at market close on IPO day?,214579.09407000034,6484.29218,2026-06-30T00:00:00Z
2026-07-21 09:00:13+00:00,0.08,608365,Will OpenAI’s market cap be between $1T and $1.25T at market close on IPO day?,214579.09407000034,6484.29218,2026-06-30T00:00:00Z
2026-07-21 10:00:10+00:00,0.08,608365,Will OpenAI’s market cap be between $1T and $1.25T at market close on IPO day?,214579.09407000034,6484.29218,2026-06-30T00:00:00Z
2026-07-21 11:00:09+00:00,0.08,608365,Will OpenAI’s market cap be between $1T and $1.25T at market close on IPO day?,214579.09407000034,6484.29218,2026-06-30T00:00:00Z
2026-07-21 12:00:18+00:00,0.0795,608365,Will OpenAI’s market cap be between $1T and $1.25T at market close on IPO day?,214579.09407000034,6484.29218,2026-06-30T00:00:00Z
2026-07-21 13:00:10+00:00,0.0795,608365,Will OpenAI’s market cap be between $1T and $1.25T at market close on IPO day?,214579.09407000034,6484.29218,2026-06-30T00:00:00Z
2026-07-21 14:00:09+00:00,0.0795,608365,Will OpenAI’s market cap be between $1T and $1.25T at market close on IPO day?,214579.09407000034,6484.29218,2026-06-30T00:00:00Z
2026-07-21 15:00:28+00:00,0.0795,608365,Will OpenAI’s market cap be between $1T and $1.25T at market close on IPO day?,214579.09407000034,6484.29218,2026-06-30T00:00:00Z
2026-07-21 16:00:13+00:00,0.0795,608365,Will OpenAI’s market cap be between $1T and $1.25T at market close on IPO day?,214579.09407000034,6484.29218,2026-06-30T00:00:00Z
2026-07-21 17:00:09+00:00,0.0795,608365,Will OpenAI’s market cap be between $1T and $1.25T at market close on IPO day?,214579.09407000034,6484.29218,2026-06-30T00:00:00Z
2026-07-21 18:00:28+00:00,0.0795,608365,Will OpenAI’s market cap be between $1T and $1.25T at market close on IPO day?,214579.09407000034,6484.29218,2026-06-30T00:00:00Z
2026-07-21 19:00:06+00:00,0.0795,608365,Will OpenAI’s market cap be between $1T and $1.25T at market close on IPO day?,214579.09407000034,6484.29218,2026-06-30T00:00:00Z
2026-07-21 20:00:07+00:00,0.0795,608365,Will OpenAI’s market cap be between $1T and $1.25T at market close on IPO day?,214579.09407000034,6484.29218,2026-06-30T00:00:00Z
2026-07-21 21:00:28+00:00,0.0795,608365,Will OpenAI’s market cap be between $1T and $1.25T at market close on IPO day?,214579.09407000034,6484.29218,2026-06-30T00:00:00Z
2026-07-21 22:00:09+00:00,0.0795,608365,Will OpenAI’s market cap be between $1T and $1.25T at market close on IPO day?,214579.09407000034,6484.29218,2026-06-30T00:00:00Z
2026-07-21 23:00:21+00:00,0.0795,608365,Will OpenAI’s market cap be between $1T and $1.25T at market close on IPO day?,214579.09407000034,6484.29218,2026-06-30T00:00:00Z
2026-07-22 00:00:11+00:00,0.0795,608365,Will OpenAI’s market cap be between $1T and $1.25T at market close on IPO day?,214579.09407000034,6484.29218,2026-06-30T00:00:00Z
2026-07-22 01:00:07+00:00,0.0795,608365,Will OpenAI’s market cap be between $1T and $1.25T at market close on IPO day?,214579.09407000034,6484.29218,2026-06-30T00:00:00Z
2026-07-22 02:00:07+00:00,0.0795,608365,Will OpenAI’s market cap be between $1T and $1.25T at market close on IPO day?,214579.09407000034,6484.29218,2026-06-30T00:00:00Z
2026-07-22 03:00:11+00:00,0.0795,608365,Will OpenAI’s market cap be between $1T and $1.25T at market close on IPO day?,214579.09407000034,6484.29218,2026-06-30T00:00:00Z
2026-07-22 04:00:09+00:00,0.0795,608365,Will OpenAI’s market cap be between $1T and $1.25T at market close on IPO day?,214579.09407000034,6484.29218,2026-06-30T00:00:00Z
2026-07-22 05:00:06+00:00,0.0795,608365,Will OpenAI’s market cap be between $1T and $1.25T at market close on IPO day?,214579.09407000034,6484.29218,2026-06-30T00:00:00Z
2026-07-22 06:00:26+00:00,0.0795,608365,Will OpenAI’s market cap be between $1T and $1.25T at market close on IPO day?,214579.09407000034,6484.29218,2026-06-30T00:00:00Z
2026-07-22 07:00:09+00:00,0.0795,608365,Will OpenAI’s market cap be between $1T and $1.25T at market close on IPO day?,214579.09407000034,6484.29218,2026-06-30T00:00:00Z
2026-07-22 08:00:06+00:00,0.0795,608365,Will OpenAI’s market cap be between $1T and $1.25T at market close on IPO day?,214579.09407000034,6484.29218,2026-06-30T00:00:00Z
2026-07-22 09:00:13+00:00,0.0795,608365,Will OpenAI’s market cap be between $1T and $1.25T at market close on IPO day?,214579.09407000034,6484.29218,2026-06-30T00:00:00Z
2026-07-22 10:00:07+00:00,0.0795,608365,Will OpenAI’s market cap be between $1T and $1.25T at market close on IPO day?,214579.09407000034,6484.29218,2026-06-30T00:00:00Z
2026-07-22 11:00:06+00:00,0.0795,608365,Will OpenAI’s market cap be between $1T and $1.25T at market close on IPO day?,214579.09407000034,6484.29218,2026-06-30T00:00:00Z
2026-07-22 12:00:11+00:00,0.0795,608365,Will OpenAI’s market cap be between $1T and $1.25T at market close on IPO day?,214579.09407000034,6484.29218,2026-06-30T00:00:00Z
2026-07-22 13:00:07+00:00,0.0795,608365,Will OpenAI’s market cap be between $1T and $1.25T at market close on IPO day?,214579.09407000034,6484.29218,2026-06-30T00:00:00Z
2026-07-22 14:00:06+00:00,0.0795,608365,Will OpenAI’s market cap be between $1T and $1.25T at market close on IPO day?,214579.09407000034,6484.29218,2026-06-30T00:00:00Z
2026-07-22 15:00:12+00:00,0.0795,608365,Will OpenAI’s market cap be between $1T and $1.25T at market close on IPO day?,214579.09407000034,6484.29218,2026-06-30T00:00:00Z
2026-07-22 16:00:07+00:00,0.0795,608365,Will OpenAI’s market cap be between $1T and $1.25T at market close on IPO day?,214579.09407000034,6484.29218,2026-06-30T00:00:00Z
2026-07-22 17:00:20+00:00,0.0795,608365,Will OpenAI’s market cap be between $1T and $1.25T at market close on IPO day?,214579.09407000034,6484.29218,2026-06-30T00:00:00Z
2026-07-22 18:00:13+00:00,0.0795,608365,Will OpenAI’s market cap be between $1T and $1.25T at market close on IPO day?,214579.09407000034,6484.29218,2026-06-30T00:00:00Z
2026-07-22 19:00:07+00:00,0.0795,608365,Will OpenAI’s market cap be between $1T and $1.25T at market close on IPO day?,214579.09407000034,6484.29218,2026-06-30T00:00:00Z
2026-07-22 20:00:09+00:00,0.0795,608365,Will OpenAI’s market cap be between $1T and $1.25T at market close on IPO day?,214579.09407000034,6484.29218,2026-06-30T00:00:00Z
2026-07-22 21:00:12+00:00,0.0795,608365,Will OpenAI’s market cap be between $1T and $1.25T at market close on IPO day?,214579.09407000034,6484.29218,2026-06-30T00:00:00Z
2026-07-22 22:00:13+00:00,0.0795,608365,Will OpenAI’s market cap be between $1T and $1.25T at market close on IPO day?,214579.09407000034,6484.29218,2026-06-30T00:00:00Z
2026-07-22 23:00:08+00:00,0.0795,608365,Will OpenAI’s market cap be between $1T and $1.25T at market close on IPO day?,214579.09407000034,6484.29218,2026-06-30T00:00:00Z
2026-07-23 00:00:19+00:00,0.0795,608365,Will OpenAI’s market cap be between $1T and $1.25T at market close on IPO day?,214579.09407000034,6484.29218,2026-06-30T00:00:00Z
2026-07-23 01:00:21+00:00,0.0795,608365,Will OpenAI’s market cap be between $1T and $1.25T at market close on IPO day?,214579.09407000034,6484.29218,2026-06-30T00:00:00Z
2026-07-23 02:00:09+00:00,0.0795,608365,Will OpenAI’s market cap be between $1T and $1.25T at market close on IPO day?,214579.09407000034,6484.29218,2026-06-30T00:00:00Z
2026-07-23 03:00:14+00:00,0.0795,608365,Will OpenAI’s market cap be between $1T and $1.25T at market close on IPO day?,214579.09407000034,6484.29218,2026-06-30T00:00:00Z
2026-07-23 04:00:12+00:00,0.0795,608365,Will OpenAI’s market cap be between $1T and $1.25T at market close on IPO day?,214579.09407000034,6484.29218,2026-06-30T00:00:00Z
2026-07-23 05:00:24+00:00,0.0795,608365,Will OpenAI’s market cap be between $1T and $1.25T at market close on IPO day?,214579.09407000034,6484.29218,2026-06-30T00:00:00Z
2026-07-23 06:00:27+00:00,0.0795,608365,Will OpenAI’s market cap be between $1T and $1.25T at market close on IPO day?,214579.09407000034,6484.29218,2026-06-30T00:00:00Z
2026-07-23 07:00:17+00:00,0.0795,608365,Will OpenAI’s market cap be between $1T and $1.25T at market close on IPO day?,214579.09407000034,6484.29218,2026-06-30T00:00:00Z
2026-07-23 08:00:08+00:00,0.0795,608365,Will OpenAI’s market cap be between $1T and $1.25T at market close on IPO day?,214579.09407000034,6484.29218,2026-06-30T00:00:00Z
2026-07-23 09:00:20+00:00,0.0795,608365,Will OpenAI’s market cap be between $1T and $1.25T at market close on IPO day?,214579.09407000034,6484.29218,2026-06-30T00:00:00Z
2026-07-23 10:00:19+00:00,0.0795,608365,Will OpenAI’s market cap be between $1T and $1.25T at market close on IPO day?,214579.09407000034,6484.29218,2026-06-30T00:00:00Z
2026-07-23 11:00:11+00:00,0.0795,608365,Will OpenAI’s market cap be between $1T and $1.25T at market close on IPO day?,214579.09407000034,6484.29218,2026-06-30T00:00:00Z
2026-07-23 12:00:30+00:00,0.0795,608365,Will OpenAI’s market cap be between $1T and $1.25T at market close on IPO day?,214579.09407000034,6484.29218,2026-06-30T00:00:00Z
2026-07-23 13:00:14+00:00,0.0795,608365,Will OpenAI’s market cap be between $1T and $1.25T at market close on IPO day?,214579.09407000034,6484.29218,2026-06-30T00:00:00Z
2026-07-23 14:00:14+00:00,0.0795,608365,Will OpenAI’s market cap be between $1T and $1.25T at market close on IPO day?,214579.09407000034,6484.29218,2026-06-30T00:00:00Z
2026-07-23 15:00:28+00:00,0.0795,608365,Will OpenAI’s market cap be between $1T and $1.25T at market close on IPO day?,214579.09407000034,6484.29218,2026-06-30T00:00:00Z
2026-07-23 16:00:14+00:00,0.0795,608365,Will OpenAI’s market cap be between $1T and $1.25T at market close on IPO day?,214579.09407000034,6484.29218,2026-06-30T00:00:00Z
2026-07-23 17:00:28+00:00,0.0795,608365,Will OpenAI’s market cap be between $1T and $1.25T at market close on IPO day?,214579.09407000034,6484.29218,2026-06-30T00:00:00Z
2026-07-23 18:00:27+00:00,0.0795,608365,Will OpenAI’s market cap be between $1T and $1.25T at market close on IPO day?,214579.09407000034,6484.29218,2026-06-30T00:00:00Z
2026-07-23 19:00:19+00:00,0.0795,608365,Will OpenAI’s market cap be between $1T and $1.25T at market close on IPO day?,214579.09407000034,6484.29218,2026-06-30T00:00:00Z
2026-07-23 20:00:16+00:00,0.0795,608365,Will OpenAI’s market cap be between $1T and $1.25T at market close on IPO day?,214579.09407000034,6484.29218,2026-06-30T00:00:00Z
2026-07-23 21:00:22+00:00,0.0795,608365,Will OpenAI’s market cap be between $1T and $1.25T at market close on IPO day?,214579.09407000034,6484.29218,2026-06-30T00:00:00Z
2026-07-23 22:00:17+00:00,0.0795,608365,Will OpenAI’s market cap be between $1T and $1.25T at market close on IPO day?,214579.09407000034,6484.29218,2026-06-30T00:00:00Z
2026-07-23 23:00:16+00:00,0.0795,608365,Will OpenAI’s market cap be between $1T and $1.25T at market close on IPO day?,214579.09407000034,6484.29218,2026-06-30T00:00:00Z
2026-07-24 00:00:21+00:00,0.0795,608365,Will OpenAI’s market cap be between $1T and $1.25T at market close on IPO day?,214579.09407000034,6484.29218,2026-06-30T00:00:00Z
2026-07-24 01:00:10+00:00,0.0795,608365,Will OpenAI’s market cap be between $1T and $1.25T at market close on IPO day?,214579.09407000034,6484.29218,2026-06-30T00:00:00Z
2026-07-24 02:00:13+00:00,0.0785,608365,Will OpenAI’s market cap be between $1T and $1.25T at market close on IPO day?,214579.09407000034,6484.29218,2026-06-30T00:00:00Z
2026-07-24 03:00:24+00:00,0.077,608365,Will OpenAI’s market cap be between $1T and $1.25T at market close on IPO day?,214579.09407000034,6484.29218,2026-06-30T00:00:00Z
2026-07-24 04:00:16+00:00,0.0755,608365,Will OpenAI’s market cap be between $1T and $1.25T at market close on IPO day?,214579.09407000034,6484.29218,2026-06-30T00:00:00Z
2026-07-24 05:00:27+00:00,0.0745,608365,Will OpenAI’s market cap be between $1T and $1.25T at market close on IPO day?,214579.09407000034,6484.29218,2026-06-30T00:00:00Z
2026-07-24 06:00:25+00:00,0.0745,608365,Will OpenAI’s market cap be between $1T and $1.25T at market close on IPO day?,214579.09407000034,6484.29218,2026-06-30T00:00:00Z
2026-07-24 07:00:12+00:00,0.0745,608365,Will OpenAI’s market cap be between $1T and $1.25T at market close on IPO day?,214579.09407000034,6484.29218,2026-06-30T00:00:00Z
2026-07-24 08:00:15+00:00,0.0745,608365,Will OpenAI’s market cap be between $1T and $1.25T at market close on IPO day?,214579.09407000034,6484.29218,2026-06-30T00:00:00Z
2026-07-24 09:00:24+00:00,0.0745,608365,Will OpenAI’s market cap be between $1T and $1.25T at market close on IPO day?,214579.09407000034,6484.29218,2026-06-30T00:00:00Z
2026-07-24 09:38:07+00:00,0.0745,608365,Will OpenAI’s market cap be between $1T and $1.25T at market close on IPO day?,214579.09407000034,6484.29218,2026-06-30T00:00:00Z
2026-07-10 10:00:17+00:00,0.011,608366,Will OpenAI’s market cap be between $1.25T and $1.5T at market close on IPO day?,524499.7850729994,11296.11223,2026-06-30T00:00:00Z
2026-07-10 11:00:05+00:00,0.011,608366,Will OpenAI’s market cap be between $1.25T and $1.5T at market close on IPO day?,524499.7850729994,11296.11223,2026-06-30T00:00:00Z
2026-07-10 12:00:07+00:00,0.011,608366,Will OpenAI’s market cap be between $1.25T and $1.5T at market close on IPO day?,524499.7850729994,11296.11223,2026-06-30T00:00:00Z
2026-07-10 13:00:05+00:00,0.011,608366,Will OpenAI’s market cap be between $1.25T and $1.5T at market close on IPO day?,524499.7850729994,11296.11223,2026-06-30T00:00:00Z
2026-07-10 14:00:05+00:00,0.011,608366,Will OpenAI’s market cap be between $1.25T and $1.5T at market close on IPO day?,524499.7850729994,11296.11223,2026-06-30T00:00:00Z
2026-07-10 15:00:06+00:00,0.011,608366,Will OpenAI’s market cap be between $1.25T and $1.5T at market close on IPO day?,524499.7850729994,11296.11223,2026-06-30T00:00:00Z
2026-07-10 16:00:05+00:00,0.011,608366,Will OpenAI’s market cap be between $1.25T and $1.5T at market close on IPO day?,524499.7850729994,11296.11223,2026-06-30T00:00:00Z
2026-07-10 17:00:04+00:00,0.011,608366,Will OpenAI’s market cap be between $1.25T and $1.5T at market close on IPO day?,524499.7850729994,11296.11223,2026-06-30T00:00:00Z
2026-07-10 18:00:05+00:00,0.011,608366,Will OpenAI’s market cap be between $1.25T and $1.5T at market close on IPO day?,524499.7850729994,11296.11223,2026-06-30T00:00:00Z
2026-07-10 19:00:05+00:00,0.011,608366,Will OpenAI’s market cap be between $1.25T and $1.5T at market close on IPO day?,524499.7850729994,11296.11223,2026-06-30T00:00:00Z
2026-07-10 20:00:05+00:00,0.011,608366,Will OpenAI’s market cap be between $1.25T and $1.5T at market close on IPO day?,524499.7850729994,11296.11223,2026-06-30T00:00:00Z
2026-07-10 21:00:06+00:00,0.011,608366,Will OpenAI’s market cap be between $1.25T and $1.5T at market close on IPO day?,524499.7850729994,11296.11223,2026-06-30T00:00:00Z
2026-07-10 23:00:21+00:00,0.011,608366,Will OpenAI’s market cap be between $1.25T and $1.5T at market close on IPO day?,524499.7850729994,11296.11223,2026-06-30T00:00:00Z
2026-07-11 00:00:08+00:00,0.011,608366,Will OpenAI’s market cap be between $1.25T and $1.5T at market close on IPO day?,524499.7850729994,11296.11223,2026-06-30T00:00:00Z
2026-07-11 01:00:05+00:00,0.011,608366,Will OpenAI’s market cap be between $1.25T and $1.5T at market close on IPO day?,524499.7850729994,11296.11223,2026-06-30T00:00:00Z
2026-07-11 02:00:05+00:00,0.011,608366,Will OpenAI’s market cap be between $1.25T and $1.5T at market close on IPO day?,524499.7850729994,11296.11223,2026-06-30T00:00:00Z
2026-07-11 03:00:05+00:00,0.011,608366,Will OpenAI’s market cap be between $1.25T and $1.5T at market close on IPO day?,524499.7850729994,11296.11223,2026-06-30T00:00:00Z
2026-07-11 04:00:07+00:00,0.011,608366,Will OpenAI’s market cap be between $1.25T and $1.5T at market close on IPO day?,524499.7850729994,11296.11223,2026-06-30T00:00:00Z
2026-07-11 05:00:06+00:00,0.011,608366,Will OpenAI’s market cap be between $1.25T and $1.5T at market close on IPO day?,524499.7850729994,11296.11223,2026-06-30T00:00:00Z
2026-07-11 06:00:08+00:00,0.011,608366,Will OpenAI’s market cap be between $1.25T and $1.5T at market close on IPO day?,524499.7850729994,11296.11223,2026-06-30T00:00:00Z
2026-07-11 07:00:05+00:00,0.011,608366,Will OpenAI’s market cap be between $1.25T and $1.5T at market close on IPO day?,524499.7850729994,11296.11223,2026-06-30T00:00:00Z
2026-07-11 08:00:05+00:00,0.011,608366,Will OpenAI’s market cap be between $1.25T and $1.5T at market close on IPO day?,524499.7850729994,11296.11223,2026-06-30T00:00:00Z
2026-07-11 09:00:05+00:00,0.011,608366,Will OpenAI’s market cap be between $1.25T and $1.5T at market close on IPO day?,524499.7850729994,11296.11223,2026-06-30T00:00:00Z
2026-07-11 10:00:05+00:00,0.011,608366,Will OpenAI’s market cap be between $1.25T and $1.5T at market close on IPO day?,524499.7850729994,11296.11223,2026-06-30T00:00:00Z
2026-07-11 11:00:05+00:00,0.011,608366,Will OpenAI’s market cap be between $1.25T and $1.5T at market close on IPO day?,524499.7850729994,11296.11223,2026-06-30T00:00:00Z
2026-07-11 12:00:08+00:00,0.011,608366,Will OpenAI’s market cap be between $1.25T and $1.5T at market close on IPO day?,524499.7850729994,11296.11223,2026-06-30T00:00:00Z
2026-07-11 13:00:05+00:00,0.011,608366,Will OpenAI’s market cap be between $1.25T and $1.5T at market close on IPO day?,524499.7850729994,11296.11223,2026-06-30T00:00:00Z
2026-07-11 14:00:05+00:00,0.011,608366,Will OpenAI’s market cap be between $1.25T and $1.5T at market close on IPO day?,524499.7850729994,11296.11223,2026-06-30T00:00:00Z
2026-07-11 15:00:06+00:00,0.011,608366,Will OpenAI’s market cap be between $1.25T and $1.5T at market close on IPO day?,524499.7850729994,11296.11223,2026-06-30T00:00:00Z
2026-07-11 16:00:04+00:00,0.011,608366,Will OpenAI’s market cap be between $1.25T and $1.5T at market close on IPO day?,524499.7850729994,11296.11223,2026-06-30T00:00:00Z
2026-07-11 17:00:06+00:00,0.011,608366,Will OpenAI’s market cap be between $1.25T and $1.5T at market close on IPO day?,524499.7850729994,11296.11223,2026-06-30T00:00:00Z
2026-07-11 18:00:07+00:00,0.011,608366,Will OpenAI’s market cap be between $1.25T and $1.5T at market close on IPO day?,524499.7850729994,11296.11223,2026-06-30T00:00:00Z
2026-07-11 19:00:05+00:00,0.011,608366,Will OpenAI’s market cap be between $1.25T and $1.5T at market close on IPO day?,524499.7850729994,11296.11223,2026-06-30T00:00:00Z
2026-07-11 20:00:06+00:00,0.011,608366,Will OpenAI’s market cap be between $1.25T and $1.5T at market close on IPO day?,524499.7850729994,11296.11223,2026-06-30T00:00:00Z
2026-07-11 21:00:06+00:00,0.011,608366,Will OpenAI’s market cap be between $1.25T and $1.5T at market close on IPO day?,524499.7850729994,11296.11223,2026-06-30T00:00:00Z
2026-07-11 22:00:04+00:00,0.011,608366,Will OpenAI’s market cap be between $1.25T and $1.5T at market close on IPO day?,524499.7850729994,11296.11223,2026-06-30T00:00:00Z
2026-07-11 23:00:04+00:00,0.011,608366,Will OpenAI’s market cap be between $1.25T and $1.5T at market close on IPO day?,524499.7850729994,11296.11223,2026-06-30T00:00:00Z
2026-07-12 00:00:20+00:00,0.011,608366,Will OpenAI’s market cap be between $1.25T and $1.5T at market close on IPO day?,524499.7850729994,11296.11223,2026-06-30T00:00:00Z
2026-07-12 01:00:05+00:00,0.011,608366,Will OpenAI’s market cap be between $1.25T and $1.5T at market close on IPO day?,524499.7850729994,11296.11223,2026-06-30T00:00:00Z
2026-07-12 02:00:06+00:00,0.011,608366,Will OpenAI’s market cap be between $1.25T and $1.5T at market close on IPO day?,524499.7850729994,11296.11223,2026-06-30T00:00:00Z
2026-07-12 03:00:06+00:00,0.011,608366,Will OpenAI’s market cap be between $1.25T and $1.5T at market close on IPO day?,524499.7850729994,11296.11223,2026-06-30T00:00:00Z
2026-07-12 04:00:05+00:00,0.011,608366,Will OpenAI’s market cap be between $1.25T and $1.5T at market close on IPO day?,524499.7850729994,11296.11223,2026-06-30T00:00:00Z
2026-07-12 05:00:04+00:00,0.011,608366,Will OpenAI’s market cap be between $1.25T and $1.5T at market close on IPO day?,524499.7850729994,11296.11223,2026-06-30T00:00:00Z
2026-07-12 06:00:05+00:00,0.011,608366,Will OpenAI’s market cap be between $1.25T and $1.5T at market close on IPO day?,524499.7850729994,11296.11223,2026-06-30T00:00:00Z
2026-07-12 07:00:09+00:00,0.0085,608366,Will OpenAI’s market cap be between $1.25T and $1.5T at market close on IPO day?,524499.7850729994,11296.11223,2026-06-30T00:00:00Z
2026-07-12 08:00:04+00:00,0.0085,608366,Will OpenAI’s market cap be between $1.25T and $1.5T at market close on IPO day?,524499.7850729994,11296.11223,2026-06-30T00:00:00Z
2026-07-12 09:00:05+00:00,0.0085,608366,Will OpenAI’s market cap be between $1.25T and $1.5T at market close on IPO day?,524499.7850729994,11296.11223,2026-06-30T00:00:00Z
2026-07-12 10:00:05+00:00,0.0085,608366,Will OpenAI’s market cap be between $1.25T and $1.5T at market close on IPO day?,524499.7850729994,11296.11223,2026-06-30T00:00:00Z
2026-07-12 11:00:19+00:00,0.0085,608366,Will OpenAI’s market cap be between $1.25T and $1.5T at market close on IPO day?,524499.7850729994,11296.11223,2026-06-30T00:00:00Z
2026-07-12 12:00:09+00:00,0.011,608366,Will OpenAI’s market cap be between $1.25T and $1.5T at market close on IPO day?,524499.7850729994,11296.11223,2026-06-30T00:00:00Z
2026-07-12 13:00:05+00:00,0.011,608366,Will OpenAI’s market cap be between $1.25T and $1.5T at market close on IPO day?,524499.7850729994,11296.11223,2026-06-30T00:00:00Z
2026-07-12 14:00:05+00:00,0.011,608366,Will OpenAI’s market cap be between $1.25T and $1.5T at market close on IPO day?,524499.7850729994,11296.11223,2026-06-30T00:00:00Z
2026-07-12 15:00:05+00:00,0.011,608366,Will OpenAI’s market cap be between $1.25T and $1.5T at market close on IPO day?,524499.7850729994,11296.11223,2026-06-30T00:00:00Z
2026-07-12 16:00:04+00:00,0.011,608366,Will OpenAI’s market cap be between $1.25T and $1.5T at market close on IPO day?,524499.7850729994,11296.11223,2026-06-30T00:00:00Z
2026-07-12 17:00:05+00:00,0.011,608366,Will OpenAI’s market cap be between $1.25T and $1.5T at market close on IPO day?,524499.7850729994,11296.11223,2026-06-30T00:00:00Z
2026-07-12 18:00:07+00:00,0.011,608366,Will OpenAI’s market cap be between $1.25T and $1.5T at market close on IPO day?,524499.7850729994,11296.11223,2026-06-30T00:00:00Z
2026-07-12 19:00:06+00:00,0.011,608366,Will OpenAI’s market cap be between $1.25T and $1.5T at market close on IPO day?,524499.7850729994,11296.11223,2026-06-30T00:00:00Z
2026-07-12 20:00:06+00:00,0.011,608366,Will OpenAI’s market cap be between $1.25T and $1.5T at market close on IPO day?,524499.7850729994,11296.11223,2026-06-30T00:00:00Z
2026-07-12 21:00:06+00:00,0.011,608366,Will OpenAI’s market cap be between $1.25T and $1.5T at market close on IPO day?,524499.7850729994,11296.11223,2026-06-30T00:00:00Z
2026-07-12 22:00:10+00:00,0.011,608366,Will OpenAI’s market cap be between $1.25T and $1.5T at market close on IPO day?,524499.7850729994,11296.11223,2026-06-30T00:00:00Z
2026-07-12 23:00:04+00:00,0.011,608366,Will OpenAI’s market cap be between $1.25T and $1.5T at market close on IPO day?,524499.7850729994,11296.11223,2026-06-30T00:00:00Z
2026-07-13 00:00:08+00:00,0.011,608366,Will OpenAI’s market cap be between $1.25T and $1.5T at market close on IPO day?,524499.7850729994,11296.11223,2026-06-30T00:00:00Z
2026-07-13 01:00:05+00:00,0.011,608366,Will OpenAI’s market cap be between $1.25T and $1.5T at market close on IPO day?,524499.7850729994,11296.11223,2026-06-30T00:00:00Z
2026-07-13 02:00:04+00:00,0.011,608366,Will OpenAI’s market cap be between $1.25T and $1.5T at market close on IPO day?,524499.7850729994,11296.11223,2026-06-30T00:00:00Z
2026-07-13 03:00:05+00:00,0.011,608366,Will OpenAI’s market cap be between $1.25T and $1.5T at market close on IPO day?,524499.7850729994,11296.11223,2026-06-30T00:00:00Z
2026-07-13 04:00:05+00:00,0.011,608366,Will OpenAI’s market cap be between $1.25T and $1.5T at market close on IPO day?,524499.7850729994,11296.11223,2026-06-30T00:00:00Z
2026-07-13 05:00:07+00:00,0.011,608366,Will OpenAI’s market cap be between $1.25T and $1.5T at market close on IPO day?,524499.7850729994,11296.11223,2026-06-30T00:00:00Z
2026-07-13 06:00:07+00:00,0.011,608366,Will OpenAI’s market cap be between $1.25T and $1.5T at market close on IPO day?,524499.7850729994,11296.11223,2026-06-30T00:00:00Z
2026-07-13 07:00:06+00:00,0.011,608366,Will OpenAI’s market cap be between $1.25T and $1.5T at market close on IPO day?,524499.7850729994,11296.11223,2026-06-30T00:00:00Z
2026-07-13 08:00:07+00:00,0.011,608366,Will OpenAI’s market cap be between $1.25T and $1.5T at market close on IPO day?,524499.7850729994,11296.11223,2026-06-30T00:00:00Z
2026-07-13 09:00:06+00:00,0.011,608366,Will OpenAI’s market cap be between $1.25T and $1.5T at market close on IPO day?,524499.7850729994,11296.11223,2026-06-30T00:00:00Z
2026-07-13 10:00:05+00:00,0.011,608366,Will OpenAI’s market cap be between $1.25T and $1.5T at market close on IPO day?,524499.7850729994,11296.11223,2026-06-30T00:00:00Z
2026-07-13 11:00:04+00:00,0.011,608366,Will OpenAI’s market cap be between $1.25T and $1.5T at market close on IPO day?,524499.7850729994,11296.11223,2026-06-30T00:00:00Z
2026-07-13 12:00:08+00:00,0.011,608366,Will OpenAI’s market cap be between $1.25T and $1.5T at market close on IPO day?,524499.7850729994,11296.11223,2026-06-30T00:00:00Z
2026-07-13 13:00:04+00:00,0.011,608366,Will OpenAI’s market cap be between $1.25T and $1.5T at market close on IPO day?,524499.7850729994,11296.11223,2026-06-30T00:00:00Z
2026-07-13 14:00:19+00:00,0.011,608366,Will OpenAI’s market cap be between $1.25T and $1.5T at market close on IPO day?,524499.7850729994,11296.11223,2026-06-30T00:00:00Z
2026-07-13 15:00:23+00:00,0.011,608366,Will OpenAI’s market cap be between $1.25T and $1.5T at market close on IPO day?,524499.7850729994,11296.11223,2026-06-30T00:00:00Z
2026-07-13 16:00:05+00:00,0.011,608366,Will OpenAI’s market cap be between $1.25T and $1.5T at market close on IPO day?,524499.7850729994,11296.11223,2026-06-30T00:00:00Z
2026-07-13 17:00:06+00:00,0.011,608366,Will OpenAI’s market cap be between $1.25T and $1.5T at market close on IPO day?,524499.7850729994,11296.11223,2026-06-30T00:00:00Z
2026-07-13 18:00:05+00:00,0.011,608366,Will OpenAI’s market cap be between $1.25T and $1.5T at market close on IPO day?,524499.7850729994,11296.11223,2026-06-30T00:00:00Z
2026-07-13 19:00:06+00:00,0.011,608366,Will OpenAI’s market cap be between $1.25T and $1.5T at market close on IPO day?,524499.7850729994,11296.11223,2026-06-30T00:00:00Z
2026-07-13 20:00:06+00:00,0.011,608366,Will OpenAI’s market cap be between $1.25T and $1.5T at market close on IPO day?,524499.7850729994,11296.11223,2026-06-30T00:00:00Z
2026-07-13 21:00:06+00:00,0.011,608366,Will OpenAI’s market cap be between $1.25T and $1.5T at market close on IPO day?,524499.7850729994,11296.11223,2026-06-30T00:00:00Z
2026-07-13 22:00:05+00:00,0.011,608366,Will OpenAI’s market cap be between $1.25T and $1.5T at market close on IPO day?,524499.7850729994,11296.11223,2026-06-30T00:00:00Z
2026-07-13 23:00:06+00:00,0.011,608366,Will OpenAI’s market cap be between $1.25T and $1.5T at market close on IPO day?,524499.7850729994,11296.11223,2026-06-30T00:00:00Z
2026-07-14 00:00:09+00:00,0.011,608366,Will OpenAI’s market cap be between $1.25T and $1.5T at market close on IPO day?,524499.7850729994,11296.11223,2026-06-30T00:00:00Z
2026-07-14 01:00:04+00:00,0.011,608366,Will OpenAI’s market cap be between $1.25T and $1.5T at market close on IPO day?,524499.7850729994,11296.11223,2026-06-30T00:00:00Z
2026-07-14 02:00:04+00:00,0.011,608366,Will OpenAI’s market cap be between $1.25T and $1.5T at market close on IPO day?,524499.7850729994,11296.11223,2026-06-30T00:00:00Z
2026-07-14 03:00:08+00:00,0.011,608366,Will OpenAI’s market cap be between $1.25T and $1.5T at market close on IPO day?,524499.7850729994,11296.11223,2026-06-30T00:00:00Z
2026-07-14 04:00:05+00:00,0.011,608366,Will OpenAI’s market cap be between $1.25T and $1.5T at market close on IPO day?,524499.7850729994,11296.11223,2026-06-30T00:00:00Z
2026-07-14 05:00:06+00:00,0.011,608366,Will OpenAI’s market cap be between $1.25T and $1.5T at market close on IPO day?,524499.7850729994,11296.11223,2026-06-30T00:00:00Z
2026-07-14 06:00:07+00:00,0.011,608366,Will OpenAI’s market cap be between $1.25T and $1.5T at market close on IPO day?,524499.7850729994,11296.11223,2026-06-30T00:00:00Z
2026-07-14 07:00:09+00:00,0.011,608366,Will OpenAI’s market cap be between $1.25T and $1.5T at market close on IPO day?,524499.7850729994,11296.11223,2026-06-30T00:00:00Z
2026-07-14 08:00:05+00:00,0.011,608366,Will OpenAI’s market cap be between $1.25T and $1.5T at market close on IPO day?,524499.7850729994,11296.11223,2026-06-30T00:00:00Z
2026-07-14 09:00:06+00:00,0.011,608366,Will OpenAI’s market cap be between $1.25T and $1.5T at market close on IPO day?,524499.7850729994,11296.11223,2026-06-30T00:00:00Z
2026-07-14 10:00:07+00:00,0.011,608366,Will OpenAI’s market cap be between $1.25T and $1.5T at market close on IPO day?,524499.7850729994,11296.11223,2026-06-30T00:00:00Z
2026-07-14 11:00:06+00:00,0.011,608366,Will OpenAI’s market cap be between $1.25T and $1.5T at market close on IPO day?,524499.7850729994,11296.11223,2026-06-30T00:00:00Z
2026-07-14 12:00:13+00:00,0.011,608366,Will OpenAI’s market cap be between $1.25T and $1.5T at market close on IPO day?,524499.7850729994,11296.11223,2026-06-30T00:00:00Z
2026-07-14 13:00:08+00:00,0.011,608366,Will OpenAI’s market cap be between $1.25T and $1.5T at market close on IPO day?,524499.7850729994,11296.11223,2026-06-30T00:00:00Z
2026-07-14 14:00:12+00:00,0.011,608366,Will OpenAI’s market cap be between $1.25T and $1.5T at market close on IPO day?,524499.7850729994,11296.11223,2026-06-30T00:00:00Z
2026-07-14 15:00:09+00:00,0.011,608366,Will OpenAI’s market cap be between $1.25T and $1.5T at market close on IPO day?,524499.7850729994,11296.11223,2026-06-30T00:00:00Z
2026-07-14 16:00:12+00:00,0.011,608366,Will OpenAI’s market cap be between $1.25T and $1.5T at market close on IPO day?,524499.7850729994,11296.11223,2026-06-30T00:00:00Z
2026-07-14 17:00:16+00:00,0.011,608366,Will OpenAI’s market cap be between $1.25T and $1.5T at market close on IPO day?,524499.7850729994,11296.11223,2026-06-30T00:00:00Z
2026-07-14 18:00:17+00:00,0.011,608366,Will OpenAI’s market cap be between $1.25T and $1.5T at market close on IPO day?,524499.7850729994,11296.11223,2026-06-30T00:00:00Z
2026-07-14 19:00:08+00:00,0.011,608366,Will OpenAI’s market cap be between $1.25T and $1.5T at market close on IPO day?,524499.7850729994,11296.11223,2026-06-30T00:00:00Z
2026-07-14 20:00:07+00:00,0.011,608366,Will OpenAI’s market cap be between $1.25T and $1.5T at market close on IPO day?,524499.7850729994,11296.11223,2026-06-30T00:00:00Z
2026-07-14 21:00:08+00:00,0.011,608366,Will OpenAI’s market cap be between $1.25T and $1.5T at market close on IPO day?,524499.7850729994,11296.11223,2026-06-30T00:00:00Z
2026-07-14 22:00:05+00:00,0.011,608366,Will OpenAI’s market cap be between $1.25T and $1.5T at market close on IPO day?,524499.7850729994,11296.11223,2026-06-30T00:00:00Z
2026-07-14 23:00:07+00:00,0.011,608366,Will OpenAI’s market cap be between $1.25T and $1.5T at market close on IPO day?,524499.7850729994,11296.11223,2026-06-30T00:00:00Z
2026-07-15 00:00:11+00:00,0.011,608366,Will OpenAI’s market cap be between $1.25T and $1.5T at market close on IPO day?,524499.7850729994,11296.11223,2026-06-30T00:00:00Z
2026-07-15 01:00:08+00:00,0.011,608366,Will OpenAI’s market cap be between $1.25T and $1.5T at market close on IPO day?,524499.7850729994,11296.11223,2026-06-30T00:00:00Z
2026-07-15 02:00:10+00:00,0.011,608366,Will OpenAI’s market cap be between $1.25T and $1.5T at market close on IPO day?,524499.7850729994,11296.11223,2026-06-30T00:00:00Z
2026-07-15 03:00:10+00:00,0.011,608366,Will OpenAI’s market cap be between $1.25T and $1.5T at market close on IPO day?,524499.7850729994,11296.11223,2026-06-30T00:00:00Z
2026-07-15 04:00:06+00:00,0.011,608366,Will OpenAI’s market cap be between $1.25T and $1.5T at market close on IPO day?,524499.7850729994,11296.11223,2026-06-30T00:00:00Z
2026-07-15 05:00:21+00:00,0.011,608366,Will OpenAI’s market cap be between $1.25T and $1.5T at market close on IPO day?,524499.7850729994,11296.11223,2026-06-30T00:00:00Z
2026-07-15 06:00:10+00:00,0.011,608366,Will OpenAI’s market cap be between $1.25T and $1.5T at market close on IPO day?,524499.7850729994,11296.11223,2026-06-30T00:00:00Z
2026-07-15 07:00:21+00:00,0.011,608366,Will OpenAI’s market cap be between $1.25T and $1.5T at market close on IPO day?,524499.7850729994,11296.11223,2026-06-30T00:00:00Z
2026-07-15 08:00:22+00:00,0.011,608366,Will OpenAI’s market cap be between $1.25T and $1.5T at market close on IPO day?,524499.7850729994,11296.11223,2026-06-30T00:00:00Z
2026-07-15 09:00:08+00:00,0.011,608366,Will OpenAI’s market cap be between $1.25T and $1.5T at market close on IPO day?,524499.7850729994,11296.11223,2026-06-30T00:00:00Z
2026-07-15 10:00:05+00:00,0.011,608366,Will OpenAI’s market cap be between $1.25T and $1.5T at market close on IPO day?,524499.7850729994,11296.11223,2026-06-30T00:00:00Z
2026-07-15 11:00:09+00:00,0.011,608366,Will OpenAI’s market cap be between $1.25T and $1.5T at market close on IPO day?,524499.7850729994,11296.11223,2026-06-30T00:00:00Z
2026-07-15 12:00:23+00:00,0.011,608366,Will OpenAI’s market cap be between $1.25T and $1.5T at market close on IPO day?,524499.7850729994,11296.11223,2026-06-30T00:00:00Z
2026-07-15 13:00:07+00:00,0.011,608366,Will OpenAI’s market cap be between $1.25T and $1.5T at market close on IPO day?,524499.7850729994,11296.11223,2026-06-30T00:00:00Z
2026-07-15 14:00:07+00:00,0.0155,608366,Will OpenAI’s market cap be between $1.25T and $1.5T at market close on IPO day?,524499.7850729994,11296.11223,2026-06-30T00:00:00Z
2026-07-15 15:00:11+00:00,0.0155,608366,Will OpenAI’s market cap be between $1.25T and $1.5T at market close on IPO day?,524499.7850729994,11296.11223,2026-06-30T00:00:00Z
2026-07-15 16:00:06+00:00,0.0155,608366,Will OpenAI’s market cap be between $1.25T and $1.5T at market close on IPO day?,524499.7850729994,11296.11223,2026-06-30T00:00:00Z
2026-07-15 17:00:07+00:00,0.0155,608366,Will OpenAI’s market cap be between $1.25T and $1.5T at market close on IPO day?,524499.7850729994,11296.11223,2026-06-30T00:00:00Z
2026-07-15 18:00:10+00:00,0.0155,608366,Will OpenAI’s market cap be between $1.25T and $1.5T at market close on IPO day?,524499.7850729994,11296.11223,2026-06-30T00:00:00Z
2026-07-15 19:00:09+00:00,0.0155,608366,Will OpenAI’s market cap be between $1.25T and $1.5T at market close on IPO day?,524499.7850729994,11296.11223,2026-06-30T00:00:00Z
2026-07-15 20:00:06+00:00,0.0155,608366,Will OpenAI’s market cap be between $1.25T and $1.5T at market close on IPO day?,524499.7850729994,11296.11223,2026-06-30T00:00:00Z
2026-07-15 21:00:07+00:00,0.0155,608366,Will OpenAI’s market cap be between $1.25T and $1.5T at market close on IPO day?,524499.7850729994,11296.11223,2026-06-30T00:00:00Z
2026-07-15 22:00:05+00:00,0.0155,608366,Will OpenAI’s market cap be between $1.25T and $1.5T at market close on IPO day?,524499.7850729994,11296.11223,2026-06-30T00:00:00Z
2026-07-15 23:00:06+00:00,0.0155,608366,Will OpenAI’s market cap be between $1.25T and $1.5T at market close on IPO day?,524499.7850729994,11296.11223,2026-06-30T00:00:00Z
2026-07-16 00:00:11+00:00,0.0155,608366,Will OpenAI’s market cap be between $1.25T and $1.5T at market close on IPO day?,524499.7850729994,11296.11223,2026-06-30T00:00:00Z
2026-07-16 01:00:05+00:00,0.0155,608366,Will OpenAI’s market cap be between $1.25T and $1.5T at market close on IPO day?,524499.7850729994,11296.11223,2026-06-30T00:00:00Z
2026-07-16 02:00:05+00:00,0.0155,608366,Will OpenAI’s market cap be between $1.25T and $1.5T at market close on IPO day?,524499.7850729994,11296.11223,2026-06-30T00:00:00Z
2026-07-16 03:00:09+00:00,0.0155,608366,Will OpenAI’s market cap be between $1.25T and $1.5T at market close on IPO day?,524499.7850729994,11296.11223,2026-06-30T00:00:00Z
2026-07-16 04:00:06+00:00,0.0155,608366,Will OpenAI’s market cap be between $1.25T and $1.5T at market close on IPO day?,524499.7850729994,11296.11223,2026-06-30T00:00:00Z
2026-07-16 05:00:05+00:00,0.0155,608366,Will OpenAI’s market cap be between $1.25T and $1.5T at market close on IPO day?,524499.7850729994,11296.11223,2026-06-30T00:00:00Z
2026-07-16 06:00:11+00:00,0.0155,608366,Will OpenAI’s market cap be between $1.25T and $1.5T at market close on IPO day?,524499.7850729994,11296.11223,2026-06-30T00:00:00Z
2026-07-16 07:00:08+00:00,0.0155,608366,Will OpenAI’s market cap be between $1.25T and $1.5T at market close on IPO day?,524499.7850729994,11296.11223,2026-06-30T00:00:00Z
2026-07-16 08:00:04+00:00,0.0125,608366,Will OpenAI’s market cap be between $1.25T and $1.5T at market close on IPO day?,524499.7850729994,11296.11223,2026-06-30T00:00:00Z
2026-07-16 09:00:10+00:00,0.0155,608366,Will OpenAI’s market cap be between $1.25T and $1.5T at market close on IPO day?,524499.7850729994,11296.11223,2026-06-30T00:00:00Z
2026-07-16 10:00:07+00:00,0.0155,608366,Will OpenAI’s market cap be between $1.25T and $1.5T at market close on IPO day?,524499.7850729994,11296.11223,2026-06-30T00:00:00Z
2026-07-16 11:00:06+00:00,0.0155,608366,Will OpenAI’s market cap be between $1.25T and $1.5T at market close on IPO day?,524499.7850729994,11296.11223,2026-06-30T00:00:00Z
2026-07-16 12:00:07+00:00,0.0155,608366,Will OpenAI’s market cap be between $1.25T and $1.5T at market close on IPO day?,524499.7850729994,11296.11223,2026-06-30T00:00:00Z
2026-07-16 13:00:07+00:00,0.0155,608366,Will OpenAI’s market cap be between $1.25T and $1.5T at market close on IPO day?,524499.7850729994,11296.11223,2026-06-30T00:00:00Z
2026-07-16 14:00:05+00:00,0.0155,608366,Will OpenAI’s market cap be between $1.25T and $1.5T at market close on IPO day?,524499.7850729994,11296.11223,2026-06-30T00:00:00Z
2026-07-16 15:00:08+00:00,0.0155,608366,Will OpenAI’s market cap be between $1.25T and $1.5T at market close on IPO day?,524499.7850729994,11296.11223,2026-06-30T00:00:00Z
2026-07-16 16:00:05+00:00,0.0155,608366,Will OpenAI’s market cap be between $1.25T and $1.5T at market close on IPO day?,524499.7850729994,11296.11223,2026-06-30T00:00:00Z
2026-07-16 17:00:06+00:00,0.0155,608366,Will OpenAI’s market cap be between $1.25T and $1.5T at market close on IPO day?,524499.7850729994,11296.11223,2026-06-30T00:00:00Z
2026-07-16 18:00:21+00:00,0.0155,608366,Will OpenAI’s market cap be between $1.25T and $1.5T at market close on IPO day?,524499.7850729994,11296.11223,2026-06-30T00:00:00Z
2026-07-16 19:00:06+00:00,0.0155,608366,Will OpenAI’s market cap be between $1.25T and $1.5T at market close on IPO day?,524499.7850729994,11296.11223,2026-06-30T00:00:00Z
2026-07-16 20:00:07+00:00,0.0155,608366,Will OpenAI’s market cap be between $1.25T and $1.5T at market close on IPO day?,524499.7850729994,11296.11223,2026-06-30T00:00:00Z
2026-07-16 21:00:07+00:00,0.0155,608366,Will OpenAI’s market cap be between $1.25T and $1.5T at market close on IPO day?,524499.7850729994,11296.11223,2026-06-30T00:00:00Z
2026-07-16 22:00:06+00:00,0.0155,608366,Will OpenAI’s market cap be between $1.25T and $1.5T at market close on IPO day?,524499.7850729994,11296.11223,2026-06-30T00:00:00Z
2026-07-16 23:00:08+00:00,0.0155,608366,Will OpenAI’s market cap be between $1.25T and $1.5T at market close on IPO day?,524499.7850729994,11296.11223,2026-06-30T00:00:00Z
2026-07-17 00:00:10+00:00,0.0155,608366,Will OpenAI’s market cap be between $1.25T and $1.5T at market close on IPO day?,524499.7850729994,11296.11223,2026-06-30T00:00:00Z
2026-07-17 01:00:05+00:00,0.0155,608366,Will OpenAI’s market cap be between $1.25T and $1.5T at market close on IPO day?,524499.7850729994,11296.11223,2026-06-30T00:00:00Z
2026-07-17 02:00:06+00:00,0.0155,608366,Will OpenAI’s market cap be between $1.25T and $1.5T at market close on IPO day?,524499.7850729994,11296.11223,2026-06-30T00:00:00Z
2026-07-17 03:00:08+00:00,0.0155,608366,Will OpenAI’s market cap be between $1.25T and $1.5T at market close on IPO day?,524499.7850729994,11296.11223,2026-06-30T00:00:00Z
2026-07-17 04:00:06+00:00,0.0155,608366,Will OpenAI’s market cap be between $1.25T and $1.5T at market close on IPO day?,524499.7850729994,11296.11223,2026-06-30T00:00:00Z
2026-07-17 05:00:07+00:00,0.011,608366,Will OpenAI’s market cap be between $1.25T and $1.5T at market close on IPO day?,524499.7850729994,11296.11223,2026-06-30T00:00:00Z
2026-07-17 06:00:08+00:00,0.011,608366,Will OpenAI’s market cap be between $1.25T and $1.5T at market close on IPO day?,524499.7850729994,11296.11223,2026-06-30T00:00:00Z
2026-07-17 07:00:04+00:00,0.011,608366,Will OpenAI’s market cap be between $1.25T and $1.5T at market close on IPO day?,524499.7850729994,11296.11223,2026-06-30T00:00:00Z
2026-07-17 08:00:05+00:00,0.011,608366,Will OpenAI’s market cap be between $1.25T and $1.5T at market close on IPO day?,524499.7850729994,11296.11223,2026-06-30T00:00:00Z
2026-07-17 09:00:06+00:00,0.011,608366,Will OpenAI’s market cap be between $1.25T and $1.5T at market close on IPO day?,524499.7850729994,11296.11223,2026-06-30T00:00:00Z
2026-07-17 10:00:08+00:00,0.011,608366,Will OpenAI’s market cap be between $1.25T and $1.5T at market close on IPO day?,524499.7850729994,11296.11223,2026-06-30T00:00:00Z
2026-07-17 11:00:05+00:00,0.011,608366,Will OpenAI’s market cap be between $1.25T and $1.5T at market close on IPO day?,524499.7850729994,11296.11223,2026-06-30T00:00:00Z
2026-07-17 12:00:09+00:00,0.011,608366,Will OpenAI’s market cap be between $1.25T and $1.5T at market close on IPO day?,524499.7850729994,11296.11223,2026-06-30T00:00:00Z
2026-07-17 13:00:06+00:00,0.011,608366,Will OpenAI’s market cap be between $1.25T and $1.5T at market close on IPO day?,524499.7850729994,11296.11223,2026-06-30T00:00:00Z
2026-07-17 14:00:06+00:00,0.011,608366,Will OpenAI’s market cap be between $1.25T and $1.5T at market close on IPO day?,524499.7850729994,11296.11223,2026-06-30T00:00:00Z
2026-07-17 15:00:08+00:00,0.011,608366,Will OpenAI’s market cap be between $1.25T and $1.5T at market close on IPO day?,524499.7850729994,11296.11223,2026-06-30T00:00:00Z
2026-07-17 16:00:22+00:00,0.011,608366,Will OpenAI’s market cap be between $1.25T and $1.5T at market close on IPO day?,524499.7850729994,11296.11223,2026-06-30T00:00:00Z
2026-07-17 17:00:09+00:00,0.011,608366,Will OpenAI’s market cap be between $1.25T and $1.5T at market close on IPO day?,524499.7850729994,11296.11223,2026-06-30T00:00:00Z
2026-07-17 18:00:24+00:00,0.011,608366,Will OpenAI’s market cap be between $1.25T and $1.5T at market close on IPO day?,524499.7850729994,11296.11223,2026-06-30T00:00:00Z
2026-07-17 19:00:06+00:00,0.011,608366,Will OpenAI’s market cap be between $1.25T and $1.5T at market close on IPO day?,524499.7850729994,11296.11223,2026-06-30T00:00:00Z
2026-07-17 20:00:05+00:00,0.011,608366,Will OpenAI’s market cap be between $1.25T and $1.5T at market close on IPO day?,524499.7850729994,11296.11223,2026-06-30T00:00:00Z
2026-07-17 21:00:06+00:00,0.011,608366,Will OpenAI’s market cap be between $1.25T and $1.5T at market close on IPO day?,524499.7850729994,11296.11223,2026-06-30T00:00:00Z
2026-07-17 22:00:07+00:00,0.011,608366,Will OpenAI’s market cap be between $1.25T and $1.5T at market close on IPO day?,524499.7850729994,11296.11223,2026-06-30T00:00:00Z
2026-07-17 23:00:08+00:00,0.011,608366,Will OpenAI’s market cap be between $1.25T and $1.5T at market close on IPO day?,524499.7850729994,11296.11223,2026-06-30T00:00:00Z
2026-07-18 00:00:09+00:00,0.011,608366,Will OpenAI’s market cap be between $1.25T and $1.5T at market close on IPO day?,524499.7850729994,11296.11223,2026-06-30T00:00:00Z
2026-07-18 01:00:06+00:00,0.011,608366,Will OpenAI’s market cap be between $1.25T and $1.5T at market close on IPO day?,524499.7850729994,11296.11223,2026-06-30T00:00:00Z
2026-07-18 02:00:06+00:00,0.011,608366,Will OpenAI’s market cap be between $1.25T and $1.5T at market close on IPO day?,524499.7850729994,11296.11223,2026-06-30T00:00:00Z
2026-07-18 03:00:08+00:00,0.011,608366,Will OpenAI’s market cap be between $1.25T and $1.5T at market close on IPO day?,524499.7850729994,11296.11223,2026-06-30T00:00:00Z
2026-07-18 04:00:05+00:00,0.011,608366,Will OpenAI’s market cap be between $1.25T and $1.5T at market close on IPO day?,524499.7850729994,11296.11223,2026-06-30T00:00:00Z
2026-07-18 05:00:06+00:00,0.011,608366,Will OpenAI’s market cap be between $1.25T and $1.5T at market close on IPO day?,524499.7850729994,11296.11223,2026-06-30T00:00:00Z
2026-07-18 06:00:06+00:00,0.011,608366,Will OpenAI’s market cap be between $1.25T and $1.5T at market close on IPO day?,524499.7850729994,11296.11223,2026-06-30T00:00:00Z
2026-07-18 07:00:06+00:00,0.011,608366,Will OpenAI’s market cap be between $1.25T and $1.5T at market close on IPO day?,524499.7850729994,11296.11223,2026-06-30T00:00:00Z
2026-07-18 08:00:05+00:00,0.011,608366,Will OpenAI’s market cap be between $1.25T and $1.5T at market close on IPO day?,524499.7850729994,11296.11223,2026-06-30T00:00:00Z
2026-07-18 09:00:10+00:00,0.011,608366,Will OpenAI’s market cap be between $1.25T and $1.5T at market close on IPO day?,524499.7850729994,11296.11223,2026-06-30T00:00:00Z
2026-07-18 10:00:05+00:00,0.011,608366,Will OpenAI’s market cap be between $1.25T and $1.5T at market close on IPO day?,524499.7850729994,11296.11223,2026-06-30T00:00:00Z
2026-07-18 11:00:06+00:00,0.011,608366,Will OpenAI’s market cap be between $1.25T and $1.5T at market close on IPO day?,524499.7850729994,11296.11223,2026-06-30T00:00:00Z
2026-07-18 12:00:20+00:00,0.011,608366,Will OpenAI’s market cap be between $1.25T and $1.5T at market close on IPO day?,524499.7850729994,11296.11223,2026-06-30T00:00:00Z
2026-07-18 13:00:06+00:00,0.011,608366,Will OpenAI’s market cap be between $1.25T and $1.5T at market close on IPO day?,524499.7850729994,11296.11223,2026-06-30T00:00:00Z
2026-07-18 14:00:07+00:00,0.011,608366,Will OpenAI’s market cap be between $1.25T and $1.5T at market close on IPO day?,524499.7850729994,11296.11223,2026-06-30T00:00:00Z
2026-07-18 15:00:07+00:00,0.011,608366,Will OpenAI’s market cap be between $1.25T and $1.5T at market close on IPO day?,524499.7850729994,11296.11223,2026-06-30T00:00:00Z
2026-07-18 16:00:07+00:00,0.011,608366,Will OpenAI’s market cap be between $1.25T and $1.5T at market close on IPO day?,524499.7850729994,11296.11223,2026-06-30T00:00:00Z
2026-07-18 17:00:07+00:00,0.011,608366,Will OpenAI’s market cap be between $1.25T and $1.5T at market close on IPO day?,524499.7850729994,11296.11223,2026-06-30T00:00:00Z
2026-07-18 18:00:08+00:00,0.011,608366,Will OpenAI’s market cap be between $1.25T and $1.5T at market close on IPO day?,524499.7850729994,11296.11223,2026-06-30T00:00:00Z
2026-07-18 19:00:05+00:00,0.011,608366,Will OpenAI’s market cap be between $1.25T and $1.5T at market close on IPO day?,524499.7850729994,11296.11223,2026-06-30T00:00:00Z
2026-07-18 20:00:09+00:00,0.011,608366,Will OpenAI’s market cap be between $1.25T and $1.5T at market close on IPO day?,524499.7850729994,11296.11223,2026-06-30T00:00:00Z
2026-07-18 21:00:11+00:00,0.011,608366,Will OpenAI’s market cap be between $1.25T and $1.5T at market close on IPO day?,524499.7850729994,11296.11223,2026-06-30T00:00:00Z
2026-07-18 22:00:07+00:00,0.011,608366,Will OpenAI’s market cap be between $1.25T and $1.5T at market close on IPO day?,524499.7850729994,11296.11223,2026-06-30T00:00:00Z
2026-07-18 23:00:08+00:00,0.011,608366,Will OpenAI’s market cap be between $1.25T and $1.5T at market close on IPO day?,524499.7850729994,11296.11223,2026-06-30T00:00:00Z
2026-07-19 00:00:08+00:00,0.011,608366,Will OpenAI’s market cap be between $1.25T and $1.5T at market close on IPO day?,524499.7850729994,11296.11223,2026-06-30T00:00:00Z
2026-07-19 01:00:06+00:00,0.011,608366,Will OpenAI’s market cap be between $1.25T and $1.5T at market close on IPO day?,524499.7850729994,11296.11223,2026-06-30T00:00:00Z
2026-07-19 02:00:06+00:00,0.011,608366,Will OpenAI’s market cap be between $1.25T and $1.5T at market close on IPO day?,524499.7850729994,11296.11223,2026-06-30T00:00:00Z
2026-07-19 03:00:07+00:00,0.011,608366,Will OpenAI’s market cap be between $1.25T and $1.5T at market close on IPO day?,524499.7850729994,11296.11223,2026-06-30T00:00:00Z
2026-07-19 04:00:05+00:00,0.011,608366,Will OpenAI’s market cap be between $1.25T and $1.5T at market close on IPO day?,524499.7850729994,11296.11223,2026-06-30T00:00:00Z
2026-07-19 05:00:07+00:00,0.011,608366,Will OpenAI’s market cap be between $1.25T and $1.5T at market close on IPO day?,524499.7850729994,11296.11223,2026-06-30T00:00:00Z
2026-07-19 06:00:12+00:00,0.011,608366,Will OpenAI’s market cap be between $1.25T and $1.5T at market close on IPO day?,524499.7850729994,11296.11223,2026-06-30T00:00:00Z
2026-07-19 07:00:07+00:00,0.011,608366,Will OpenAI’s market cap be between $1.25T and $1.5T at market close on IPO day?,524499.7850729994,11296.11223,2026-06-30T00:00:00Z
2026-07-19 08:00:08+00:00,0.011,608366,Will OpenAI’s market cap be between $1.25T and $1.5T at market close on IPO day?,524499.7850729994,11296.11223,2026-06-30T00:00:00Z
2026-07-19 09:00:10+00:00,0.011,608366,Will OpenAI’s market cap be between $1.25T and $1.5T at market close on IPO day?,524499.7850729994,11296.11223,2026-06-30T00:00:00Z
2026-07-19 10:00:06+00:00,0.011,608366,Will OpenAI’s market cap be between $1.25T and $1.5T at market close on IPO day?,524499.7850729994,11296.11223,2026-06-30T00:00:00Z
2026-07-19 11:00:07+00:00,0.011,608366,Will OpenAI’s market cap be between $1.25T and $1.5T at market close on IPO day?,524499.7850729994,11296.11223,2026-06-30T00:00:00Z
2026-07-19 12:00:10+00:00,0.011,608366,Will OpenAI’s market cap be between $1.25T and $1.5T at market close on IPO day?,524499.7850729994,11296.11223,2026-06-30T00:00:00Z
2026-07-19 13:00:09+00:00,0.0115,608366,Will OpenAI’s market cap be between $1.25T and $1.5T at market close on IPO day?,524499.7850729994,11296.11223,2026-06-30T00:00:00Z
2026-07-19 14:00:08+00:00,0.0115,608366,Will OpenAI’s market cap be between $1.25T and $1.5T at market close on IPO day?,524499.7850729994,11296.11223,2026-06-30T00:00:00Z
2026-07-19 15:00:09+00:00,0.0115,608366,Will OpenAI’s market cap be between $1.25T and $1.5T at market close on IPO day?,524499.7850729994,11296.11223,2026-06-30T00:00:00Z
2026-07-19 16:00:23+00:00,0.0115,608366,Will OpenAI’s market cap be between $1.25T and $1.5T at market close on IPO day?,524499.7850729994,11296.11223,2026-06-30T00:00:00Z
2026-07-19 17:00:12+00:00,0.0115,608366,Will OpenAI’s market cap be between $1.25T and $1.5T at market close on IPO day?,524499.7850729994,11296.11223,2026-06-30T00:00:00Z
2026-07-19 18:00:09+00:00,0.0115,608366,Will OpenAI’s market cap be between $1.25T and $1.5T at market close on IPO day?,524499.7850729994,11296.11223,2026-06-30T00:00:00Z
2026-07-19 19:00:09+00:00,0.0115,608366,Will OpenAI’s market cap be between $1.25T and $1.5T at market close on IPO day?,524499.7850729994,11296.11223,2026-06-30T00:00:00Z
2026-07-19 20:00:11+00:00,0.0115,608366,Will OpenAI’s market cap be between $1.25T and $1.5T at market close on IPO day?,524499.7850729994,11296.11223,2026-06-30T00:00:00Z
2026-07-19 21:00:23+00:00,0.0115,608366,Will OpenAI’s market cap be between $1.25T and $1.5T at market close on IPO day?,524499.7850729994,11296.11223,2026-06-30T00:00:00Z
2026-07-19 22:00:09+00:00,0.0115,608366,Will OpenAI’s market cap be between $1.25T and $1.5T at market close on IPO day?,524499.7850729994,11296.11223,2026-06-30T00:00:00Z
2026-07-19 23:00:07+00:00,0.0115,608366,Will OpenAI’s market cap be between $1.25T and $1.5T at market close on IPO day?,524499.7850729994,11296.11223,2026-06-30T00:00:00Z
2026-07-20 00:00:24+00:00,0.0115,608366,Will OpenAI’s market cap be between $1.25T and $1.5T at market close on IPO day?,524499.7850729994,11296.11223,2026-06-30T00:00:00Z
2026-07-20 01:00:08+00:00,0.0115,608366,Will OpenAI’s market cap be between $1.25T and $1.5T at market close on IPO day?,524499.7850729994,11296.11223,2026-06-30T00:00:00Z
2026-07-20 02:00:07+00:00,0.0115,608366,Will OpenAI’s market cap be between $1.25T and $1.5T at market close on IPO day?,524499.7850729994,11296.11223,2026-06-30T00:00:00Z
2026-07-20 03:00:09+00:00,0.0115,608366,Will OpenAI’s market cap be between $1.25T and $1.5T at market close on IPO day?,524499.7850729994,11296.11223,2026-06-30T00:00:00Z
2026-07-20 04:00:06+00:00,0.0115,608366,Will OpenAI’s market cap be between $1.25T and $1.5T at market close on IPO day?,524499.7850729994,11296.11223,2026-06-30T00:00:00Z
2026-07-20 05:00:20+00:00,0.0115,608366,Will OpenAI’s market cap be between $1.25T and $1.5T at market close on IPO day?,524499.7850729994,11296.11223,2026-06-30T00:00:00Z
2026-07-20 06:00:11+00:00,0.0115,608366,Will OpenAI’s market cap be between $1.25T and $1.5T at market close on IPO day?,524499.7850729994,11296.11223,2026-06-30T00:00:00Z
2026-07-20 07:00:08+00:00,0.0115,608366,Will OpenAI’s market cap be between $1.25T and $1.5T at market close on IPO day?,524499.7850729994,11296.11223,2026-06-30T00:00:00Z
2026-07-20 08:00:05+00:00,0.0115,608366,Will OpenAI’s market cap be between $1.25T and $1.5T at market close on IPO day?,524499.7850729994,11296.11223,2026-06-30T00:00:00Z
2026-07-20 09:00:10+00:00,0.0115,608366,Will OpenAI’s market cap be between $1.25T and $1.5T at market close on IPO day?,524499.7850729994,11296.11223,2026-06-30T00:00:00Z
2026-07-20 10:00:05+00:00,0.0115,608366,Will OpenAI’s market cap be between $1.25T and $1.5T at market close on IPO day?,524499.7850729994,11296.11223,2026-06-30T00:00:00Z
2026-07-20 11:00:08+00:00,0.0115,608366,Will OpenAI’s market cap be between $1.25T and $1.5T at market close on IPO day?,524499.7850729994,11296.11223,2026-06-30T00:00:00Z
2026-07-20 12:00:09+00:00,0.0115,608366,Will OpenAI’s market cap be between $1.25T and $1.5T at market close on IPO day?,524499.7850729994,11296.11223,2026-06-30T00:00:00Z
2026-07-20 13:00:09+00:00,0.0115,608366,Will OpenAI’s market cap be between $1.25T and $1.5T at market close on IPO day?,524499.7850729994,11296.11223,2026-06-30T00:00:00Z
2026-07-20 14:00:06+00:00,0.0115,608366,Will OpenAI’s market cap be between $1.25T and $1.5T at market close on IPO day?,524499.7850729994,11296.11223,2026-06-30T00:00:00Z
2026-07-20 15:00:14+00:00,0.0115,608366,Will OpenAI’s market cap be between $1.25T and $1.5T at market close on IPO day?,524499.7850729994,11296.11223,2026-06-30T00:00:00Z
2026-07-20 16:00:09+00:00,0.011,608366,Will OpenAI’s market cap be between $1.25T and $1.5T at market close on IPO day?,524499.7850729994,11296.11223,2026-06-30T00:00:00Z
2026-07-20 17:00:17+00:00,0.011,608366,Will OpenAI’s market cap be between $1.25T and $1.5T at market close on IPO day?,524499.7850729994,11296.11223,2026-06-30T00:00:00Z
2026-07-20 18:00:11+00:00,0.011,608366,Will OpenAI’s market cap be between $1.25T and $1.5T at market close on IPO day?,524499.7850729994,11296.11223,2026-06-30T00:00:00Z
2026-07-20 19:00:08+00:00,0.011,608366,Will OpenAI’s market cap be between $1.25T and $1.5T at market close on IPO day?,524499.7850729994,11296.11223,2026-06-30T00:00:00Z
2026-07-20 20:00:23+00:00,0.011,608366,Will OpenAI’s market cap be between $1.25T and $1.5T at market close on IPO day?,524499.7850729994,11296.11223,2026-06-30T00:00:00Z
2026-07-20 21:00:12+00:00,0.011,608366,Will OpenAI’s market cap be between $1.25T and $1.5T at market close on IPO day?,524499.7850729994,11296.11223,2026-06-30T00:00:00Z
2026-07-20 22:00:05+00:00,0.011,608366,Will OpenAI’s market cap be between $1.25T and $1.5T at market close on IPO day?,524499.7850729994,11296.11223,2026-06-30T00:00:00Z
2026-07-20 23:00:05+00:00,0.011,608366,Will OpenAI’s market cap be between $1.25T and $1.5T at market close on IPO day?,524499.7850729994,11296.11223,2026-06-30T00:00:00Z
2026-07-21 00:00:11+00:00,0.011,608366,Will OpenAI’s market cap be between $1.25T and $1.5T at market close on IPO day?,524499.7850729994,11296.11223,2026-06-30T00:00:00Z
2026-07-21 01:00:10+00:00,0.011,608366,Will OpenAI’s market cap be between $1.25T and $1.5T at market close on IPO day?,524499.7850729994,11296.11223,2026-06-30T00:00:00Z
2026-07-21 02:00:10+00:00,0.011,608366,Will OpenAI’s market cap be between $1.25T and $1.5T at market close on IPO day?,524499.7850729994,11296.11223,2026-06-30T00:00:00Z
2026-07-21 03:00:11+00:00,0.011,608366,Will OpenAI’s market cap be between $1.25T and $1.5T at market close on IPO day?,524499.7850729994,11296.11223,2026-06-30T00:00:00Z
2026-07-21 04:00:22+00:00,0.011,608366,Will OpenAI’s market cap be between $1.25T and $1.5T at market close on IPO day?,524499.7850729994,11296.11223,2026-06-30T00:00:00Z
2026-07-21 05:00:08+00:00,0.011,608366,Will OpenAI’s market cap be between $1.25T and $1.5T at market close on IPO day?,524499.7850729994,11296.11223,2026-06-30T00:00:00Z
2026-07-21 06:00:11+00:00,0.011,608366,Will OpenAI’s market cap be between $1.25T and $1.5T at market close on IPO day?,524499.7850729994,11296.11223,2026-06-30T00:00:00Z
2026-07-21 07:00:11+00:00,0.011,608366,Will OpenAI’s market cap be between $1.25T and $1.5T at market close on IPO day?,524499.7850729994,11296.11223,2026-06-30T00:00:00Z
2026-07-21 08:00:08+00:00,0.011,608366,Will OpenAI’s market cap be between $1.25T and $1.5T at market close on IPO day?,524499.7850729994,11296.11223,2026-06-30T00:00:00Z
2026-07-21 09:00:10+00:00,0.011,608366,Will OpenAI’s market cap be between $1.25T and $1.5T at market close on IPO day?,524499.7850729994,11296.11223,2026-06-30T00:00:00Z
2026-07-21 10:00:08+00:00,0.011,608366,Will OpenAI’s market cap be between $1.25T and $1.5T at market close on IPO day?,524499.7850729994,11296.11223,2026-06-30T00:00:00Z
2026-07-21 11:00:08+00:00,0.011,608366,Will OpenAI’s market cap be between $1.25T and $1.5T at market close on IPO day?,524499.7850729994,11296.11223,2026-06-30T00:00:00Z
2026-07-21 12:00:12+00:00,0.0115,608366,Will OpenAI’s market cap be between $1.25T and $1.5T at market close on IPO day?,524499.7850729994,11296.11223,2026-06-30T00:00:00Z
2026-07-21 13:00:09+00:00,0.0115,608366,Will OpenAI’s market cap be between $1.25T and $1.5T at market close on IPO day?,524499.7850729994,11296.11223,2026-06-30T00:00:00Z
2026-07-21 14:00:08+00:00,0.0115,608366,Will OpenAI’s market cap be between $1.25T and $1.5T at market close on IPO day?,524499.7850729994,11296.11223,2026-06-30T00:00:00Z
2026-07-21 15:00:24+00:00,0.0115,608366,Will OpenAI’s market cap be between $1.25T and $1.5T at market close on IPO day?,524499.7850729994,11296.11223,2026-06-30T00:00:00Z
2026-07-21 16:00:10+00:00,0.0115,608366,Will OpenAI’s market cap be between $1.25T and $1.5T at market close on IPO day?,524499.7850729994,11296.11223,2026-06-30T00:00:00Z
2026-07-21 17:00:07+00:00,0.0115,608366,Will OpenAI’s market cap be between $1.25T and $1.5T at market close on IPO day?,524499.7850729994,11296.11223,2026-06-30T00:00:00Z
2026-07-21 18:00:21+00:00,0.0115,608366,Will OpenAI’s market cap be between $1.25T and $1.5T at market close on IPO day?,524499.7850729994,11296.11223,2026-06-30T00:00:00Z
2026-07-21 19:00:05+00:00,0.0115,608366,Will OpenAI’s market cap be between $1.25T and $1.5T at market close on IPO day?,524499.7850729994,11296.11223,2026-06-30T00:00:00Z
2026-07-21 20:00:06+00:00,0.0115,608366,Will OpenAI’s market cap be between $1.25T and $1.5T at market close on IPO day?,524499.7850729994,11296.11223,2026-06-30T00:00:00Z
2026-07-21 21:00:18+00:00,0.0115,608366,Will OpenAI’s market cap be between $1.25T and $1.5T at market close on IPO day?,524499.7850729994,11296.11223,2026-06-30T00:00:00Z
2026-07-21 22:00:07+00:00,0.0115,608366,Will OpenAI’s market cap be between $1.25T and $1.5T at market close on IPO day?,524499.7850729994,11296.11223,2026-06-30T00:00:00Z
2026-07-21 23:00:20+00:00,0.0115,608366,Will OpenAI’s market cap be between $1.25T and $1.5T at market close on IPO day?,524499.7850729994,11296.11223,2026-06-30T00:00:00Z
2026-07-22 00:00:09+00:00,0.0115,608366,Will OpenAI’s market cap be between $1.25T and $1.5T at market close on IPO day?,524499.7850729994,11296.11223,2026-06-30T00:00:00Z
2026-07-22 01:00:06+00:00,0.0115,608366,Will OpenAI’s market cap be between $1.25T and $1.5T at market close on IPO day?,524499.7850729994,11296.11223,2026-06-30T00:00:00Z
2026-07-22 02:00:07+00:00,0.0115,608366,Will OpenAI’s market cap be between $1.25T and $1.5T at market close on IPO day?,524499.7850729994,11296.11223,2026-06-30T00:00:00Z
2026-07-22 03:00:09+00:00,0.0115,608366,Will OpenAI’s market cap be between $1.25T and $1.5T at market close on IPO day?,524499.7850729994,11296.11223,2026-06-30T00:00:00Z
2026-07-22 04:00:07+00:00,0.0115,608366,Will OpenAI’s market cap be between $1.25T and $1.5T at market close on IPO day?,524499.7850729994,11296.11223,2026-06-30T00:00:00Z
2026-07-22 05:00:06+00:00,0.0115,608366,Will OpenAI’s market cap be between $1.25T and $1.5T at market close on IPO day?,524499.7850729994,11296.11223,2026-06-30T00:00:00Z
2026-07-22 06:00:24+00:00,0.0115,608366,Will OpenAI’s market cap be between $1.25T and $1.5T at market close on IPO day?,524499.7850729994,11296.11223,2026-06-30T00:00:00Z
2026-07-22 07:00:08+00:00,0.0115,608366,Will OpenAI’s market cap be between $1.25T and $1.5T at market close on IPO day?,524499.7850729994,11296.11223,2026-06-30T00:00:00Z
2026-07-22 08:00:06+00:00,0.011,608366,Will OpenAI’s market cap be between $1.25T and $1.5T at market close on IPO day?,524499.7850729994,11296.11223,2026-06-30T00:00:00Z
2026-07-22 09:00:09+00:00,0.011,608366,Will OpenAI’s market cap be between $1.25T and $1.5T at market close on IPO day?,524499.7850729994,11296.11223,2026-06-30T00:00:00Z
2026-07-22 10:00:06+00:00,0.011,608366,Will OpenAI’s market cap be between $1.25T and $1.5T at market close on IPO day?,524499.7850729994,11296.11223,2026-06-30T00:00:00Z
2026-07-22 11:00:06+00:00,0.011,608366,Will OpenAI’s market cap be between $1.25T and $1.5T at market close on IPO day?,524499.7850729994,11296.11223,2026-06-30T00:00:00Z
2026-07-22 12:00:09+00:00,0.011,608366,Will OpenAI’s market cap be between $1.25T and $1.5T at market close on IPO day?,524499.7850729994,11296.11223,2026-06-30T00:00:00Z
2026-07-22 13:00:07+00:00,0.011,608366,Will OpenAI’s market cap be between $1.25T and $1.5T at market close on IPO day?,524499.7850729994,11296.11223,2026-06-30T00:00:00Z
2026-07-22 14:00:05+00:00,0.011,608366,Will OpenAI’s market cap be between $1.25T and $1.5T at market close on IPO day?,524499.7850729994,11296.11223,2026-06-30T00:00:00Z
2026-07-22 15:00:10+00:00,0.011,608366,Will OpenAI’s market cap be between $1.25T and $1.5T at market close on IPO day?,524499.7850729994,11296.11223,2026-06-30T00:00:00Z
2026-07-22 16:00:07+00:00,0.011,608366,Will OpenAI’s market cap be between $1.25T and $1.5T at market close on IPO day?,524499.7850729994,11296.11223,2026-06-30T00:00:00Z
2026-07-22 17:00:13+00:00,0.011,608366,Will OpenAI’s market cap be between $1.25T and $1.5T at market close on IPO day?,524499.7850729994,11296.11223,2026-06-30T00:00:00Z
2026-07-22 18:00:09+00:00,0.011,608366,Will OpenAI’s market cap be between $1.25T and $1.5T at market close on IPO day?,524499.7850729994,11296.11223,2026-06-30T00:00:00Z
2026-07-22 19:00:06+00:00,0.011,608366,Will OpenAI’s market cap be between $1.25T and $1.5T at market close on IPO day?,524499.7850729994,11296.11223,2026-06-30T00:00:00Z
2026-07-22 20:00:09+00:00,0.011,608366,Will OpenAI’s market cap be between $1.25T and $1.5T at market close on IPO day?,524499.7850729994,11296.11223,2026-06-30T00:00:00Z
2026-07-22 21:00:10+00:00,0.011,608366,Will OpenAI’s market cap be between $1.25T and $1.5T at market close on IPO day?,524499.7850729994,11296.11223,2026-06-30T00:00:00Z
2026-07-22 22:00:11+00:00,0.011,608366,Will OpenAI’s market cap be between $1.25T and $1.5T at market close on IPO day?,524499.7850729994,11296.11223,2026-06-30T00:00:00Z
2026-07-22 23:00:08+00:00,0.011,608366,Will OpenAI’s market cap be between $1.25T and $1.5T at market close on IPO day?,524499.7850729994,11296.11223,2026-06-30T00:00:00Z
2026-07-23 00:00:17+00:00,0.011,608366,Will OpenAI’s market cap be between $1.25T and $1.5T at market close on IPO day?,524499.7850729994,11296.11223,2026-06-30T00:00:00Z
2026-07-23 01:00:21+00:00,0.011,608366,Will OpenAI’s market cap be between $1.25T and $1.5T at market close on IPO day?,524499.7850729994,11296.11223,2026-06-30T00:00:00Z
2026-07-23 02:00:08+00:00,0.011,608366,Will OpenAI’s market cap be between $1.25T and $1.5T at market close on IPO day?,524499.7850729994,11296.11223,2026-06-30T00:00:00Z
2026-07-23 03:00:11+00:00,0.011,608366,Will OpenAI’s market cap be between $1.25T and $1.5T at market close on IPO day?,524499.7850729994,11296.11223,2026-06-30T00:00:00Z
2026-07-23 04:00:11+00:00,0.011,608366,Will OpenAI’s market cap be between $1.25T and $1.5T at market close on IPO day?,524499.7850729994,11296.11223,2026-06-30T00:00:00Z
2026-07-23 05:00:19+00:00,0.011,608366,Will OpenAI’s market cap be between $1.25T and $1.5T at market close on IPO day?,524499.7850729994,11296.11223,2026-06-30T00:00:00Z
2026-07-23 06:00:20+00:00,0.011,608366,Will OpenAI’s market cap be between $1.25T and $1.5T at market close on IPO day?,524499.7850729994,11296.11223,2026-06-30T00:00:00Z
2026-07-23 07:00:12+00:00,0.011,608366,Will OpenAI’s market cap be between $1.25T and $1.5T at market close on IPO day?,524499.7850729994,11296.11223,2026-06-30T00:00:00Z
2026-07-23 08:00:06+00:00,0.011,608366,Will OpenAI’s market cap be between $1.25T and $1.5T at market close on IPO day?,524499.7850729994,11296.11223,2026-06-30T00:00:00Z
2026-07-23 09:00:14+00:00,0.0115,608366,Will OpenAI’s market cap be between $1.25T and $1.5T at market close on IPO day?,524499.7850729994,11296.11223,2026-06-30T00:00:00Z
2026-07-23 10:00:13+00:00,0.0115,608366,Will OpenAI’s market cap be between $1.25T and $1.5T at market close on IPO day?,524499.7850729994,11296.11223,2026-06-30T00:00:00Z
2026-07-23 11:00:08+00:00,0.0115,608366,Will OpenAI’s market cap be between $1.25T and $1.5T at market close on IPO day?,524499.7850729994,11296.11223,2026-06-30T00:00:00Z
2026-07-23 12:00:20+00:00,0.0115,608366,Will OpenAI’s market cap be between $1.25T and $1.5T at market close on IPO day?,524499.7850729994,11296.11223,2026-06-30T00:00:00Z
2026-07-23 13:00:11+00:00,0.0115,608366,Will OpenAI’s market cap be between $1.25T and $1.5T at market close on IPO day?,524499.7850729994,11296.11223,2026-06-30T00:00:00Z
2026-07-23 14:00:10+00:00,0.0115,608366,Will OpenAI’s market cap be between $1.25T and $1.5T at market close on IPO day?,524499.7850729994,11296.11223,2026-06-30T00:00:00Z
2026-07-23 15:00:17+00:00,0.0115,608366,Will OpenAI’s market cap be between $1.25T and $1.5T at market close on IPO day?,524499.7850729994,11296.11223,2026-06-30T00:00:00Z
2026-07-23 16:00:10+00:00,0.0115,608366,Will OpenAI’s market cap be between $1.25T and $1.5T at market close on IPO day?,524499.7850729994,11296.11223,2026-06-30T00:00:00Z
2026-07-23 17:00:18+00:00,0.0115,608366,Will OpenAI’s market cap be between $1.25T and $1.5T at market close on IPO day?,524499.7850729994,11296.11223,2026-06-30T00:00:00Z
2026-07-23 18:00:17+00:00,0.0115,608366,Will OpenAI’s market cap be between $1.25T and $1.5T at market close on IPO day?,524499.7850729994,11296.11223,2026-06-30T00:00:00Z
2026-07-23 19:00:13+00:00,0.0115,608366,Will OpenAI’s market cap be between $1.25T and $1.5T at market close on IPO day?,524499.7850729994,11296.11223,2026-06-30T00:00:00Z
2026-07-23 20:00:13+00:00,0.0115,608366,Will OpenAI’s market cap be between $1.25T and $1.5T at market close on IPO day?,524499.7850729994,11296.11223,2026-06-30T00:00:00Z
2026-07-23 21:00:18+00:00,0.0115,608366,Will OpenAI’s market cap be between $1.25T and $1.5T at market close on IPO day?,524499.7850729994,11296.11223,2026-06-30T00:00:00Z
2026-07-23 22:00:12+00:00,0.0115,608366,Will OpenAI’s market cap be between $1.25T and $1.5T at market close on IPO day?,524499.7850729994,11296.11223,2026-06-30T00:00:00Z
2026-07-23 23:00:11+00:00,0.0115,608366,Will OpenAI’s market cap be between $1.25T and $1.5T at market close on IPO day?,524499.7850729994,11296.11223,2026-06-30T00:00:00Z
2026-07-24 00:00:17+00:00,0.0115,608366,Will OpenAI’s market cap be between $1.25T and $1.5T at market close on IPO day?,524499.7850729994,11296.11223,2026-06-30T00:00:00Z
2026-07-24 01:00:09+00:00,0.0115,608366,Will OpenAI’s market cap be between $1.25T and $1.5T at market close on IPO day?,524499.7850729994,11296.11223,2026-06-30T00:00:00Z
2026-07-24 02:00:11+00:00,0.0115,608366,Will OpenAI’s market cap be between $1.25T and $1.5T at market close on IPO day?,524499.7850729994,11296.11223,2026-06-30T00:00:00Z
2026-07-24 03:00:19+00:00,0.0115,608366,Will OpenAI’s market cap be between $1.25T and $1.5T at market close on IPO day?,524499.7850729994,11296.11223,2026-06-30T00:00:00Z
2026-07-24 04:00:12+00:00,0.0115,608366,Will OpenAI’s market cap be between $1.25T and $1.5T at market close on IPO day?,524499.7850729994,11296.11223,2026-06-30T00:00:00Z
2026-07-24 05:00:21+00:00,0.0115,608366,Will OpenAI’s market cap be between $1.25T and $1.5T at market close on IPO day?,524499.7850729994,11296.11223,2026-06-30T00:00:00Z
2026-07-24 06:00:18+00:00,0.0115,608366,Will OpenAI’s market cap be between $1.25T and $1.5T at market close on IPO day?,524499.7850729994,11296.11223,2026-06-30T00:00:00Z
2026-07-24 07:00:10+00:00,0.0115,608366,Will OpenAI’s market cap be between $1.25T and $1.5T at market close on IPO day?,524499.7850729994,11296.11223,2026-06-30T00:00:00Z
2026-07-24 08:00:11+00:00,0.0115,608366,Will OpenAI’s market cap be between $1.25T and $1.5T at market close on IPO day?,524499.7850729994,11296.11223,2026-06-30T00:00:00Z
2026-07-24 09:00:18+00:00,0.0115,608366,Will OpenAI’s market cap be between $1.25T and $1.5T at market close on IPO day?,524499.7850729994,11296.11223,2026-06-30T00:00:00Z
2026-07-24 09:38:07+00:00,0.0115,608366,Will OpenAI’s market cap be between $1.25T and $1.5T at market close on IPO day?,524499.7850729994,11296.11223,2026-06-30T00:00:00Z
2026-07-10 10:00:18+00:00,0.044,608367,Will OpenAI’s market cap be $1.5T or greater at market close on IPO day?,148939.70218500044,8255.91826,2026-06-30T00:00:00Z
2026-07-10 11:00:05+00:00,0.043,608367,Will OpenAI’s market cap be $1.5T or greater at market close on IPO day?,148939.70218500044,8255.91826,2026-06-30T00:00:00Z
2026-07-10 12:00:08+00:00,0.043,608367,Will OpenAI’s market cap be $1.5T or greater at market close on IPO day?,148939.70218500044,8255.91826,2026-06-30T00:00:00Z
2026-07-10 13:00:05+00:00,0.044,608367,Will OpenAI’s market cap be $1.5T or greater at market close on IPO day?,148939.70218500044,8255.91826,2026-06-30T00:00:00Z
2026-07-10 14:00:05+00:00,0.0435,608367,Will OpenAI’s market cap be $1.5T or greater at market close on IPO day?,148939.70218500044,8255.91826,2026-06-30T00:00:00Z
2026-07-10 15:00:07+00:00,0.044,608367,Will OpenAI’s market cap be $1.5T or greater at market close on IPO day?,148939.70218500044,8255.91826,2026-06-30T00:00:00Z
2026-07-10 16:00:06+00:00,0.044,608367,Will OpenAI’s market cap be $1.5T or greater at market close on IPO day?,148939.70218500044,8255.91826,2026-06-30T00:00:00Z
2026-07-10 17:00:05+00:00,0.0435,608367,Will OpenAI’s market cap be $1.5T or greater at market close on IPO day?,148939.70218500044,8255.91826,2026-06-30T00:00:00Z
2026-07-10 18:00:07+00:00,0.0545,608367,Will OpenAI’s market cap be $1.5T or greater at market close on IPO day?,148939.70218500044,8255.91826,2026-06-30T00:00:00Z
2026-07-10 19:00:06+00:00,0.0505,608367,Will OpenAI’s market cap be $1.5T or greater at market close on IPO day?,148939.70218500044,8255.91826,2026-06-30T00:00:00Z
2026-07-10 20:00:06+00:00,0.0515,608367,Will OpenAI’s market cap be $1.5T or greater at market close on IPO day?,148939.70218500044,8255.91826,2026-06-30T00:00:00Z
2026-07-10 21:00:07+00:00,0.049,608367,Will OpenAI’s market cap be $1.5T or greater at market close on IPO day?,148939.70218500044,8255.91826,2026-06-30T00:00:00Z
2026-07-10 23:00:22+00:00,0.051,608367,Will OpenAI’s market cap be $1.5T or greater at market close on IPO day?,148939.70218500044,8255.91826,2026-06-30T00:00:00Z
2026-07-11 00:00:09+00:00,0.051,608367,Will OpenAI’s market cap be $1.5T or greater at market close on IPO day?,148939.70218500044,8255.91826,2026-06-30T00:00:00Z
2026-07-11 01:00:05+00:00,0.0515,608367,Will OpenAI’s market cap be $1.5T or greater at market close on IPO day?,148939.70218500044,8255.91826,2026-06-30T00:00:00Z
2026-07-11 02:00:06+00:00,0.051,608367,Will OpenAI’s market cap be $1.5T or greater at market close on IPO day?,148939.70218500044,8255.91826,2026-06-30T00:00:00Z
2026-07-11 03:00:06+00:00,0.0505,608367,Will OpenAI’s market cap be $1.5T or greater at market close on IPO day?,148939.70218500044,8255.91826,2026-06-30T00:00:00Z
2026-07-11 04:00:07+00:00,0.0505,608367,Will OpenAI’s market cap be $1.5T or greater at market close on IPO day?,148939.70218500044,8255.91826,2026-06-30T00:00:00Z
2026-07-11 05:00:07+00:00,0.05,608367,Will OpenAI’s market cap be $1.5T or greater at market close on IPO day?,148939.70218500044,8255.91826,2026-06-30T00:00:00Z
2026-07-11 06:00:11+00:00,0.051,608367,Will OpenAI’s market cap be $1.5T or greater at market close on IPO day?,148939.70218500044,8255.91826,2026-06-30T00:00:00Z
2026-07-11 07:00:06+00:00,0.0495,608367,Will OpenAI’s market cap be $1.5T or greater at market close on IPO day?,148939.70218500044,8255.91826,2026-06-30T00:00:00Z
2026-07-11 08:00:06+00:00,0.0505,608367,Will OpenAI’s market cap be $1.5T or greater at market close on IPO day?,148939.70218500044,8255.91826,2026-06-30T00:00:00Z
2026-07-11 09:00:06+00:00,0.05,608367,Will OpenAI’s market cap be $1.5T or greater at market close on IPO day?,148939.70218500044,8255.91826,2026-06-30T00:00:00Z
2026-07-11 10:00:06+00:00,0.0505,608367,Will OpenAI’s market cap be $1.5T or greater at market close on IPO day?,148939.70218500044,8255.91826,2026-06-30T00:00:00Z
2026-07-11 11:00:06+00:00,0.0485,608367,Will OpenAI’s market cap be $1.5T or greater at market close on IPO day?,148939.70218500044,8255.91826,2026-06-30T00:00:00Z
2026-07-11 12:00:09+00:00,0.0465,608367,Will OpenAI’s market cap be $1.5T or greater at market close on IPO day?,148939.70218500044,8255.91826,2026-06-30T00:00:00Z
2026-07-11 13:00:05+00:00,0.044,608367,Will OpenAI’s market cap be $1.5T or greater at market close on IPO day?,148939.70218500044,8255.91826,2026-06-30T00:00:00Z
2026-07-11 14:00:06+00:00,0.0485,608367,Will OpenAI’s market cap be $1.5T or greater at market close on IPO day?,148939.70218500044,8255.91826,2026-06-30T00:00:00Z
2026-07-11 15:00:07+00:00,0.044,608367,Will OpenAI’s market cap be $1.5T or greater at market close on IPO day?,148939.70218500044,8255.91826,2026-06-30T00:00:00Z
2026-07-11 16:00:05+00:00,0.044,608367,Will OpenAI’s market cap be $1.5T or greater at market close on IPO day?,148939.70218500044,8255.91826,2026-06-30T00:00:00Z
2026-07-11 17:00:07+00:00,0.044,608367,Will OpenAI’s market cap be $1.5T or greater at market close on IPO day?,148939.70218500044,8255.91826,2026-06-30T00:00:00Z
2026-07-11 18:00:08+00:00,0.044,608367,Will OpenAI’s market cap be $1.5T or greater at market close on IPO day?,148939.70218500044,8255.91826,2026-06-30T00:00:00Z
2026-07-11 19:00:07+00:00,0.0435,608367,Will OpenAI’s market cap be $1.5T or greater at market close on IPO day?,148939.70218500044,8255.91826,2026-06-30T00:00:00Z
2026-07-11 20:00:08+00:00,0.044,608367,Will OpenAI’s market cap be $1.5T or greater at market close on IPO day?,148939.70218500044,8255.91826,2026-06-30T00:00:00Z
2026-07-11 21:00:07+00:00,0.044,608367,Will OpenAI’s market cap be $1.5T or greater at market close on IPO day?,148939.70218500044,8255.91826,2026-06-30T00:00:00Z
2026-07-11 22:00:04+00:00,0.044,608367,Will OpenAI’s market cap be $1.5T or greater at market close on IPO day?,148939.70218500044,8255.91826,2026-06-30T00:00:00Z
2026-07-11 23:00:05+00:00,0.044,608367,Will OpenAI’s market cap be $1.5T or greater at market close on IPO day?,148939.70218500044,8255.91826,2026-06-30T00:00:00Z
2026-07-12 00:00:21+00:00,0.0435,608367,Will OpenAI’s market cap be $1.5T or greater at market close on IPO day?,148939.70218500044,8255.91826,2026-06-30T00:00:00Z
2026-07-12 01:00:05+00:00,0.044,608367,Will OpenAI’s market cap be $1.5T or greater at market close on IPO day?,148939.70218500044,8255.91826,2026-06-30T00:00:00Z
2026-07-12 02:00:06+00:00,0.044,608367,Will OpenAI’s market cap be $1.5T or greater at market close on IPO day?,148939.70218500044,8255.91826,2026-06-30T00:00:00Z
2026-07-12 03:00:07+00:00,0.0435,608367,Will OpenAI’s market cap be $1.5T or greater at market close on IPO day?,148939.70218500044,8255.91826,2026-06-30T00:00:00Z
2026-07-12 04:00:05+00:00,0.044,608367,Will OpenAI’s market cap be $1.5T or greater at market close on IPO day?,148939.70218500044,8255.91826,2026-06-30T00:00:00Z
2026-07-12 05:00:04+00:00,0.0505,608367,Will OpenAI’s market cap be $1.5T or greater at market close on IPO day?,148939.70218500044,8255.91826,2026-06-30T00:00:00Z
2026-07-12 06:00:06+00:00,0.046,608367,Will OpenAI’s market cap be $1.5T or greater at market close on IPO day?,148939.70218500044,8255.91826,2026-06-30T00:00:00Z
2026-07-12 07:00:12+00:00,0.044,608367,Will OpenAI’s market cap be $1.5T or greater at market close on IPO day?,148939.70218500044,8255.91826,2026-06-30T00:00:00Z
2026-07-12 08:00:05+00:00,0.0435,608367,Will OpenAI’s market cap be $1.5T or greater at market close on IPO day?,148939.70218500044,8255.91826,2026-06-30T00:00:00Z
2026-07-12 09:00:06+00:00,0.0435,608367,Will OpenAI’s market cap be $1.5T or greater at market close on IPO day?,148939.70218500044,8255.91826,2026-06-30T00:00:00Z
2026-07-12 10:00:06+00:00,0.0435,608367,Will OpenAI’s market cap be $1.5T or greater at market close on IPO day?,148939.70218500044,8255.91826,2026-06-30T00:00:00Z
2026-07-12 11:00:19+00:00,0.044,608367,Will OpenAI’s market cap be $1.5T or greater at market close on IPO day?,148939.70218500044,8255.91826,2026-06-30T00:00:00Z
2026-07-12 12:00:10+00:00,0.0435,608367,Will OpenAI’s market cap be $1.5T or greater at market close on IPO day?,148939.70218500044,8255.91826,2026-06-30T00:00:00Z
2026-07-12 13:00:06+00:00,0.0435,608367,Will OpenAI’s market cap be $1.5T or greater at market close on IPO day?,148939.70218500044,8255.91826,2026-06-30T00:00:00Z
2026-07-12 14:00:07+00:00,0.0435,608367,Will OpenAI’s market cap be $1.5T or greater at market close on IPO day?,148939.70218500044,8255.91826,2026-06-30T00:00:00Z
2026-07-12 15:00:06+00:00,0.0435,608367,Will OpenAI’s market cap be $1.5T or greater at market close on IPO day?,148939.70218500044,8255.91826,2026-06-30T00:00:00Z
2026-07-12 16:00:05+00:00,0.051,608367,Will OpenAI’s market cap be $1.5T or greater at market close on IPO day?,148939.70218500044,8255.91826,2026-06-30T00:00:00Z
2026-07-12 17:00:06+00:00,0.049,608367,Will OpenAI’s market cap be $1.5T or greater at market close on IPO day?,148939.70218500044,8255.91826,2026-06-30T00:00:00Z
2026-07-12 18:00:08+00:00,0.0445,608367,Will OpenAI’s market cap be $1.5T or greater at market close on IPO day?,148939.70218500044,8255.91826,2026-06-30T00:00:00Z
2026-07-12 19:00:07+00:00,0.0455,608367,Will OpenAI’s market cap be $1.5T or greater at market close on IPO day?,148939.70218500044,8255.91826,2026-06-30T00:00:00Z
2026-07-12 20:00:06+00:00,0.0455,608367,Will OpenAI’s market cap be $1.5T or greater at market close on IPO day?,148939.70218500044,8255.91826,2026-06-30T00:00:00Z
2026-07-12 21:00:07+00:00,0.0455,608367,Will OpenAI’s market cap be $1.5T or greater at market close on IPO day?,148939.70218500044,8255.91826,2026-06-30T00:00:00Z
2026-07-12 22:00:12+00:00,0.0455,608367,Will OpenAI’s market cap be $1.5T or greater at market close on IPO day?,148939.70218500044,8255.91826,2026-06-30T00:00:00Z
2026-07-12 23:00:05+00:00,0.0455,608367,Will OpenAI’s market cap be $1.5T or greater at market close on IPO day?,148939.70218500044,8255.91826,2026-06-30T00:00:00Z
2026-07-13 00:00:10+00:00,0.0455,608367,Will OpenAI’s market cap be $1.5T or greater at market close on IPO day?,148939.70218500044,8255.91826,2026-06-30T00:00:00Z
2026-07-13 01:00:06+00:00,0.0455,608367,Will OpenAI’s market cap be $1.5T or greater at market close on IPO day?,148939.70218500044,8255.91826,2026-06-30T00:00:00Z
2026-07-13 02:00:05+00:00,0.0455,608367,Will OpenAI’s market cap be $1.5T or greater at market close on IPO day?,148939.70218500044,8255.91826,2026-06-30T00:00:00Z
2026-07-13 03:00:06+00:00,0.0455,608367,Will OpenAI’s market cap be $1.5T or greater at market close on IPO day?,148939.70218500044,8255.91826,2026-06-30T00:00:00Z
2026-07-13 04:00:07+00:00,0.0505,608367,Will OpenAI’s market cap be $1.5T or greater at market close on IPO day?,148939.70218500044,8255.91826,2026-06-30T00:00:00Z
2026-07-13 05:00:09+00:00,0.0505,608367,Will OpenAI’s market cap be $1.5T or greater at market close on IPO day?,148939.70218500044,8255.91826,2026-06-30T00:00:00Z
2026-07-13 06:00:08+00:00,0.0455,608367,Will OpenAI’s market cap be $1.5T or greater at market close on IPO day?,148939.70218500044,8255.91826,2026-06-30T00:00:00Z
2026-07-13 07:00:08+00:00,0.051,608367,Will OpenAI’s market cap be $1.5T or greater at market close on IPO day?,148939.70218500044,8255.91826,2026-06-30T00:00:00Z
2026-07-13 08:00:08+00:00,0.0455,608367,Will OpenAI’s market cap be $1.5T or greater at market close on IPO day?,148939.70218500044,8255.91826,2026-06-30T00:00:00Z
2026-07-13 09:00:07+00:00,0.0455,608367,Will OpenAI’s market cap be $1.5T or greater at market close on IPO day?,148939.70218500044,8255.91826,2026-06-30T00:00:00Z
2026-07-13 10:00:05+00:00,0.0455,608367,Will OpenAI’s market cap be $1.5T or greater at market close on IPO day?,148939.70218500044,8255.91826,2026-06-30T00:00:00Z
2026-07-13 11:00:05+00:00,0.045,608367,Will OpenAI’s market cap be $1.5T or greater at market close on IPO day?,148939.70218500044,8255.91826,2026-06-30T00:00:00Z
2026-07-13 12:00:10+00:00,0.0455,608367,Will OpenAI’s market cap be $1.5T or greater at market close on IPO day?,148939.70218500044,8255.91826,2026-06-30T00:00:00Z
2026-07-13 13:00:05+00:00,0.0455,608367,Will OpenAI’s market cap be $1.5T or greater at market close on IPO day?,148939.70218500044,8255.91826,2026-06-30T00:00:00Z
2026-07-13 14:00:20+00:00,0.0455,608367,Will OpenAI’s market cap be $1.5T or greater at market close on IPO day?,148939.70218500044,8255.91826,2026-06-30T00:00:00Z
2026-07-13 15:00:24+00:00,0.0455,608367,Will OpenAI’s market cap be $1.5T or greater at market close on IPO day?,148939.70218500044,8255.91826,2026-06-30T00:00:00Z
2026-07-13 16:00:05+00:00,0.0475,608367,Will OpenAI’s market cap be $1.5T or greater at market close on IPO day?,148939.70218500044,8255.91826,2026-06-30T00:00:00Z
2026-07-13 17:00:08+00:00,0.0475,608367,Will OpenAI’s market cap be $1.5T or greater at market close on IPO day?,148939.70218500044,8255.91826,2026-06-30T00:00:00Z
2026-07-13 18:00:07+00:00,0.0475,608367,Will OpenAI’s market cap be $1.5T or greater at market close on IPO day?,148939.70218500044,8255.91826,2026-06-30T00:00:00Z
2026-07-13 19:00:06+00:00,0.0475,608367,Will OpenAI’s market cap be $1.5T or greater at market close on IPO day?,148939.70218500044,8255.91826,2026-06-30T00:00:00Z
2026-07-13 20:00:07+00:00,0.0475,608367,Will OpenAI’s market cap be $1.5T or greater at market close on IPO day?,148939.70218500044,8255.91826,2026-06-30T00:00:00Z
2026-07-13 21:00:07+00:00,0.0455,608367,Will OpenAI’s market cap be $1.5T or greater at market close on IPO day?,148939.70218500044,8255.91826,2026-06-30T00:00:00Z
2026-07-13 22:00:06+00:00,0.0455,608367,Will OpenAI’s market cap be $1.5T or greater at market close on IPO day?,148939.70218500044,8255.91826,2026-06-30T00:00:00Z
2026-07-13 23:00:06+00:00,0.0455,608367,Will OpenAI’s market cap be $1.5T or greater at market close on IPO day?,148939.70218500044,8255.91826,2026-06-30T00:00:00Z
2026-07-14 00:00:09+00:00,0.0505,608367,Will OpenAI’s market cap be $1.5T or greater at market close on IPO day?,148939.70218500044,8255.91826,2026-06-30T00:00:00Z
2026-07-14 01:00:04+00:00,0.0455,608367,Will OpenAI’s market cap be $1.5T or greater at market close on IPO day?,148939.70218500044,8255.91826,2026-06-30T00:00:00Z
2026-07-14 02:00:04+00:00,0.0455,608367,Will OpenAI’s market cap be $1.5T or greater at market close on IPO day?,148939.70218500044,8255.91826,2026-06-30T00:00:00Z
2026-07-14 03:00:08+00:00,0.0455,608367,Will OpenAI’s market cap be $1.5T or greater at market close on IPO day?,148939.70218500044,8255.91826,2026-06-30T00:00:00Z
2026-07-14 04:00:05+00:00,0.0455,608367,Will OpenAI’s market cap be $1.5T or greater at market close on IPO day?,148939.70218500044,8255.91826,2026-06-30T00:00:00Z
2026-07-14 05:00:06+00:00,0.045,608367,Will OpenAI’s market cap be $1.5T or greater at market close on IPO day?,148939.70218500044,8255.91826,2026-06-30T00:00:00Z
2026-07-14 06:00:08+00:00,0.051,608367,Will OpenAI’s market cap be $1.5T or greater at market close on IPO day?,148939.70218500044,8255.91826,2026-06-30T00:00:00Z
2026-07-14 07:00:10+00:00,0.0455,608367,Will OpenAI’s market cap be $1.5T or greater at market close on IPO day?,148939.70218500044,8255.91826,2026-06-30T00:00:00Z
2026-07-14 08:00:05+00:00,0.0455,608367,Will OpenAI’s market cap be $1.5T or greater at market close on IPO day?,148939.70218500044,8255.91826,2026-06-30T00:00:00Z
2026-07-14 09:00:06+00:00,0.045,608367,Will OpenAI’s market cap be $1.5T or greater at market close on IPO day?,148939.70218500044,8255.91826,2026-06-30T00:00:00Z
2026-07-14 10:00:07+00:00,0.0455,608367,Will OpenAI’s market cap be $1.5T or greater at market close on IPO day?,148939.70218500044,8255.91826,2026-06-30T00:00:00Z
2026-07-14 11:00:06+00:00,0.0455,608367,Will OpenAI’s market cap be $1.5T or greater at market close on IPO day?,148939.70218500044,8255.91826,2026-06-30T00:00:00Z
2026-07-14 12:00:13+00:00,0.0455,608367,Will OpenAI’s market cap be $1.5T or greater at market close on IPO day?,148939.70218500044,8255.91826,2026-06-30T00:00:00Z
2026-07-14 13:00:08+00:00,0.0455,608367,Will OpenAI’s market cap be $1.5T or greater at market close on IPO day?,148939.70218500044,8255.91826,2026-06-30T00:00:00Z
2026-07-14 14:00:12+00:00,0.0455,608367,Will OpenAI’s market cap be $1.5T or greater at market close on IPO day?,148939.70218500044,8255.91826,2026-06-30T00:00:00Z
2026-07-14 15:00:09+00:00,0.0455,608367,Will OpenAI’s market cap be $1.5T or greater at market close on IPO day?,148939.70218500044,8255.91826,2026-06-30T00:00:00Z
2026-07-14 16:00:13+00:00,0.0455,608367,Will OpenAI’s market cap be $1.5T or greater at market close on IPO day?,148939.70218500044,8255.91826,2026-06-30T00:00:00Z
2026-07-14 17:00:18+00:00,0.0455,608367,Will OpenAI’s market cap be $1.5T or greater at market close on IPO day?,148939.70218500044,8255.91826,2026-06-30T00:00:00Z
2026-07-14 18:00:18+00:00,0.045,608367,Will OpenAI’s market cap be $1.5T or greater at market close on IPO day?,148939.70218500044,8255.91826,2026-06-30T00:00:00Z
2026-07-14 19:00:08+00:00,0.045,608367,Will OpenAI’s market cap be $1.5T or greater at market close on IPO day?,148939.70218500044,8255.91826,2026-06-30T00:00:00Z
2026-07-14 20:00:08+00:00,0.045,608367,Will OpenAI’s market cap be $1.5T or greater at market close on IPO day?,148939.70218500044,8255.91826,2026-06-30T00:00:00Z
2026-07-14 21:00:08+00:00,0.043,608367,Will OpenAI’s market cap be $1.5T or greater at market close on IPO day?,148939.70218500044,8255.91826,2026-06-30T00:00:00Z
2026-07-14 22:00:05+00:00,0.0385,608367,Will OpenAI’s market cap be $1.5T or greater at market close on IPO day?,148939.70218500044,8255.91826,2026-06-30T00:00:00Z
2026-07-14 23:00:07+00:00,0.0355,608367,Will OpenAI’s market cap be $1.5T or greater at market close on IPO day?,148939.70218500044,8255.91826,2026-06-30T00:00:00Z
2026-07-15 00:00:11+00:00,0.0335,608367,Will OpenAI’s market cap be $1.5T or greater at market close on IPO day?,148939.70218500044,8255.91826,2026-06-30T00:00:00Z
2026-07-15 01:00:08+00:00,0.032,608367,Will OpenAI’s market cap be $1.5T or greater at market close on IPO day?,148939.70218500044,8255.91826,2026-06-30T00:00:00Z
2026-07-15 02:00:10+00:00,0.03,608367,Will OpenAI’s market cap be $1.5T or greater at market close on IPO day?,148939.70218500044,8255.91826,2026-06-30T00:00:00Z
2026-07-15 03:00:10+00:00,0.03,608367,Will OpenAI’s market cap be $1.5T or greater at market close on IPO day?,148939.70218500044,8255.91826,2026-06-30T00:00:00Z
2026-07-15 04:00:06+00:00,0.029,608367,Will OpenAI’s market cap be $1.5T or greater at market close on IPO day?,148939.70218500044,8255.91826,2026-06-30T00:00:00Z
2026-07-15 05:00:22+00:00,0.0285,608367,Will OpenAI’s market cap be $1.5T or greater at market close on IPO day?,148939.70218500044,8255.91826,2026-06-30T00:00:00Z
2026-07-15 06:00:10+00:00,0.0305,608367,Will OpenAI’s market cap be $1.5T or greater at market close on IPO day?,148939.70218500044,8255.91826,2026-06-30T00:00:00Z
2026-07-15 07:00:21+00:00,0.029,608367,Will OpenAI’s market cap be $1.5T or greater at market close on IPO day?,148939.70218500044,8255.91826,2026-06-30T00:00:00Z
2026-07-15 08:00:22+00:00,0.028,608367,Will OpenAI’s market cap be $1.5T or greater at market close on IPO day?,148939.70218500044,8255.91826,2026-06-30T00:00:00Z
2026-07-15 09:00:09+00:00,0.029,608367,Will OpenAI’s market cap be $1.5T or greater at market close on IPO day?,148939.70218500044,8255.91826,2026-06-30T00:00:00Z
2026-07-15 10:00:05+00:00,0.029,608367,Will OpenAI’s market cap be $1.5T or greater at market close on IPO day?,148939.70218500044,8255.91826,2026-06-30T00:00:00Z
2026-07-15 11:00:09+00:00,0.029,608367,Will OpenAI’s market cap be $1.5T or greater at market close on IPO day?,148939.70218500044,8255.91826,2026-06-30T00:00:00Z
2026-07-15 12:00:24+00:00,0.029,608367,Will OpenAI’s market cap be $1.5T or greater at market close on IPO day?,148939.70218500044,8255.91826,2026-06-30T00:00:00Z
2026-07-15 13:00:07+00:00,0.0285,608367,Will OpenAI’s market cap be $1.5T or greater at market close on IPO day?,148939.70218500044,8255.91826,2026-06-30T00:00:00Z
2026-07-15 14:00:07+00:00,0.029,608367,Will OpenAI’s market cap be $1.5T or greater at market close on IPO day?,148939.70218500044,8255.91826,2026-06-30T00:00:00Z
2026-07-15 15:00:11+00:00,0.03,608367,Will OpenAI’s market cap be $1.5T or greater at market close on IPO day?,148939.70218500044,8255.91826,2026-06-30T00:00:00Z
2026-07-15 16:00:06+00:00,0.0295,608367,Will OpenAI’s market cap be $1.5T or greater at market close on IPO day?,148939.70218500044,8255.91826,2026-06-30T00:00:00Z
2026-07-15 17:00:08+00:00,0.03,608367,Will OpenAI’s market cap be $1.5T or greater at market close on IPO day?,148939.70218500044,8255.91826,2026-06-30T00:00:00Z
2026-07-15 18:00:13+00:00,0.029,608367,Will OpenAI’s market cap be $1.5T or greater at market close on IPO day?,148939.70218500044,8255.91826,2026-06-30T00:00:00Z
2026-07-15 19:00:10+00:00,0.029,608367,Will OpenAI’s market cap be $1.5T or greater at market close on IPO day?,148939.70218500044,8255.91826,2026-06-30T00:00:00Z
2026-07-15 20:00:08+00:00,0.0295,608367,Will OpenAI’s market cap be $1.5T or greater at market close on IPO day?,148939.70218500044,8255.91826,2026-06-30T00:00:00Z
2026-07-15 21:00:08+00:00,0.0285,608367,Will OpenAI’s market cap be $1.5T or greater at market close on IPO day?,148939.70218500044,8255.91826,2026-06-30T00:00:00Z
2026-07-15 22:00:06+00:00,0.027,608367,Will OpenAI’s market cap be $1.5T or greater at market close on IPO day?,148939.70218500044,8255.91826,2026-06-30T00:00:00Z
2026-07-15 23:00:07+00:00,0.029,608367,Will OpenAI’s market cap be $1.5T or greater at market close on IPO day?,148939.70218500044,8255.91826,2026-06-30T00:00:00Z
2026-07-16 00:00:13+00:00,0.028,608367,Will OpenAI’s market cap be $1.5T or greater at market close on IPO day?,148939.70218500044,8255.91826,2026-06-30T00:00:00Z
2026-07-16 01:00:06+00:00,0.0265,608367,Will OpenAI’s market cap be $1.5T or greater at market close on IPO day?,148939.70218500044,8255.91826,2026-06-30T00:00:00Z
2026-07-16 02:00:05+00:00,0.026,608367,Will OpenAI’s market cap be $1.5T or greater at market close on IPO day?,148939.70218500044,8255.91826,2026-06-30T00:00:00Z
2026-07-16 03:00:10+00:00,0.026,608367,Will OpenAI’s market cap be $1.5T or greater at market close on IPO day?,148939.70218500044,8255.91826,2026-06-30T00:00:00Z
2026-07-16 04:00:07+00:00,0.0255,608367,Will OpenAI’s market cap be $1.5T or greater at market close on IPO day?,148939.70218500044,8255.91826,2026-06-30T00:00:00Z
2026-07-16 05:00:06+00:00,0.0255,608367,Will OpenAI’s market cap be $1.5T or greater at market close on IPO day?,148939.70218500044,8255.91826,2026-06-30T00:00:00Z
2026-07-16 06:00:11+00:00,0.025,608367,Will OpenAI’s market cap be $1.5T or greater at market close on IPO day?,148939.70218500044,8255.91826,2026-06-30T00:00:00Z
2026-07-16 07:00:08+00:00,0.0245,608367,Will OpenAI’s market cap be $1.5T or greater at market close on IPO day?,148939.70218500044,8255.91826,2026-06-30T00:00:00Z
2026-07-16 08:00:05+00:00,0.0215,608367,Will OpenAI’s market cap be $1.5T or greater at market close on IPO day?,148939.70218500044,8255.91826,2026-06-30T00:00:00Z
2026-07-16 09:00:11+00:00,0.0375,608367,Will OpenAI’s market cap be $1.5T or greater at market close on IPO day?,148939.70218500044,8255.91826,2026-06-30T00:00:00Z
2026-07-16 10:00:08+00:00,0.0355,608367,Will OpenAI’s market cap be $1.5T or greater at market close on IPO day?,148939.70218500044,8255.91826,2026-06-30T00:00:00Z
2026-07-16 11:00:07+00:00,0.0335,608367,Will OpenAI’s market cap be $1.5T or greater at market close on IPO day?,148939.70218500044,8255.91826,2026-06-30T00:00:00Z
2026-07-16 12:00:09+00:00,0.032,608367,Will OpenAI’s market cap be $1.5T or greater at market close on IPO day?,148939.70218500044,8255.91826,2026-06-30T00:00:00Z
2026-07-16 13:00:08+00:00,0.0305,608367,Will OpenAI’s market cap be $1.5T or greater at market close on IPO day?,148939.70218500044,8255.91826,2026-06-30T00:00:00Z
2026-07-16 14:00:06+00:00,0.0295,608367,Will OpenAI’s market cap be $1.5T or greater at market close on IPO day?,148939.70218500044,8255.91826,2026-06-30T00:00:00Z
2026-07-16 15:00:11+00:00,0.0285,608367,Will OpenAI’s market cap be $1.5T or greater at market close on IPO day?,148939.70218500044,8255.91826,2026-06-30T00:00:00Z
2026-07-16 16:00:06+00:00,0.0275,608367,Will OpenAI’s market cap be $1.5T or greater at market close on IPO day?,148939.70218500044,8255.91826,2026-06-30T00:00:00Z
2026-07-16 17:00:07+00:00,0.028,608367,Will OpenAI’s market cap be $1.5T or greater at market close on IPO day?,148939.70218500044,8255.91826,2026-06-30T00:00:00Z
2026-07-16 18:00:22+00:00,0.028,608367,Will OpenAI’s market cap be $1.5T or greater at market close on IPO day?,148939.70218500044,8255.91826,2026-06-30T00:00:00Z
2026-07-16 19:00:07+00:00,0.0275,608367,Will OpenAI’s market cap be $1.5T or greater at market close on IPO day?,148939.70218500044,8255.91826,2026-06-30T00:00:00Z
2026-07-16 20:00:08+00:00,0.028,608367,Will OpenAI’s market cap be $1.5T or greater at market close on IPO day?,148939.70218500044,8255.91826,2026-06-30T00:00:00Z
2026-07-16 21:00:09+00:00,0.028,608367,Will OpenAI’s market cap be $1.5T or greater at market close on IPO day?,148939.70218500044,8255.91826,2026-06-30T00:00:00Z
2026-07-16 22:00:07+00:00,0.028,608367,Will OpenAI’s market cap be $1.5T or greater at market close on IPO day?,148939.70218500044,8255.91826,2026-06-30T00:00:00Z
2026-07-16 23:00:09+00:00,0.028,608367,Will OpenAI’s market cap be $1.5T or greater at market close on IPO day?,148939.70218500044,8255.91826,2026-06-30T00:00:00Z
2026-07-17 00:00:13+00:00,0.028,608367,Will OpenAI’s market cap be $1.5T or greater at market close on IPO day?,148939.70218500044,8255.91826,2026-06-30T00:00:00Z
2026-07-17 01:00:06+00:00,0.028,608367,Will OpenAI’s market cap be $1.5T or greater at market close on IPO day?,148939.70218500044,8255.91826,2026-06-30T00:00:00Z
2026-07-17 02:00:08+00:00,0.0275,608367,Will OpenAI’s market cap be $1.5T or greater at market close on IPO day?,148939.70218500044,8255.91826,2026-06-30T00:00:00Z
2026-07-17 03:00:10+00:00,0.028,608367,Will OpenAI’s market cap be $1.5T or greater at market close on IPO day?,148939.70218500044,8255.91826,2026-06-30T00:00:00Z
2026-07-17 04:00:09+00:00,0.028,608367,Will OpenAI’s market cap be $1.5T or greater at market close on IPO day?,148939.70218500044,8255.91826,2026-06-30T00:00:00Z
2026-07-17 05:00:10+00:00,0.028,608367,Will OpenAI’s market cap be $1.5T or greater at market close on IPO day?,148939.70218500044,8255.91826,2026-06-30T00:00:00Z
2026-07-17 06:00:13+00:00,0.028,608367,Will OpenAI’s market cap be $1.5T or greater at market close on IPO day?,148939.70218500044,8255.91826,2026-06-30T00:00:00Z
2026-07-17 07:00:05+00:00,0.0275,608367,Will OpenAI’s market cap be $1.5T or greater at market close on IPO day?,148939.70218500044,8255.91826,2026-06-30T00:00:00Z
2026-07-17 08:00:06+00:00,0.027,608367,Will OpenAI’s market cap be $1.5T or greater at market close on IPO day?,148939.70218500044,8255.91826,2026-06-30T00:00:00Z
2026-07-17 09:00:08+00:00,0.0245,608367,Will OpenAI’s market cap be $1.5T or greater at market close on IPO day?,148939.70218500044,8255.91826,2026-06-30T00:00:00Z
2026-07-17 10:00:10+00:00,0.0245,608367,Will OpenAI’s market cap be $1.5T or greater at market close on IPO day?,148939.70218500044,8255.91826,2026-06-30T00:00:00Z
2026-07-17 11:00:07+00:00,0.0245,608367,Will OpenAI’s market cap be $1.5T or greater at market close on IPO day?,148939.70218500044,8255.91826,2026-06-30T00:00:00Z
2026-07-17 12:00:12+00:00,0.0245,608367,Will OpenAI’s market cap be $1.5T or greater at market close on IPO day?,148939.70218500044,8255.91826,2026-06-30T00:00:00Z
2026-07-17 13:00:06+00:00,0.0245,608367,Will OpenAI’s market cap be $1.5T or greater at market close on IPO day?,148939.70218500044,8255.91826,2026-06-30T00:00:00Z
2026-07-17 14:00:07+00:00,0.0245,608367,Will OpenAI’s market cap be $1.5T or greater at market close on IPO day?,148939.70218500044,8255.91826,2026-06-30T00:00:00Z
2026-07-17 15:00:09+00:00,0.0245,608367,Will OpenAI’s market cap be $1.5T or greater at market close on IPO day?,148939.70218500044,8255.91826,2026-06-30T00:00:00Z
2026-07-17 16:00:23+00:00,0.0245,608367,Will OpenAI’s market cap be $1.5T or greater at market close on IPO day?,148939.70218500044,8255.91826,2026-06-30T00:00:00Z
2026-07-17 17:00:11+00:00,0.0245,608367,Will OpenAI’s market cap be $1.5T or greater at market close on IPO day?,148939.70218500044,8255.91826,2026-06-30T00:00:00Z
2026-07-17 18:00:26+00:00,0.0245,608367,Will OpenAI’s market cap be $1.5T or greater at market close on IPO day?,148939.70218500044,8255.91826,2026-06-30T00:00:00Z
2026-07-17 19:00:07+00:00,0.0245,608367,Will OpenAI’s market cap be $1.5T or greater at market close on IPO day?,148939.70218500044,8255.91826,2026-06-30T00:00:00Z
2026-07-17 20:00:07+00:00,0.0245,608367,Will OpenAI’s market cap be $1.5T or greater at market close on IPO day?,148939.70218500044,8255.91826,2026-06-30T00:00:00Z
2026-07-17 21:00:08+00:00,0.0245,608367,Will OpenAI’s market cap be $1.5T or greater at market close on IPO day?,148939.70218500044,8255.91826,2026-06-30T00:00:00Z
2026-07-17 22:00:08+00:00,0.0245,608367,Will OpenAI’s market cap be $1.5T or greater at market close on IPO day?,148939.70218500044,8255.91826,2026-06-30T00:00:00Z
2026-07-17 23:00:09+00:00,0.0245,608367,Will OpenAI’s market cap be $1.5T or greater at market close on IPO day?,148939.70218500044,8255.91826,2026-06-30T00:00:00Z
2026-07-18 00:00:09+00:00,0.0245,608367,Will OpenAI’s market cap be $1.5T or greater at market close on IPO day?,148939.70218500044,8255.91826,2026-06-30T00:00:00Z
2026-07-18 01:00:06+00:00,0.0245,608367,Will OpenAI’s market cap be $1.5T or greater at market close on IPO day?,148939.70218500044,8255.91826,2026-06-30T00:00:00Z
2026-07-18 02:00:06+00:00,0.0245,608367,Will OpenAI’s market cap be $1.5T or greater at market close on IPO day?,148939.70218500044,8255.91826,2026-06-30T00:00:00Z
2026-07-18 03:00:09+00:00,0.0245,608367,Will OpenAI’s market cap be $1.5T or greater at market close on IPO day?,148939.70218500044,8255.91826,2026-06-30T00:00:00Z
2026-07-18 04:00:06+00:00,0.0245,608367,Will OpenAI’s market cap be $1.5T or greater at market close on IPO day?,148939.70218500044,8255.91826,2026-06-30T00:00:00Z
2026-07-18 05:00:07+00:00,0.0245,608367,Will OpenAI’s market cap be $1.5T or greater at market close on IPO day?,148939.70218500044,8255.91826,2026-06-30T00:00:00Z
2026-07-18 06:00:08+00:00,0.0245,608367,Will OpenAI’s market cap be $1.5T or greater at market close on IPO day?,148939.70218500044,8255.91826,2026-06-30T00:00:00Z
2026-07-18 07:00:09+00:00,0.0245,608367,Will OpenAI’s market cap be $1.5T or greater at market close on IPO day?,148939.70218500044,8255.91826,2026-06-30T00:00:00Z
2026-07-18 08:00:06+00:00,0.0245,608367,Will OpenAI’s market cap be $1.5T or greater at market close on IPO day?,148939.70218500044,8255.91826,2026-06-30T00:00:00Z
2026-07-18 09:00:12+00:00,0.0245,608367,Will OpenAI’s market cap be $1.5T or greater at market close on IPO day?,148939.70218500044,8255.91826,2026-06-30T00:00:00Z
2026-07-18 10:00:06+00:00,0.0245,608367,Will OpenAI’s market cap be $1.5T or greater at market close on IPO day?,148939.70218500044,8255.91826,2026-06-30T00:00:00Z
2026-07-18 11:00:07+00:00,0.0245,608367,Will OpenAI’s market cap be $1.5T or greater at market close on IPO day?,148939.70218500044,8255.91826,2026-06-30T00:00:00Z
2026-07-18 12:00:22+00:00,0.0245,608367,Will OpenAI’s market cap be $1.5T or greater at market close on IPO day?,148939.70218500044,8255.91826,2026-06-30T00:00:00Z
2026-07-18 13:00:07+00:00,0.0245,608367,Will OpenAI’s market cap be $1.5T or greater at market close on IPO day?,148939.70218500044,8255.91826,2026-06-30T00:00:00Z
2026-07-18 14:00:08+00:00,0.0245,608367,Will OpenAI’s market cap be $1.5T or greater at market close on IPO day?,148939.70218500044,8255.91826,2026-06-30T00:00:00Z
2026-07-18 15:00:10+00:00,0.0245,608367,Will OpenAI’s market cap be $1.5T or greater at market close on IPO day?,148939.70218500044,8255.91826,2026-06-30T00:00:00Z
2026-07-18 16:00:08+00:00,0.024,608367,Will OpenAI’s market cap be $1.5T or greater at market close on IPO day?,148939.70218500044,8255.91826,2026-06-30T00:00:00Z
2026-07-18 17:00:11+00:00,0.024,608367,Will OpenAI’s market cap be $1.5T or greater at market close on IPO day?,148939.70218500044,8255.91826,2026-06-30T00:00:00Z
2026-07-18 18:00:10+00:00,0.024,608367,Will OpenAI’s market cap be $1.5T or greater at market close on IPO day?,148939.70218500044,8255.91826,2026-06-30T00:00:00Z
2026-07-18 19:00:06+00:00,0.024,608367,Will OpenAI’s market cap be $1.5T or greater at market close on IPO day?,148939.70218500044,8255.91826,2026-06-30T00:00:00Z
2026-07-18 20:00:10+00:00,0.024,608367,Will OpenAI’s market cap be $1.5T or greater at market close on IPO day?,148939.70218500044,8255.91826,2026-06-30T00:00:00Z
2026-07-18 21:00:11+00:00,0.024,608367,Will OpenAI’s market cap be $1.5T or greater at market close on IPO day?,148939.70218500044,8255.91826,2026-06-30T00:00:00Z
2026-07-18 22:00:07+00:00,0.024,608367,Will OpenAI’s market cap be $1.5T or greater at market close on IPO day?,148939.70218500044,8255.91826,2026-06-30T00:00:00Z
2026-07-18 23:00:10+00:00,0.024,608367,Will OpenAI’s market cap be $1.5T or greater at market close on IPO day?,148939.70218500044,8255.91826,2026-06-30T00:00:00Z
2026-07-19 00:00:12+00:00,0.024,608367,Will OpenAI’s market cap be $1.5T or greater at market close on IPO day?,148939.70218500044,8255.91826,2026-06-30T00:00:00Z
2026-07-19 01:00:07+00:00,0.024,608367,Will OpenAI’s market cap be $1.5T or greater at market close on IPO day?,148939.70218500044,8255.91826,2026-06-30T00:00:00Z
2026-07-19 02:00:07+00:00,0.024,608367,Will OpenAI’s market cap be $1.5T or greater at market close on IPO day?,148939.70218500044,8255.91826,2026-06-30T00:00:00Z
2026-07-19 03:00:10+00:00,0.024,608367,Will OpenAI’s market cap be $1.5T or greater at market close on IPO day?,148939.70218500044,8255.91826,2026-06-30T00:00:00Z
2026-07-19 04:00:07+00:00,0.024,608367,Will OpenAI’s market cap be $1.5T or greater at market close on IPO day?,148939.70218500044,8255.91826,2026-06-30T00:00:00Z
2026-07-19 05:00:08+00:00,0.024,608367,Will OpenAI’s market cap be $1.5T or greater at market close on IPO day?,148939.70218500044,8255.91826,2026-06-30T00:00:00Z
2026-07-19 06:00:13+00:00,0.024,608367,Will OpenAI’s market cap be $1.5T or greater at market close on IPO day?,148939.70218500044,8255.91826,2026-06-30T00:00:00Z
2026-07-19 07:00:08+00:00,0.024,608367,Will OpenAI’s market cap be $1.5T or greater at market close on IPO day?,148939.70218500044,8255.91826,2026-06-30T00:00:00Z
2026-07-19 08:00:08+00:00,0.024,608367,Will OpenAI’s market cap be $1.5T or greater at market close on IPO day?,148939.70218500044,8255.91826,2026-06-30T00:00:00Z
2026-07-19 09:00:11+00:00,0.024,608367,Will OpenAI’s market cap be $1.5T or greater at market close on IPO day?,148939.70218500044,8255.91826,2026-06-30T00:00:00Z
2026-07-19 10:00:07+00:00,0.024,608367,Will OpenAI’s market cap be $1.5T or greater at market close on IPO day?,148939.70218500044,8255.91826,2026-06-30T00:00:00Z
2026-07-19 11:00:08+00:00,0.024,608367,Will OpenAI’s market cap be $1.5T or greater at market close on IPO day?,148939.70218500044,8255.91826,2026-06-30T00:00:00Z
2026-07-19 12:00:10+00:00,0.024,608367,Will OpenAI’s market cap be $1.5T or greater at market close on IPO day?,148939.70218500044,8255.91826,2026-06-30T00:00:00Z
2026-07-19 13:00:09+00:00,0.024,608367,Will OpenAI’s market cap be $1.5T or greater at market close on IPO day?,148939.70218500044,8255.91826,2026-06-30T00:00:00Z
2026-07-19 14:00:09+00:00,0.024,608367,Will OpenAI’s market cap be $1.5T or greater at market close on IPO day?,148939.70218500044,8255.91826,2026-06-30T00:00:00Z
2026-07-19 15:00:09+00:00,0.024,608367,Will OpenAI’s market cap be $1.5T or greater at market close on IPO day?,148939.70218500044,8255.91826,2026-06-30T00:00:00Z
2026-07-19 16:00:23+00:00,0.024,608367,Will OpenAI’s market cap be $1.5T or greater at market close on IPO day?,148939.70218500044,8255.91826,2026-06-30T00:00:00Z
2026-07-19 17:00:13+00:00,0.024,608367,Will OpenAI’s market cap be $1.5T or greater at market close on IPO day?,148939.70218500044,8255.91826,2026-06-30T00:00:00Z
2026-07-19 18:00:09+00:00,0.024,608367,Will OpenAI’s market cap be $1.5T or greater at market close on IPO day?,148939.70218500044,8255.91826,2026-06-30T00:00:00Z
2026-07-19 19:00:09+00:00,0.024,608367,Will OpenAI’s market cap be $1.5T or greater at market close on IPO day?,148939.70218500044,8255.91826,2026-06-30T00:00:00Z
2026-07-19 20:00:11+00:00,0.024,608367,Will OpenAI’s market cap be $1.5T or greater at market close on IPO day?,148939.70218500044,8255.91826,2026-06-30T00:00:00Z
2026-07-19 21:00:23+00:00,0.024,608367,Will OpenAI’s market cap be $1.5T or greater at market close on IPO day?,148939.70218500044,8255.91826,2026-06-30T00:00:00Z
2026-07-19 22:00:09+00:00,0.024,608367,Will OpenAI’s market cap be $1.5T or greater at market close on IPO day?,148939.70218500044,8255.91826,2026-06-30T00:00:00Z
2026-07-19 23:00:08+00:00,0.024,608367,Will OpenAI’s market cap be $1.5T or greater at market close on IPO day?,148939.70218500044,8255.91826,2026-06-30T00:00:00Z
2026-07-20 00:00:24+00:00,0.024,608367,Will OpenAI’s market cap be $1.5T or greater at market close on IPO day?,148939.70218500044,8255.91826,2026-06-30T00:00:00Z
2026-07-20 01:00:08+00:00,0.024,608367,Will OpenAI’s market cap be $1.5T or greater at market close on IPO day?,148939.70218500044,8255.91826,2026-06-30T00:00:00Z
2026-07-20 02:00:07+00:00,0.024,608367,Will OpenAI’s market cap be $1.5T or greater at market close on IPO day?,148939.70218500044,8255.91826,2026-06-30T00:00:00Z
2026-07-20 03:00:09+00:00,0.024,608367,Will OpenAI’s market cap be $1.5T or greater at market close on IPO day?,148939.70218500044,8255.91826,2026-06-30T00:00:00Z
2026-07-20 04:00:07+00:00,0.024,608367,Will OpenAI’s market cap be $1.5T or greater at market close on IPO day?,148939.70218500044,8255.91826,2026-06-30T00:00:00Z
2026-07-20 05:00:20+00:00,0.024,608367,Will OpenAI’s market cap be $1.5T or greater at market close on IPO day?,148939.70218500044,8255.91826,2026-06-30T00:00:00Z
2026-07-20 06:00:11+00:00,0.024,608367,Will OpenAI’s market cap be $1.5T or greater at market close on IPO day?,148939.70218500044,8255.91826,2026-06-30T00:00:00Z
2026-07-20 07:00:08+00:00,0.024,608367,Will OpenAI’s market cap be $1.5T or greater at market close on IPO day?,148939.70218500044,8255.91826,2026-06-30T00:00:00Z
2026-07-20 08:00:06+00:00,0.024,608367,Will OpenAI’s market cap be $1.5T or greater at market close on IPO day?,148939.70218500044,8255.91826,2026-06-30T00:00:00Z
2026-07-20 09:00:11+00:00,0.024,608367,Will OpenAI’s market cap be $1.5T or greater at market close on IPO day?,148939.70218500044,8255.91826,2026-06-30T00:00:00Z
2026-07-20 10:00:05+00:00,0.024,608367,Will OpenAI’s market cap be $1.5T or greater at market close on IPO day?,148939.70218500044,8255.91826,2026-06-30T00:00:00Z
2026-07-20 11:00:08+00:00,0.024,608367,Will OpenAI’s market cap be $1.5T or greater at market close on IPO day?,148939.70218500044,8255.91826,2026-06-30T00:00:00Z
2026-07-20 12:00:09+00:00,0.024,608367,Will OpenAI’s market cap be $1.5T or greater at market close on IPO day?,148939.70218500044,8255.91826,2026-06-30T00:00:00Z
2026-07-20 13:00:09+00:00,0.024,608367,Will OpenAI’s market cap be $1.5T or greater at market close on IPO day?,148939.70218500044,8255.91826,2026-06-30T00:00:00Z
2026-07-20 14:00:06+00:00,0.024,608367,Will OpenAI’s market cap be $1.5T or greater at market close on IPO day?,148939.70218500044,8255.91826,2026-06-30T00:00:00Z
2026-07-20 15:00:14+00:00,0.024,608367,Will OpenAI’s market cap be $1.5T or greater at market close on IPO day?,148939.70218500044,8255.91826,2026-06-30T00:00:00Z
2026-07-20 16:00:09+00:00,0.024,608367,Will OpenAI’s market cap be $1.5T or greater at market close on IPO day?,148939.70218500044,8255.91826,2026-06-30T00:00:00Z
2026-07-20 17:00:18+00:00,0.024,608367,Will OpenAI’s market cap be $1.5T or greater at market close on IPO day?,148939.70218500044,8255.91826,2026-06-30T00:00:00Z
2026-07-20 18:00:11+00:00,0.024,608367,Will OpenAI’s market cap be $1.5T or greater at market close on IPO day?,148939.70218500044,8255.91826,2026-06-30T00:00:00Z
2026-07-20 19:00:08+00:00,0.024,608367,Will OpenAI’s market cap be $1.5T or greater at market close on IPO day?,148939.70218500044,8255.91826,2026-06-30T00:00:00Z
2026-07-20 20:00:23+00:00,0.024,608367,Will OpenAI’s market cap be $1.5T or greater at market close on IPO day?,148939.70218500044,8255.91826,2026-06-30T00:00:00Z
2026-07-20 21:00:12+00:00,0.024,608367,Will OpenAI’s market cap be $1.5T or greater at market close on IPO day?,148939.70218500044,8255.91826,2026-06-30T00:00:00Z
2026-07-20 22:00:05+00:00,0.024,608367,Will OpenAI’s market cap be $1.5T or greater at market close on IPO day?,148939.70218500044,8255.91826,2026-06-30T00:00:00Z
2026-07-20 23:00:06+00:00,0.024,608367,Will OpenAI’s market cap be $1.5T or greater at market close on IPO day?,148939.70218500044,8255.91826,2026-06-30T00:00:00Z
2026-07-21 00:00:12+00:00,0.024,608367,Will OpenAI’s market cap be $1.5T or greater at market close on IPO day?,148939.70218500044,8255.91826,2026-06-30T00:00:00Z
2026-07-21 01:00:10+00:00,0.024,608367,Will OpenAI’s market cap be $1.5T or greater at market close on IPO day?,148939.70218500044,8255.91826,2026-06-30T00:00:00Z
2026-07-21 02:00:10+00:00,0.024,608367,Will OpenAI’s market cap be $1.5T or greater at market close on IPO day?,148939.70218500044,8255.91826,2026-06-30T00:00:00Z
2026-07-21 03:00:12+00:00,0.024,608367,Will OpenAI’s market cap be $1.5T or greater at market close on IPO day?,148939.70218500044,8255.91826,2026-06-30T00:00:00Z
2026-07-21 04:00:22+00:00,0.024,608367,Will OpenAI’s market cap be $1.5T or greater at market close on IPO day?,148939.70218500044,8255.91826,2026-06-30T00:00:00Z
2026-07-21 05:00:08+00:00,0.024,608367,Will OpenAI’s market cap be $1.5T or greater at market close on IPO day?,148939.70218500044,8255.91826,2026-06-30T00:00:00Z
2026-07-21 06:00:12+00:00,0.024,608367,Will OpenAI’s market cap be $1.5T or greater at market close on IPO day?,148939.70218500044,8255.91826,2026-06-30T00:00:00Z
2026-07-21 07:00:11+00:00,0.024,608367,Will OpenAI’s market cap be $1.5T or greater at market close on IPO day?,148939.70218500044,8255.91826,2026-06-30T00:00:00Z
2026-07-21 08:00:08+00:00,0.024,608367,Will OpenAI’s market cap be $1.5T or greater at market close on IPO day?,148939.70218500044,8255.91826,2026-06-30T00:00:00Z
2026-07-21 09:00:11+00:00,0.024,608367,Will OpenAI’s market cap be $1.5T or greater at market close on IPO day?,148939.70218500044,8255.91826,2026-06-30T00:00:00Z
2026-07-21 10:00:08+00:00,0.024,608367,Will OpenAI’s market cap be $1.5T or greater at market close on IPO day?,148939.70218500044,8255.91826,2026-06-30T00:00:00Z
2026-07-21 11:00:08+00:00,0.024,608367,Will OpenAI’s market cap be $1.5T or greater at market close on IPO day?,148939.70218500044,8255.91826,2026-06-30T00:00:00Z
2026-07-21 12:00:13+00:00,0.024,608367,Will OpenAI’s market cap be $1.5T or greater at market close on IPO day?,148939.70218500044,8255.91826,2026-06-30T00:00:00Z
2026-07-21 13:00:09+00:00,0.024,608367,Will OpenAI’s market cap be $1.5T or greater at market close on IPO day?,148939.70218500044,8255.91826,2026-06-30T00:00:00Z
2026-07-21 14:00:08+00:00,0.024,608367,Will OpenAI’s market cap be $1.5T or greater at market close on IPO day?,148939.70218500044,8255.91826,2026-06-30T00:00:00Z
2026-07-21 15:00:24+00:00,0.024,608367,Will OpenAI’s market cap be $1.5T or greater at market close on IPO day?,148939.70218500044,8255.91826,2026-06-30T00:00:00Z
2026-07-21 16:00:10+00:00,0.024,608367,Will OpenAI’s market cap be $1.5T or greater at market close on IPO day?,148939.70218500044,8255.91826,2026-06-30T00:00:00Z
2026-07-21 17:00:07+00:00,0.024,608367,Will OpenAI’s market cap be $1.5T or greater at market close on IPO day?,148939.70218500044,8255.91826,2026-06-30T00:00:00Z
2026-07-21 18:00:21+00:00,0.024,608367,Will OpenAI’s market cap be $1.5T or greater at market close on IPO day?,148939.70218500044,8255.91826,2026-06-30T00:00:00Z
2026-07-21 19:00:05+00:00,0.024,608367,Will OpenAI’s market cap be $1.5T or greater at market close on IPO day?,148939.70218500044,8255.91826,2026-06-30T00:00:00Z
2026-07-21 20:00:06+00:00,0.024,608367,Will OpenAI’s market cap be $1.5T or greater at market close on IPO day?,148939.70218500044,8255.91826,2026-06-30T00:00:00Z
2026-07-21 21:00:20+00:00,0.024,608367,Will OpenAI’s market cap be $1.5T or greater at market close on IPO day?,148939.70218500044,8255.91826,2026-06-30T00:00:00Z
2026-07-21 22:00:08+00:00,0.024,608367,Will OpenAI’s market cap be $1.5T or greater at market close on IPO day?,148939.70218500044,8255.91826,2026-06-30T00:00:00Z
2026-07-21 23:00:20+00:00,0.024,608367,Will OpenAI’s market cap be $1.5T or greater at market close on IPO day?,148939.70218500044,8255.91826,2026-06-30T00:00:00Z
2026-07-22 00:00:09+00:00,0.024,608367,Will OpenAI’s market cap be $1.5T or greater at market close on IPO day?,148939.70218500044,8255.91826,2026-06-30T00:00:00Z
2026-07-22 01:00:06+00:00,0.024,608367,Will OpenAI’s market cap be $1.5T or greater at market close on IPO day?,148939.70218500044,8255.91826,2026-06-30T00:00:00Z
2026-07-22 02:00:07+00:00,0.024,608367,Will OpenAI’s market cap be $1.5T or greater at market close on IPO day?,148939.70218500044,8255.91826,2026-06-30T00:00:00Z
2026-07-22 03:00:10+00:00,0.024,608367,Will OpenAI’s market cap be $1.5T or greater at market close on IPO day?,148939.70218500044,8255.91826,2026-06-30T00:00:00Z
2026-07-22 04:00:08+00:00,0.024,608367,Will OpenAI’s market cap be $1.5T or greater at market close on IPO day?,148939.70218500044,8255.91826,2026-06-30T00:00:00Z
2026-07-22 05:00:06+00:00,0.024,608367,Will OpenAI’s market cap be $1.5T or greater at market close on IPO day?,148939.70218500044,8255.91826,2026-06-30T00:00:00Z
2026-07-22 06:00:24+00:00,0.024,608367,Will OpenAI’s market cap be $1.5T or greater at market close on IPO day?,148939.70218500044,8255.91826,2026-06-30T00:00:00Z
2026-07-22 07:00:08+00:00,0.024,608367,Will OpenAI’s market cap be $1.5T or greater at market close on IPO day?,148939.70218500044,8255.91826,2026-06-30T00:00:00Z
2026-07-22 08:00:06+00:00,0.024,608367,Will OpenAI’s market cap be $1.5T or greater at market close on IPO day?,148939.70218500044,8255.91826,2026-06-30T00:00:00Z
2026-07-22 09:00:09+00:00,0.024,608367,Will OpenAI’s market cap be $1.5T or greater at market close on IPO day?,148939.70218500044,8255.91826,2026-06-30T00:00:00Z
2026-07-22 10:00:06+00:00,0.024,608367,Will OpenAI’s market cap be $1.5T or greater at market close on IPO day?,148939.70218500044,8255.91826,2026-06-30T00:00:00Z
2026-07-22 11:00:06+00:00,0.024,608367,Will OpenAI’s market cap be $1.5T or greater at market close on IPO day?,148939.70218500044,8255.91826,2026-06-30T00:00:00Z
2026-07-22 12:00:09+00:00,0.024,608367,Will OpenAI’s market cap be $1.5T or greater at market close on IPO day?,148939.70218500044,8255.91826,2026-06-30T00:00:00Z
2026-07-22 13:00:07+00:00,0.024,608367,Will OpenAI’s market cap be $1.5T or greater at market close on IPO day?,148939.70218500044,8255.91826,2026-06-30T00:00:00Z
2026-07-22 14:00:05+00:00,0.024,608367,Will OpenAI’s market cap be $1.5T or greater at market close on IPO day?,148939.70218500044,8255.91826,2026-06-30T00:00:00Z
2026-07-22 15:00:10+00:00,0.024,608367,Will OpenAI’s market cap be $1.5T or greater at market close on IPO day?,148939.70218500044,8255.91826,2026-06-30T00:00:00Z
2026-07-22 16:00:07+00:00,0.024,608367,Will OpenAI’s market cap be $1.5T or greater at market close on IPO day?,148939.70218500044,8255.91826,2026-06-30T00:00:00Z
2026-07-22 17:00:14+00:00,0.024,608367,Will OpenAI’s market cap be $1.5T or greater at market close on IPO day?,148939.70218500044,8255.91826,2026-06-30T00:00:00Z
2026-07-22 18:00:09+00:00,0.024,608367,Will OpenAI’s market cap be $1.5T or greater at market close on IPO day?,148939.70218500044,8255.91826,2026-06-30T00:00:00Z
2026-07-22 19:00:06+00:00,0.024,608367,Will OpenAI’s market cap be $1.5T or greater at market close on IPO day?,148939.70218500044,8255.91826,2026-06-30T00:00:00Z
2026-07-22 20:00:09+00:00,0.024,608367,Will OpenAI’s market cap be $1.5T or greater at market close on IPO day?,148939.70218500044,8255.91826,2026-06-30T00:00:00Z
2026-07-22 21:00:10+00:00,0.024,608367,Will OpenAI’s market cap be $1.5T or greater at market close on IPO day?,148939.70218500044,8255.91826,2026-06-30T00:00:00Z
2026-07-22 22:00:13+00:00,0.024,608367,Will OpenAI’s market cap be $1.5T or greater at market close on IPO day?,148939.70218500044,8255.91826,2026-06-30T00:00:00Z
2026-07-22 23:00:08+00:00,0.024,608367,Will OpenAI’s market cap be $1.5T or greater at market close on IPO day?,148939.70218500044,8255.91826,2026-06-30T00:00:00Z
2026-07-23 00:00:17+00:00,0.024,608367,Will OpenAI’s market cap be $1.5T or greater at market close on IPO day?,148939.70218500044,8255.91826,2026-06-30T00:00:00Z
2026-07-23 01:00:21+00:00,0.024,608367,Will OpenAI’s market cap be $1.5T or greater at market close on IPO day?,148939.70218500044,8255.91826,2026-06-30T00:00:00Z
2026-07-23 02:00:09+00:00,0.024,608367,Will OpenAI’s market cap be $1.5T or greater at market close on IPO day?,148939.70218500044,8255.91826,2026-06-30T00:00:00Z
2026-07-23 03:00:12+00:00,0.024,608367,Will OpenAI’s market cap be $1.5T or greater at market close on IPO day?,148939.70218500044,8255.91826,2026-06-30T00:00:00Z
2026-07-23 04:00:11+00:00,0.024,608367,Will OpenAI’s market cap be $1.5T or greater at market close on IPO day?,148939.70218500044,8255.91826,2026-06-30T00:00:00Z
2026-07-23 05:00:21+00:00,0.024,608367,Will OpenAI’s market cap be $1.5T or greater at market close on IPO day?,148939.70218500044,8255.91826,2026-06-30T00:00:00Z
2026-07-23 06:00:23+00:00,0.024,608367,Will OpenAI’s market cap be $1.5T or greater at market close on IPO day?,148939.70218500044,8255.91826,2026-06-30T00:00:00Z
2026-07-23 07:00:14+00:00,0.024,608367,Will OpenAI’s market cap be $1.5T or greater at market close on IPO day?,148939.70218500044,8255.91826,2026-06-30T00:00:00Z
2026-07-23 08:00:07+00:00,0.024,608367,Will OpenAI’s market cap be $1.5T or greater at market close on IPO day?,148939.70218500044,8255.91826,2026-06-30T00:00:00Z
2026-07-23 09:00:17+00:00,0.024,608367,Will OpenAI’s market cap be $1.5T or greater at market close on IPO day?,148939.70218500044,8255.91826,2026-06-30T00:00:00Z
2026-07-23 10:00:16+00:00,0.024,608367,Will OpenAI’s market cap be $1.5T or greater at market close on IPO day?,148939.70218500044,8255.91826,2026-06-30T00:00:00Z
2026-07-23 11:00:09+00:00,0.024,608367,Will OpenAI’s market cap be $1.5T or greater at market close on IPO day?,148939.70218500044,8255.91826,2026-06-30T00:00:00Z
2026-07-23 12:00:24+00:00,0.024,608367,Will OpenAI’s market cap be $1.5T or greater at market close on IPO day?,148939.70218500044,8255.91826,2026-06-30T00:00:00Z
2026-07-23 13:00:12+00:00,0.024,608367,Will OpenAI’s market cap be $1.5T or greater at market close on IPO day?,148939.70218500044,8255.91826,2026-06-30T00:00:00Z
2026-07-23 14:00:12+00:00,0.024,608367,Will OpenAI’s market cap be $1.5T or greater at market close on IPO day?,148939.70218500044,8255.91826,2026-06-30T00:00:00Z
2026-07-23 15:00:21+00:00,0.024,608367,Will OpenAI’s market cap be $1.5T or greater at market close on IPO day?,148939.70218500044,8255.91826,2026-06-30T00:00:00Z
2026-07-23 16:00:12+00:00,0.024,608367,Will OpenAI’s market cap be $1.5T or greater at market close on IPO day?,148939.70218500044,8255.91826,2026-06-30T00:00:00Z
2026-07-23 17:00:23+00:00,0.024,608367,Will OpenAI’s market cap be $1.5T or greater at market close on IPO day?,148939.70218500044,8255.91826,2026-06-30T00:00:00Z
2026-07-23 18:00:20+00:00,0.024,608367,Will OpenAI’s market cap be $1.5T or greater at market close on IPO day?,148939.70218500044,8255.91826,2026-06-30T00:00:00Z
2026-07-23 19:00:14+00:00,0.024,608367,Will OpenAI’s market cap be $1.5T or greater at market close on IPO day?,148939.70218500044,8255.91826,2026-06-30T00:00:00Z
2026-07-23 20:00:15+00:00,0.024,608367,Will OpenAI’s market cap be $1.5T or greater at market close on IPO day?,148939.70218500044,8255.91826,2026-06-30T00:00:00Z
2026-07-23 21:00:20+00:00,0.024,608367,Will OpenAI’s market cap be $1.5T or greater at market close on IPO day?,148939.70218500044,8255.91826,2026-06-30T00:00:00Z
2026-07-23 22:00:14+00:00,0.024,608367,Will OpenAI’s market cap be $1.5T or greater at market close on IPO day?,148939.70218500044,8255.91826,2026-06-30T00:00:00Z
2026-07-23 23:00:13+00:00,0.024,608367,Will OpenAI’s market cap be $1.5T or greater at market close on IPO day?,148939.70218500044,8255.91826,2026-06-30T00:00:00Z
2026-07-24 00:00:18+00:00,0.024,608367,Will OpenAI’s market cap be $1.5T or greater at market close on IPO day?,148939.70218500044,8255.91826,2026-06-30T00:00:00Z
2026-07-24 01:00:09+00:00,0.024,608367,Will OpenAI’s market cap be $1.5T or greater at market close on IPO day?,148939.70218500044,8255.91826,2026-06-30T00:00:00Z
2026-07-24 02:00:12+00:00,0.024,608367,Will OpenAI’s market cap be $1.5T or greater at market close on IPO day?,148939.70218500044,8255.91826,2026-06-30T00:00:00Z
2026-07-24 03:00:20+00:00,0.024,608367,Will OpenAI’s market cap be $1.5T or greater at market close on IPO day?,148939.70218500044,8255.91826,2026-06-30T00:00:00Z
2026-07-24 04:00:13+00:00,0.024,608367,Will OpenAI’s market cap be $1.5T or greater at market close on IPO day?,148939.70218500044,8255.91826,2026-06-30T00:00:00Z
2026-07-24 05:00:22+00:00,0.024,608367,Will OpenAI’s market cap be $1.5T or greater at market close on IPO day?,148939.70218500044,8255.91826,2026-06-30T00:00:00Z
2026-07-24 06:00:20+00:00,0.024,608367,Will OpenAI’s market cap be $1.5T or greater at market close on IPO day?,148939.70218500044,8255.91826,2026-06-30T00:00:00Z
2026-07-24 07:00:11+00:00,0.024,608367,Will OpenAI’s market cap be $1.5T or greater at market close on IPO day?,148939.70218500044,8255.91826,2026-06-30T00:00:00Z
2026-07-24 08:00:13+00:00,0.024,608367,Will OpenAI’s market cap be $1.5T or greater at market close on IPO day?,148939.70218500044,8255.91826,2026-06-30T00:00:00Z
2026-07-24 09:00:20+00:00,0.024,608367,Will OpenAI’s market cap be $1.5T or greater at market close on IPO day?,148939.70218500044,8255.91826,2026-06-30T00:00:00Z
2026-07-24 09:38:07+00:00,0.024,608367,Will OpenAI’s market cap be $1.5T or greater at market close on IPO day?,148939.70218500044,8255.91826,2026-06-30T00:00:00Z
2026-07-10 10:00:18+00:00,0.795,608368,"Will OpenAI not IPO by December 31, 2026?",421153.6804889996,17031.8769,2027-01-01T01:00:00Z
2026-07-10 11:00:06+00:00,0.795,608368,"Will OpenAI not IPO by December 31, 2026?",421153.6804889996,17031.8769,2027-01-01T01:00:00Z
2026-07-10 12:00:09+00:00,0.795,608368,"Will OpenAI not IPO by December 31, 2026?",421153.6804889996,17031.8769,2027-01-01T01:00:00Z
2026-07-10 13:00:06+00:00,0.795,608368,"Will OpenAI not IPO by December 31, 2026?",421153.6804889996,17031.8769,2027-01-01T01:00:00Z
2026-07-10 14:00:06+00:00,0.795,608368,"Will OpenAI not IPO by December 31, 2026?",421153.6804889996,17031.8769,2027-01-01T01:00:00Z
2026-07-10 15:00:08+00:00,0.795,608368,"Will OpenAI not IPO by December 31, 2026?",421153.6804889996,17031.8769,2027-01-01T01:00:00Z
2026-07-10 16:00:07+00:00,0.795,608368,"Will OpenAI not IPO by December 31, 2026?",421153.6804889996,17031.8769,2027-01-01T01:00:00Z
2026-07-10 17:00:05+00:00,0.8,608368,"Will OpenAI not IPO by December 31, 2026?",421153.6804889996,17031.8769,2027-01-01T01:00:00Z
2026-07-10 18:00:08+00:00,0.815,608368,"Will OpenAI not IPO by December 31, 2026?",421153.6804889996,17031.8769,2027-01-01T01:00:00Z
2026-07-10 19:00:06+00:00,0.815,608368,"Will OpenAI not IPO by December 31, 2026?",421153.6804889996,17031.8769,2027-01-01T01:00:00Z
2026-07-10 20:00:07+00:00,0.815,608368,"Will OpenAI not IPO by December 31, 2026?",421153.6804889996,17031.8769,2027-01-01T01:00:00Z
2026-07-10 21:00:08+00:00,0.835,608368,"Will OpenAI not IPO by December 31, 2026?",421153.6804889996,17031.8769,2027-01-01T01:00:00Z
2026-07-10 23:00:23+00:00,0.83,608368,"Will OpenAI not IPO by December 31, 2026?",421153.6804889996,17031.8769,2027-01-01T01:00:00Z
2026-07-11 00:00:10+00:00,0.83,608368,"Will OpenAI not IPO by December 31, 2026?",421153.6804889996,17031.8769,2027-01-01T01:00:00Z
2026-07-11 01:00:06+00:00,0.83,608368,"Will OpenAI not IPO by December 31, 2026?",421153.6804889996,17031.8769,2027-01-01T01:00:00Z
2026-07-11 02:00:07+00:00,0.83,608368,"Will OpenAI not IPO by December 31, 2026?",421153.6804889996,17031.8769,2027-01-01T01:00:00Z
2026-07-11 03:00:07+00:00,0.83,608368,"Will OpenAI not IPO by December 31, 2026?",421153.6804889996,17031.8769,2027-01-01T01:00:00Z
2026-07-11 04:00:08+00:00,0.83,608368,"Will OpenAI not IPO by December 31, 2026?",421153.6804889996,17031.8769,2027-01-01T01:00:00Z
2026-07-11 05:00:07+00:00,0.83,608368,"Will OpenAI not IPO by December 31, 2026?",421153.6804889996,17031.8769,2027-01-01T01:00:00Z
2026-07-11 06:00:13+00:00,0.83,608368,"Will OpenAI not IPO by December 31, 2026?",421153.6804889996,17031.8769,2027-01-01T01:00:00Z
2026-07-11 07:00:07+00:00,0.825,608368,"Will OpenAI not IPO by December 31, 2026?",421153.6804889996,17031.8769,2027-01-01T01:00:00Z
2026-07-11 08:00:07+00:00,0.83,608368,"Will OpenAI not IPO by December 31, 2026?",421153.6804889996,17031.8769,2027-01-01T01:00:00Z
2026-07-11 09:00:07+00:00,0.83,608368,"Will OpenAI not IPO by December 31, 2026?",421153.6804889996,17031.8769,2027-01-01T01:00:00Z
2026-07-11 10:00:06+00:00,0.83,608368,"Will OpenAI not IPO by December 31, 2026?",421153.6804889996,17031.8769,2027-01-01T01:00:00Z
2026-07-11 11:00:06+00:00,0.83,608368,"Will OpenAI not IPO by December 31, 2026?",421153.6804889996,17031.8769,2027-01-01T01:00:00Z
2026-07-11 12:00:10+00:00,0.825,608368,"Will OpenAI not IPO by December 31, 2026?",421153.6804889996,17031.8769,2027-01-01T01:00:00Z
2026-07-11 13:00:06+00:00,0.825,608368,"Will OpenAI not IPO by December 31, 2026?",421153.6804889996,17031.8769,2027-01-01T01:00:00Z
2026-07-11 14:00:07+00:00,0.825,608368,"Will OpenAI not IPO by December 31, 2026?",421153.6804889996,17031.8769,2027-01-01T01:00:00Z
2026-07-11 15:00:08+00:00,0.835,608368,"Will OpenAI not IPO by December 31, 2026?",421153.6804889996,17031.8769,2027-01-01T01:00:00Z
2026-07-11 16:00:06+00:00,0.825,608368,"Will OpenAI not IPO by December 31, 2026?",421153.6804889996,17031.8769,2027-01-01T01:00:00Z
2026-07-11 17:00:11+00:00,0.83,608368,"Will OpenAI not IPO by December 31, 2026?",421153.6804889996,17031.8769,2027-01-01T01:00:00Z
2026-07-11 18:00:09+00:00,0.815,608368,"Will OpenAI not IPO by December 31, 2026?",421153.6804889996,17031.8769,2027-01-01T01:00:00Z
2026-07-11 19:00:08+00:00,0.8,608368,"Will OpenAI not IPO by December 31, 2026?",421153.6804889996,17031.8769,2027-01-01T01:00:00Z
2026-07-11 20:00:09+00:00,0.8,608368,"Will OpenAI not IPO by December 31, 2026?",421153.6804889996,17031.8769,2027-01-01T01:00:00Z
2026-07-11 21:00:09+00:00,0.8,608368,"Will OpenAI not IPO by December 31, 2026?",421153.6804889996,17031.8769,2027-01-01T01:00:00Z
2026-07-11 22:00:05+00:00,0.8,608368,"Will OpenAI not IPO by December 31, 2026?",421153.6804889996,17031.8769,2027-01-01T01:00:00Z
2026-07-11 23:00:06+00:00,0.805,608368,"Will OpenAI not IPO by December 31, 2026?",421153.6804889996,17031.8769,2027-01-01T01:00:00Z
2026-07-12 00:00:23+00:00,0.805,608368,"Will OpenAI not IPO by December 31, 2026?",421153.6804889996,17031.8769,2027-01-01T01:00:00Z
2026-07-12 01:00:06+00:00,0.805,608368,"Will OpenAI not IPO by December 31, 2026?",421153.6804889996,17031.8769,2027-01-01T01:00:00Z
2026-07-12 02:00:07+00:00,0.8,608368,"Will OpenAI not IPO by December 31, 2026?",421153.6804889996,17031.8769,2027-01-01T01:00:00Z
2026-07-12 03:00:08+00:00,0.805,608368,"Will OpenAI not IPO by December 31, 2026?",421153.6804889996,17031.8769,2027-01-01T01:00:00Z
2026-07-12 04:00:06+00:00,0.79,608368,"Will OpenAI not IPO by December 31, 2026?",421153.6804889996,17031.8769,2027-01-01T01:00:00Z
2026-07-12 05:00:05+00:00,0.785,608368,"Will OpenAI not IPO by December 31, 2026?",421153.6804889996,17031.8769,2027-01-01T01:00:00Z
2026-07-12 06:00:07+00:00,0.785,608368,"Will OpenAI not IPO by December 31, 2026?",421153.6804889996,17031.8769,2027-01-01T01:00:00Z
2026-07-12 07:00:15+00:00,0.77,608368,"Will OpenAI not IPO by December 31, 2026?",421153.6804889996,17031.8769,2027-01-01T01:00:00Z
2026-07-12 08:00:05+00:00,0.77,608368,"Will OpenAI not IPO by December 31, 2026?",421153.6804889996,17031.8769,2027-01-01T01:00:00Z
2026-07-12 09:00:07+00:00,0.765,608368,"Will OpenAI not IPO by December 31, 2026?",421153.6804889996,17031.8769,2027-01-01T01:00:00Z
2026-07-12 10:00:07+00:00,0.765,608368,"Will OpenAI not IPO by December 31, 2026?",421153.6804889996,17031.8769,2027-01-01T01:00:00Z
2026-07-12 11:00:20+00:00,0.765,608368,"Will OpenAI not IPO by December 31, 2026?",421153.6804889996,17031.8769,2027-01-01T01:00:00Z
2026-07-12 12:00:12+00:00,0.77,608368,"Will OpenAI not IPO by December 31, 2026?",421153.6804889996,17031.8769,2027-01-01T01:00:00Z
2026-07-12 13:00:06+00:00,0.78,608368,"Will OpenAI not IPO by December 31, 2026?",421153.6804889996,17031.8769,2027-01-01T01:00:00Z
2026-07-12 14:00:08+00:00,0.785,608368,"Will OpenAI not IPO by December 31, 2026?",421153.6804889996,17031.8769,2027-01-01T01:00:00Z
2026-07-12 15:00:08+00:00,0.785,608368,"Will OpenAI not IPO by December 31, 2026?",421153.6804889996,17031.8769,2027-01-01T01:00:00Z
2026-07-12 16:00:06+00:00,0.785,608368,"Will OpenAI not IPO by December 31, 2026?",421153.6804889996,17031.8769,2027-01-01T01:00:00Z
2026-07-12 17:00:07+00:00,0.795,608368,"Will OpenAI not IPO by December 31, 2026?",421153.6804889996,17031.8769,2027-01-01T01:00:00Z
2026-07-12 18:00:09+00:00,0.795,608368,"Will OpenAI not IPO by December 31, 2026?",421153.6804889996,17031.8769,2027-01-01T01:00:00Z
2026-07-12 19:00:09+00:00,0.795,608368,"Will OpenAI not IPO by December 31, 2026?",421153.6804889996,17031.8769,2027-01-01T01:00:00Z
2026-07-12 20:00:07+00:00,0.795,608368,"Will OpenAI not IPO by December 31, 2026?",421153.6804889996,17031.8769,2027-01-01T01:00:00Z
2026-07-12 21:00:09+00:00,0.795,608368,"Will OpenAI not IPO by December 31, 2026?",421153.6804889996,17031.8769,2027-01-01T01:00:00Z
2026-07-12 22:00:15+00:00,0.795,608368,"Will OpenAI not IPO by December 31, 2026?",421153.6804889996,17031.8769,2027-01-01T01:00:00Z
2026-07-12 23:00:05+00:00,0.805,608368,"Will OpenAI not IPO by December 31, 2026?",421153.6804889996,17031.8769,2027-01-01T01:00:00Z
2026-07-13 00:00:12+00:00,0.8,608368,"Will OpenAI not IPO by December 31, 2026?",421153.6804889996,17031.8769,2027-01-01T01:00:00Z
2026-07-13 01:00:08+00:00,0.8,608368,"Will OpenAI not IPO by December 31, 2026?",421153.6804889996,17031.8769,2027-01-01T01:00:00Z
2026-07-13 02:00:05+00:00,0.8,608368,"Will OpenAI not IPO by December 31, 2026?",421153.6804889996,17031.8769,2027-01-01T01:00:00Z
2026-07-13 03:00:07+00:00,0.8,608368,"Will OpenAI not IPO by December 31, 2026?",421153.6804889996,17031.8769,2027-01-01T01:00:00Z
2026-07-13 04:00:09+00:00,0.8,608368,"Will OpenAI not IPO by December 31, 2026?",421153.6804889996,17031.8769,2027-01-01T01:00:00Z
2026-07-13 05:00:10+00:00,0.8,608368,"Will OpenAI not IPO by December 31, 2026?",421153.6804889996,17031.8769,2027-01-01T01:00:00Z
2026-07-13 06:00:10+00:00,0.8,608368,"Will OpenAI not IPO by December 31, 2026?",421153.6804889996,17031.8769,2027-01-01T01:00:00Z
2026-07-13 07:00:10+00:00,0.8,608368,"Will OpenAI not IPO by December 31, 2026?",421153.6804889996,17031.8769,2027-01-01T01:00:00Z
2026-07-13 08:00:08+00:00,0.8,608368,"Will OpenAI not IPO by December 31, 2026?",421153.6804889996,17031.8769,2027-01-01T01:00:00Z
2026-07-13 09:00:08+00:00,0.8,608368,"Will OpenAI not IPO by December 31, 2026?",421153.6804889996,17031.8769,2027-01-01T01:00:00Z
2026-07-13 10:00:06+00:00,0.8,608368,"Will OpenAI not IPO by December 31, 2026?",421153.6804889996,17031.8769,2027-01-01T01:00:00Z
2026-07-13 11:00:07+00:00,0.8,608368,"Will OpenAI not IPO by December 31, 2026?",421153.6804889996,17031.8769,2027-01-01T01:00:00Z
2026-07-13 12:00:12+00:00,0.8,608368,"Will OpenAI not IPO by December 31, 2026?",421153.6804889996,17031.8769,2027-01-01T01:00:00Z
2026-07-13 13:00:06+00:00,0.8,608368,"Will OpenAI not IPO by December 31, 2026?",421153.6804889996,17031.8769,2027-01-01T01:00:00Z
2026-07-13 14:00:20+00:00,0.8,608368,"Will OpenAI not IPO by December 31, 2026?",421153.6804889996,17031.8769,2027-01-01T01:00:00Z
2026-07-13 15:00:26+00:00,0.8,608368,"Will OpenAI not IPO by December 31, 2026?",421153.6804889996,17031.8769,2027-01-01T01:00:00Z
2026-07-13 16:00:06+00:00,0.8,608368,"Will OpenAI not IPO by December 31, 2026?",421153.6804889996,17031.8769,2027-01-01T01:00:00Z
2026-07-13 17:00:15+00:00,0.8,608368,"Will OpenAI not IPO by December 31, 2026?",421153.6804889996,17031.8769,2027-01-01T01:00:00Z
2026-07-13 18:00:08+00:00,0.8,608368,"Will OpenAI not IPO by December 31, 2026?",421153.6804889996,17031.8769,2027-01-01T01:00:00Z
2026-07-13 19:00:07+00:00,0.8,608368,"Will OpenAI not IPO by December 31, 2026?",421153.6804889996,17031.8769,2027-01-01T01:00:00Z
2026-07-13 20:00:08+00:00,0.8,608368,"Will OpenAI not IPO by December 31, 2026?",421153.6804889996,17031.8769,2027-01-01T01:00:00Z
2026-07-13 21:00:09+00:00,0.8,608368,"Will OpenAI not IPO by December 31, 2026?",421153.6804889996,17031.8769,2027-01-01T01:00:00Z
2026-07-13 22:00:06+00:00,0.8,608368,"Will OpenAI not IPO by December 31, 2026?",421153.6804889996,17031.8769,2027-01-01T01:00:00Z
2026-07-13 23:00:07+00:00,0.8,608368,"Will OpenAI not IPO by December 31, 2026?",421153.6804889996,17031.8769,2027-01-01T01:00:00Z
2026-07-14 00:00:10+00:00,0.8,608368,"Will OpenAI not IPO by December 31, 2026?",421153.6804889996,17031.8769,2027-01-01T01:00:00Z
2026-07-14 01:00:05+00:00,0.8,608368,"Will OpenAI not IPO by December 31, 2026?",421153.6804889996,17031.8769,2027-01-01T01:00:00Z
2026-07-14 02:00:05+00:00,0.8,608368,"Will OpenAI not IPO by December 31, 2026?",421153.6804889996,17031.8769,2027-01-01T01:00:00Z
2026-07-14 03:00:09+00:00,0.8,608368,"Will OpenAI not IPO by December 31, 2026?",421153.6804889996,17031.8769,2027-01-01T01:00:00Z
2026-07-14 04:00:06+00:00,0.8,608368,"Will OpenAI not IPO by December 31, 2026?",421153.6804889996,17031.8769,2027-01-01T01:00:00Z
2026-07-14 05:00:06+00:00,0.8,608368,"Will OpenAI not IPO by December 31, 2026?",421153.6804889996,17031.8769,2027-01-01T01:00:00Z
2026-07-14 06:00:09+00:00,0.8,608368,"Will OpenAI not IPO by December 31, 2026?",421153.6804889996,17031.8769,2027-01-01T01:00:00Z
2026-07-14 07:00:13+00:00,0.8,608368,"Will OpenAI not IPO by December 31, 2026?",421153.6804889996,17031.8769,2027-01-01T01:00:00Z
2026-07-14 08:00:06+00:00,0.8,608368,"Will OpenAI not IPO by December 31, 2026?",421153.6804889996,17031.8769,2027-01-01T01:00:00Z
2026-07-14 09:00:07+00:00,0.8,608368,"Will OpenAI not IPO by December 31, 2026?",421153.6804889996,17031.8769,2027-01-01T01:00:00Z
2026-07-14 10:00:08+00:00,0.8,608368,"Will OpenAI not IPO by December 31, 2026?",421153.6804889996,17031.8769,2027-01-01T01:00:00Z
2026-07-14 11:00:06+00:00,0.8,608368,"Will OpenAI not IPO by December 31, 2026?",421153.6804889996,17031.8769,2027-01-01T01:00:00Z
2026-07-14 12:00:15+00:00,0.8,608368,"Will OpenAI not IPO by December 31, 2026?",421153.6804889996,17031.8769,2027-01-01T01:00:00Z
2026-07-14 13:00:09+00:00,0.8,608368,"Will OpenAI not IPO by December 31, 2026?",421153.6804889996,17031.8769,2027-01-01T01:00:00Z
2026-07-14 14:00:13+00:00,0.8,608368,"Will OpenAI not IPO by December 31, 2026?",421153.6804889996,17031.8769,2027-01-01T01:00:00Z
2026-07-14 15:00:11+00:00,0.8,608368,"Will OpenAI not IPO by December 31, 2026?",421153.6804889996,17031.8769,2027-01-01T01:00:00Z
2026-07-14 16:00:13+00:00,0.8,608368,"Will OpenAI not IPO by December 31, 2026?",421153.6804889996,17031.8769,2027-01-01T01:00:00Z
2026-07-14 17:00:30+00:00,0.8,608368,"Will OpenAI not IPO by December 31, 2026?",421153.6804889996,17031.8769,2027-01-01T01:00:00Z
2026-07-14 18:00:20+00:00,0.8,608368,"Will OpenAI not IPO by December 31, 2026?",421153.6804889996,17031.8769,2027-01-01T01:00:00Z
2026-07-14 19:00:09+00:00,0.8,608368,"Will OpenAI not IPO by December 31, 2026?",421153.6804889996,17031.8769,2027-01-01T01:00:00Z
2026-07-14 20:00:09+00:00,0.8,608368,"Will OpenAI not IPO by December 31, 2026?",421153.6804889996,17031.8769,2027-01-01T01:00:00Z
2026-07-14 21:00:10+00:00,0.8,608368,"Will OpenAI not IPO by December 31, 2026?",421153.6804889996,17031.8769,2027-01-01T01:00:00Z
2026-07-14 22:00:06+00:00,0.8,608368,"Will OpenAI not IPO by December 31, 2026?",421153.6804889996,17031.8769,2027-01-01T01:00:00Z
2026-07-14 23:00:08+00:00,0.8,608368,"Will OpenAI not IPO by December 31, 2026?",421153.6804889996,17031.8769,2027-01-01T01:00:00Z
2026-07-15 00:00:15+00:00,0.8,608368,"Will OpenAI not IPO by December 31, 2026?",421153.6804889996,17031.8769,2027-01-01T01:00:00Z
2026-07-15 01:00:09+00:00,0.8,608368,"Will OpenAI not IPO by December 31, 2026?",421153.6804889996,17031.8769,2027-01-01T01:00:00Z
2026-07-15 02:00:11+00:00,0.8,608368,"Will OpenAI not IPO by December 31, 2026?",421153.6804889996,17031.8769,2027-01-01T01:00:00Z
2026-07-15 03:00:14+00:00,0.8,608368,"Will OpenAI not IPO by December 31, 2026?",421153.6804889996,17031.8769,2027-01-01T01:00:00Z
2026-07-15 04:00:08+00:00,0.8,608368,"Will OpenAI not IPO by December 31, 2026?",421153.6804889996,17031.8769,2027-01-01T01:00:00Z
2026-07-15 05:00:23+00:00,0.8,608368,"Will OpenAI not IPO by December 31, 2026?",421153.6804889996,17031.8769,2027-01-01T01:00:00Z
2026-07-15 06:00:13+00:00,0.8,608368,"Will OpenAI not IPO by December 31, 2026?",421153.6804889996,17031.8769,2027-01-01T01:00:00Z
2026-07-15 07:00:25+00:00,0.805,608368,"Will OpenAI not IPO by December 31, 2026?",421153.6804889996,17031.8769,2027-01-01T01:00:00Z
2026-07-15 08:00:24+00:00,0.815,608368,"Will OpenAI not IPO by December 31, 2026?",421153.6804889996,17031.8769,2027-01-01T01:00:00Z
2026-07-15 09:00:11+00:00,0.815,608368,"Will OpenAI not IPO by December 31, 2026?",421153.6804889996,17031.8769,2027-01-01T01:00:00Z
2026-07-15 10:00:06+00:00,0.815,608368,"Will OpenAI not IPO by December 31, 2026?",421153.6804889996,17031.8769,2027-01-01T01:00:00Z
2026-07-15 11:00:10+00:00,0.815,608368,"Will OpenAI not IPO by December 31, 2026?",421153.6804889996,17031.8769,2027-01-01T01:00:00Z
2026-07-15 12:00:28+00:00,0.815,608368,"Will OpenAI not IPO by December 31, 2026?",421153.6804889996,17031.8769,2027-01-01T01:00:00Z
2026-07-15 13:00:08+00:00,0.815,608368,"Will OpenAI not IPO by December 31, 2026?",421153.6804889996,17031.8769,2027-01-01T01:00:00Z
2026-07-15 14:00:09+00:00,0.815,608368,"Will OpenAI not IPO by December 31, 2026?",421153.6804889996,17031.8769,2027-01-01T01:00:00Z
2026-07-15 15:00:14+00:00,0.815,608368,"Will OpenAI not IPO by December 31, 2026?",421153.6804889996,17031.8769,2027-01-01T01:00:00Z
2026-07-15 16:00:07+00:00,0.815,608368,"Will OpenAI not IPO by December 31, 2026?",421153.6804889996,17031.8769,2027-01-01T01:00:00Z
2026-07-15 17:00:11+00:00,0.825,608368,"Will OpenAI not IPO by December 31, 2026?",421153.6804889996,17031.8769,2027-01-01T01:00:00Z
2026-07-15 18:00:15+00:00,0.825,608368,"Will OpenAI not IPO by December 31, 2026?",421153.6804889996,17031.8769,2027-01-01T01:00:00Z
2026-07-15 19:00:10+00:00,0.825,608368,"Will OpenAI not IPO by December 31, 2026?",421153.6804889996,17031.8769,2027-01-01T01:00:00Z
2026-07-15 20:00:09+00:00,0.815,608368,"Will OpenAI not IPO by December 31, 2026?",421153.6804889996,17031.8769,2027-01-01T01:00:00Z
2026-07-15 21:00:11+00:00,0.82,608368,"Will OpenAI not IPO by December 31, 2026?",421153.6804889996,17031.8769,2027-01-01T01:00:00Z
2026-07-15 22:00:07+00:00,0.815,608368,"Will OpenAI not IPO by December 31, 2026?",421153.6804889996,17031.8769,2027-01-01T01:00:00Z
2026-07-15 23:00:07+00:00,0.815,608368,"Will OpenAI not IPO by December 31, 2026?",421153.6804889996,17031.8769,2027-01-01T01:00:00Z
2026-07-16 00:00:15+00:00,0.815,608368,"Will OpenAI not IPO by December 31, 2026?",421153.6804889996,17031.8769,2027-01-01T01:00:00Z
2026-07-16 01:00:06+00:00,0.815,608368,"Will OpenAI not IPO by December 31, 2026?",421153.6804889996,17031.8769,2027-01-01T01:00:00Z
2026-07-16 02:00:05+00:00,0.815,608368,"Will OpenAI not IPO by December 31, 2026?",421153.6804889996,17031.8769,2027-01-01T01:00:00Z
2026-07-16 03:00:12+00:00,0.815,608368,"Will OpenAI not IPO by December 31, 2026?",421153.6804889996,17031.8769,2027-01-01T01:00:00Z
2026-07-16 04:00:08+00:00,0.815,608368,"Will OpenAI not IPO by December 31, 2026?",421153.6804889996,17031.8769,2027-01-01T01:00:00Z
2026-07-16 05:00:07+00:00,0.815,608368,"Will OpenAI not IPO by December 31, 2026?",421153.6804889996,17031.8769,2027-01-01T01:00:00Z
2026-07-16 06:00:26+00:00,0.815,608368,"Will OpenAI not IPO by December 31, 2026?",421153.6804889996,17031.8769,2027-01-01T01:00:00Z
2026-07-16 07:00:10+00:00,0.815,608368,"Will OpenAI not IPO by December 31, 2026?",421153.6804889996,17031.8769,2027-01-01T01:00:00Z
2026-07-16 08:00:05+00:00,0.815,608368,"Will OpenAI not IPO by December 31, 2026?",421153.6804889996,17031.8769,2027-01-01T01:00:00Z
2026-07-16 09:00:12+00:00,0.82,608368,"Will OpenAI not IPO by December 31, 2026?",421153.6804889996,17031.8769,2027-01-01T01:00:00Z
2026-07-16 10:00:09+00:00,0.815,608368,"Will OpenAI not IPO by December 31, 2026?",421153.6804889996,17031.8769,2027-01-01T01:00:00Z
2026-07-16 11:00:09+00:00,0.82,608368,"Will OpenAI not IPO by December 31, 2026?",421153.6804889996,17031.8769,2027-01-01T01:00:00Z
2026-07-16 12:00:11+00:00,0.815,608368,"Will OpenAI not IPO by December 31, 2026?",421153.6804889996,17031.8769,2027-01-01T01:00:00Z
2026-07-16 13:00:09+00:00,0.82,608368,"Will OpenAI not IPO by December 31, 2026?",421153.6804889996,17031.8769,2027-01-01T01:00:00Z
2026-07-16 14:00:07+00:00,0.815,608368,"Will OpenAI not IPO by December 31, 2026?",421153.6804889996,17031.8769,2027-01-01T01:00:00Z
2026-07-16 15:00:13+00:00,0.815,608368,"Will OpenAI not IPO by December 31, 2026?",421153.6804889996,17031.8769,2027-01-01T01:00:00Z
2026-07-16 16:00:07+00:00,0.815,608368,"Will OpenAI not IPO by December 31, 2026?",421153.6804889996,17031.8769,2027-01-01T01:00:00Z
2026-07-16 17:00:09+00:00,0.815,608368,"Will OpenAI not IPO by December 31, 2026?",421153.6804889996,17031.8769,2027-01-01T01:00:00Z
2026-07-16 18:00:24+00:00,0.815,608368,"Will OpenAI not IPO by December 31, 2026?",421153.6804889996,17031.8769,2027-01-01T01:00:00Z
2026-07-16 19:00:09+00:00,0.815,608368,"Will OpenAI not IPO by December 31, 2026?",421153.6804889996,17031.8769,2027-01-01T01:00:00Z
2026-07-16 20:00:09+00:00,0.815,608368,"Will OpenAI not IPO by December 31, 2026?",421153.6804889996,17031.8769,2027-01-01T01:00:00Z
2026-07-16 21:00:11+00:00,0.815,608368,"Will OpenAI not IPO by December 31, 2026?",421153.6804889996,17031.8769,2027-01-01T01:00:00Z
2026-07-16 22:00:09+00:00,0.815,608368,"Will OpenAI not IPO by December 31, 2026?",421153.6804889996,17031.8769,2027-01-01T01:00:00Z
2026-07-16 23:00:11+00:00,0.815,608368,"Will OpenAI not IPO by December 31, 2026?",421153.6804889996,17031.8769,2027-01-01T01:00:00Z
2026-07-17 00:00:15+00:00,0.815,608368,"Will OpenAI not IPO by December 31, 2026?",421153.6804889996,17031.8769,2027-01-01T01:00:00Z
2026-07-17 01:00:07+00:00,0.815,608368,"Will OpenAI not IPO by December 31, 2026?",421153.6804889996,17031.8769,2027-01-01T01:00:00Z
2026-07-17 02:00:09+00:00,0.815,608368,"Will OpenAI not IPO by December 31, 2026?",421153.6804889996,17031.8769,2027-01-01T01:00:00Z
2026-07-17 03:00:14+00:00,0.815,608368,"Will OpenAI not IPO by December 31, 2026?",421153.6804889996,17031.8769,2027-01-01T01:00:00Z
2026-07-17 04:00:12+00:00,0.815,608368,"Will OpenAI not IPO by December 31, 2026?",421153.6804889996,17031.8769,2027-01-01T01:00:00Z
2026-07-17 05:00:12+00:00,0.815,608368,"Will OpenAI not IPO by December 31, 2026?",421153.6804889996,17031.8769,2027-01-01T01:00:00Z
2026-07-17 06:00:17+00:00,0.815,608368,"Will OpenAI not IPO by December 31, 2026?",421153.6804889996,17031.8769,2027-01-01T01:00:00Z
2026-07-17 07:00:05+00:00,0.815,608368,"Will OpenAI not IPO by December 31, 2026?",421153.6804889996,17031.8769,2027-01-01T01:00:00Z
2026-07-17 08:00:06+00:00,0.815,608368,"Will OpenAI not IPO by December 31, 2026?",421153.6804889996,17031.8769,2027-01-01T01:00:00Z
2026-07-17 09:00:11+00:00,0.815,608368,"Will OpenAI not IPO by December 31, 2026?",421153.6804889996,17031.8769,2027-01-01T01:00:00Z
2026-07-17 10:00:13+00:00,0.815,608368,"Will OpenAI not IPO by December 31, 2026?",421153.6804889996,17031.8769,2027-01-01T01:00:00Z
2026-07-17 11:00:09+00:00,0.815,608368,"Will OpenAI not IPO by December 31, 2026?",421153.6804889996,17031.8769,2027-01-01T01:00:00Z
2026-07-17 12:00:16+00:00,0.815,608368,"Will OpenAI not IPO by December 31, 2026?",421153.6804889996,17031.8769,2027-01-01T01:00:00Z
2026-07-17 13:00:08+00:00,0.815,608368,"Will OpenAI not IPO by December 31, 2026?",421153.6804889996,17031.8769,2027-01-01T01:00:00Z
2026-07-17 14:00:09+00:00,0.815,608368,"Will OpenAI not IPO by December 31, 2026?",421153.6804889996,17031.8769,2027-01-01T01:00:00Z
2026-07-17 15:00:12+00:00,0.815,608368,"Will OpenAI not IPO by December 31, 2026?",421153.6804889996,17031.8769,2027-01-01T01:00:00Z
2026-07-17 16:00:24+00:00,0.815,608368,"Will OpenAI not IPO by December 31, 2026?",421153.6804889996,17031.8769,2027-01-01T01:00:00Z
2026-07-17 17:00:16+00:00,0.815,608368,"Will OpenAI not IPO by December 31, 2026?",421153.6804889996,17031.8769,2027-01-01T01:00:00Z
2026-07-17 18:00:29+00:00,0.815,608368,"Will OpenAI not IPO by December 31, 2026?",421153.6804889996,17031.8769,2027-01-01T01:00:00Z
2026-07-17 19:00:09+00:00,0.815,608368,"Will OpenAI not IPO by December 31, 2026?",421153.6804889996,17031.8769,2027-01-01T01:00:00Z
2026-07-17 20:00:09+00:00,0.815,608368,"Will OpenAI not IPO by December 31, 2026?",421153.6804889996,17031.8769,2027-01-01T01:00:00Z
2026-07-17 21:00:10+00:00,0.815,608368,"Will OpenAI not IPO by December 31, 2026?",421153.6804889996,17031.8769,2027-01-01T01:00:00Z
2026-07-17 22:00:10+00:00,0.815,608368,"Will OpenAI not IPO by December 31, 2026?",421153.6804889996,17031.8769,2027-01-01T01:00:00Z
2026-07-17 23:00:10+00:00,0.815,608368,"Will OpenAI not IPO by December 31, 2026?",421153.6804889996,17031.8769,2027-01-01T01:00:00Z
2026-07-18 00:00:11+00:00,0.815,608368,"Will OpenAI not IPO by December 31, 2026?",421153.6804889996,17031.8769,2027-01-01T01:00:00Z
2026-07-18 01:00:07+00:00,0.815,608368,"Will OpenAI not IPO by December 31, 2026?",421153.6804889996,17031.8769,2027-01-01T01:00:00Z
2026-07-18 02:00:07+00:00,0.815,608368,"Will OpenAI not IPO by December 31, 2026?",421153.6804889996,17031.8769,2027-01-01T01:00:00Z
2026-07-18 03:00:11+00:00,0.82,608368,"Will OpenAI not IPO by December 31, 2026?",421153.6804889996,17031.8769,2027-01-01T01:00:00Z
2026-07-18 04:00:07+00:00,0.815,608368,"Will OpenAI not IPO by December 31, 2026?",421153.6804889996,17031.8769,2027-01-01T01:00:00Z
2026-07-18 05:00:08+00:00,0.82,608368,"Will OpenAI not IPO by December 31, 2026?",421153.6804889996,17031.8769,2027-01-01T01:00:00Z
2026-07-18 06:00:11+00:00,0.82,608368,"Will OpenAI not IPO by December 31, 2026?",421153.6804889996,17031.8769,2027-01-01T01:00:00Z
2026-07-18 07:00:11+00:00,0.82,608368,"Will OpenAI not IPO by December 31, 2026?",421153.6804889996,17031.8769,2027-01-01T01:00:00Z
2026-07-18 08:00:07+00:00,0.815,608368,"Will OpenAI not IPO by December 31, 2026?",421153.6804889996,17031.8769,2027-01-01T01:00:00Z
2026-07-18 09:00:15+00:00,0.82,608368,"Will OpenAI not IPO by December 31, 2026?",421153.6804889996,17031.8769,2027-01-01T01:00:00Z
2026-07-18 10:00:08+00:00,0.82,608368,"Will OpenAI not IPO by December 31, 2026?",421153.6804889996,17031.8769,2027-01-01T01:00:00Z
2026-07-18 11:00:11+00:00,0.82,608368,"Will OpenAI not IPO by December 31, 2026?",421153.6804889996,17031.8769,2027-01-01T01:00:00Z
2026-07-18 12:00:25+00:00,0.82,608368,"Will OpenAI not IPO by December 31, 2026?",421153.6804889996,17031.8769,2027-01-01T01:00:00Z
2026-07-18 13:00:09+00:00,0.82,608368,"Will OpenAI not IPO by December 31, 2026?",421153.6804889996,17031.8769,2027-01-01T01:00:00Z
2026-07-18 14:00:10+00:00,0.82,608368,"Will OpenAI not IPO by December 31, 2026?",421153.6804889996,17031.8769,2027-01-01T01:00:00Z
2026-07-18 15:00:19+00:00,0.82,608368,"Will OpenAI not IPO by December 31, 2026?",421153.6804889996,17031.8769,2027-01-01T01:00:00Z
2026-07-18 16:00:10+00:00,0.82,608368,"Will OpenAI not IPO by December 31, 2026?",421153.6804889996,17031.8769,2027-01-01T01:00:00Z
2026-07-18 17:00:20+00:00,0.82,608368,"Will OpenAI not IPO by December 31, 2026?",421153.6804889996,17031.8769,2027-01-01T01:00:00Z
2026-07-18 18:00:13+00:00,0.82,608368,"Will OpenAI not IPO by December 31, 2026?",421153.6804889996,17031.8769,2027-01-01T01:00:00Z
2026-07-18 19:00:09+00:00,0.82,608368,"Will OpenAI not IPO by December 31, 2026?",421153.6804889996,17031.8769,2027-01-01T01:00:00Z
2026-07-18 20:00:14+00:00,0.82,608368,"Will OpenAI not IPO by December 31, 2026?",421153.6804889996,17031.8769,2027-01-01T01:00:00Z
2026-07-18 21:00:16+00:00,0.825,608368,"Will OpenAI not IPO by December 31, 2026?",421153.6804889996,17031.8769,2027-01-01T01:00:00Z
2026-07-18 22:00:11+00:00,0.825,608368,"Will OpenAI not IPO by December 31, 2026?",421153.6804889996,17031.8769,2027-01-01T01:00:00Z
2026-07-18 23:00:12+00:00,0.825,608368,"Will OpenAI not IPO by December 31, 2026?",421153.6804889996,17031.8769,2027-01-01T01:00:00Z
2026-07-19 00:00:18+00:00,0.825,608368,"Will OpenAI not IPO by December 31, 2026?",421153.6804889996,17031.8769,2027-01-01T01:00:00Z
2026-07-19 01:00:09+00:00,0.825,608368,"Will OpenAI not IPO by December 31, 2026?",421153.6804889996,17031.8769,2027-01-01T01:00:00Z
2026-07-19 02:00:09+00:00,0.825,608368,"Will OpenAI not IPO by December 31, 2026?",421153.6804889996,17031.8769,2027-01-01T01:00:00Z
2026-07-19 03:00:14+00:00,0.825,608368,"Will OpenAI not IPO by December 31, 2026?",421153.6804889996,17031.8769,2027-01-01T01:00:00Z
2026-07-19 04:00:11+00:00,0.825,608368,"Will OpenAI not IPO by December 31, 2026?",421153.6804889996,17031.8769,2027-01-01T01:00:00Z
2026-07-19 05:00:11+00:00,0.815,608368,"Will OpenAI not IPO by December 31, 2026?",421153.6804889996,17031.8769,2027-01-01T01:00:00Z
2026-07-19 06:00:22+00:00,0.815,608368,"Will OpenAI not IPO by December 31, 2026?",421153.6804889996,17031.8769,2027-01-01T01:00:00Z
2026-07-19 07:00:11+00:00,0.815,608368,"Will OpenAI not IPO by December 31, 2026?",421153.6804889996,17031.8769,2027-01-01T01:00:00Z
2026-07-19 08:00:12+00:00,0.815,608368,"Will OpenAI not IPO by December 31, 2026?",421153.6804889996,17031.8769,2027-01-01T01:00:00Z
2026-07-19 09:00:16+00:00,0.815,608368,"Will OpenAI not IPO by December 31, 2026?",421153.6804889996,17031.8769,2027-01-01T01:00:00Z
2026-07-19 10:00:13+00:00,0.815,608368,"Will OpenAI not IPO by December 31, 2026?",421153.6804889996,17031.8769,2027-01-01T01:00:00Z
2026-07-19 11:00:10+00:00,0.815,608368,"Will OpenAI not IPO by December 31, 2026?",421153.6804889996,17031.8769,2027-01-01T01:00:00Z
2026-07-19 12:00:13+00:00,0.815,608368,"Will OpenAI not IPO by December 31, 2026?",421153.6804889996,17031.8769,2027-01-01T01:00:00Z
2026-07-19 13:00:11+00:00,0.815,608368,"Will OpenAI not IPO by December 31, 2026?",421153.6804889996,17031.8769,2027-01-01T01:00:00Z
2026-07-19 14:00:13+00:00,0.815,608368,"Will OpenAI not IPO by December 31, 2026?",421153.6804889996,17031.8769,2027-01-01T01:00:00Z
2026-07-19 15:00:12+00:00,0.815,608368,"Will OpenAI not IPO by December 31, 2026?",421153.6804889996,17031.8769,2027-01-01T01:00:00Z
2026-07-19 16:00:30+00:00,0.815,608368,"Will OpenAI not IPO by December 31, 2026?",421153.6804889996,17031.8769,2027-01-01T01:00:00Z
2026-07-19 17:00:21+00:00,0.815,608368,"Will OpenAI not IPO by December 31, 2026?",421153.6804889996,17031.8769,2027-01-01T01:00:00Z
2026-07-19 18:00:13+00:00,0.815,608368,"Will OpenAI not IPO by December 31, 2026?",421153.6804889996,17031.8769,2027-01-01T01:00:00Z
2026-07-19 19:00:13+00:00,0.815,608368,"Will OpenAI not IPO by December 31, 2026?",421153.6804889996,17031.8769,2027-01-01T01:00:00Z
2026-07-19 20:00:14+00:00,0.815,608368,"Will OpenAI not IPO by December 31, 2026?",421153.6804889996,17031.8769,2027-01-01T01:00:00Z
2026-07-19 21:00:27+00:00,0.815,608368,"Will OpenAI not IPO by December 31, 2026?",421153.6804889996,17031.8769,2027-01-01T01:00:00Z
2026-07-19 22:00:13+00:00,0.815,608368,"Will OpenAI not IPO by December 31, 2026?",421153.6804889996,17031.8769,2027-01-01T01:00:00Z
2026-07-19 23:00:10+00:00,0.815,608368,"Will OpenAI not IPO by December 31, 2026?",421153.6804889996,17031.8769,2027-01-01T01:00:00Z
2026-07-20 00:00:28+00:00,0.81,608368,"Will OpenAI not IPO by December 31, 2026?",421153.6804889996,17031.8769,2027-01-01T01:00:00Z
2026-07-20 01:00:10+00:00,0.81,608368,"Will OpenAI not IPO by December 31, 2026?",421153.6804889996,17031.8769,2027-01-01T01:00:00Z
2026-07-20 02:00:10+00:00,0.81,608368,"Will OpenAI not IPO by December 31, 2026?",421153.6804889996,17031.8769,2027-01-01T01:00:00Z
2026-07-20 03:00:14+00:00,0.81,608368,"Will OpenAI not IPO by December 31, 2026?",421153.6804889996,17031.8769,2027-01-01T01:00:00Z
2026-07-20 04:00:10+00:00,0.81,608368,"Will OpenAI not IPO by December 31, 2026?",421153.6804889996,17031.8769,2027-01-01T01:00:00Z
2026-07-20 05:00:23+00:00,0.81,608368,"Will OpenAI not IPO by December 31, 2026?",421153.6804889996,17031.8769,2027-01-01T01:00:00Z
2026-07-20 06:00:16+00:00,0.81,608368,"Will OpenAI not IPO by December 31, 2026?",421153.6804889996,17031.8769,2027-01-01T01:00:00Z
2026-07-20 07:00:12+00:00,0.815,608368,"Will OpenAI not IPO by December 31, 2026?",421153.6804889996,17031.8769,2027-01-01T01:00:00Z
2026-07-20 08:00:07+00:00,0.815,608368,"Will OpenAI not IPO by December 31, 2026?",421153.6804889996,17031.8769,2027-01-01T01:00:00Z
2026-07-20 09:00:16+00:00,0.815,608368,"Will OpenAI not IPO by December 31, 2026?",421153.6804889996,17031.8769,2027-01-01T01:00:00Z
2026-07-20 10:00:07+00:00,0.815,608368,"Will OpenAI not IPO by December 31, 2026?",421153.6804889996,17031.8769,2027-01-01T01:00:00Z
2026-07-20 11:00:10+00:00,0.815,608368,"Will OpenAI not IPO by December 31, 2026?",421153.6804889996,17031.8769,2027-01-01T01:00:00Z
2026-07-20 12:00:12+00:00,0.815,608368,"Will OpenAI not IPO by December 31, 2026?",421153.6804889996,17031.8769,2027-01-01T01:00:00Z
2026-07-20 13:00:11+00:00,0.815,608368,"Will OpenAI not IPO by December 31, 2026?",421153.6804889996,17031.8769,2027-01-01T01:00:00Z
2026-07-20 14:00:07+00:00,0.815,608368,"Will OpenAI not IPO by December 31, 2026?",421153.6804889996,17031.8769,2027-01-01T01:00:00Z
2026-07-20 15:00:19+00:00,0.815,608368,"Will OpenAI not IPO by December 31, 2026?",421153.6804889996,17031.8769,2027-01-01T01:00:00Z
2026-07-20 16:00:12+00:00,0.815,608368,"Will OpenAI not IPO by December 31, 2026?",421153.6804889996,17031.8769,2027-01-01T01:00:00Z
2026-07-20 17:00:23+00:00,0.815,608368,"Will OpenAI not IPO by December 31, 2026?",421153.6804889996,17031.8769,2027-01-01T01:00:00Z
2026-07-20 18:00:15+00:00,0.815,608368,"Will OpenAI not IPO by December 31, 2026?",421153.6804889996,17031.8769,2027-01-01T01:00:00Z
2026-07-20 19:00:10+00:00,0.815,608368,"Will OpenAI not IPO by December 31, 2026?",421153.6804889996,17031.8769,2027-01-01T01:00:00Z
2026-07-20 20:00:27+00:00,0.815,608368,"Will OpenAI not IPO by December 31, 2026?",421153.6804889996,17031.8769,2027-01-01T01:00:00Z
2026-07-20 21:00:16+00:00,0.815,608368,"Will OpenAI not IPO by December 31, 2026?",421153.6804889996,17031.8769,2027-01-01T01:00:00Z
2026-07-20 22:00:07+00:00,0.815,608368,"Will OpenAI not IPO by December 31, 2026?",421153.6804889996,17031.8769,2027-01-01T01:00:00Z
2026-07-20 23:00:07+00:00,0.815,608368,"Will OpenAI not IPO by December 31, 2026?",421153.6804889996,17031.8769,2027-01-01T01:00:00Z
2026-07-21 00:00:15+00:00,0.815,608368,"Will OpenAI not IPO by December 31, 2026?",421153.6804889996,17031.8769,2027-01-01T01:00:00Z
2026-07-21 01:00:15+00:00,0.815,608368,"Will OpenAI not IPO by December 31, 2026?",421153.6804889996,17031.8769,2027-01-01T01:00:00Z
2026-07-21 02:00:15+00:00,0.815,608368,"Will OpenAI not IPO by December 31, 2026?",421153.6804889996,17031.8769,2027-01-01T01:00:00Z
2026-07-21 03:00:16+00:00,0.815,608368,"Will OpenAI not IPO by December 31, 2026?",421153.6804889996,17031.8769,2027-01-01T01:00:00Z
2026-07-21 04:00:23+00:00,0.815,608368,"Will OpenAI not IPO by December 31, 2026?",421153.6804889996,17031.8769,2027-01-01T01:00:00Z
2026-07-21 05:00:11+00:00,0.815,608368,"Will OpenAI not IPO by December 31, 2026?",421153.6804889996,17031.8769,2027-01-01T01:00:00Z
2026-07-21 06:00:16+00:00,0.815,608368,"Will OpenAI not IPO by December 31, 2026?",421153.6804889996,17031.8769,2027-01-01T01:00:00Z
2026-07-21 07:00:17+00:00,0.815,608368,"Will OpenAI not IPO by December 31, 2026?",421153.6804889996,17031.8769,2027-01-01T01:00:00Z
2026-07-21 08:00:11+00:00,0.815,608368,"Will OpenAI not IPO by December 31, 2026?",421153.6804889996,17031.8769,2027-01-01T01:00:00Z
2026-07-21 09:00:14+00:00,0.815,608368,"Will OpenAI not IPO by December 31, 2026?",421153.6804889996,17031.8769,2027-01-01T01:00:00Z
2026-07-21 10:00:11+00:00,0.815,608368,"Will OpenAI not IPO by December 31, 2026?",421153.6804889996,17031.8769,2027-01-01T01:00:00Z
2026-07-21 11:00:11+00:00,0.815,608368,"Will OpenAI not IPO by December 31, 2026?",421153.6804889996,17031.8769,2027-01-01T01:00:00Z
2026-07-21 12:00:20+00:00,0.815,608368,"Will OpenAI not IPO by December 31, 2026?",421153.6804889996,17031.8769,2027-01-01T01:00:00Z
2026-07-21 13:00:12+00:00,0.815,608368,"Will OpenAI not IPO by December 31, 2026?",421153.6804889996,17031.8769,2027-01-01T01:00:00Z
2026-07-21 14:00:11+00:00,0.815,608368,"Will OpenAI not IPO by December 31, 2026?",421153.6804889996,17031.8769,2027-01-01T01:00:00Z
2026-07-21 15:00:36+00:00,0.815,608368,"Will OpenAI not IPO by December 31, 2026?",421153.6804889996,17031.8769,2027-01-01T01:00:00Z
2026-07-21 16:00:15+00:00,0.815,608368,"Will OpenAI not IPO by December 31, 2026?",421153.6804889996,17031.8769,2027-01-01T01:00:00Z
2026-07-21 17:00:10+00:00,0.815,608368,"Will OpenAI not IPO by December 31, 2026?",421153.6804889996,17031.8769,2027-01-01T01:00:00Z
2026-07-21 18:00:32+00:00,0.815,608368,"Will OpenAI not IPO by December 31, 2026?",421153.6804889996,17031.8769,2027-01-01T01:00:00Z
2026-07-21 19:00:07+00:00,0.815,608368,"Will OpenAI not IPO by December 31, 2026?",421153.6804889996,17031.8769,2027-01-01T01:00:00Z
2026-07-21 20:00:08+00:00,0.815,608368,"Will OpenAI not IPO by December 31, 2026?",421153.6804889996,17031.8769,2027-01-01T01:00:00Z
2026-07-21 21:00:32+00:00,0.815,608368,"Will OpenAI not IPO by December 31, 2026?",421153.6804889996,17031.8769,2027-01-01T01:00:00Z
2026-07-21 22:00:11+00:00,0.815,608368,"Will OpenAI not IPO by December 31, 2026?",421153.6804889996,17031.8769,2027-01-01T01:00:00Z
2026-07-21 23:00:22+00:00,0.815,608368,"Will OpenAI not IPO by December 31, 2026?",421153.6804889996,17031.8769,2027-01-01T01:00:00Z
2026-07-22 00:00:12+00:00,0.815,608368,"Will OpenAI not IPO by December 31, 2026?",421153.6804889996,17031.8769,2027-01-01T01:00:00Z
2026-07-22 01:00:07+00:00,0.815,608368,"Will OpenAI not IPO by December 31, 2026?",421153.6804889996,17031.8769,2027-01-01T01:00:00Z
2026-07-22 02:00:07+00:00,0.815,608368,"Will OpenAI not IPO by December 31, 2026?",421153.6804889996,17031.8769,2027-01-01T01:00:00Z
2026-07-22 03:00:12+00:00,0.815,608368,"Will OpenAI not IPO by December 31, 2026?",421153.6804889996,17031.8769,2027-01-01T01:00:00Z
2026-07-22 04:00:11+00:00,0.815,608368,"Will OpenAI not IPO by December 31, 2026?",421153.6804889996,17031.8769,2027-01-01T01:00:00Z
2026-07-22 05:00:07+00:00,0.815,608368,"Will OpenAI not IPO by December 31, 2026?",421153.6804889996,17031.8769,2027-01-01T01:00:00Z
2026-07-22 06:00:28+00:00,0.815,608368,"Will OpenAI not IPO by December 31, 2026?",421153.6804889996,17031.8769,2027-01-01T01:00:00Z
2026-07-22 07:00:11+00:00,0.815,608368,"Will OpenAI not IPO by December 31, 2026?",421153.6804889996,17031.8769,2027-01-01T01:00:00Z
2026-07-22 08:00:07+00:00,0.815,608368,"Will OpenAI not IPO by December 31, 2026?",421153.6804889996,17031.8769,2027-01-01T01:00:00Z
2026-07-22 09:00:14+00:00,0.815,608368,"Will OpenAI not IPO by December 31, 2026?",421153.6804889996,17031.8769,2027-01-01T01:00:00Z
2026-07-22 10:00:07+00:00,0.815,608368,"Will OpenAI not IPO by December 31, 2026?",421153.6804889996,17031.8769,2027-01-01T01:00:00Z
2026-07-22 11:00:07+00:00,0.815,608368,"Will OpenAI not IPO by December 31, 2026?",421153.6804889996,17031.8769,2027-01-01T01:00:00Z
2026-07-22 12:00:16+00:00,0.815,608368,"Will OpenAI not IPO by December 31, 2026?",421153.6804889996,17031.8769,2027-01-01T01:00:00Z
2026-07-22 13:00:08+00:00,0.815,608368,"Will OpenAI not IPO by December 31, 2026?",421153.6804889996,17031.8769,2027-01-01T01:00:00Z
2026-07-22 14:00:06+00:00,0.815,608368,"Will OpenAI not IPO by December 31, 2026?",421153.6804889996,17031.8769,2027-01-01T01:00:00Z
2026-07-22 15:00:13+00:00,0.815,608368,"Will OpenAI not IPO by December 31, 2026?",421153.6804889996,17031.8769,2027-01-01T01:00:00Z
2026-07-22 16:00:08+00:00,0.815,608368,"Will OpenAI not IPO by December 31, 2026?",421153.6804889996,17031.8769,2027-01-01T01:00:00Z
2026-07-22 17:00:23+00:00,0.815,608368,"Will OpenAI not IPO by December 31, 2026?",421153.6804889996,17031.8769,2027-01-01T01:00:00Z
2026-07-22 18:00:16+00:00,0.815,608368,"Will OpenAI not IPO by December 31, 2026?",421153.6804889996,17031.8769,2027-01-01T01:00:00Z
2026-07-22 19:00:07+00:00,0.815,608368,"Will OpenAI not IPO by December 31, 2026?",421153.6804889996,17031.8769,2027-01-01T01:00:00Z
2026-07-22 20:00:10+00:00,0.815,608368,"Will OpenAI not IPO by December 31, 2026?",421153.6804889996,17031.8769,2027-01-01T01:00:00Z
2026-07-22 21:00:15+00:00,0.815,608368,"Will OpenAI not IPO by December 31, 2026?",421153.6804889996,17031.8769,2027-01-01T01:00:00Z
2026-07-22 22:00:15+00:00,0.815,608368,"Will OpenAI not IPO by December 31, 2026?",421153.6804889996,17031.8769,2027-01-01T01:00:00Z
2026-07-22 23:00:09+00:00,0.815,608368,"Will OpenAI not IPO by December 31, 2026?",421153.6804889996,17031.8769,2027-01-01T01:00:00Z
2026-07-23 00:00:20+00:00,0.815,608368,"Will OpenAI not IPO by December 31, 2026?",421153.6804889996,17031.8769,2027-01-01T01:00:00Z
2026-07-23 01:00:22+00:00,0.815,608368,"Will OpenAI not IPO by December 31, 2026?",421153.6804889996,17031.8769,2027-01-01T01:00:00Z
2026-07-23 02:00:10+00:00,0.815,608368,"Will OpenAI not IPO by December 31, 2026?",421153.6804889996,17031.8769,2027-01-01T01:00:00Z
2026-07-23 03:00:16+00:00,0.815,608368,"Will OpenAI not IPO by December 31, 2026?",421153.6804889996,17031.8769,2027-01-01T01:00:00Z
2026-07-23 04:00:13+00:00,0.815,608368,"Will OpenAI not IPO by December 31, 2026?",421153.6804889996,17031.8769,2027-01-01T01:00:00Z
2026-07-23 05:00:26+00:00,0.815,608368,"Will OpenAI not IPO by December 31, 2026?",421153.6804889996,17031.8769,2027-01-01T01:00:00Z
2026-07-23 06:00:33+00:00,0.815,608368,"Will OpenAI not IPO by December 31, 2026?",421153.6804889996,17031.8769,2027-01-01T01:00:00Z
2026-07-23 07:00:21+00:00,0.815,608368,"Will OpenAI not IPO by December 31, 2026?",421153.6804889996,17031.8769,2027-01-01T01:00:00Z
2026-07-23 08:00:09+00:00,0.815,608368,"Will OpenAI not IPO by December 31, 2026?",421153.6804889996,17031.8769,2027-01-01T01:00:00Z
2026-07-23 09:00:26+00:00,0.815,608368,"Will OpenAI not IPO by December 31, 2026?",421153.6804889996,17031.8769,2027-01-01T01:00:00Z
2026-07-23 10:00:22+00:00,0.815,608368,"Will OpenAI not IPO by December 31, 2026?",421153.6804889996,17031.8769,2027-01-01T01:00:00Z
2026-07-23 11:00:13+00:00,0.815,608368,"Will OpenAI not IPO by December 31, 2026?",421153.6804889996,17031.8769,2027-01-01T01:00:00Z
2026-07-23 12:00:35+00:00,0.815,608368,"Will OpenAI not IPO by December 31, 2026?",421153.6804889996,17031.8769,2027-01-01T01:00:00Z
2026-07-23 13:00:16+00:00,0.815,608368,"Will OpenAI not IPO by December 31, 2026?",421153.6804889996,17031.8769,2027-01-01T01:00:00Z
2026-07-23 14:00:16+00:00,0.815,608368,"Will OpenAI not IPO by December 31, 2026?",421153.6804889996,17031.8769,2027-01-01T01:00:00Z
2026-07-23 15:00:34+00:00,0.815,608368,"Will OpenAI not IPO by December 31, 2026?",421153.6804889996,17031.8769,2027-01-01T01:00:00Z
2026-07-23 16:00:16+00:00,0.815,608368,"Will OpenAI not IPO by December 31, 2026?",421153.6804889996,17031.8769,2027-01-01T01:00:00Z
2026-07-23 17:00:32+00:00,0.815,608368,"Will OpenAI not IPO by December 31, 2026?",421153.6804889996,17031.8769,2027-01-01T01:00:00Z
2026-07-23 18:00:34+00:00,0.815,608368,"Will OpenAI not IPO by December 31, 2026?",421153.6804889996,17031.8769,2027-01-01T01:00:00Z
2026-07-23 19:00:23+00:00,0.815,608368,"Will OpenAI not IPO by December 31, 2026?",421153.6804889996,17031.8769,2027-01-01T01:00:00Z
2026-07-23 20:00:21+00:00,0.815,608368,"Will OpenAI not IPO by December 31, 2026?",421153.6804889996,17031.8769,2027-01-01T01:00:00Z
2026-07-23 21:00:25+00:00,0.815,608368,"Will OpenAI not IPO by December 31, 2026?",421153.6804889996,17031.8769,2027-01-01T01:00:00Z
2026-07-23 22:00:19+00:00,0.815,608368,"Will OpenAI not IPO by December 31, 2026?",421153.6804889996,17031.8769,2027-01-01T01:00:00Z
2026-07-23 23:00:18+00:00,0.815,608368,"Will OpenAI not IPO by December 31, 2026?",421153.6804889996,17031.8769,2027-01-01T01:00:00Z
2026-07-24 00:00:28+00:00,0.815,608368,"Will OpenAI not IPO by December 31, 2026?",421153.6804889996,17031.8769,2027-01-01T01:00:00Z
2026-07-24 01:00:11+00:00,0.815,608368,"Will OpenAI not IPO by December 31, 2026?",421153.6804889996,17031.8769,2027-01-01T01:00:00Z
2026-07-24 02:00:15+00:00,0.815,608368,"Will OpenAI not IPO by December 31, 2026?",421153.6804889996,17031.8769,2027-01-01T01:00:00Z
2026-07-24 03:00:27+00:00,0.815,608368,"Will OpenAI not IPO by December 31, 2026?",421153.6804889996,17031.8769,2027-01-01T01:00:00Z
2026-07-24 04:00:19+00:00,0.815,608368,"Will OpenAI not IPO by December 31, 2026?",421153.6804889996,17031.8769,2027-01-01T01:00:00Z
2026-07-24 05:00:30+00:00,0.815,608368,"Will OpenAI not IPO by December 31, 2026?",421153.6804889996,17031.8769,2027-01-01T01:00:00Z
2026-07-24 06:00:30+00:00,0.815,608368,"Will OpenAI not IPO by December 31, 2026?",421153.6804889996,17031.8769,2027-01-01T01:00:00Z
2026-07-24 07:00:13+00:00,0.815,608368,"Will OpenAI not IPO by December 31, 2026?",421153.6804889996,17031.8769,2027-01-01T01:00:00Z
2026-07-24 08:00:18+00:00,0.815,608368,"Will OpenAI not IPO by December 31, 2026?",421153.6804889996,17031.8769,2027-01-01T01:00:00Z
2026-07-24 09:00:27+00:00,0.815,608368,"Will OpenAI not IPO by December 31, 2026?",421153.6804889996,17031.8769,2027-01-01T01:00:00Z
2026-07-24 09:38:07+00:00,0.815,608368,"Will OpenAI not IPO by December 31, 2026?",421153.6804889996,17031.8769,2027-01-01T01:00:00Z
2026-07-10 10:00:18+00:00,0.7755,616902,Will no Fed rate cuts happen in 2026?,6367369.919371994,158005.54795,2026-12-31T00:00:00Z
2026-07-10 11:00:06+00:00,0.7755,616902,Will no Fed rate cuts happen in 2026?,6367369.919371994,158005.54795,2026-12-31T00:00:00Z
2026-07-10 12:00:09+00:00,0.7755,616902,Will no Fed rate cuts happen in 2026?,6367369.919371994,158005.54795,2026-12-31T00:00:00Z
2026-07-10 13:00:06+00:00,0.7755,616902,Will no Fed rate cuts happen in 2026?,6367369.919371994,158005.54795,2026-12-31T00:00:00Z
2026-07-10 14:00:06+00:00,0.777,616902,Will no Fed rate cuts happen in 2026?,6367369.919371994,158005.54795,2026-12-31T00:00:00Z
2026-07-10 15:00:08+00:00,0.7755,616902,Will no Fed rate cuts happen in 2026?,6367369.919371994,158005.54795,2026-12-31T00:00:00Z
2026-07-10 16:00:07+00:00,0.7755,616902,Will no Fed rate cuts happen in 2026?,6367369.919371994,158005.54795,2026-12-31T00:00:00Z
2026-07-10 17:00:06+00:00,0.7755,616902,Will no Fed rate cuts happen in 2026?,6367369.919371994,158005.54795,2026-12-31T00:00:00Z
2026-07-10 18:00:08+00:00,0.7755,616902,Will no Fed rate cuts happen in 2026?,6367369.919371994,158005.54795,2026-12-31T00:00:00Z
2026-07-10 19:00:06+00:00,0.7755,616902,Will no Fed rate cuts happen in 2026?,6367369.919371994,158005.54795,2026-12-31T00:00:00Z
2026-07-10 20:00:07+00:00,0.7755,616902,Will no Fed rate cuts happen in 2026?,6367369.919371994,158005.54795,2026-12-31T00:00:00Z
2026-07-10 21:00:08+00:00,0.7755,616902,Will no Fed rate cuts happen in 2026?,6367369.919371994,158005.54795,2026-12-31T00:00:00Z
2026-07-10 23:00:23+00:00,0.7755,616902,Will no Fed rate cuts happen in 2026?,6367369.919371994,158005.54795,2026-12-31T00:00:00Z
2026-07-11 00:00:10+00:00,0.7755,616902,Will no Fed rate cuts happen in 2026?,6367369.919371994,158005.54795,2026-12-31T00:00:00Z
2026-07-11 01:00:06+00:00,0.7755,616902,Will no Fed rate cuts happen in 2026?,6367369.919371994,158005.54795,2026-12-31T00:00:00Z
2026-07-11 02:00:07+00:00,0.7755,616902,Will no Fed rate cuts happen in 2026?,6367369.919371994,158005.54795,2026-12-31T00:00:00Z
2026-07-11 03:00:07+00:00,0.7755,616902,Will no Fed rate cuts happen in 2026?,6367369.919371994,158005.54795,2026-12-31T00:00:00Z
2026-07-11 04:00:08+00:00,0.7755,616902,Will no Fed rate cuts happen in 2026?,6367369.919371994,158005.54795,2026-12-31T00:00:00Z
2026-07-11 05:00:07+00:00,0.7755,616902,Will no Fed rate cuts happen in 2026?,6367369.919371994,158005.54795,2026-12-31T00:00:00Z
2026-07-11 06:00:14+00:00,0.7755,616902,Will no Fed rate cuts happen in 2026?,6367369.919371994,158005.54795,2026-12-31T00:00:00Z
2026-07-11 07:00:07+00:00,0.7755,616902,Will no Fed rate cuts happen in 2026?,6367369.919371994,158005.54795,2026-12-31T00:00:00Z
2026-07-11 08:00:07+00:00,0.7755,616902,Will no Fed rate cuts happen in 2026?,6367369.919371994,158005.54795,2026-12-31T00:00:00Z
2026-07-11 09:00:07+00:00,0.7755,616902,Will no Fed rate cuts happen in 2026?,6367369.919371994,158005.54795,2026-12-31T00:00:00Z
2026-07-11 10:00:06+00:00,0.776,616902,Will no Fed rate cuts happen in 2026?,6367369.919371994,158005.54795,2026-12-31T00:00:00Z
2026-07-11 11:00:06+00:00,0.7765,616902,Will no Fed rate cuts happen in 2026?,6367369.919371994,158005.54795,2026-12-31T00:00:00Z
2026-07-11 12:00:10+00:00,0.7765,616902,Will no Fed rate cuts happen in 2026?,6367369.919371994,158005.54795,2026-12-31T00:00:00Z
2026-07-11 13:00:06+00:00,0.7765,616902,Will no Fed rate cuts happen in 2026?,6367369.919371994,158005.54795,2026-12-31T00:00:00Z
2026-07-11 14:00:07+00:00,0.7755,616902,Will no Fed rate cuts happen in 2026?,6367369.919371994,158005.54795,2026-12-31T00:00:00Z
2026-07-11 15:00:08+00:00,0.7755,616902,Will no Fed rate cuts happen in 2026?,6367369.919371994,158005.54795,2026-12-31T00:00:00Z
2026-07-11 16:00:06+00:00,0.7755,616902,Will no Fed rate cuts happen in 2026?,6367369.919371994,158005.54795,2026-12-31T00:00:00Z
2026-07-11 17:00:12+00:00,0.775,616902,Will no Fed rate cuts happen in 2026?,6367369.919371994,158005.54795,2026-12-31T00:00:00Z
2026-07-11 18:00:09+00:00,0.7745,616902,Will no Fed rate cuts happen in 2026?,6367369.919371994,158005.54795,2026-12-31T00:00:00Z
2026-07-11 19:00:08+00:00,0.777,616902,Will no Fed rate cuts happen in 2026?,6367369.919371994,158005.54795,2026-12-31T00:00:00Z
2026-07-11 20:00:09+00:00,0.778,616902,Will no Fed rate cuts happen in 2026?,6367369.919371994,158005.54795,2026-12-31T00:00:00Z
2026-07-11 21:00:09+00:00,0.7795,616902,Will no Fed rate cuts happen in 2026?,6367369.919371994,158005.54795,2026-12-31T00:00:00Z
2026-07-11 22:00:05+00:00,0.7795,616902,Will no Fed rate cuts happen in 2026?,6367369.919371994,158005.54795,2026-12-31T00:00:00Z
2026-07-11 23:00:06+00:00,0.7795,616902,Will no Fed rate cuts happen in 2026?,6367369.919371994,158005.54795,2026-12-31T00:00:00Z
2026-07-12 00:00:23+00:00,0.7795,616902,Will no Fed rate cuts happen in 2026?,6367369.919371994,158005.54795,2026-12-31T00:00:00Z
2026-07-12 01:00:06+00:00,0.7795,616902,Will no Fed rate cuts happen in 2026?,6367369.919371994,158005.54795,2026-12-31T00:00:00Z
2026-07-12 02:00:07+00:00,0.7795,616902,Will no Fed rate cuts happen in 2026?,6367369.919371994,158005.54795,2026-12-31T00:00:00Z
2026-07-12 03:00:08+00:00,0.7795,616902,Will no Fed rate cuts happen in 2026?,6367369.919371994,158005.54795,2026-12-31T00:00:00Z
2026-07-12 04:00:06+00:00,0.7795,616902,Will no Fed rate cuts happen in 2026?,6367369.919371994,158005.54795,2026-12-31T00:00:00Z
2026-07-12 05:00:05+00:00,0.7795,616902,Will no Fed rate cuts happen in 2026?,6367369.919371994,158005.54795,2026-12-31T00:00:00Z
2026-07-12 06:00:08+00:00,0.7795,616902,Will no Fed rate cuts happen in 2026?,6367369.919371994,158005.54795,2026-12-31T00:00:00Z
2026-07-12 07:00:15+00:00,0.7795,616902,Will no Fed rate cuts happen in 2026?,6367369.919371994,158005.54795,2026-12-31T00:00:00Z
2026-07-12 08:00:05+00:00,0.7795,616902,Will no Fed rate cuts happen in 2026?,6367369.919371994,158005.54795,2026-12-31T00:00:00Z
2026-07-12 09:00:07+00:00,0.7795,616902,Will no Fed rate cuts happen in 2026?,6367369.919371994,158005.54795,2026-12-31T00:00:00Z
2026-07-12 10:00:07+00:00,0.7795,616902,Will no Fed rate cuts happen in 2026?,6367369.919371994,158005.54795,2026-12-31T00:00:00Z
2026-07-12 11:00:20+00:00,0.7795,616902,Will no Fed rate cuts happen in 2026?,6367369.919371994,158005.54795,2026-12-31T00:00:00Z
2026-07-12 12:00:12+00:00,0.7795,616902,Will no Fed rate cuts happen in 2026?,6367369.919371994,158005.54795,2026-12-31T00:00:00Z
2026-07-12 13:00:07+00:00,0.7795,616902,Will no Fed rate cuts happen in 2026?,6367369.919371994,158005.54795,2026-12-31T00:00:00Z
2026-07-12 14:00:08+00:00,0.7795,616902,Will no Fed rate cuts happen in 2026?,6367369.919371994,158005.54795,2026-12-31T00:00:00Z
2026-07-12 15:00:08+00:00,0.7795,616902,Will no Fed rate cuts happen in 2026?,6367369.919371994,158005.54795,2026-12-31T00:00:00Z
2026-07-12 16:00:06+00:00,0.7835,616902,Will no Fed rate cuts happen in 2026?,6367369.919371994,158005.54795,2026-12-31T00:00:00Z
2026-07-12 17:00:07+00:00,0.7835,616902,Will no Fed rate cuts happen in 2026?,6367369.919371994,158005.54795,2026-12-31T00:00:00Z
2026-07-12 18:00:09+00:00,0.7845,616902,Will no Fed rate cuts happen in 2026?,6367369.919371994,158005.54795,2026-12-31T00:00:00Z
2026-07-12 19:00:10+00:00,0.7835,616902,Will no Fed rate cuts happen in 2026?,6367369.919371994,158005.54795,2026-12-31T00:00:00Z
2026-07-12 20:00:07+00:00,0.7835,616902,Will no Fed rate cuts happen in 2026?,6367369.919371994,158005.54795,2026-12-31T00:00:00Z
2026-07-12 21:00:09+00:00,0.7835,616902,Will no Fed rate cuts happen in 2026?,6367369.919371994,158005.54795,2026-12-31T00:00:00Z
2026-07-12 22:00:15+00:00,0.7835,616902,Will no Fed rate cuts happen in 2026?,6367369.919371994,158005.54795,2026-12-31T00:00:00Z
2026-07-12 23:00:06+00:00,0.7835,616902,Will no Fed rate cuts happen in 2026?,6367369.919371994,158005.54795,2026-12-31T00:00:00Z
2026-07-13 00:00:13+00:00,0.7835,616902,Will no Fed rate cuts happen in 2026?,6367369.919371994,158005.54795,2026-12-31T00:00:00Z
2026-07-13 01:00:08+00:00,0.7835,616902,Will no Fed rate cuts happen in 2026?,6367369.919371994,158005.54795,2026-12-31T00:00:00Z
2026-07-13 02:00:05+00:00,0.7835,616902,Will no Fed rate cuts happen in 2026?,6367369.919371994,158005.54795,2026-12-31T00:00:00Z
2026-07-13 03:00:07+00:00,0.7825,616902,Will no Fed rate cuts happen in 2026?,6367369.919371994,158005.54795,2026-12-31T00:00:00Z
2026-07-13 04:00:09+00:00,0.7825,616902,Will no Fed rate cuts happen in 2026?,6367369.919371994,158005.54795,2026-12-31T00:00:00Z
2026-07-13 05:00:10+00:00,0.7815,616902,Will no Fed rate cuts happen in 2026?,6367369.919371994,158005.54795,2026-12-31T00:00:00Z
2026-07-13 06:00:10+00:00,0.7815,616902,Will no Fed rate cuts happen in 2026?,6367369.919371994,158005.54795,2026-12-31T00:00:00Z
2026-07-13 07:00:10+00:00,0.781,616902,Will no Fed rate cuts happen in 2026?,6367369.919371994,158005.54795,2026-12-31T00:00:00Z
2026-07-13 08:00:08+00:00,0.781,616902,Will no Fed rate cuts happen in 2026?,6367369.919371994,158005.54795,2026-12-31T00:00:00Z
2026-07-13 09:00:09+00:00,0.7805,616902,Will no Fed rate cuts happen in 2026?,6367369.919371994,158005.54795,2026-12-31T00:00:00Z
2026-07-13 10:00:06+00:00,0.7805,616902,Will no Fed rate cuts happen in 2026?,6367369.919371994,158005.54795,2026-12-31T00:00:00Z
2026-07-13 11:00:07+00:00,0.7765,616902,Will no Fed rate cuts happen in 2026?,6367369.919371994,158005.54795,2026-12-31T00:00:00Z
2026-07-13 12:00:12+00:00,0.7765,616902,Will no Fed rate cuts happen in 2026?,6367369.919371994,158005.54795,2026-12-31T00:00:00Z
2026-07-13 13:00:06+00:00,0.7775,616902,Will no Fed rate cuts happen in 2026?,6367369.919371994,158005.54795,2026-12-31T00:00:00Z
2026-07-13 14:00:20+00:00,0.7775,616902,Will no Fed rate cuts happen in 2026?,6367369.919371994,158005.54795,2026-12-31T00:00:00Z
2026-07-13 15:00:26+00:00,0.7925,616902,Will no Fed rate cuts happen in 2026?,6367369.919371994,158005.54795,2026-12-31T00:00:00Z
2026-07-13 16:00:06+00:00,0.7945,616902,Will no Fed rate cuts happen in 2026?,6367369.919371994,158005.54795,2026-12-31T00:00:00Z
2026-07-13 17:00:15+00:00,0.799,616902,Will no Fed rate cuts happen in 2026?,6367369.919371994,158005.54795,2026-12-31T00:00:00Z
2026-07-13 18:00:09+00:00,0.8,616902,Will no Fed rate cuts happen in 2026?,6367369.919371994,158005.54795,2026-12-31T00:00:00Z
2026-07-13 19:00:08+00:00,0.8045,616902,Will no Fed rate cuts happen in 2026?,6367369.919371994,158005.54795,2026-12-31T00:00:00Z
2026-07-13 20:00:09+00:00,0.802,616902,Will no Fed rate cuts happen in 2026?,6367369.919371994,158005.54795,2026-12-31T00:00:00Z
2026-07-13 21:00:10+00:00,0.802,616902,Will no Fed rate cuts happen in 2026?,6367369.919371994,158005.54795,2026-12-31T00:00:00Z
2026-07-13 22:00:07+00:00,0.8015,616902,Will no Fed rate cuts happen in 2026?,6367369.919371994,158005.54795,2026-12-31T00:00:00Z
2026-07-13 23:00:07+00:00,0.802,616902,Will no Fed rate cuts happen in 2026?,6367369.919371994,158005.54795,2026-12-31T00:00:00Z
2026-07-14 00:00:10+00:00,0.802,616902,Will no Fed rate cuts happen in 2026?,6367369.919371994,158005.54795,2026-12-31T00:00:00Z
2026-07-14 01:00:05+00:00,0.802,616902,Will no Fed rate cuts happen in 2026?,6367369.919371994,158005.54795,2026-12-31T00:00:00Z
2026-07-14 02:00:05+00:00,0.8015,616902,Will no Fed rate cuts happen in 2026?,6367369.919371994,158005.54795,2026-12-31T00:00:00Z
2026-07-14 03:00:10+00:00,0.8005,616902,Will no Fed rate cuts happen in 2026?,6367369.919371994,158005.54795,2026-12-31T00:00:00Z
2026-07-14 04:00:06+00:00,0.8015,616902,Will no Fed rate cuts happen in 2026?,6367369.919371994,158005.54795,2026-12-31T00:00:00Z
2026-07-14 05:00:06+00:00,0.8015,616902,Will no Fed rate cuts happen in 2026?,6367369.919371994,158005.54795,2026-12-31T00:00:00Z
2026-07-14 06:00:10+00:00,0.8015,616902,Will no Fed rate cuts happen in 2026?,6367369.919371994,158005.54795,2026-12-31T00:00:00Z
2026-07-14 07:00:13+00:00,0.8045,616902,Will no Fed rate cuts happen in 2026?,6367369.919371994,158005.54795,2026-12-31T00:00:00Z
2026-07-14 08:00:06+00:00,0.8025,616902,Will no Fed rate cuts happen in 2026?,6367369.919371994,158005.54795,2026-12-31T00:00:00Z
2026-07-14 09:00:08+00:00,0.803,616902,Will no Fed rate cuts happen in 2026?,6367369.919371994,158005.54795,2026-12-31T00:00:00Z
2026-07-14 10:00:08+00:00,0.8045,616902,Will no Fed rate cuts happen in 2026?,6367369.919371994,158005.54795,2026-12-31T00:00:00Z
2026-07-14 11:00:07+00:00,0.8045,616902,Will no Fed rate cuts happen in 2026?,6367369.919371994,158005.54795,2026-12-31T00:00:00Z
2026-07-14 12:00:16+00:00,0.803,616902,Will no Fed rate cuts happen in 2026?,6367369.919371994,158005.54795,2026-12-31T00:00:00Z
2026-07-14 13:00:09+00:00,0.797,616902,Will no Fed rate cuts happen in 2026?,6367369.919371994,158005.54795,2026-12-31T00:00:00Z
2026-07-14 14:00:13+00:00,0.7965,616902,Will no Fed rate cuts happen in 2026?,6367369.919371994,158005.54795,2026-12-31T00:00:00Z
2026-07-14 15:00:11+00:00,0.8035,616902,Will no Fed rate cuts happen in 2026?,6367369.919371994,158005.54795,2026-12-31T00:00:00Z
2026-07-14 16:00:14+00:00,0.8035,616902,Will no Fed rate cuts happen in 2026?,6367369.919371994,158005.54795,2026-12-31T00:00:00Z
2026-07-14 17:00:36+00:00,0.8045,616902,Will no Fed rate cuts happen in 2026?,6367369.919371994,158005.54795,2026-12-31T00:00:00Z
2026-07-14 18:00:20+00:00,0.8075,616902,Will no Fed rate cuts happen in 2026?,6367369.919371994,158005.54795,2026-12-31T00:00:00Z
2026-07-14 19:00:09+00:00,0.8065,616902,Will no Fed rate cuts happen in 2026?,6367369.919371994,158005.54795,2026-12-31T00:00:00Z
2026-07-14 20:00:09+00:00,0.8075,616902,Will no Fed rate cuts happen in 2026?,6367369.919371994,158005.54795,2026-12-31T00:00:00Z
2026-07-14 21:00:11+00:00,0.8095,616902,Will no Fed rate cuts happen in 2026?,6367369.919371994,158005.54795,2026-12-31T00:00:00Z
2026-07-14 22:00:07+00:00,0.8115,616902,Will no Fed rate cuts happen in 2026?,6367369.919371994,158005.54795,2026-12-31T00:00:00Z
2026-07-14 23:00:08+00:00,0.807,616902,Will no Fed rate cuts happen in 2026?,6367369.919371994,158005.54795,2026-12-31T00:00:00Z
2026-07-15 00:00:17+00:00,0.807,616902,Will no Fed rate cuts happen in 2026?,6367369.919371994,158005.54795,2026-12-31T00:00:00Z
2026-07-15 01:00:09+00:00,0.8075,616902,Will no Fed rate cuts happen in 2026?,6367369.919371994,158005.54795,2026-12-31T00:00:00Z
2026-07-15 02:00:11+00:00,0.8075,616902,Will no Fed rate cuts happen in 2026?,6367369.919371994,158005.54795,2026-12-31T00:00:00Z
2026-07-15 03:00:15+00:00,0.809,616902,Will no Fed rate cuts happen in 2026?,6367369.919371994,158005.54795,2026-12-31T00:00:00Z
2026-07-15 04:00:08+00:00,0.8125,616902,Will no Fed rate cuts happen in 2026?,6367369.919371994,158005.54795,2026-12-31T00:00:00Z
2026-07-15 05:00:23+00:00,0.812,616902,Will no Fed rate cuts happen in 2026?,6367369.919371994,158005.54795,2026-12-31T00:00:00Z
2026-07-15 06:00:14+00:00,0.807,616902,Will no Fed rate cuts happen in 2026?,6367369.919371994,158005.54795,2026-12-31T00:00:00Z
2026-07-15 07:00:25+00:00,0.8075,616902,Will no Fed rate cuts happen in 2026?,6367369.919371994,158005.54795,2026-12-31T00:00:00Z
2026-07-15 08:00:24+00:00,0.8075,616902,Will no Fed rate cuts happen in 2026?,6367369.919371994,158005.54795,2026-12-31T00:00:00Z
2026-07-15 09:00:11+00:00,0.808,616902,Will no Fed rate cuts happen in 2026?,6367369.919371994,158005.54795,2026-12-31T00:00:00Z
2026-07-15 10:00:07+00:00,0.808,616902,Will no Fed rate cuts happen in 2026?,6367369.919371994,158005.54795,2026-12-31T00:00:00Z
2026-07-15 11:00:10+00:00,0.8085,616902,Will no Fed rate cuts happen in 2026?,6367369.919371994,158005.54795,2026-12-31T00:00:00Z
2026-07-15 12:00:28+00:00,0.8085,616902,Will no Fed rate cuts happen in 2026?,6367369.919371994,158005.54795,2026-12-31T00:00:00Z
2026-07-15 13:00:09+00:00,0.8085,616902,Will no Fed rate cuts happen in 2026?,6367369.919371994,158005.54795,2026-12-31T00:00:00Z
2026-07-15 14:00:09+00:00,0.8075,616902,Will no Fed rate cuts happen in 2026?,6367369.919371994,158005.54795,2026-12-31T00:00:00Z
2026-07-15 15:00:15+00:00,0.8075,616902,Will no Fed rate cuts happen in 2026?,6367369.919371994,158005.54795,2026-12-31T00:00:00Z
2026-07-15 16:00:08+00:00,0.8115,616902,Will no Fed rate cuts happen in 2026?,6367369.919371994,158005.54795,2026-12-31T00:00:00Z
2026-07-15 17:00:18+00:00,0.8125,616902,Will no Fed rate cuts happen in 2026?,6367369.919371994,158005.54795,2026-12-31T00:00:00Z
2026-07-15 18:00:16+00:00,0.8125,616902,Will no Fed rate cuts happen in 2026?,6367369.919371994,158005.54795,2026-12-31T00:00:00Z
2026-07-15 19:00:11+00:00,0.8135,616902,Will no Fed rate cuts happen in 2026?,6367369.919371994,158005.54795,2026-12-31T00:00:00Z
2026-07-15 20:00:10+00:00,0.8125,616902,Will no Fed rate cuts happen in 2026?,6367369.919371994,158005.54795,2026-12-31T00:00:00Z
2026-07-15 21:00:12+00:00,0.8125,616902,Will no Fed rate cuts happen in 2026?,6367369.919371994,158005.54795,2026-12-31T00:00:00Z
2026-07-15 22:00:07+00:00,0.8105,616902,Will no Fed rate cuts happen in 2026?,6367369.919371994,158005.54795,2026-12-31T00:00:00Z
2026-07-15 23:00:08+00:00,0.822,616902,Will no Fed rate cuts happen in 2026?,6367369.919371994,158005.54795,2026-12-31T00:00:00Z
2026-07-16 00:00:15+00:00,0.822,616902,Will no Fed rate cuts happen in 2026?,6367369.919371994,158005.54795,2026-12-31T00:00:00Z
2026-07-16 01:00:06+00:00,0.8225,616902,Will no Fed rate cuts happen in 2026?,6367369.919371994,158005.54795,2026-12-31T00:00:00Z
2026-07-16 02:00:06+00:00,0.823,616902,Will no Fed rate cuts happen in 2026?,6367369.919371994,158005.54795,2026-12-31T00:00:00Z
2026-07-16 03:00:13+00:00,0.823,616902,Will no Fed rate cuts happen in 2026?,6367369.919371994,158005.54795,2026-12-31T00:00:00Z
2026-07-16 04:00:08+00:00,0.823,616902,Will no Fed rate cuts happen in 2026?,6367369.919371994,158005.54795,2026-12-31T00:00:00Z
2026-07-16 05:00:08+00:00,0.823,616902,Will no Fed rate cuts happen in 2026?,6367369.919371994,158005.54795,2026-12-31T00:00:00Z
2026-07-16 06:00:34+00:00,0.824,616902,Will no Fed rate cuts happen in 2026?,6367369.919371994,158005.54795,2026-12-31T00:00:00Z
2026-07-16 07:00:11+00:00,0.824,616902,Will no Fed rate cuts happen in 2026?,6367369.919371994,158005.54795,2026-12-31T00:00:00Z
2026-07-16 08:00:06+00:00,0.826,616902,Will no Fed rate cuts happen in 2026?,6367369.919371994,158005.54795,2026-12-31T00:00:00Z
2026-07-16 09:00:13+00:00,0.826,616902,Will no Fed rate cuts happen in 2026?,6367369.919371994,158005.54795,2026-12-31T00:00:00Z
2026-07-16 10:00:09+00:00,0.825,616902,Will no Fed rate cuts happen in 2026?,6367369.919371994,158005.54795,2026-12-31T00:00:00Z
2026-07-16 11:00:09+00:00,0.8265,616902,Will no Fed rate cuts happen in 2026?,6367369.919371994,158005.54795,2026-12-31T00:00:00Z
2026-07-16 12:00:12+00:00,0.8385,616902,Will no Fed rate cuts happen in 2026?,6367369.919371994,158005.54795,2026-12-31T00:00:00Z
2026-07-16 13:00:10+00:00,0.8395,616902,Will no Fed rate cuts happen in 2026?,6367369.919371994,158005.54795,2026-12-31T00:00:00Z
2026-07-16 14:00:08+00:00,0.838,616902,Will no Fed rate cuts happen in 2026?,6367369.919371994,158005.54795,2026-12-31T00:00:00Z
2026-07-16 15:00:15+00:00,0.8375,616902,Will no Fed rate cuts happen in 2026?,6367369.919371994,158005.54795,2026-12-31T00:00:00Z
2026-07-16 16:00:07+00:00,0.8375,616902,Will no Fed rate cuts happen in 2026?,6367369.919371994,158005.54795,2026-12-31T00:00:00Z
2026-07-16 17:00:09+00:00,0.8355,616902,Will no Fed rate cuts happen in 2026?,6367369.919371994,158005.54795,2026-12-31T00:00:00Z
2026-07-16 18:00:25+00:00,0.8345,616902,Will no Fed rate cuts happen in 2026?,6367369.919371994,158005.54795,2026-12-31T00:00:00Z
2026-07-16 19:00:09+00:00,0.838,616902,Will no Fed rate cuts happen in 2026?,6367369.919371994,158005.54795,2026-12-31T00:00:00Z
2026-07-16 20:00:10+00:00,0.8355,616902,Will no Fed rate cuts happen in 2026?,6367369.919371994,158005.54795,2026-12-31T00:00:00Z
2026-07-16 21:00:12+00:00,0.838,616902,Will no Fed rate cuts happen in 2026?,6367369.919371994,158005.54795,2026-12-31T00:00:00Z
2026-07-16 22:00:09+00:00,0.8395,616902,Will no Fed rate cuts happen in 2026?,6367369.919371994,158005.54795,2026-12-31T00:00:00Z
2026-07-16 23:00:11+00:00,0.84,616902,Will no Fed rate cuts happen in 2026?,6367369.919371994,158005.54795,2026-12-31T00:00:00Z
2026-07-17 00:00:16+00:00,0.838,616902,Will no Fed rate cuts happen in 2026?,6367369.919371994,158005.54795,2026-12-31T00:00:00Z
2026-07-17 01:00:07+00:00,0.8385,616902,Will no Fed rate cuts happen in 2026?,6367369.919371994,158005.54795,2026-12-31T00:00:00Z
2026-07-17 02:00:11+00:00,0.8385,616902,Will no Fed rate cuts happen in 2026?,6367369.919371994,158005.54795,2026-12-31T00:00:00Z
2026-07-17 03:00:15+00:00,0.8395,616902,Will no Fed rate cuts happen in 2026?,6367369.919371994,158005.54795,2026-12-31T00:00:00Z
2026-07-17 04:00:13+00:00,0.8395,616902,Will no Fed rate cuts happen in 2026?,6367369.919371994,158005.54795,2026-12-31T00:00:00Z
2026-07-17 05:00:14+00:00,0.84,616902,Will no Fed rate cuts happen in 2026?,6367369.919371994,158005.54795,2026-12-31T00:00:00Z
2026-07-17 06:00:20+00:00,0.84,616902,Will no Fed rate cuts happen in 2026?,6367369.919371994,158005.54795,2026-12-31T00:00:00Z
2026-07-17 07:00:06+00:00,0.84,616902,Will no Fed rate cuts happen in 2026?,6367369.919371994,158005.54795,2026-12-31T00:00:00Z
2026-07-17 08:00:07+00:00,0.8395,616902,Will no Fed rate cuts happen in 2026?,6367369.919371994,158005.54795,2026-12-31T00:00:00Z
2026-07-17 09:00:11+00:00,0.839,616902,Will no Fed rate cuts happen in 2026?,6367369.919371994,158005.54795,2026-12-31T00:00:00Z
2026-07-17 10:00:15+00:00,0.8385,616902,Will no Fed rate cuts happen in 2026?,6367369.919371994,158005.54795,2026-12-31T00:00:00Z
2026-07-17 11:00:10+00:00,0.838,616902,Will no Fed rate cuts happen in 2026?,6367369.919371994,158005.54795,2026-12-31T00:00:00Z
2026-07-17 12:00:18+00:00,0.8375,616902,Will no Fed rate cuts happen in 2026?,6367369.919371994,158005.54795,2026-12-31T00:00:00Z
2026-07-17 13:00:09+00:00,0.8365,616902,Will no Fed rate cuts happen in 2026?,6367369.919371994,158005.54795,2026-12-31T00:00:00Z
2026-07-17 14:00:11+00:00,0.8365,616902,Will no Fed rate cuts happen in 2026?,6367369.919371994,158005.54795,2026-12-31T00:00:00Z
2026-07-17 15:00:14+00:00,0.8365,616902,Will no Fed rate cuts happen in 2026?,6367369.919371994,158005.54795,2026-12-31T00:00:00Z
2026-07-17 16:00:25+00:00,0.8365,616902,Will no Fed rate cuts happen in 2026?,6367369.919371994,158005.54795,2026-12-31T00:00:00Z
2026-07-17 17:00:16+00:00,0.8405,616902,Will no Fed rate cuts happen in 2026?,6367369.919371994,158005.54795,2026-12-31T00:00:00Z
2026-07-17 18:00:32+00:00,0.8405,616902,Will no Fed rate cuts happen in 2026?,6367369.919371994,158005.54795,2026-12-31T00:00:00Z
2026-07-17 19:00:10+00:00,0.8405,616902,Will no Fed rate cuts happen in 2026?,6367369.919371994,158005.54795,2026-12-31T00:00:00Z
2026-07-17 20:00:10+00:00,0.8405,616902,Will no Fed rate cuts happen in 2026?,6367369.919371994,158005.54795,2026-12-31T00:00:00Z
2026-07-17 21:00:13+00:00,0.8405,616902,Will no Fed rate cuts happen in 2026?,6367369.919371994,158005.54795,2026-12-31T00:00:00Z
2026-07-17 22:00:12+00:00,0.8405,616902,Will no Fed rate cuts happen in 2026?,6367369.919371994,158005.54795,2026-12-31T00:00:00Z
2026-07-17 23:00:11+00:00,0.8405,616902,Will no Fed rate cuts happen in 2026?,6367369.919371994,158005.54795,2026-12-31T00:00:00Z
2026-07-18 00:00:12+00:00,0.8405,616902,Will no Fed rate cuts happen in 2026?,6367369.919371994,158005.54795,2026-12-31T00:00:00Z
2026-07-18 01:00:07+00:00,0.8405,616902,Will no Fed rate cuts happen in 2026?,6367369.919371994,158005.54795,2026-12-31T00:00:00Z
2026-07-18 02:00:08+00:00,0.8405,616902,Will no Fed rate cuts happen in 2026?,6367369.919371994,158005.54795,2026-12-31T00:00:00Z
2026-07-18 03:00:12+00:00,0.8405,616902,Will no Fed rate cuts happen in 2026?,6367369.919371994,158005.54795,2026-12-31T00:00:00Z
2026-07-18 04:00:12+00:00,0.8405,616902,Will no Fed rate cuts happen in 2026?,6367369.919371994,158005.54795,2026-12-31T00:00:00Z
2026-07-18 05:00:09+00:00,0.8405,616902,Will no Fed rate cuts happen in 2026?,6367369.919371994,158005.54795,2026-12-31T00:00:00Z
2026-07-18 06:00:13+00:00,0.842,616902,Will no Fed rate cuts happen in 2026?,6367369.919371994,158005.54795,2026-12-31T00:00:00Z
2026-07-18 07:00:14+00:00,0.8425,616902,Will no Fed rate cuts happen in 2026?,6367369.919371994,158005.54795,2026-12-31T00:00:00Z
2026-07-18 08:00:08+00:00,0.8425,616902,Will no Fed rate cuts happen in 2026?,6367369.919371994,158005.54795,2026-12-31T00:00:00Z
2026-07-18 09:00:17+00:00,0.8415,616902,Will no Fed rate cuts happen in 2026?,6367369.919371994,158005.54795,2026-12-31T00:00:00Z
2026-07-18 10:00:09+00:00,0.8415,616902,Will no Fed rate cuts happen in 2026?,6367369.919371994,158005.54795,2026-12-31T00:00:00Z
2026-07-18 11:00:13+00:00,0.8415,616902,Will no Fed rate cuts happen in 2026?,6367369.919371994,158005.54795,2026-12-31T00:00:00Z
2026-07-18 12:00:28+00:00,0.8415,616902,Will no Fed rate cuts happen in 2026?,6367369.919371994,158005.54795,2026-12-31T00:00:00Z
2026-07-18 13:00:11+00:00,0.8425,616902,Will no Fed rate cuts happen in 2026?,6367369.919371994,158005.54795,2026-12-31T00:00:00Z
2026-07-18 14:00:11+00:00,0.841,616902,Will no Fed rate cuts happen in 2026?,6367369.919371994,158005.54795,2026-12-31T00:00:00Z
2026-07-18 15:00:24+00:00,0.841,616902,Will no Fed rate cuts happen in 2026?,6367369.919371994,158005.54795,2026-12-31T00:00:00Z
2026-07-18 16:00:11+00:00,0.8415,616902,Will no Fed rate cuts happen in 2026?,6367369.919371994,158005.54795,2026-12-31T00:00:00Z
2026-07-18 17:00:21+00:00,0.841,616902,Will no Fed rate cuts happen in 2026?,6367369.919371994,158005.54795,2026-12-31T00:00:00Z
2026-07-18 18:00:16+00:00,0.8415,616902,Will no Fed rate cuts happen in 2026?,6367369.919371994,158005.54795,2026-12-31T00:00:00Z
2026-07-18 19:00:09+00:00,0.8415,616902,Will no Fed rate cuts happen in 2026?,6367369.919371994,158005.54795,2026-12-31T00:00:00Z
2026-07-18 20:00:17+00:00,0.8415,616902,Will no Fed rate cuts happen in 2026?,6367369.919371994,158005.54795,2026-12-31T00:00:00Z
2026-07-18 21:00:19+00:00,0.8415,616902,Will no Fed rate cuts happen in 2026?,6367369.919371994,158005.54795,2026-12-31T00:00:00Z
2026-07-18 22:00:13+00:00,0.8415,616902,Will no Fed rate cuts happen in 2026?,6367369.919371994,158005.54795,2026-12-31T00:00:00Z
2026-07-18 23:00:14+00:00,0.8415,616902,Will no Fed rate cuts happen in 2026?,6367369.919371994,158005.54795,2026-12-31T00:00:00Z
2026-07-19 00:00:23+00:00,0.847,616902,Will no Fed rate cuts happen in 2026?,6367369.919371994,158005.54795,2026-12-31T00:00:00Z
2026-07-19 01:00:10+00:00,0.847,616902,Will no Fed rate cuts happen in 2026?,6367369.919371994,158005.54795,2026-12-31T00:00:00Z
2026-07-19 02:00:09+00:00,0.847,616902,Will no Fed rate cuts happen in 2026?,6367369.919371994,158005.54795,2026-12-31T00:00:00Z
2026-07-19 03:00:18+00:00,0.847,616902,Will no Fed rate cuts happen in 2026?,6367369.919371994,158005.54795,2026-12-31T00:00:00Z
2026-07-19 04:00:12+00:00,0.847,616902,Will no Fed rate cuts happen in 2026?,6367369.919371994,158005.54795,2026-12-31T00:00:00Z
2026-07-19 05:00:12+00:00,0.847,616902,Will no Fed rate cuts happen in 2026?,6367369.919371994,158005.54795,2026-12-31T00:00:00Z
2026-07-19 06:00:24+00:00,0.8465,616902,Will no Fed rate cuts happen in 2026?,6367369.919371994,158005.54795,2026-12-31T00:00:00Z
2026-07-19 07:00:14+00:00,0.847,616902,Will no Fed rate cuts happen in 2026?,6367369.919371994,158005.54795,2026-12-31T00:00:00Z
2026-07-19 08:00:13+00:00,0.8465,616902,Will no Fed rate cuts happen in 2026?,6367369.919371994,158005.54795,2026-12-31T00:00:00Z
2026-07-19 09:00:19+00:00,0.8465,616902,Will no Fed rate cuts happen in 2026?,6367369.919371994,158005.54795,2026-12-31T00:00:00Z
2026-07-19 10:00:15+00:00,0.847,616902,Will no Fed rate cuts happen in 2026?,6367369.919371994,158005.54795,2026-12-31T00:00:00Z
2026-07-19 11:00:12+00:00,0.847,616902,Will no Fed rate cuts happen in 2026?,6367369.919371994,158005.54795,2026-12-31T00:00:00Z
2026-07-19 12:00:16+00:00,0.848,616902,Will no Fed rate cuts happen in 2026?,6367369.919371994,158005.54795,2026-12-31T00:00:00Z
2026-07-19 13:00:11+00:00,0.8495,616902,Will no Fed rate cuts happen in 2026?,6367369.919371994,158005.54795,2026-12-31T00:00:00Z
2026-07-19 14:00:15+00:00,0.8485,616902,Will no Fed rate cuts happen in 2026?,6367369.919371994,158005.54795,2026-12-31T00:00:00Z
2026-07-19 15:00:13+00:00,0.849,616902,Will no Fed rate cuts happen in 2026?,6367369.919371994,158005.54795,2026-12-31T00:00:00Z
2026-07-19 16:00:31+00:00,0.849,616902,Will no Fed rate cuts happen in 2026?,6367369.919371994,158005.54795,2026-12-31T00:00:00Z
2026-07-19 17:00:22+00:00,0.8495,616902,Will no Fed rate cuts happen in 2026?,6367369.919371994,158005.54795,2026-12-31T00:00:00Z
2026-07-19 18:00:14+00:00,0.85,616902,Will no Fed rate cuts happen in 2026?,6367369.919371994,158005.54795,2026-12-31T00:00:00Z
2026-07-19 19:00:14+00:00,0.85,616902,Will no Fed rate cuts happen in 2026?,6367369.919371994,158005.54795,2026-12-31T00:00:00Z
2026-07-19 20:00:14+00:00,0.85,616902,Will no Fed rate cuts happen in 2026?,6367369.919371994,158005.54795,2026-12-31T00:00:00Z
2026-07-19 21:00:27+00:00,0.849,616902,Will no Fed rate cuts happen in 2026?,6367369.919371994,158005.54795,2026-12-31T00:00:00Z
2026-07-19 22:00:13+00:00,0.849,616902,Will no Fed rate cuts happen in 2026?,6367369.919371994,158005.54795,2026-12-31T00:00:00Z
2026-07-19 23:00:10+00:00,0.849,616902,Will no Fed rate cuts happen in 2026?,6367369.919371994,158005.54795,2026-12-31T00:00:00Z
2026-07-20 00:00:28+00:00,0.849,616902,Will no Fed rate cuts happen in 2026?,6367369.919371994,158005.54795,2026-12-31T00:00:00Z
2026-07-20 01:00:10+00:00,0.8455,616902,Will no Fed rate cuts happen in 2026?,6367369.919371994,158005.54795,2026-12-31T00:00:00Z
2026-07-20 02:00:10+00:00,0.8455,616902,Will no Fed rate cuts happen in 2026?,6367369.919371994,158005.54795,2026-12-31T00:00:00Z
2026-07-20 03:00:15+00:00,0.8455,616902,Will no Fed rate cuts happen in 2026?,6367369.919371994,158005.54795,2026-12-31T00:00:00Z
2026-07-20 04:00:10+00:00,0.8455,616902,Will no Fed rate cuts happen in 2026?,6367369.919371994,158005.54795,2026-12-31T00:00:00Z
2026-07-20 05:00:23+00:00,0.8455,616902,Will no Fed rate cuts happen in 2026?,6367369.919371994,158005.54795,2026-12-31T00:00:00Z
2026-07-20 06:00:18+00:00,0.8455,616902,Will no Fed rate cuts happen in 2026?,6367369.919371994,158005.54795,2026-12-31T00:00:00Z
2026-07-20 07:00:12+00:00,0.8455,616902,Will no Fed rate cuts happen in 2026?,6367369.919371994,158005.54795,2026-12-31T00:00:00Z
2026-07-20 08:00:07+00:00,0.8455,616902,Will no Fed rate cuts happen in 2026?,6367369.919371994,158005.54795,2026-12-31T00:00:00Z
2026-07-20 09:00:17+00:00,0.8455,616902,Will no Fed rate cuts happen in 2026?,6367369.919371994,158005.54795,2026-12-31T00:00:00Z
2026-07-20 10:00:07+00:00,0.8455,616902,Will no Fed rate cuts happen in 2026?,6367369.919371994,158005.54795,2026-12-31T00:00:00Z
2026-07-20 11:00:10+00:00,0.8455,616902,Will no Fed rate cuts happen in 2026?,6367369.919371994,158005.54795,2026-12-31T00:00:00Z
2026-07-20 12:00:13+00:00,0.8455,616902,Will no Fed rate cuts happen in 2026?,6367369.919371994,158005.54795,2026-12-31T00:00:00Z
2026-07-20 13:00:11+00:00,0.8455,616902,Will no Fed rate cuts happen in 2026?,6367369.919371994,158005.54795,2026-12-31T00:00:00Z
2026-07-20 14:00:07+00:00,0.8455,616902,Will no Fed rate cuts happen in 2026?,6367369.919371994,158005.54795,2026-12-31T00:00:00Z
2026-07-20 15:00:19+00:00,0.8455,616902,Will no Fed rate cuts happen in 2026?,6367369.919371994,158005.54795,2026-12-31T00:00:00Z
2026-07-20 16:00:12+00:00,0.8455,616902,Will no Fed rate cuts happen in 2026?,6367369.919371994,158005.54795,2026-12-31T00:00:00Z
2026-07-20 17:00:26+00:00,0.8455,616902,Will no Fed rate cuts happen in 2026?,6367369.919371994,158005.54795,2026-12-31T00:00:00Z
2026-07-20 18:00:16+00:00,0.8455,616902,Will no Fed rate cuts happen in 2026?,6367369.919371994,158005.54795,2026-12-31T00:00:00Z
2026-07-20 19:00:11+00:00,0.8455,616902,Will no Fed rate cuts happen in 2026?,6367369.919371994,158005.54795,2026-12-31T00:00:00Z
2026-07-20 20:00:27+00:00,0.8455,616902,Will no Fed rate cuts happen in 2026?,6367369.919371994,158005.54795,2026-12-31T00:00:00Z
2026-07-20 21:00:16+00:00,0.8455,616902,Will no Fed rate cuts happen in 2026?,6367369.919371994,158005.54795,2026-12-31T00:00:00Z
2026-07-20 22:00:07+00:00,0.8455,616902,Will no Fed rate cuts happen in 2026?,6367369.919371994,158005.54795,2026-12-31T00:00:00Z
2026-07-20 23:00:08+00:00,0.8455,616902,Will no Fed rate cuts happen in 2026?,6367369.919371994,158005.54795,2026-12-31T00:00:00Z
2026-07-21 00:00:17+00:00,0.8455,616902,Will no Fed rate cuts happen in 2026?,6367369.919371994,158005.54795,2026-12-31T00:00:00Z
2026-07-21 01:00:16+00:00,0.8455,616902,Will no Fed rate cuts happen in 2026?,6367369.919371994,158005.54795,2026-12-31T00:00:00Z
2026-07-21 02:00:17+00:00,0.8455,616902,Will no Fed rate cuts happen in 2026?,6367369.919371994,158005.54795,2026-12-31T00:00:00Z
2026-07-21 03:00:17+00:00,0.8455,616902,Will no Fed rate cuts happen in 2026?,6367369.919371994,158005.54795,2026-12-31T00:00:00Z
2026-07-21 04:00:23+00:00,0.8455,616902,Will no Fed rate cuts happen in 2026?,6367369.919371994,158005.54795,2026-12-31T00:00:00Z
2026-07-21 05:00:12+00:00,0.8455,616902,Will no Fed rate cuts happen in 2026?,6367369.919371994,158005.54795,2026-12-31T00:00:00Z
2026-07-21 06:00:19+00:00,0.8455,616902,Will no Fed rate cuts happen in 2026?,6367369.919371994,158005.54795,2026-12-31T00:00:00Z
2026-07-21 07:00:18+00:00,0.8455,616902,Will no Fed rate cuts happen in 2026?,6367369.919371994,158005.54795,2026-12-31T00:00:00Z
2026-07-21 08:00:13+00:00,0.8455,616902,Will no Fed rate cuts happen in 2026?,6367369.919371994,158005.54795,2026-12-31T00:00:00Z
2026-07-21 09:00:15+00:00,0.8455,616902,Will no Fed rate cuts happen in 2026?,6367369.919371994,158005.54795,2026-12-31T00:00:00Z
2026-07-21 10:00:12+00:00,0.8455,616902,Will no Fed rate cuts happen in 2026?,6367369.919371994,158005.54795,2026-12-31T00:00:00Z
2026-07-21 11:00:12+00:00,0.8455,616902,Will no Fed rate cuts happen in 2026?,6367369.919371994,158005.54795,2026-12-31T00:00:00Z
2026-07-21 12:00:22+00:00,0.8455,616902,Will no Fed rate cuts happen in 2026?,6367369.919371994,158005.54795,2026-12-31T00:00:00Z
2026-07-21 13:00:14+00:00,0.8455,616902,Will no Fed rate cuts happen in 2026?,6367369.919371994,158005.54795,2026-12-31T00:00:00Z
2026-07-21 14:00:12+00:00,0.8455,616902,Will no Fed rate cuts happen in 2026?,6367369.919371994,158005.54795,2026-12-31T00:00:00Z
2026-07-21 15:00:42+00:00,0.8465,616902,Will no Fed rate cuts happen in 2026?,6367369.919371994,158005.54795,2026-12-31T00:00:00Z
2026-07-21 16:00:16+00:00,0.8465,616902,Will no Fed rate cuts happen in 2026?,6367369.919371994,158005.54795,2026-12-31T00:00:00Z
2026-07-21 17:00:11+00:00,0.8465,616902,Will no Fed rate cuts happen in 2026?,6367369.919371994,158005.54795,2026-12-31T00:00:00Z
2026-07-21 18:00:34+00:00,0.8465,616902,Will no Fed rate cuts happen in 2026?,6367369.919371994,158005.54795,2026-12-31T00:00:00Z
2026-07-21 19:00:07+00:00,0.8465,616902,Will no Fed rate cuts happen in 2026?,6367369.919371994,158005.54795,2026-12-31T00:00:00Z
2026-07-21 20:00:08+00:00,0.8465,616902,Will no Fed rate cuts happen in 2026?,6367369.919371994,158005.54795,2026-12-31T00:00:00Z
2026-07-21 21:00:33+00:00,0.8465,616902,Will no Fed rate cuts happen in 2026?,6367369.919371994,158005.54795,2026-12-31T00:00:00Z
2026-07-21 22:00:12+00:00,0.8465,616902,Will no Fed rate cuts happen in 2026?,6367369.919371994,158005.54795,2026-12-31T00:00:00Z
2026-07-21 23:00:23+00:00,0.8475,616902,Will no Fed rate cuts happen in 2026?,6367369.919371994,158005.54795,2026-12-31T00:00:00Z
2026-07-22 00:00:12+00:00,0.8475,616902,Will no Fed rate cuts happen in 2026?,6367369.919371994,158005.54795,2026-12-31T00:00:00Z
2026-07-22 01:00:07+00:00,0.8475,616902,Will no Fed rate cuts happen in 2026?,6367369.919371994,158005.54795,2026-12-31T00:00:00Z
2026-07-22 02:00:08+00:00,0.8475,616902,Will no Fed rate cuts happen in 2026?,6367369.919371994,158005.54795,2026-12-31T00:00:00Z
2026-07-22 03:00:12+00:00,0.8475,616902,Will no Fed rate cuts happen in 2026?,6367369.919371994,158005.54795,2026-12-31T00:00:00Z
2026-07-22 04:00:12+00:00,0.8475,616902,Will no Fed rate cuts happen in 2026?,6367369.919371994,158005.54795,2026-12-31T00:00:00Z
2026-07-22 05:00:07+00:00,0.8475,616902,Will no Fed rate cuts happen in 2026?,6367369.919371994,158005.54795,2026-12-31T00:00:00Z
2026-07-22 06:00:29+00:00,0.8475,616902,Will no Fed rate cuts happen in 2026?,6367369.919371994,158005.54795,2026-12-31T00:00:00Z
2026-07-22 07:00:12+00:00,0.8475,616902,Will no Fed rate cuts happen in 2026?,6367369.919371994,158005.54795,2026-12-31T00:00:00Z
2026-07-22 08:00:07+00:00,0.8475,616902,Will no Fed rate cuts happen in 2026?,6367369.919371994,158005.54795,2026-12-31T00:00:00Z
2026-07-22 09:00:15+00:00,0.8475,616902,Will no Fed rate cuts happen in 2026?,6367369.919371994,158005.54795,2026-12-31T00:00:00Z
2026-07-22 10:00:07+00:00,0.8475,616902,Will no Fed rate cuts happen in 2026?,6367369.919371994,158005.54795,2026-12-31T00:00:00Z
2026-07-22 11:00:07+00:00,0.8475,616902,Will no Fed rate cuts happen in 2026?,6367369.919371994,158005.54795,2026-12-31T00:00:00Z
2026-07-22 12:00:18+00:00,0.8475,616902,Will no Fed rate cuts happen in 2026?,6367369.919371994,158005.54795,2026-12-31T00:00:00Z
2026-07-22 13:00:08+00:00,0.8475,616902,Will no Fed rate cuts happen in 2026?,6367369.919371994,158005.54795,2026-12-31T00:00:00Z
2026-07-22 14:00:06+00:00,0.8475,616902,Will no Fed rate cuts happen in 2026?,6367369.919371994,158005.54795,2026-12-31T00:00:00Z
2026-07-22 15:00:14+00:00,0.8475,616902,Will no Fed rate cuts happen in 2026?,6367369.919371994,158005.54795,2026-12-31T00:00:00Z
2026-07-22 16:00:09+00:00,0.8475,616902,Will no Fed rate cuts happen in 2026?,6367369.919371994,158005.54795,2026-12-31T00:00:00Z
2026-07-22 17:00:23+00:00,0.8475,616902,Will no Fed rate cuts happen in 2026?,6367369.919371994,158005.54795,2026-12-31T00:00:00Z
2026-07-22 18:00:17+00:00,0.8475,616902,Will no Fed rate cuts happen in 2026?,6367369.919371994,158005.54795,2026-12-31T00:00:00Z
2026-07-22 19:00:08+00:00,0.8475,616902,Will no Fed rate cuts happen in 2026?,6367369.919371994,158005.54795,2026-12-31T00:00:00Z
2026-07-22 20:00:10+00:00,0.8465,616902,Will no Fed rate cuts happen in 2026?,6367369.919371994,158005.54795,2026-12-31T00:00:00Z
2026-07-22 21:00:17+00:00,0.8465,616902,Will no Fed rate cuts happen in 2026?,6367369.919371994,158005.54795,2026-12-31T00:00:00Z
2026-07-22 22:00:17+00:00,0.8465,616902,Will no Fed rate cuts happen in 2026?,6367369.919371994,158005.54795,2026-12-31T00:00:00Z
2026-07-22 23:00:09+00:00,0.8465,616902,Will no Fed rate cuts happen in 2026?,6367369.919371994,158005.54795,2026-12-31T00:00:00Z
2026-07-23 00:00:21+00:00,0.8465,616902,Will no Fed rate cuts happen in 2026?,6367369.919371994,158005.54795,2026-12-31T00:00:00Z
2026-07-23 01:00:22+00:00,0.8465,616902,Will no Fed rate cuts happen in 2026?,6367369.919371994,158005.54795,2026-12-31T00:00:00Z
2026-07-23 02:00:10+00:00,0.8465,616902,Will no Fed rate cuts happen in 2026?,6367369.919371994,158005.54795,2026-12-31T00:00:00Z
2026-07-23 03:00:18+00:00,0.8465,616902,Will no Fed rate cuts happen in 2026?,6367369.919371994,158005.54795,2026-12-31T00:00:00Z
2026-07-23 04:00:13+00:00,0.8465,616902,Will no Fed rate cuts happen in 2026?,6367369.919371994,158005.54795,2026-12-31T00:00:00Z
2026-07-23 05:00:27+00:00,0.8455,616902,Will no Fed rate cuts happen in 2026?,6367369.919371994,158005.54795,2026-12-31T00:00:00Z
2026-07-23 06:00:36+00:00,0.8455,616902,Will no Fed rate cuts happen in 2026?,6367369.919371994,158005.54795,2026-12-31T00:00:00Z
2026-07-23 07:00:23+00:00,0.8455,616902,Will no Fed rate cuts happen in 2026?,6367369.919371994,158005.54795,2026-12-31T00:00:00Z
2026-07-23 08:00:10+00:00,0.8435,616902,Will no Fed rate cuts happen in 2026?,6367369.919371994,158005.54795,2026-12-31T00:00:00Z
2026-07-23 09:00:30+00:00,0.8435,616902,Will no Fed rate cuts happen in 2026?,6367369.919371994,158005.54795,2026-12-31T00:00:00Z
2026-07-23 10:00:24+00:00,0.8435,616902,Will no Fed rate cuts happen in 2026?,6367369.919371994,158005.54795,2026-12-31T00:00:00Z
2026-07-23 11:00:14+00:00,0.8435,616902,Will no Fed rate cuts happen in 2026?,6367369.919371994,158005.54795,2026-12-31T00:00:00Z
2026-07-23 12:00:36+00:00,0.8435,616902,Will no Fed rate cuts happen in 2026?,6367369.919371994,158005.54795,2026-12-31T00:00:00Z
2026-07-23 13:00:18+00:00,0.8445,616902,Will no Fed rate cuts happen in 2026?,6367369.919371994,158005.54795,2026-12-31T00:00:00Z
2026-07-23 14:00:17+00:00,0.8445,616902,Will no Fed rate cuts happen in 2026?,6367369.919371994,158005.54795,2026-12-31T00:00:00Z
2026-07-23 15:00:36+00:00,0.8455,616902,Will no Fed rate cuts happen in 2026?,6367369.919371994,158005.54795,2026-12-31T00:00:00Z
2026-07-23 16:00:16+00:00,0.8455,616902,Will no Fed rate cuts happen in 2026?,6367369.919371994,158005.54795,2026-12-31T00:00:00Z
2026-07-23 17:00:38+00:00,0.845,616902,Will no Fed rate cuts happen in 2026?,6367369.919371994,158005.54795,2026-12-31T00:00:00Z
2026-07-23 18:00:36+00:00,0.8445,616902,Will no Fed rate cuts happen in 2026?,6367369.919371994,158005.54795,2026-12-31T00:00:00Z
2026-07-23 19:00:25+00:00,0.8445,616902,Will no Fed rate cuts happen in 2026?,6367369.919371994,158005.54795,2026-12-31T00:00:00Z
2026-07-23 20:00:22+00:00,0.8455,616902,Will no Fed rate cuts happen in 2026?,6367369.919371994,158005.54795,2026-12-31T00:00:00Z
2026-07-23 21:00:27+00:00,0.845,616902,Will no Fed rate cuts happen in 2026?,6367369.919371994,158005.54795,2026-12-31T00:00:00Z
2026-07-23 22:00:20+00:00,0.845,616902,Will no Fed rate cuts happen in 2026?,6367369.919371994,158005.54795,2026-12-31T00:00:00Z
2026-07-23 23:00:19+00:00,0.845,616902,Will no Fed rate cuts happen in 2026?,6367369.919371994,158005.54795,2026-12-31T00:00:00Z
2026-07-24 00:00:31+00:00,0.845,616902,Will no Fed rate cuts happen in 2026?,6367369.919371994,158005.54795,2026-12-31T00:00:00Z
2026-07-24 01:00:12+00:00,0.845,616902,Will no Fed rate cuts happen in 2026?,6367369.919371994,158005.54795,2026-12-31T00:00:00Z
2026-07-24 02:00:15+00:00,0.846,616902,Will no Fed rate cuts happen in 2026?,6367369.919371994,158005.54795,2026-12-31T00:00:00Z
2026-07-24 03:00:30+00:00,0.845,616902,Will no Fed rate cuts happen in 2026?,6367369.919371994,158005.54795,2026-12-31T00:00:00Z
2026-07-24 04:00:20+00:00,0.8445,616902,Will no Fed rate cuts happen in 2026?,6367369.919371994,158005.54795,2026-12-31T00:00:00Z
2026-07-24 05:00:38+00:00,0.8445,616902,Will no Fed rate cuts happen in 2026?,6367369.919371994,158005.54795,2026-12-31T00:00:00Z
2026-07-24 06:00:41+00:00,0.8445,616902,Will no Fed rate cuts happen in 2026?,6367369.919371994,158005.54795,2026-12-31T00:00:00Z
2026-07-24 07:00:14+00:00,0.8435,616902,Will no Fed rate cuts happen in 2026?,6367369.919371994,158005.54795,2026-12-31T00:00:00Z
2026-07-24 08:00:19+00:00,0.8435,616902,Will no Fed rate cuts happen in 2026?,6367369.919371994,158005.54795,2026-12-31T00:00:00Z
2026-07-24 09:00:28+00:00,0.8435,616902,Will no Fed rate cuts happen in 2026?,6367369.919371994,158005.54795,2026-12-31T00:00:00Z
2026-07-24 09:38:07+00:00,0.8435,616902,Will no Fed rate cuts happen in 2026?,6367369.919371994,158005.54795,2026-12-31T00:00:00Z
2026-07-10 10:00:16+00:00,0.145,616903,Will 1 Fed rate cut happen in 2026?,2178412.787891967,99564.7191,2026-12-31T00:00:00Z
2026-07-10 11:00:04+00:00,0.145,616903,Will 1 Fed rate cut happen in 2026?,2178412.787891967,99564.7191,2026-12-31T00:00:00Z
2026-07-10 12:00:04+00:00,0.145,616903,Will 1 Fed rate cut happen in 2026?,2178412.787891967,99564.7191,2026-12-31T00:00:00Z
2026-07-10 13:00:04+00:00,0.145,616903,Will 1 Fed rate cut happen in 2026?,2178412.787891967,99564.7191,2026-12-31T00:00:00Z
2026-07-10 14:00:04+00:00,0.145,616903,Will 1 Fed rate cut happen in 2026?,2178412.787891967,99564.7191,2026-12-31T00:00:00Z
2026-07-10 15:00:05+00:00,0.145,616903,Will 1 Fed rate cut happen in 2026?,2178412.787891967,99564.7191,2026-12-31T00:00:00Z
2026-07-10 16:00:05+00:00,0.145,616903,Will 1 Fed rate cut happen in 2026?,2178412.787891967,99564.7191,2026-12-31T00:00:00Z
2026-07-10 17:00:04+00:00,0.145,616903,Will 1 Fed rate cut happen in 2026?,2178412.787891967,99564.7191,2026-12-31T00:00:00Z
2026-07-10 18:00:03+00:00,0.145,616903,Will 1 Fed rate cut happen in 2026?,2178412.787891967,99564.7191,2026-12-31T00:00:00Z
2026-07-10 19:00:04+00:00,0.145,616903,Will 1 Fed rate cut happen in 2026?,2178412.787891967,99564.7191,2026-12-31T00:00:00Z
2026-07-10 20:00:04+00:00,0.145,616903,Will 1 Fed rate cut happen in 2026?,2178412.787891967,99564.7191,2026-12-31T00:00:00Z
2026-07-10 21:00:03+00:00,0.145,616903,Will 1 Fed rate cut happen in 2026?,2178412.787891967,99564.7191,2026-12-31T00:00:00Z
2026-07-10 23:00:20+00:00,0.145,616903,Will 1 Fed rate cut happen in 2026?,2178412.787891967,99564.7191,2026-12-31T00:00:00Z
2026-07-11 00:00:06+00:00,0.145,616903,Will 1 Fed rate cut happen in 2026?,2178412.787891967,99564.7191,2026-12-31T00:00:00Z
2026-07-11 01:00:04+00:00,0.145,616903,Will 1 Fed rate cut happen in 2026?,2178412.787891967,99564.7191,2026-12-31T00:00:00Z
2026-07-11 02:00:04+00:00,0.145,616903,Will 1 Fed rate cut happen in 2026?,2178412.787891967,99564.7191,2026-12-31T00:00:00Z
2026-07-11 03:00:03+00:00,0.155,616903,Will 1 Fed rate cut happen in 2026?,2178412.787891967,99564.7191,2026-12-31T00:00:00Z
2026-07-11 04:00:06+00:00,0.155,616903,Will 1 Fed rate cut happen in 2026?,2178412.787891967,99564.7191,2026-12-31T00:00:00Z
2026-07-11 05:00:05+00:00,0.155,616903,Will 1 Fed rate cut happen in 2026?,2178412.787891967,99564.7191,2026-12-31T00:00:00Z
2026-07-11 06:00:04+00:00,0.155,616903,Will 1 Fed rate cut happen in 2026?,2178412.787891967,99564.7191,2026-12-31T00:00:00Z
2026-07-11 07:00:05+00:00,0.155,616903,Will 1 Fed rate cut happen in 2026?,2178412.787891967,99564.7191,2026-12-31T00:00:00Z
2026-07-11 08:00:05+00:00,0.155,616903,Will 1 Fed rate cut happen in 2026?,2178412.787891967,99564.7191,2026-12-31T00:00:00Z
2026-07-11 09:00:04+00:00,0.155,616903,Will 1 Fed rate cut happen in 2026?,2178412.787891967,99564.7191,2026-12-31T00:00:00Z
2026-07-11 10:00:04+00:00,0.155,616903,Will 1 Fed rate cut happen in 2026?,2178412.787891967,99564.7191,2026-12-31T00:00:00Z
2026-07-11 11:00:04+00:00,0.155,616903,Will 1 Fed rate cut happen in 2026?,2178412.787891967,99564.7191,2026-12-31T00:00:00Z
2026-07-11 12:00:04+00:00,0.155,616903,Will 1 Fed rate cut happen in 2026?,2178412.787891967,99564.7191,2026-12-31T00:00:00Z
2026-07-11 13:00:04+00:00,0.155,616903,Will 1 Fed rate cut happen in 2026?,2178412.787891967,99564.7191,2026-12-31T00:00:00Z
2026-07-11 14:00:04+00:00,0.155,616903,Will 1 Fed rate cut happen in 2026?,2178412.787891967,99564.7191,2026-12-31T00:00:00Z
2026-07-11 15:00:04+00:00,0.155,616903,Will 1 Fed rate cut happen in 2026?,2178412.787891967,99564.7191,2026-12-31T00:00:00Z
2026-07-11 16:00:04+00:00,0.155,616903,Will 1 Fed rate cut happen in 2026?,2178412.787891967,99564.7191,2026-12-31T00:00:00Z
2026-07-11 17:00:03+00:00,0.16,616903,Will 1 Fed rate cut happen in 2026?,2178412.787891967,99564.7191,2026-12-31T00:00:00Z
2026-07-11 18:00:05+00:00,0.155,616903,Will 1 Fed rate cut happen in 2026?,2178412.787891967,99564.7191,2026-12-31T00:00:00Z
2026-07-11 19:00:04+00:00,0.155,616903,Will 1 Fed rate cut happen in 2026?,2178412.787891967,99564.7191,2026-12-31T00:00:00Z
2026-07-11 20:00:05+00:00,0.155,616903,Will 1 Fed rate cut happen in 2026?,2178412.787891967,99564.7191,2026-12-31T00:00:00Z
2026-07-11 21:00:04+00:00,0.155,616903,Will 1 Fed rate cut happen in 2026?,2178412.787891967,99564.7191,2026-12-31T00:00:00Z
2026-07-11 22:00:03+00:00,0.145,616903,Will 1 Fed rate cut happen in 2026?,2178412.787891967,99564.7191,2026-12-31T00:00:00Z
2026-07-11 23:00:03+00:00,0.145,616903,Will 1 Fed rate cut happen in 2026?,2178412.787891967,99564.7191,2026-12-31T00:00:00Z
2026-07-12 00:00:18+00:00,0.145,616903,Will 1 Fed rate cut happen in 2026?,2178412.787891967,99564.7191,2026-12-31T00:00:00Z
2026-07-12 01:00:04+00:00,0.145,616903,Will 1 Fed rate cut happen in 2026?,2178412.787891967,99564.7191,2026-12-31T00:00:00Z
2026-07-12 02:00:05+00:00,0.145,616903,Will 1 Fed rate cut happen in 2026?,2178412.787891967,99564.7191,2026-12-31T00:00:00Z
2026-07-12 03:00:04+00:00,0.145,616903,Will 1 Fed rate cut happen in 2026?,2178412.787891967,99564.7191,2026-12-31T00:00:00Z
2026-07-12 04:00:04+00:00,0.145,616903,Will 1 Fed rate cut happen in 2026?,2178412.787891967,99564.7191,2026-12-31T00:00:00Z
2026-07-12 05:00:03+00:00,0.145,616903,Will 1 Fed rate cut happen in 2026?,2178412.787891967,99564.7191,2026-12-31T00:00:00Z
2026-07-12 06:00:03+00:00,0.145,616903,Will 1 Fed rate cut happen in 2026?,2178412.787891967,99564.7191,2026-12-31T00:00:00Z
2026-07-12 07:00:07+00:00,0.145,616903,Will 1 Fed rate cut happen in 2026?,2178412.787891967,99564.7191,2026-12-31T00:00:00Z
2026-07-12 08:00:03+00:00,0.145,616903,Will 1 Fed rate cut happen in 2026?,2178412.787891967,99564.7191,2026-12-31T00:00:00Z
2026-07-12 09:00:03+00:00,0.145,616903,Will 1 Fed rate cut happen in 2026?,2178412.787891967,99564.7191,2026-12-31T00:00:00Z
2026-07-12 10:00:05+00:00,0.145,616903,Will 1 Fed rate cut happen in 2026?,2178412.787891967,99564.7191,2026-12-31T00:00:00Z
2026-07-12 11:00:18+00:00,0.145,616903,Will 1 Fed rate cut happen in 2026?,2178412.787891967,99564.7191,2026-12-31T00:00:00Z
2026-07-12 12:00:07+00:00,0.145,616903,Will 1 Fed rate cut happen in 2026?,2178412.787891967,99564.7191,2026-12-31T00:00:00Z
2026-07-12 13:00:04+00:00,0.145,616903,Will 1 Fed rate cut happen in 2026?,2178412.787891967,99564.7191,2026-12-31T00:00:00Z
2026-07-12 14:00:04+00:00,0.145,616903,Will 1 Fed rate cut happen in 2026?,2178412.787891967,99564.7191,2026-12-31T00:00:00Z
2026-07-12 15:00:03+00:00,0.145,616903,Will 1 Fed rate cut happen in 2026?,2178412.787891967,99564.7191,2026-12-31T00:00:00Z
2026-07-12 16:00:04+00:00,0.145,616903,Will 1 Fed rate cut happen in 2026?,2178412.787891967,99564.7191,2026-12-31T00:00:00Z
2026-07-12 17:00:04+00:00,0.145,616903,Will 1 Fed rate cut happen in 2026?,2178412.787891967,99564.7191,2026-12-31T00:00:00Z
2026-07-12 18:00:05+00:00,0.145,616903,Will 1 Fed rate cut happen in 2026?,2178412.787891967,99564.7191,2026-12-31T00:00:00Z
2026-07-12 19:00:04+00:00,0.145,616903,Will 1 Fed rate cut happen in 2026?,2178412.787891967,99564.7191,2026-12-31T00:00:00Z
2026-07-12 20:00:05+00:00,0.145,616903,Will 1 Fed rate cut happen in 2026?,2178412.787891967,99564.7191,2026-12-31T00:00:00Z
2026-07-12 21:00:04+00:00,0.145,616903,Will 1 Fed rate cut happen in 2026?,2178412.787891967,99564.7191,2026-12-31T00:00:00Z
2026-07-12 22:00:06+00:00,0.145,616903,Will 1 Fed rate cut happen in 2026?,2178412.787891967,99564.7191,2026-12-31T00:00:00Z
2026-07-12 23:00:03+00:00,0.145,616903,Will 1 Fed rate cut happen in 2026?,2178412.787891967,99564.7191,2026-12-31T00:00:00Z
2026-07-13 00:00:05+00:00,0.145,616903,Will 1 Fed rate cut happen in 2026?,2178412.787891967,99564.7191,2026-12-31T00:00:00Z
2026-07-13 01:00:04+00:00,0.145,616903,Will 1 Fed rate cut happen in 2026?,2178412.787891967,99564.7191,2026-12-31T00:00:00Z
2026-07-13 02:00:03+00:00,0.145,616903,Will 1 Fed rate cut happen in 2026?,2178412.787891967,99564.7191,2026-12-31T00:00:00Z
2026-07-13 03:00:03+00:00,0.145,616903,Will 1 Fed rate cut happen in 2026?,2178412.787891967,99564.7191,2026-12-31T00:00:00Z
2026-07-13 04:00:03+00:00,0.145,616903,Will 1 Fed rate cut happen in 2026?,2178412.787891967,99564.7191,2026-12-31T00:00:00Z
2026-07-13 05:00:07+00:00,0.145,616903,Will 1 Fed rate cut happen in 2026?,2178412.787891967,99564.7191,2026-12-31T00:00:00Z
2026-07-13 06:00:04+00:00,0.145,616903,Will 1 Fed rate cut happen in 2026?,2178412.787891967,99564.7191,2026-12-31T00:00:00Z
2026-07-13 07:00:04+00:00,0.145,616903,Will 1 Fed rate cut happen in 2026?,2178412.787891967,99564.7191,2026-12-31T00:00:00Z
2026-07-13 08:00:06+00:00,0.145,616903,Will 1 Fed rate cut happen in 2026?,2178412.787891967,99564.7191,2026-12-31T00:00:00Z
2026-07-13 09:00:04+00:00,0.145,616903,Will 1 Fed rate cut happen in 2026?,2178412.787891967,99564.7191,2026-12-31T00:00:00Z
2026-07-13 10:00:04+00:00,0.145,616903,Will 1 Fed rate cut happen in 2026?,2178412.787891967,99564.7191,2026-12-31T00:00:00Z
2026-07-13 11:00:03+00:00,0.145,616903,Will 1 Fed rate cut happen in 2026?,2178412.787891967,99564.7191,2026-12-31T00:00:00Z
2026-07-13 12:00:05+00:00,0.145,616903,Will 1 Fed rate cut happen in 2026?,2178412.787891967,99564.7191,2026-12-31T00:00:00Z
2026-07-13 13:00:03+00:00,0.145,616903,Will 1 Fed rate cut happen in 2026?,2178412.787891967,99564.7191,2026-12-31T00:00:00Z
2026-07-13 14:00:18+00:00,0.145,616903,Will 1 Fed rate cut happen in 2026?,2178412.787891967,99564.7191,2026-12-31T00:00:00Z
2026-07-13 15:00:21+00:00,0.145,616903,Will 1 Fed rate cut happen in 2026?,2178412.787891967,99564.7191,2026-12-31T00:00:00Z
2026-07-13 16:00:04+00:00,0.145,616903,Will 1 Fed rate cut happen in 2026?,2178412.787891967,99564.7191,2026-12-31T00:00:00Z
2026-07-13 17:00:05+00:00,0.135,616903,Will 1 Fed rate cut happen in 2026?,2178412.787891967,99564.7191,2026-12-31T00:00:00Z
2026-07-13 18:00:03+00:00,0.14,616903,Will 1 Fed rate cut happen in 2026?,2178412.787891967,99564.7191,2026-12-31T00:00:00Z
2026-07-13 19:00:05+00:00,0.135,616903,Will 1 Fed rate cut happen in 2026?,2178412.787891967,99564.7191,2026-12-31T00:00:00Z
2026-07-13 20:00:05+00:00,0.135,616903,Will 1 Fed rate cut happen in 2026?,2178412.787891967,99564.7191,2026-12-31T00:00:00Z
2026-07-13 21:00:04+00:00,0.135,616903,Will 1 Fed rate cut happen in 2026?,2178412.787891967,99564.7191,2026-12-31T00:00:00Z
2026-07-13 22:00:04+00:00,0.135,616903,Will 1 Fed rate cut happen in 2026?,2178412.787891967,99564.7191,2026-12-31T00:00:00Z
2026-07-13 23:00:05+00:00,0.135,616903,Will 1 Fed rate cut happen in 2026?,2178412.787891967,99564.7191,2026-12-31T00:00:00Z
2026-07-14 00:00:05+00:00,0.135,616903,Will 1 Fed rate cut happen in 2026?,2178412.787891967,99564.7191,2026-12-31T00:00:00Z
2026-07-14 01:00:04+00:00,0.135,616903,Will 1 Fed rate cut happen in 2026?,2178412.787891967,99564.7191,2026-12-31T00:00:00Z
2026-07-14 02:00:03+00:00,0.135,616903,Will 1 Fed rate cut happen in 2026?,2178412.787891967,99564.7191,2026-12-31T00:00:00Z
2026-07-14 03:00:05+00:00,0.135,616903,Will 1 Fed rate cut happen in 2026?,2178412.787891967,99564.7191,2026-12-31T00:00:00Z
2026-07-14 04:00:04+00:00,0.135,616903,Will 1 Fed rate cut happen in 2026?,2178412.787891967,99564.7191,2026-12-31T00:00:00Z
2026-07-14 05:00:04+00:00,0.135,616903,Will 1 Fed rate cut happen in 2026?,2178412.787891967,99564.7191,2026-12-31T00:00:00Z
2026-07-14 06:00:04+00:00,0.135,616903,Will 1 Fed rate cut happen in 2026?,2178412.787891967,99564.7191,2026-12-31T00:00:00Z
2026-07-14 07:00:05+00:00,0.135,616903,Will 1 Fed rate cut happen in 2026?,2178412.787891967,99564.7191,2026-12-31T00:00:00Z
2026-07-14 08:00:04+00:00,0.135,616903,Will 1 Fed rate cut happen in 2026?,2178412.787891967,99564.7191,2026-12-31T00:00:00Z
2026-07-14 09:00:03+00:00,0.135,616903,Will 1 Fed rate cut happen in 2026?,2178412.787891967,99564.7191,2026-12-31T00:00:00Z
2026-07-14 10:00:05+00:00,0.135,616903,Will 1 Fed rate cut happen in 2026?,2178412.787891967,99564.7191,2026-12-31T00:00:00Z
2026-07-14 11:00:05+00:00,0.135,616903,Will 1 Fed rate cut happen in 2026?,2178412.787891967,99564.7191,2026-12-31T00:00:00Z
2026-07-14 12:00:08+00:00,0.135,616903,Will 1 Fed rate cut happen in 2026?,2178412.787891967,99564.7191,2026-12-31T00:00:00Z
2026-07-14 13:00:07+00:00,0.145,616903,Will 1 Fed rate cut happen in 2026?,2178412.787891967,99564.7191,2026-12-31T00:00:00Z
2026-07-14 14:00:11+00:00,0.145,616903,Will 1 Fed rate cut happen in 2026?,2178412.787891967,99564.7191,2026-12-31T00:00:00Z
2026-07-14 15:00:05+00:00,0.145,616903,Will 1 Fed rate cut happen in 2026?,2178412.787891967,99564.7191,2026-12-31T00:00:00Z
2026-07-14 16:00:11+00:00,0.135,616903,Will 1 Fed rate cut happen in 2026?,2178412.787891967,99564.7191,2026-12-31T00:00:00Z
2026-07-14 17:00:11+00:00,0.14,616903,Will 1 Fed rate cut happen in 2026?,2178412.787891967,99564.7191,2026-12-31T00:00:00Z
2026-07-14 18:00:13+00:00,0.14,616903,Will 1 Fed rate cut happen in 2026?,2178412.787891967,99564.7191,2026-12-31T00:00:00Z
2026-07-14 19:00:05+00:00,0.145,616903,Will 1 Fed rate cut happen in 2026?,2178412.787891967,99564.7191,2026-12-31T00:00:00Z
2026-07-14 20:00:05+00:00,0.145,616903,Will 1 Fed rate cut happen in 2026?,2178412.787891967,99564.7191,2026-12-31T00:00:00Z
2026-07-14 21:00:03+00:00,0.145,616903,Will 1 Fed rate cut happen in 2026?,2178412.787891967,99564.7191,2026-12-31T00:00:00Z
2026-07-14 22:00:03+00:00,0.145,616903,Will 1 Fed rate cut happen in 2026?,2178412.787891967,99564.7191,2026-12-31T00:00:00Z
2026-07-14 23:00:05+00:00,0.145,616903,Will 1 Fed rate cut happen in 2026?,2178412.787891967,99564.7191,2026-12-31T00:00:00Z
2026-07-15 00:00:05+00:00,0.145,616903,Will 1 Fed rate cut happen in 2026?,2178412.787891967,99564.7191,2026-12-31T00:00:00Z
2026-07-15 01:00:05+00:00,0.145,616903,Will 1 Fed rate cut happen in 2026?,2178412.787891967,99564.7191,2026-12-31T00:00:00Z
2026-07-15 02:00:08+00:00,0.145,616903,Will 1 Fed rate cut happen in 2026?,2178412.787891967,99564.7191,2026-12-31T00:00:00Z
2026-07-15 03:00:03+00:00,0.145,616903,Will 1 Fed rate cut happen in 2026?,2178412.787891967,99564.7191,2026-12-31T00:00:00Z
2026-07-15 04:00:04+00:00,0.145,616903,Will 1 Fed rate cut happen in 2026?,2178412.787891967,99564.7191,2026-12-31T00:00:00Z
2026-07-15 05:00:19+00:00,0.145,616903,Will 1 Fed rate cut happen in 2026?,2178412.787891967,99564.7191,2026-12-31T00:00:00Z
2026-07-15 06:00:04+00:00,0.145,616903,Will 1 Fed rate cut happen in 2026?,2178412.787891967,99564.7191,2026-12-31T00:00:00Z
2026-07-15 07:00:17+00:00,0.145,616903,Will 1 Fed rate cut happen in 2026?,2178412.787891967,99564.7191,2026-12-31T00:00:00Z
2026-07-15 08:00:20+00:00,0.145,616903,Will 1 Fed rate cut happen in 2026?,2178412.787891967,99564.7191,2026-12-31T00:00:00Z
2026-07-15 09:00:05+00:00,0.145,616903,Will 1 Fed rate cut happen in 2026?,2178412.787891967,99564.7191,2026-12-31T00:00:00Z
2026-07-15 10:00:04+00:00,0.145,616903,Will 1 Fed rate cut happen in 2026?,2178412.787891967,99564.7191,2026-12-31T00:00:00Z
2026-07-15 11:00:07+00:00,0.145,616903,Will 1 Fed rate cut happen in 2026?,2178412.787891967,99564.7191,2026-12-31T00:00:00Z
2026-07-15 12:00:17+00:00,0.145,616903,Will 1 Fed rate cut happen in 2026?,2178412.787891967,99564.7191,2026-12-31T00:00:00Z
2026-07-15 13:00:05+00:00,0.145,616903,Will 1 Fed rate cut happen in 2026?,2178412.787891967,99564.7191,2026-12-31T00:00:00Z
2026-07-15 14:00:05+00:00,0.145,616903,Will 1 Fed rate cut happen in 2026?,2178412.787891967,99564.7191,2026-12-31T00:00:00Z
2026-07-15 15:00:07+00:00,0.145,616903,Will 1 Fed rate cut happen in 2026?,2178412.787891967,99564.7191,2026-12-31T00:00:00Z
2026-07-15 16:00:05+00:00,0.145,616903,Will 1 Fed rate cut happen in 2026?,2178412.787891967,99564.7191,2026-12-31T00:00:00Z
2026-07-15 17:00:05+00:00,0.145,616903,Will 1 Fed rate cut happen in 2026?,2178412.787891967,99564.7191,2026-12-31T00:00:00Z
2026-07-15 18:00:07+00:00,0.145,616903,Will 1 Fed rate cut happen in 2026?,2178412.787891967,99564.7191,2026-12-31T00:00:00Z
2026-07-15 19:00:08+00:00,0.145,616903,Will 1 Fed rate cut happen in 2026?,2178412.787891967,99564.7191,2026-12-31T00:00:00Z
2026-07-15 20:00:05+00:00,0.145,616903,Will 1 Fed rate cut happen in 2026?,2178412.787891967,99564.7191,2026-12-31T00:00:00Z
2026-07-15 21:00:04+00:00,0.145,616903,Will 1 Fed rate cut happen in 2026?,2178412.787891967,99564.7191,2026-12-31T00:00:00Z
2026-07-15 22:00:04+00:00,0.145,616903,Will 1 Fed rate cut happen in 2026?,2178412.787891967,99564.7191,2026-12-31T00:00:00Z
2026-07-15 23:00:04+00:00,0.135,616903,Will 1 Fed rate cut happen in 2026?,2178412.787891967,99564.7191,2026-12-31T00:00:00Z
2026-07-16 00:00:04+00:00,0.135,616903,Will 1 Fed rate cut happen in 2026?,2178412.787891967,99564.7191,2026-12-31T00:00:00Z
2026-07-16 01:00:05+00:00,0.135,616903,Will 1 Fed rate cut happen in 2026?,2178412.787891967,99564.7191,2026-12-31T00:00:00Z
2026-07-16 02:00:04+00:00,0.135,616903,Will 1 Fed rate cut happen in 2026?,2178412.787891967,99564.7191,2026-12-31T00:00:00Z
2026-07-16 03:00:06+00:00,0.135,616903,Will 1 Fed rate cut happen in 2026?,2178412.787891967,99564.7191,2026-12-31T00:00:00Z
2026-07-16 04:00:05+00:00,0.135,616903,Will 1 Fed rate cut happen in 2026?,2178412.787891967,99564.7191,2026-12-31T00:00:00Z
2026-07-16 05:00:03+00:00,0.125,616903,Will 1 Fed rate cut happen in 2026?,2178412.787891967,99564.7191,2026-12-31T00:00:00Z
2026-07-16 06:00:03+00:00,0.135,616903,Will 1 Fed rate cut happen in 2026?,2178412.787891967,99564.7191,2026-12-31T00:00:00Z
2026-07-16 07:00:05+00:00,0.135,616903,Will 1 Fed rate cut happen in 2026?,2178412.787891967,99564.7191,2026-12-31T00:00:00Z
2026-07-16 08:00:04+00:00,0.125,616903,Will 1 Fed rate cut happen in 2026?,2178412.787891967,99564.7191,2026-12-31T00:00:00Z
2026-07-16 09:00:08+00:00,0.125,616903,Will 1 Fed rate cut happen in 2026?,2178412.787891967,99564.7191,2026-12-31T00:00:00Z
2026-07-16 10:00:05+00:00,0.125,616903,Will 1 Fed rate cut happen in 2026?,2178412.787891967,99564.7191,2026-12-31T00:00:00Z
2026-07-16 11:00:05+00:00,0.125,616903,Will 1 Fed rate cut happen in 2026?,2178412.787891967,99564.7191,2026-12-31T00:00:00Z
2026-07-16 12:00:04+00:00,0.125,616903,Will 1 Fed rate cut happen in 2026?,2178412.787891967,99564.7191,2026-12-31T00:00:00Z
2026-07-16 13:00:06+00:00,0.125,616903,Will 1 Fed rate cut happen in 2026?,2178412.787891967,99564.7191,2026-12-31T00:00:00Z
2026-07-16 14:00:04+00:00,0.125,616903,Will 1 Fed rate cut happen in 2026?,2178412.787891967,99564.7191,2026-12-31T00:00:00Z
2026-07-16 15:00:03+00:00,0.125,616903,Will 1 Fed rate cut happen in 2026?,2178412.787891967,99564.7191,2026-12-31T00:00:00Z
2026-07-16 16:00:03+00:00,0.125,616903,Will 1 Fed rate cut happen in 2026?,2178412.787891967,99564.7191,2026-12-31T00:00:00Z
2026-07-16 17:00:05+00:00,0.125,616903,Will 1 Fed rate cut happen in 2026?,2178412.787891967,99564.7191,2026-12-31T00:00:00Z
2026-07-16 18:00:18+00:00,0.125,616903,Will 1 Fed rate cut happen in 2026?,2178412.787891967,99564.7191,2026-12-31T00:00:00Z
2026-07-16 19:00:04+00:00,0.125,616903,Will 1 Fed rate cut happen in 2026?,2178412.787891967,99564.7191,2026-12-31T00:00:00Z
2026-07-16 20:00:05+00:00,0.125,616903,Will 1 Fed rate cut happen in 2026?,2178412.787891967,99564.7191,2026-12-31T00:00:00Z
2026-07-16 21:00:05+00:00,0.125,616903,Will 1 Fed rate cut happen in 2026?,2178412.787891967,99564.7191,2026-12-31T00:00:00Z
2026-07-16 22:00:04+00:00,0.125,616903,Will 1 Fed rate cut happen in 2026?,2178412.787891967,99564.7191,2026-12-31T00:00:00Z
2026-07-16 23:00:07+00:00,0.125,616903,Will 1 Fed rate cut happen in 2026?,2178412.787891967,99564.7191,2026-12-31T00:00:00Z
2026-07-17 00:00:06+00:00,0.125,616903,Will 1 Fed rate cut happen in 2026?,2178412.787891967,99564.7191,2026-12-31T00:00:00Z
2026-07-17 01:00:05+00:00,0.125,616903,Will 1 Fed rate cut happen in 2026?,2178412.787891967,99564.7191,2026-12-31T00:00:00Z
2026-07-17 02:00:04+00:00,0.125,616903,Will 1 Fed rate cut happen in 2026?,2178412.787891967,99564.7191,2026-12-31T00:00:00Z
2026-07-17 03:00:03+00:00,0.125,616903,Will 1 Fed rate cut happen in 2026?,2178412.787891967,99564.7191,2026-12-31T00:00:00Z
2026-07-17 04:00:05+00:00,0.125,616903,Will 1 Fed rate cut happen in 2026?,2178412.787891967,99564.7191,2026-12-31T00:00:00Z
2026-07-17 05:00:04+00:00,0.125,616903,Will 1 Fed rate cut happen in 2026?,2178412.787891967,99564.7191,2026-12-31T00:00:00Z
2026-07-17 06:00:04+00:00,0.125,616903,Will 1 Fed rate cut happen in 2026?,2178412.787891967,99564.7191,2026-12-31T00:00:00Z
2026-07-17 07:00:03+00:00,0.125,616903,Will 1 Fed rate cut happen in 2026?,2178412.787891967,99564.7191,2026-12-31T00:00:00Z
2026-07-17 08:00:04+00:00,0.125,616903,Will 1 Fed rate cut happen in 2026?,2178412.787891967,99564.7191,2026-12-31T00:00:00Z
2026-07-17 09:00:03+00:00,0.125,616903,Will 1 Fed rate cut happen in 2026?,2178412.787891967,99564.7191,2026-12-31T00:00:00Z
2026-07-17 10:00:06+00:00,0.125,616903,Will 1 Fed rate cut happen in 2026?,2178412.787891967,99564.7191,2026-12-31T00:00:00Z
2026-07-17 11:00:04+00:00,0.125,616903,Will 1 Fed rate cut happen in 2026?,2178412.787891967,99564.7191,2026-12-31T00:00:00Z
2026-07-17 12:00:06+00:00,0.125,616903,Will 1 Fed rate cut happen in 2026?,2178412.787891967,99564.7191,2026-12-31T00:00:00Z
2026-07-17 13:00:04+00:00,0.125,616903,Will 1 Fed rate cut happen in 2026?,2178412.787891967,99564.7191,2026-12-31T00:00:00Z
2026-07-17 14:00:05+00:00,0.125,616903,Will 1 Fed rate cut happen in 2026?,2178412.787891967,99564.7191,2026-12-31T00:00:00Z
2026-07-17 15:00:05+00:00,0.125,616903,Will 1 Fed rate cut happen in 2026?,2178412.787891967,99564.7191,2026-12-31T00:00:00Z
2026-07-17 16:00:21+00:00,0.115,616903,Will 1 Fed rate cut happen in 2026?,2178412.787891967,99564.7191,2026-12-31T00:00:00Z
2026-07-17 17:00:06+00:00,0.115,616903,Will 1 Fed rate cut happen in 2026?,2178412.787891967,99564.7191,2026-12-31T00:00:00Z
2026-07-17 18:00:21+00:00,0.115,616903,Will 1 Fed rate cut happen in 2026?,2178412.787891967,99564.7191,2026-12-31T00:00:00Z
2026-07-17 19:00:05+00:00,0.115,616903,Will 1 Fed rate cut happen in 2026?,2178412.787891967,99564.7191,2026-12-31T00:00:00Z
2026-07-17 20:00:04+00:00,0.115,616903,Will 1 Fed rate cut happen in 2026?,2178412.787891967,99564.7191,2026-12-31T00:00:00Z
2026-07-17 21:00:03+00:00,0.115,616903,Will 1 Fed rate cut happen in 2026?,2178412.787891967,99564.7191,2026-12-31T00:00:00Z
2026-07-17 22:00:05+00:00,0.115,616903,Will 1 Fed rate cut happen in 2026?,2178412.787891967,99564.7191,2026-12-31T00:00:00Z
2026-07-17 23:00:06+00:00,0.125,616903,Will 1 Fed rate cut happen in 2026?,2178412.787891967,99564.7191,2026-12-31T00:00:00Z
2026-07-18 00:00:04+00:00,0.125,616903,Will 1 Fed rate cut happen in 2026?,2178412.787891967,99564.7191,2026-12-31T00:00:00Z
2026-07-18 01:00:05+00:00,0.12,616903,Will 1 Fed rate cut happen in 2026?,2178412.787891967,99564.7191,2026-12-31T00:00:00Z
2026-07-18 02:00:04+00:00,0.115,616903,Will 1 Fed rate cut happen in 2026?,2178412.787891967,99564.7191,2026-12-31T00:00:00Z
2026-07-18 03:00:05+00:00,0.115,616903,Will 1 Fed rate cut happen in 2026?,2178412.787891967,99564.7191,2026-12-31T00:00:00Z
2026-07-18 04:00:04+00:00,0.115,616903,Will 1 Fed rate cut happen in 2026?,2178412.787891967,99564.7191,2026-12-31T00:00:00Z
2026-07-18 05:00:04+00:00,0.115,616903,Will 1 Fed rate cut happen in 2026?,2178412.787891967,99564.7191,2026-12-31T00:00:00Z
2026-07-18 06:00:04+00:00,0.115,616903,Will 1 Fed rate cut happen in 2026?,2178412.787891967,99564.7191,2026-12-31T00:00:00Z
2026-07-18 07:00:04+00:00,0.115,616903,Will 1 Fed rate cut happen in 2026?,2178412.787891967,99564.7191,2026-12-31T00:00:00Z
2026-07-18 08:00:03+00:00,0.115,616903,Will 1 Fed rate cut happen in 2026?,2178412.787891967,99564.7191,2026-12-31T00:00:00Z
2026-07-18 09:00:07+00:00,0.115,616903,Will 1 Fed rate cut happen in 2026?,2178412.787891967,99564.7191,2026-12-31T00:00:00Z
2026-07-18 10:00:03+00:00,0.115,616903,Will 1 Fed rate cut happen in 2026?,2178412.787891967,99564.7191,2026-12-31T00:00:00Z
2026-07-18 11:00:05+00:00,0.115,616903,Will 1 Fed rate cut happen in 2026?,2178412.787891967,99564.7191,2026-12-31T00:00:00Z
2026-07-18 12:00:16+00:00,0.115,616903,Will 1 Fed rate cut happen in 2026?,2178412.787891967,99564.7191,2026-12-31T00:00:00Z
2026-07-18 13:00:04+00:00,0.115,616903,Will 1 Fed rate cut happen in 2026?,2178412.787891967,99564.7191,2026-12-31T00:00:00Z
2026-07-18 14:00:05+00:00,0.125,616903,Will 1 Fed rate cut happen in 2026?,2178412.787891967,99564.7191,2026-12-31T00:00:00Z
2026-07-18 15:00:04+00:00,0.125,616903,Will 1 Fed rate cut happen in 2026?,2178412.787891967,99564.7191,2026-12-31T00:00:00Z
2026-07-18 16:00:05+00:00,0.115,616903,Will 1 Fed rate cut happen in 2026?,2178412.787891967,99564.7191,2026-12-31T00:00:00Z
2026-07-18 17:00:04+00:00,0.115,616903,Will 1 Fed rate cut happen in 2026?,2178412.787891967,99564.7191,2026-12-31T00:00:00Z
2026-07-18 18:00:05+00:00,0.115,616903,Will 1 Fed rate cut happen in 2026?,2178412.787891967,99564.7191,2026-12-31T00:00:00Z
2026-07-18 19:00:04+00:00,0.115,616903,Will 1 Fed rate cut happen in 2026?,2178412.787891967,99564.7191,2026-12-31T00:00:00Z
2026-07-18 20:00:05+00:00,0.115,616903,Will 1 Fed rate cut happen in 2026?,2178412.787891967,99564.7191,2026-12-31T00:00:00Z
2026-07-18 21:00:05+00:00,0.115,616903,Will 1 Fed rate cut happen in 2026?,2178412.787891967,99564.7191,2026-12-31T00:00:00Z
2026-07-18 22:00:04+00:00,0.115,616903,Will 1 Fed rate cut happen in 2026?,2178412.787891967,99564.7191,2026-12-31T00:00:00Z
2026-07-18 23:00:04+00:00,0.115,616903,Will 1 Fed rate cut happen in 2026?,2178412.787891967,99564.7191,2026-12-31T00:00:00Z
2026-07-19 00:00:05+00:00,0.115,616903,Will 1 Fed rate cut happen in 2026?,2178412.787891967,99564.7191,2026-12-31T00:00:00Z
2026-07-19 01:00:04+00:00,0.115,616903,Will 1 Fed rate cut happen in 2026?,2178412.787891967,99564.7191,2026-12-31T00:00:00Z
2026-07-19 02:00:05+00:00,0.115,616903,Will 1 Fed rate cut happen in 2026?,2178412.787891967,99564.7191,2026-12-31T00:00:00Z
2026-07-19 03:00:03+00:00,0.115,616903,Will 1 Fed rate cut happen in 2026?,2178412.787891967,99564.7191,2026-12-31T00:00:00Z
2026-07-19 04:00:03+00:00,0.115,616903,Will 1 Fed rate cut happen in 2026?,2178412.787891967,99564.7191,2026-12-31T00:00:00Z
2026-07-19 05:00:05+00:00,0.115,616903,Will 1 Fed rate cut happen in 2026?,2178412.787891967,99564.7191,2026-12-31T00:00:00Z
2026-07-19 06:00:06+00:00,0.115,616903,Will 1 Fed rate cut happen in 2026?,2178412.787891967,99564.7191,2026-12-31T00:00:00Z
2026-07-19 07:00:04+00:00,0.115,616903,Will 1 Fed rate cut happen in 2026?,2178412.787891967,99564.7191,2026-12-31T00:00:00Z
2026-07-19 08:00:05+00:00,0.115,616903,Will 1 Fed rate cut happen in 2026?,2178412.787891967,99564.7191,2026-12-31T00:00:00Z
2026-07-19 09:00:04+00:00,0.115,616903,Will 1 Fed rate cut happen in 2026?,2178412.787891967,99564.7191,2026-12-31T00:00:00Z
2026-07-19 10:00:04+00:00,0.115,616903,Will 1 Fed rate cut happen in 2026?,2178412.787891967,99564.7191,2026-12-31T00:00:00Z
2026-07-19 11:00:04+00:00,0.115,616903,Will 1 Fed rate cut happen in 2026?,2178412.787891967,99564.7191,2026-12-31T00:00:00Z
2026-07-19 12:00:04+00:00,0.115,616903,Will 1 Fed rate cut happen in 2026?,2178412.787891967,99564.7191,2026-12-31T00:00:00Z
2026-07-19 13:00:06+00:00,0.115,616903,Will 1 Fed rate cut happen in 2026?,2178412.787891967,99564.7191,2026-12-31T00:00:00Z
2026-07-19 14:00:05+00:00,0.115,616903,Will 1 Fed rate cut happen in 2026?,2178412.787891967,99564.7191,2026-12-31T00:00:00Z
2026-07-19 15:00:04+00:00,0.115,616903,Will 1 Fed rate cut happen in 2026?,2178412.787891967,99564.7191,2026-12-31T00:00:00Z
2026-07-19 16:00:20+00:00,0.115,616903,Will 1 Fed rate cut happen in 2026?,2178412.787891967,99564.7191,2026-12-31T00:00:00Z
2026-07-19 17:00:07+00:00,0.115,616903,Will 1 Fed rate cut happen in 2026?,2178412.787891967,99564.7191,2026-12-31T00:00:00Z
2026-07-19 18:00:04+00:00,0.115,616903,Will 1 Fed rate cut happen in 2026?,2178412.787891967,99564.7191,2026-12-31T00:00:00Z
2026-07-19 19:00:05+00:00,0.115,616903,Will 1 Fed rate cut happen in 2026?,2178412.787891967,99564.7191,2026-12-31T00:00:00Z
2026-07-19 20:00:06+00:00,0.115,616903,Will 1 Fed rate cut happen in 2026?,2178412.787891967,99564.7191,2026-12-31T00:00:00Z
2026-07-19 21:00:18+00:00,0.115,616903,Will 1 Fed rate cut happen in 2026?,2178412.787891967,99564.7191,2026-12-31T00:00:00Z
2026-07-19 22:00:04+00:00,0.115,616903,Will 1 Fed rate cut happen in 2026?,2178412.787891967,99564.7191,2026-12-31T00:00:00Z
2026-07-19 23:00:04+00:00,0.115,616903,Will 1 Fed rate cut happen in 2026?,2178412.787891967,99564.7191,2026-12-31T00:00:00Z
2026-07-20 00:00:18+00:00,0.115,616903,Will 1 Fed rate cut happen in 2026?,2178412.787891967,99564.7191,2026-12-31T00:00:00Z
2026-07-20 01:00:05+00:00,0.115,616903,Will 1 Fed rate cut happen in 2026?,2178412.787891967,99564.7191,2026-12-31T00:00:00Z
2026-07-20 02:00:04+00:00,0.115,616903,Will 1 Fed rate cut happen in 2026?,2178412.787891967,99564.7191,2026-12-31T00:00:00Z
2026-07-20 03:00:04+00:00,0.115,616903,Will 1 Fed rate cut happen in 2026?,2178412.787891967,99564.7191,2026-12-31T00:00:00Z
2026-07-20 04:00:04+00:00,0.115,616903,Will 1 Fed rate cut happen in 2026?,2178412.787891967,99564.7191,2026-12-31T00:00:00Z
2026-07-20 05:00:17+00:00,0.115,616903,Will 1 Fed rate cut happen in 2026?,2178412.787891967,99564.7191,2026-12-31T00:00:00Z
2026-07-20 06:00:06+00:00,0.115,616903,Will 1 Fed rate cut happen in 2026?,2178412.787891967,99564.7191,2026-12-31T00:00:00Z
2026-07-20 07:00:04+00:00,0.115,616903,Will 1 Fed rate cut happen in 2026?,2178412.787891967,99564.7191,2026-12-31T00:00:00Z
2026-07-20 08:00:04+00:00,0.115,616903,Will 1 Fed rate cut happen in 2026?,2178412.787891967,99564.7191,2026-12-31T00:00:00Z
2026-07-20 09:00:07+00:00,0.105,616903,Will 1 Fed rate cut happen in 2026?,2178412.787891967,99564.7191,2026-12-31T00:00:00Z
2026-07-20 10:00:05+00:00,0.105,616903,Will 1 Fed rate cut happen in 2026?,2178412.787891967,99564.7191,2026-12-31T00:00:00Z
2026-07-20 11:00:07+00:00,0.105,616903,Will 1 Fed rate cut happen in 2026?,2178412.787891967,99564.7191,2026-12-31T00:00:00Z
2026-07-20 12:00:07+00:00,0.105,616903,Will 1 Fed rate cut happen in 2026?,2178412.787891967,99564.7191,2026-12-31T00:00:00Z
2026-07-20 13:00:08+00:00,0.105,616903,Will 1 Fed rate cut happen in 2026?,2178412.787891967,99564.7191,2026-12-31T00:00:00Z
2026-07-20 14:00:05+00:00,0.105,616903,Will 1 Fed rate cut happen in 2026?,2178412.787891967,99564.7191,2026-12-31T00:00:00Z
2026-07-20 15:00:11+00:00,0.105,616903,Will 1 Fed rate cut happen in 2026?,2178412.787891967,99564.7191,2026-12-31T00:00:00Z
2026-07-20 16:00:08+00:00,0.105,616903,Will 1 Fed rate cut happen in 2026?,2178412.787891967,99564.7191,2026-12-31T00:00:00Z
2026-07-20 17:00:15+00:00,0.105,616903,Will 1 Fed rate cut happen in 2026?,2178412.787891967,99564.7191,2026-12-31T00:00:00Z
2026-07-20 18:00:07+00:00,0.105,616903,Will 1 Fed rate cut happen in 2026?,2178412.787891967,99564.7191,2026-12-31T00:00:00Z
2026-07-20 19:00:06+00:00,0.105,616903,Will 1 Fed rate cut happen in 2026?,2178412.787891967,99564.7191,2026-12-31T00:00:00Z
2026-07-20 20:00:21+00:00,0.105,616903,Will 1 Fed rate cut happen in 2026?,2178412.787891967,99564.7191,2026-12-31T00:00:00Z
2026-07-20 21:00:09+00:00,0.105,616903,Will 1 Fed rate cut happen in 2026?,2178412.787891967,99564.7191,2026-12-31T00:00:00Z
2026-07-20 22:00:05+00:00,0.105,616903,Will 1 Fed rate cut happen in 2026?,2178412.787891967,99564.7191,2026-12-31T00:00:00Z
2026-07-20 23:00:05+00:00,0.105,616903,Will 1 Fed rate cut happen in 2026?,2178412.787891967,99564.7191,2026-12-31T00:00:00Z
2026-07-21 00:00:09+00:00,0.105,616903,Will 1 Fed rate cut happen in 2026?,2178412.787891967,99564.7191,2026-12-31T00:00:00Z
2026-07-21 01:00:09+00:00,0.105,616903,Will 1 Fed rate cut happen in 2026?,2178412.787891967,99564.7191,2026-12-31T00:00:00Z
2026-07-21 02:00:08+00:00,0.105,616903,Will 1 Fed rate cut happen in 2026?,2178412.787891967,99564.7191,2026-12-31T00:00:00Z
2026-07-21 03:00:09+00:00,0.105,616903,Will 1 Fed rate cut happen in 2026?,2178412.787891967,99564.7191,2026-12-31T00:00:00Z
2026-07-21 04:00:21+00:00,0.105,616903,Will 1 Fed rate cut happen in 2026?,2178412.787891967,99564.7191,2026-12-31T00:00:00Z
2026-07-21 05:00:06+00:00,0.105,616903,Will 1 Fed rate cut happen in 2026?,2178412.787891967,99564.7191,2026-12-31T00:00:00Z
2026-07-21 06:00:09+00:00,0.105,616903,Will 1 Fed rate cut happen in 2026?,2178412.787891967,99564.7191,2026-12-31T00:00:00Z
2026-07-21 07:00:08+00:00,0.105,616903,Will 1 Fed rate cut happen in 2026?,2178412.787891967,99564.7191,2026-12-31T00:00:00Z
2026-07-21 08:00:06+00:00,0.105,616903,Will 1 Fed rate cut happen in 2026?,2178412.787891967,99564.7191,2026-12-31T00:00:00Z
2026-07-21 09:00:08+00:00,0.105,616903,Will 1 Fed rate cut happen in 2026?,2178412.787891967,99564.7191,2026-12-31T00:00:00Z
2026-07-21 10:00:06+00:00,0.105,616903,Will 1 Fed rate cut happen in 2026?,2178412.787891967,99564.7191,2026-12-31T00:00:00Z
2026-07-21 11:00:06+00:00,0.105,616903,Will 1 Fed rate cut happen in 2026?,2178412.787891967,99564.7191,2026-12-31T00:00:00Z
2026-07-21 12:00:10+00:00,0.105,616903,Will 1 Fed rate cut happen in 2026?,2178412.787891967,99564.7191,2026-12-31T00:00:00Z
2026-07-21 13:00:07+00:00,0.105,616903,Will 1 Fed rate cut happen in 2026?,2178412.787891967,99564.7191,2026-12-31T00:00:00Z
2026-07-21 14:00:06+00:00,0.105,616903,Will 1 Fed rate cut happen in 2026?,2178412.787891967,99564.7191,2026-12-31T00:00:00Z
2026-07-21 15:00:21+00:00,0.105,616903,Will 1 Fed rate cut happen in 2026?,2178412.787891967,99564.7191,2026-12-31T00:00:00Z
2026-07-21 16:00:07+00:00,0.105,616903,Will 1 Fed rate cut happen in 2026?,2178412.787891967,99564.7191,2026-12-31T00:00:00Z
2026-07-21 17:00:06+00:00,0.105,616903,Will 1 Fed rate cut happen in 2026?,2178412.787891967,99564.7191,2026-12-31T00:00:00Z
2026-07-21 18:00:14+00:00,0.105,616903,Will 1 Fed rate cut happen in 2026?,2178412.787891967,99564.7191,2026-12-31T00:00:00Z
2026-07-21 19:00:05+00:00,0.105,616903,Will 1 Fed rate cut happen in 2026?,2178412.787891967,99564.7191,2026-12-31T00:00:00Z
2026-07-21 20:00:06+00:00,0.105,616903,Will 1 Fed rate cut happen in 2026?,2178412.787891967,99564.7191,2026-12-31T00:00:00Z
2026-07-21 21:00:08+00:00,0.105,616903,Will 1 Fed rate cut happen in 2026?,2178412.787891967,99564.7191,2026-12-31T00:00:00Z
2026-07-21 22:00:06+00:00,0.105,616903,Will 1 Fed rate cut happen in 2026?,2178412.787891967,99564.7191,2026-12-31T00:00:00Z
2026-07-21 23:00:19+00:00,0.105,616903,Will 1 Fed rate cut happen in 2026?,2178412.787891967,99564.7191,2026-12-31T00:00:00Z
2026-07-22 00:00:07+00:00,0.105,616903,Will 1 Fed rate cut happen in 2026?,2178412.787891967,99564.7191,2026-12-31T00:00:00Z
2026-07-22 01:00:06+00:00,0.105,616903,Will 1 Fed rate cut happen in 2026?,2178412.787891967,99564.7191,2026-12-31T00:00:00Z
2026-07-22 02:00:06+00:00,0.105,616903,Will 1 Fed rate cut happen in 2026?,2178412.787891967,99564.7191,2026-12-31T00:00:00Z
2026-07-22 03:00:08+00:00,0.105,616903,Will 1 Fed rate cut happen in 2026?,2178412.787891967,99564.7191,2026-12-31T00:00:00Z
2026-07-22 04:00:06+00:00,0.105,616903,Will 1 Fed rate cut happen in 2026?,2178412.787891967,99564.7191,2026-12-31T00:00:00Z
2026-07-22 05:00:05+00:00,0.105,616903,Will 1 Fed rate cut happen in 2026?,2178412.787891967,99564.7191,2026-12-31T00:00:00Z
2026-07-22 06:00:22+00:00,0.105,616903,Will 1 Fed rate cut happen in 2026?,2178412.787891967,99564.7191,2026-12-31T00:00:00Z
2026-07-22 07:00:06+00:00,0.105,616903,Will 1 Fed rate cut happen in 2026?,2178412.787891967,99564.7191,2026-12-31T00:00:00Z
2026-07-22 08:00:05+00:00,0.105,616903,Will 1 Fed rate cut happen in 2026?,2178412.787891967,99564.7191,2026-12-31T00:00:00Z
2026-07-22 09:00:07+00:00,0.105,616903,Will 1 Fed rate cut happen in 2026?,2178412.787891967,99564.7191,2026-12-31T00:00:00Z
2026-07-22 10:00:06+00:00,0.105,616903,Will 1 Fed rate cut happen in 2026?,2178412.787891967,99564.7191,2026-12-31T00:00:00Z
2026-07-22 11:00:06+00:00,0.105,616903,Will 1 Fed rate cut happen in 2026?,2178412.787891967,99564.7191,2026-12-31T00:00:00Z
2026-07-22 12:00:07+00:00,0.105,616903,Will 1 Fed rate cut happen in 2026?,2178412.787891967,99564.7191,2026-12-31T00:00:00Z
2026-07-22 13:00:06+00:00,0.095,616903,Will 1 Fed rate cut happen in 2026?,2178412.787891967,99564.7191,2026-12-31T00:00:00Z
2026-07-22 14:00:05+00:00,0.095,616903,Will 1 Fed rate cut happen in 2026?,2178412.787891967,99564.7191,2026-12-31T00:00:00Z
2026-07-22 15:00:08+00:00,0.095,616903,Will 1 Fed rate cut happen in 2026?,2178412.787891967,99564.7191,2026-12-31T00:00:00Z
2026-07-22 16:00:06+00:00,0.095,616903,Will 1 Fed rate cut happen in 2026?,2178412.787891967,99564.7191,2026-12-31T00:00:00Z
2026-07-22 17:00:09+00:00,0.095,616903,Will 1 Fed rate cut happen in 2026?,2178412.787891967,99564.7191,2026-12-31T00:00:00Z
2026-07-22 18:00:07+00:00,0.095,616903,Will 1 Fed rate cut happen in 2026?,2178412.787891967,99564.7191,2026-12-31T00:00:00Z
2026-07-22 19:00:05+00:00,0.095,616903,Will 1 Fed rate cut happen in 2026?,2178412.787891967,99564.7191,2026-12-31T00:00:00Z
2026-07-22 20:00:08+00:00,0.095,616903,Will 1 Fed rate cut happen in 2026?,2178412.787891967,99564.7191,2026-12-31T00:00:00Z
2026-07-22 21:00:08+00:00,0.095,616903,Will 1 Fed rate cut happen in 2026?,2178412.787891967,99564.7191,2026-12-31T00:00:00Z
2026-07-22 22:00:09+00:00,0.095,616903,Will 1 Fed rate cut happen in 2026?,2178412.787891967,99564.7191,2026-12-31T00:00:00Z
2026-07-22 23:00:07+00:00,0.095,616903,Will 1 Fed rate cut happen in 2026?,2178412.787891967,99564.7191,2026-12-31T00:00:00Z
2026-07-23 00:00:12+00:00,0.095,616903,Will 1 Fed rate cut happen in 2026?,2178412.787891967,99564.7191,2026-12-31T00:00:00Z
2026-07-23 01:00:20+00:00,0.095,616903,Will 1 Fed rate cut happen in 2026?,2178412.787891967,99564.7191,2026-12-31T00:00:00Z
2026-07-23 02:00:07+00:00,0.095,616903,Will 1 Fed rate cut happen in 2026?,2178412.787891967,99564.7191,2026-12-31T00:00:00Z
2026-07-23 03:00:09+00:00,0.095,616903,Will 1 Fed rate cut happen in 2026?,2178412.787891967,99564.7191,2026-12-31T00:00:00Z
2026-07-23 04:00:09+00:00,0.095,616903,Will 1 Fed rate cut happen in 2026?,2178412.787891967,99564.7191,2026-12-31T00:00:00Z
2026-07-23 05:00:14+00:00,0.095,616903,Will 1 Fed rate cut happen in 2026?,2178412.787891967,99564.7191,2026-12-31T00:00:00Z
2026-07-23 06:00:14+00:00,0.095,616903,Will 1 Fed rate cut happen in 2026?,2178412.787891967,99564.7191,2026-12-31T00:00:00Z
2026-07-23 07:00:09+00:00,0.095,616903,Will 1 Fed rate cut happen in 2026?,2178412.787891967,99564.7191,2026-12-31T00:00:00Z
2026-07-23 08:00:05+00:00,0.095,616903,Will 1 Fed rate cut happen in 2026?,2178412.787891967,99564.7191,2026-12-31T00:00:00Z
2026-07-23 09:00:10+00:00,0.095,616903,Will 1 Fed rate cut happen in 2026?,2178412.787891967,99564.7191,2026-12-31T00:00:00Z
2026-07-23 10:00:09+00:00,0.095,616903,Will 1 Fed rate cut happen in 2026?,2178412.787891967,99564.7191,2026-12-31T00:00:00Z
2026-07-23 11:00:06+00:00,0.095,616903,Will 1 Fed rate cut happen in 2026?,2178412.787891967,99564.7191,2026-12-31T00:00:00Z
2026-07-23 12:00:15+00:00,0.105,616903,Will 1 Fed rate cut happen in 2026?,2178412.787891967,99564.7191,2026-12-31T00:00:00Z
2026-07-23 13:00:07+00:00,0.105,616903,Will 1 Fed rate cut happen in 2026?,2178412.787891967,99564.7191,2026-12-31T00:00:00Z
2026-07-23 14:00:07+00:00,0.105,616903,Will 1 Fed rate cut happen in 2026?,2178412.787891967,99564.7191,2026-12-31T00:00:00Z
2026-07-23 15:00:11+00:00,0.105,616903,Will 1 Fed rate cut happen in 2026?,2178412.787891967,99564.7191,2026-12-31T00:00:00Z
2026-07-23 16:00:08+00:00,0.105,616903,Will 1 Fed rate cut happen in 2026?,2178412.787891967,99564.7191,2026-12-31T00:00:00Z
2026-07-23 17:00:11+00:00,0.105,616903,Will 1 Fed rate cut happen in 2026?,2178412.787891967,99564.7191,2026-12-31T00:00:00Z
2026-07-23 18:00:09+00:00,0.105,616903,Will 1 Fed rate cut happen in 2026?,2178412.787891967,99564.7191,2026-12-31T00:00:00Z
2026-07-23 19:00:09+00:00,0.105,616903,Will 1 Fed rate cut happen in 2026?,2178412.787891967,99564.7191,2026-12-31T00:00:00Z
2026-07-23 20:00:10+00:00,0.105,616903,Will 1 Fed rate cut happen in 2026?,2178412.787891967,99564.7191,2026-12-31T00:00:00Z
2026-07-23 21:00:12+00:00,0.105,616903,Will 1 Fed rate cut happen in 2026?,2178412.787891967,99564.7191,2026-12-31T00:00:00Z
2026-07-23 22:00:10+00:00,0.105,616903,Will 1 Fed rate cut happen in 2026?,2178412.787891967,99564.7191,2026-12-31T00:00:00Z
2026-07-23 23:00:09+00:00,0.105,616903,Will 1 Fed rate cut happen in 2026?,2178412.787891967,99564.7191,2026-12-31T00:00:00Z
2026-07-24 00:00:10+00:00,0.105,616903,Will 1 Fed rate cut happen in 2026?,2178412.787891967,99564.7191,2026-12-31T00:00:00Z
2026-07-24 01:00:07+00:00,0.105,616903,Will 1 Fed rate cut happen in 2026?,2178412.787891967,99564.7191,2026-12-31T00:00:00Z
2026-07-24 02:00:09+00:00,0.105,616903,Will 1 Fed rate cut happen in 2026?,2178412.787891967,99564.7191,2026-12-31T00:00:00Z
2026-07-24 03:00:12+00:00,0.105,616903,Will 1 Fed rate cut happen in 2026?,2178412.787891967,99564.7191,2026-12-31T00:00:00Z
2026-07-24 04:00:08+00:00,0.105,616903,Will 1 Fed rate cut happen in 2026?,2178412.787891967,99564.7191,2026-12-31T00:00:00Z
2026-07-24 05:00:10+00:00,0.105,616903,Will 1 Fed rate cut happen in 2026?,2178412.787891967,99564.7191,2026-12-31T00:00:00Z
2026-07-24 06:00:09+00:00,0.105,616903,Will 1 Fed rate cut happen in 2026?,2178412.787891967,99564.7191,2026-12-31T00:00:00Z
2026-07-24 07:00:06+00:00,0.105,616903,Will 1 Fed rate cut happen in 2026?,2178412.787891967,99564.7191,2026-12-31T00:00:00Z
2026-07-24 08:00:07+00:00,0.105,616903,Will 1 Fed rate cut happen in 2026?,2178412.787891967,99564.7191,2026-12-31T00:00:00Z
2026-07-24 09:00:11+00:00,0.105,616903,Will 1 Fed rate cut happen in 2026?,2178412.787891967,99564.7191,2026-12-31T00:00:00Z
2026-07-24 09:38:06+00:00,0.105,616903,Will 1 Fed rate cut happen in 2026?,2178412.787891967,99564.7191,2026-12-31T00:00:00Z
2026-07-10 10:00:17+00:00,0.0365,616904,Will 2 Fed rate cuts happen in 2026?,2212896.079637959,77255.18808,2026-12-31T00:00:00Z
2026-07-10 11:00:05+00:00,0.0375,616904,Will 2 Fed rate cuts happen in 2026?,2212896.079637959,77255.18808,2026-12-31T00:00:00Z
2026-07-10 12:00:07+00:00,0.0375,616904,Will 2 Fed rate cuts happen in 2026?,2212896.079637959,77255.18808,2026-12-31T00:00:00Z
2026-07-10 13:00:05+00:00,0.037,616904,Will 2 Fed rate cuts happen in 2026?,2212896.079637959,77255.18808,2026-12-31T00:00:00Z
2026-07-10 14:00:05+00:00,0.0375,616904,Will 2 Fed rate cuts happen in 2026?,2212896.079637959,77255.18808,2026-12-31T00:00:00Z
2026-07-10 15:00:06+00:00,0.036,616904,Will 2 Fed rate cuts happen in 2026?,2212896.079637959,77255.18808,2026-12-31T00:00:00Z
2026-07-10 16:00:05+00:00,0.0365,616904,Will 2 Fed rate cuts happen in 2026?,2212896.079637959,77255.18808,2026-12-31T00:00:00Z
2026-07-10 17:00:04+00:00,0.0365,616904,Will 2 Fed rate cuts happen in 2026?,2212896.079637959,77255.18808,2026-12-31T00:00:00Z
2026-07-10 18:00:05+00:00,0.037,616904,Will 2 Fed rate cuts happen in 2026?,2212896.079637959,77255.18808,2026-12-31T00:00:00Z
2026-07-10 19:00:05+00:00,0.037,616904,Will 2 Fed rate cuts happen in 2026?,2212896.079637959,77255.18808,2026-12-31T00:00:00Z
2026-07-10 20:00:05+00:00,0.036,616904,Will 2 Fed rate cuts happen in 2026?,2212896.079637959,77255.18808,2026-12-31T00:00:00Z
2026-07-10 21:00:06+00:00,0.0365,616904,Will 2 Fed rate cuts happen in 2026?,2212896.079637959,77255.18808,2026-12-31T00:00:00Z
2026-07-10 23:00:21+00:00,0.036,616904,Will 2 Fed rate cuts happen in 2026?,2212896.079637959,77255.18808,2026-12-31T00:00:00Z
2026-07-11 00:00:08+00:00,0.036,616904,Will 2 Fed rate cuts happen in 2026?,2212896.079637959,77255.18808,2026-12-31T00:00:00Z
2026-07-11 01:00:05+00:00,0.0365,616904,Will 2 Fed rate cuts happen in 2026?,2212896.079637959,77255.18808,2026-12-31T00:00:00Z
2026-07-11 02:00:05+00:00,0.0365,616904,Will 2 Fed rate cuts happen in 2026?,2212896.079637959,77255.18808,2026-12-31T00:00:00Z
2026-07-11 03:00:05+00:00,0.0365,616904,Will 2 Fed rate cuts happen in 2026?,2212896.079637959,77255.18808,2026-12-31T00:00:00Z
2026-07-11 04:00:07+00:00,0.037,616904,Will 2 Fed rate cuts happen in 2026?,2212896.079637959,77255.18808,2026-12-31T00:00:00Z
2026-07-11 05:00:06+00:00,0.037,616904,Will 2 Fed rate cuts happen in 2026?,2212896.079637959,77255.18808,2026-12-31T00:00:00Z
2026-07-11 06:00:08+00:00,0.037,616904,Will 2 Fed rate cuts happen in 2026?,2212896.079637959,77255.18808,2026-12-31T00:00:00Z
2026-07-11 07:00:05+00:00,0.037,616904,Will 2 Fed rate cuts happen in 2026?,2212896.079637959,77255.18808,2026-12-31T00:00:00Z
2026-07-11 08:00:05+00:00,0.037,616904,Will 2 Fed rate cuts happen in 2026?,2212896.079637959,77255.18808,2026-12-31T00:00:00Z
2026-07-11 09:00:05+00:00,0.0365,616904,Will 2 Fed rate cuts happen in 2026?,2212896.079637959,77255.18808,2026-12-31T00:00:00Z
2026-07-11 10:00:05+00:00,0.0355,616904,Will 2 Fed rate cuts happen in 2026?,2212896.079637959,77255.18808,2026-12-31T00:00:00Z
2026-07-11 11:00:05+00:00,0.04,616904,Will 2 Fed rate cuts happen in 2026?,2212896.079637959,77255.18808,2026-12-31T00:00:00Z
2026-07-11 12:00:07+00:00,0.04,616904,Will 2 Fed rate cuts happen in 2026?,2212896.079637959,77255.18808,2026-12-31T00:00:00Z
2026-07-11 13:00:05+00:00,0.0395,616904,Will 2 Fed rate cuts happen in 2026?,2212896.079637959,77255.18808,2026-12-31T00:00:00Z
2026-07-11 14:00:05+00:00,0.039,616904,Will 2 Fed rate cuts happen in 2026?,2212896.079637959,77255.18808,2026-12-31T00:00:00Z
2026-07-11 15:00:06+00:00,0.042,616904,Will 2 Fed rate cuts happen in 2026?,2212896.079637959,77255.18808,2026-12-31T00:00:00Z
2026-07-11 16:00:04+00:00,0.0445,616904,Will 2 Fed rate cuts happen in 2026?,2212896.079637959,77255.18808,2026-12-31T00:00:00Z
2026-07-11 17:00:06+00:00,0.041,616904,Will 2 Fed rate cuts happen in 2026?,2212896.079637959,77255.18808,2026-12-31T00:00:00Z
2026-07-11 18:00:07+00:00,0.041,616904,Will 2 Fed rate cuts happen in 2026?,2212896.079637959,77255.18808,2026-12-31T00:00:00Z
2026-07-11 19:00:05+00:00,0.0425,616904,Will 2 Fed rate cuts happen in 2026?,2212896.079637959,77255.18808,2026-12-31T00:00:00Z
2026-07-11 20:00:06+00:00,0.042,616904,Will 2 Fed rate cuts happen in 2026?,2212896.079637959,77255.18808,2026-12-31T00:00:00Z
2026-07-11 21:00:06+00:00,0.039,616904,Will 2 Fed rate cuts happen in 2026?,2212896.079637959,77255.18808,2026-12-31T00:00:00Z
2026-07-11 22:00:04+00:00,0.04,616904,Will 2 Fed rate cuts happen in 2026?,2212896.079637959,77255.18808,2026-12-31T00:00:00Z
2026-07-11 23:00:04+00:00,0.0405,616904,Will 2 Fed rate cuts happen in 2026?,2212896.079637959,77255.18808,2026-12-31T00:00:00Z
2026-07-12 00:00:20+00:00,0.0405,616904,Will 2 Fed rate cuts happen in 2026?,2212896.079637959,77255.18808,2026-12-31T00:00:00Z
2026-07-12 01:00:05+00:00,0.04,616904,Will 2 Fed rate cuts happen in 2026?,2212896.079637959,77255.18808,2026-12-31T00:00:00Z
2026-07-12 02:00:06+00:00,0.039,616904,Will 2 Fed rate cuts happen in 2026?,2212896.079637959,77255.18808,2026-12-31T00:00:00Z
2026-07-12 03:00:06+00:00,0.039,616904,Will 2 Fed rate cuts happen in 2026?,2212896.079637959,77255.18808,2026-12-31T00:00:00Z
2026-07-12 04:00:05+00:00,0.039,616904,Will 2 Fed rate cuts happen in 2026?,2212896.079637959,77255.18808,2026-12-31T00:00:00Z
2026-07-12 05:00:04+00:00,0.0415,616904,Will 2 Fed rate cuts happen in 2026?,2212896.079637959,77255.18808,2026-12-31T00:00:00Z
2026-07-12 06:00:05+00:00,0.0435,616904,Will 2 Fed rate cuts happen in 2026?,2212896.079637959,77255.18808,2026-12-31T00:00:00Z
2026-07-12 07:00:09+00:00,0.0465,616904,Will 2 Fed rate cuts happen in 2026?,2212896.079637959,77255.18808,2026-12-31T00:00:00Z
2026-07-12 08:00:04+00:00,0.045,616904,Will 2 Fed rate cuts happen in 2026?,2212896.079637959,77255.18808,2026-12-31T00:00:00Z
2026-07-12 09:00:05+00:00,0.0435,616904,Will 2 Fed rate cuts happen in 2026?,2212896.079637959,77255.18808,2026-12-31T00:00:00Z
2026-07-12 10:00:05+00:00,0.0435,616904,Will 2 Fed rate cuts happen in 2026?,2212896.079637959,77255.18808,2026-12-31T00:00:00Z
2026-07-12 11:00:19+00:00,0.0435,616904,Will 2 Fed rate cuts happen in 2026?,2212896.079637959,77255.18808,2026-12-31T00:00:00Z
2026-07-12 12:00:09+00:00,0.043,616904,Will 2 Fed rate cuts happen in 2026?,2212896.079637959,77255.18808,2026-12-31T00:00:00Z
2026-07-12 13:00:05+00:00,0.0425,616904,Will 2 Fed rate cuts happen in 2026?,2212896.079637959,77255.18808,2026-12-31T00:00:00Z
2026-07-12 14:00:05+00:00,0.0425,616904,Will 2 Fed rate cuts happen in 2026?,2212896.079637959,77255.18808,2026-12-31T00:00:00Z
2026-07-12 15:00:05+00:00,0.042,616904,Will 2 Fed rate cuts happen in 2026?,2212896.079637959,77255.18808,2026-12-31T00:00:00Z
2026-07-12 16:00:04+00:00,0.042,616904,Will 2 Fed rate cuts happen in 2026?,2212896.079637959,77255.18808,2026-12-31T00:00:00Z
2026-07-12 17:00:05+00:00,0.04,616904,Will 2 Fed rate cuts happen in 2026?,2212896.079637959,77255.18808,2026-12-31T00:00:00Z
2026-07-12 18:00:07+00:00,0.0425,616904,Will 2 Fed rate cuts happen in 2026?,2212896.079637959,77255.18808,2026-12-31T00:00:00Z
2026-07-12 19:00:05+00:00,0.0425,616904,Will 2 Fed rate cuts happen in 2026?,2212896.079637959,77255.18808,2026-12-31T00:00:00Z
2026-07-12 20:00:06+00:00,0.0435,616904,Will 2 Fed rate cuts happen in 2026?,2212896.079637959,77255.18808,2026-12-31T00:00:00Z
2026-07-12 21:00:06+00:00,0.0455,616904,Will 2 Fed rate cuts happen in 2026?,2212896.079637959,77255.18808,2026-12-31T00:00:00Z
2026-07-12 22:00:09+00:00,0.0385,616904,Will 2 Fed rate cuts happen in 2026?,2212896.079637959,77255.18808,2026-12-31T00:00:00Z
2026-07-12 23:00:04+00:00,0.0385,616904,Will 2 Fed rate cuts happen in 2026?,2212896.079637959,77255.18808,2026-12-31T00:00:00Z
2026-07-13 00:00:08+00:00,0.0385,616904,Will 2 Fed rate cuts happen in 2026?,2212896.079637959,77255.18808,2026-12-31T00:00:00Z
2026-07-13 01:00:05+00:00,0.0435,616904,Will 2 Fed rate cuts happen in 2026?,2212896.079637959,77255.18808,2026-12-31T00:00:00Z
2026-07-13 02:00:04+00:00,0.044,616904,Will 2 Fed rate cuts happen in 2026?,2212896.079637959,77255.18808,2026-12-31T00:00:00Z
2026-07-13 03:00:05+00:00,0.0415,616904,Will 2 Fed rate cuts happen in 2026?,2212896.079637959,77255.18808,2026-12-31T00:00:00Z
2026-07-13 04:00:05+00:00,0.0405,616904,Will 2 Fed rate cuts happen in 2026?,2212896.079637959,77255.18808,2026-12-31T00:00:00Z
2026-07-13 05:00:07+00:00,0.041,616904,Will 2 Fed rate cuts happen in 2026?,2212896.079637959,77255.18808,2026-12-31T00:00:00Z
2026-07-13 06:00:07+00:00,0.041,616904,Will 2 Fed rate cuts happen in 2026?,2212896.079637959,77255.18808,2026-12-31T00:00:00Z
2026-07-13 07:00:06+00:00,0.041,616904,Will 2 Fed rate cuts happen in 2026?,2212896.079637959,77255.18808,2026-12-31T00:00:00Z
2026-07-13 08:00:07+00:00,0.0385,616904,Will 2 Fed rate cuts happen in 2026?,2212896.079637959,77255.18808,2026-12-31T00:00:00Z
2026-07-13 09:00:06+00:00,0.0395,616904,Will 2 Fed rate cuts happen in 2026?,2212896.079637959,77255.18808,2026-12-31T00:00:00Z
2026-07-13 10:00:05+00:00,0.0395,616904,Will 2 Fed rate cuts happen in 2026?,2212896.079637959,77255.18808,2026-12-31T00:00:00Z
2026-07-13 11:00:04+00:00,0.0395,616904,Will 2 Fed rate cuts happen in 2026?,2212896.079637959,77255.18808,2026-12-31T00:00:00Z
2026-07-13 12:00:08+00:00,0.0435,616904,Will 2 Fed rate cuts happen in 2026?,2212896.079637959,77255.18808,2026-12-31T00:00:00Z
2026-07-13 13:00:04+00:00,0.043,616904,Will 2 Fed rate cuts happen in 2026?,2212896.079637959,77255.18808,2026-12-31T00:00:00Z
2026-07-13 14:00:19+00:00,0.0445,616904,Will 2 Fed rate cuts happen in 2026?,2212896.079637959,77255.18808,2026-12-31T00:00:00Z
2026-07-13 15:00:23+00:00,0.035,616904,Will 2 Fed rate cuts happen in 2026?,2212896.079637959,77255.18808,2026-12-31T00:00:00Z
2026-07-13 16:00:04+00:00,0.0345,616904,Will 2 Fed rate cuts happen in 2026?,2212896.079637959,77255.18808,2026-12-31T00:00:00Z
2026-07-13 17:00:06+00:00,0.0335,616904,Will 2 Fed rate cuts happen in 2026?,2212896.079637959,77255.18808,2026-12-31T00:00:00Z
2026-07-13 18:00:05+00:00,0.0335,616904,Will 2 Fed rate cuts happen in 2026?,2212896.079637959,77255.18808,2026-12-31T00:00:00Z
2026-07-13 19:00:06+00:00,0.0335,616904,Will 2 Fed rate cuts happen in 2026?,2212896.079637959,77255.18808,2026-12-31T00:00:00Z
2026-07-13 20:00:06+00:00,0.037,616904,Will 2 Fed rate cuts happen in 2026?,2212896.079637959,77255.18808,2026-12-31T00:00:00Z
2026-07-13 21:00:06+00:00,0.036,616904,Will 2 Fed rate cuts happen in 2026?,2212896.079637959,77255.18808,2026-12-31T00:00:00Z
2026-07-13 22:00:05+00:00,0.0355,616904,Will 2 Fed rate cuts happen in 2026?,2212896.079637959,77255.18808,2026-12-31T00:00:00Z
2026-07-13 23:00:05+00:00,0.0365,616904,Will 2 Fed rate cuts happen in 2026?,2212896.079637959,77255.18808,2026-12-31T00:00:00Z
2026-07-14 00:00:08+00:00,0.036,616904,Will 2 Fed rate cuts happen in 2026?,2212896.079637959,77255.18808,2026-12-31T00:00:00Z
2026-07-14 01:00:04+00:00,0.0365,616904,Will 2 Fed rate cuts happen in 2026?,2212896.079637959,77255.18808,2026-12-31T00:00:00Z
2026-07-14 02:00:04+00:00,0.037,616904,Will 2 Fed rate cuts happen in 2026?,2212896.079637959,77255.18808,2026-12-31T00:00:00Z
2026-07-14 03:00:07+00:00,0.044,616904,Will 2 Fed rate cuts happen in 2026?,2212896.079637959,77255.18808,2026-12-31T00:00:00Z
2026-07-14 04:00:05+00:00,0.0415,616904,Will 2 Fed rate cuts happen in 2026?,2212896.079637959,77255.18808,2026-12-31T00:00:00Z
2026-07-14 05:00:05+00:00,0.0435,616904,Will 2 Fed rate cuts happen in 2026?,2212896.079637959,77255.18808,2026-12-31T00:00:00Z
2026-07-14 06:00:06+00:00,0.0455,616904,Will 2 Fed rate cuts happen in 2026?,2212896.079637959,77255.18808,2026-12-31T00:00:00Z
2026-07-14 07:00:08+00:00,0.0405,616904,Will 2 Fed rate cuts happen in 2026?,2212896.079637959,77255.18808,2026-12-31T00:00:00Z
2026-07-14 08:00:05+00:00,0.0395,616904,Will 2 Fed rate cuts happen in 2026?,2212896.079637959,77255.18808,2026-12-31T00:00:00Z
2026-07-14 09:00:05+00:00,0.0385,616904,Will 2 Fed rate cuts happen in 2026?,2212896.079637959,77255.18808,2026-12-31T00:00:00Z
2026-07-14 10:00:06+00:00,0.037,616904,Will 2 Fed rate cuts happen in 2026?,2212896.079637959,77255.18808,2026-12-31T00:00:00Z
2026-07-14 11:00:05+00:00,0.0365,616904,Will 2 Fed rate cuts happen in 2026?,2212896.079637959,77255.18808,2026-12-31T00:00:00Z
2026-07-14 12:00:11+00:00,0.0365,616904,Will 2 Fed rate cuts happen in 2026?,2212896.079637959,77255.18808,2026-12-31T00:00:00Z
2026-07-14 13:00:08+00:00,0.043,616904,Will 2 Fed rate cuts happen in 2026?,2212896.079637959,77255.18808,2026-12-31T00:00:00Z
2026-07-14 14:00:12+00:00,0.039,616904,Will 2 Fed rate cuts happen in 2026?,2212896.079637959,77255.18808,2026-12-31T00:00:00Z
2026-07-14 15:00:08+00:00,0.026,616904,Will 2 Fed rate cuts happen in 2026?,2212896.079637959,77255.18808,2026-12-31T00:00:00Z
2026-07-14 16:00:12+00:00,0.029,616904,Will 2 Fed rate cuts happen in 2026?,2212896.079637959,77255.18808,2026-12-31T00:00:00Z
2026-07-14 17:00:14+00:00,0.0325,616904,Will 2 Fed rate cuts happen in 2026?,2212896.079637959,77255.18808,2026-12-31T00:00:00Z
2026-07-14 18:00:15+00:00,0.0325,616904,Will 2 Fed rate cuts happen in 2026?,2212896.079637959,77255.18808,2026-12-31T00:00:00Z
2026-07-14 19:00:07+00:00,0.0325,616904,Will 2 Fed rate cuts happen in 2026?,2212896.079637959,77255.18808,2026-12-31T00:00:00Z
2026-07-14 20:00:06+00:00,0.032,616904,Will 2 Fed rate cuts happen in 2026?,2212896.079637959,77255.18808,2026-12-31T00:00:00Z
2026-07-14 21:00:06+00:00,0.028,616904,Will 2 Fed rate cuts happen in 2026?,2212896.079637959,77255.18808,2026-12-31T00:00:00Z
2026-07-14 22:00:05+00:00,0.025,616904,Will 2 Fed rate cuts happen in 2026?,2212896.079637959,77255.18808,2026-12-31T00:00:00Z
2026-07-14 23:00:06+00:00,0.031,616904,Will 2 Fed rate cuts happen in 2026?,2212896.079637959,77255.18808,2026-12-31T00:00:00Z
2026-07-15 00:00:09+00:00,0.031,616904,Will 2 Fed rate cuts happen in 2026?,2212896.079637959,77255.18808,2026-12-31T00:00:00Z
2026-07-15 01:00:07+00:00,0.0335,616904,Will 2 Fed rate cuts happen in 2026?,2212896.079637959,77255.18808,2026-12-31T00:00:00Z
2026-07-15 02:00:09+00:00,0.0315,616904,Will 2 Fed rate cuts happen in 2026?,2212896.079637959,77255.18808,2026-12-31T00:00:00Z
2026-07-15 03:00:07+00:00,0.031,616904,Will 2 Fed rate cuts happen in 2026?,2212896.079637959,77255.18808,2026-12-31T00:00:00Z
2026-07-15 04:00:05+00:00,0.0265,616904,Will 2 Fed rate cuts happen in 2026?,2212896.079637959,77255.18808,2026-12-31T00:00:00Z
2026-07-15 05:00:20+00:00,0.0265,616904,Will 2 Fed rate cuts happen in 2026?,2212896.079637959,77255.18808,2026-12-31T00:00:00Z
2026-07-15 06:00:08+00:00,0.0325,616904,Will 2 Fed rate cuts happen in 2026?,2212896.079637959,77255.18808,2026-12-31T00:00:00Z
2026-07-15 07:00:19+00:00,0.0305,616904,Will 2 Fed rate cuts happen in 2026?,2212896.079637959,77255.18808,2026-12-31T00:00:00Z
2026-07-15 08:00:21+00:00,0.0305,616904,Will 2 Fed rate cuts happen in 2026?,2212896.079637959,77255.18808,2026-12-31T00:00:00Z
2026-07-15 09:00:07+00:00,0.0335,616904,Will 2 Fed rate cuts happen in 2026?,2212896.079637959,77255.18808,2026-12-31T00:00:00Z
2026-07-15 10:00:05+00:00,0.033,616904,Will 2 Fed rate cuts happen in 2026?,2212896.079637959,77255.18808,2026-12-31T00:00:00Z
2026-07-15 11:00:08+00:00,0.0315,616904,Will 2 Fed rate cuts happen in 2026?,2212896.079637959,77255.18808,2026-12-31T00:00:00Z
2026-07-15 12:00:21+00:00,0.0315,616904,Will 2 Fed rate cuts happen in 2026?,2212896.079637959,77255.18808,2026-12-31T00:00:00Z
2026-07-15 13:00:06+00:00,0.0285,616904,Will 2 Fed rate cuts happen in 2026?,2212896.079637959,77255.18808,2026-12-31T00:00:00Z
2026-07-15 14:00:06+00:00,0.0315,616904,Will 2 Fed rate cuts happen in 2026?,2212896.079637959,77255.18808,2026-12-31T00:00:00Z
2026-07-15 15:00:10+00:00,0.03,616904,Will 2 Fed rate cuts happen in 2026?,2212896.079637959,77255.18808,2026-12-31T00:00:00Z
2026-07-15 16:00:06+00:00,0.0315,616904,Will 2 Fed rate cuts happen in 2026?,2212896.079637959,77255.18808,2026-12-31T00:00:00Z
2026-07-15 17:00:06+00:00,0.029,616904,Will 2 Fed rate cuts happen in 2026?,2212896.079637959,77255.18808,2026-12-31T00:00:00Z
2026-07-15 18:00:10+00:00,0.0265,616904,Will 2 Fed rate cuts happen in 2026?,2212896.079637959,77255.18808,2026-12-31T00:00:00Z
2026-07-15 19:00:09+00:00,0.0265,616904,Will 2 Fed rate cuts happen in 2026?,2212896.079637959,77255.18808,2026-12-31T00:00:00Z
2026-07-15 20:00:06+00:00,0.0265,616904,Will 2 Fed rate cuts happen in 2026?,2212896.079637959,77255.18808,2026-12-31T00:00:00Z
2026-07-15 21:00:07+00:00,0.0285,616904,Will 2 Fed rate cuts happen in 2026?,2212896.079637959,77255.18808,2026-12-31T00:00:00Z
2026-07-15 22:00:05+00:00,0.0295,616904,Will 2 Fed rate cuts happen in 2026?,2212896.079637959,77255.18808,2026-12-31T00:00:00Z
2026-07-15 23:00:06+00:00,0.0275,616904,Will 2 Fed rate cuts happen in 2026?,2212896.079637959,77255.18808,2026-12-31T00:00:00Z
2026-07-16 00:00:11+00:00,0.027,616904,Will 2 Fed rate cuts happen in 2026?,2212896.079637959,77255.18808,2026-12-31T00:00:00Z
2026-07-16 01:00:05+00:00,0.0265,616904,Will 2 Fed rate cuts happen in 2026?,2212896.079637959,77255.18808,2026-12-31T00:00:00Z
2026-07-16 02:00:05+00:00,0.0265,616904,Will 2 Fed rate cuts happen in 2026?,2212896.079637959,77255.18808,2026-12-31T00:00:00Z
2026-07-16 03:00:09+00:00,0.0265,616904,Will 2 Fed rate cuts happen in 2026?,2212896.079637959,77255.18808,2026-12-31T00:00:00Z
2026-07-16 04:00:06+00:00,0.0255,616904,Will 2 Fed rate cuts happen in 2026?,2212896.079637959,77255.18808,2026-12-31T00:00:00Z
2026-07-16 05:00:05+00:00,0.0255,616904,Will 2 Fed rate cuts happen in 2026?,2212896.079637959,77255.18808,2026-12-31T00:00:00Z
2026-07-16 06:00:08+00:00,0.0255,616904,Will 2 Fed rate cuts happen in 2026?,2212896.079637959,77255.18808,2026-12-31T00:00:00Z
2026-07-16 07:00:07+00:00,0.026,616904,Will 2 Fed rate cuts happen in 2026?,2212896.079637959,77255.18808,2026-12-31T00:00:00Z
2026-07-16 08:00:04+00:00,0.0265,616904,Will 2 Fed rate cuts happen in 2026?,2212896.079637959,77255.18808,2026-12-31T00:00:00Z
2026-07-16 09:00:10+00:00,0.0265,616904,Will 2 Fed rate cuts happen in 2026?,2212896.079637959,77255.18808,2026-12-31T00:00:00Z
2026-07-16 10:00:07+00:00,0.0265,616904,Will 2 Fed rate cuts happen in 2026?,2212896.079637959,77255.18808,2026-12-31T00:00:00Z
2026-07-16 11:00:06+00:00,0.0265,616904,Will 2 Fed rate cuts happen in 2026?,2212896.079637959,77255.18808,2026-12-31T00:00:00Z
2026-07-16 12:00:07+00:00,0.0205,616904,Will 2 Fed rate cuts happen in 2026?,2212896.079637959,77255.18808,2026-12-31T00:00:00Z
2026-07-16 13:00:07+00:00,0.0205,616904,Will 2 Fed rate cuts happen in 2026?,2212896.079637959,77255.18808,2026-12-31T00:00:00Z
2026-07-16 14:00:05+00:00,0.0205,616904,Will 2 Fed rate cuts happen in 2026?,2212896.079637959,77255.18808,2026-12-31T00:00:00Z
2026-07-16 15:00:08+00:00,0.0205,616904,Will 2 Fed rate cuts happen in 2026?,2212896.079637959,77255.18808,2026-12-31T00:00:00Z
2026-07-16 16:00:05+00:00,0.021,616904,Will 2 Fed rate cuts happen in 2026?,2212896.079637959,77255.18808,2026-12-31T00:00:00Z
2026-07-16 17:00:06+00:00,0.021,616904,Will 2 Fed rate cuts happen in 2026?,2212896.079637959,77255.18808,2026-12-31T00:00:00Z
2026-07-16 18:00:21+00:00,0.0215,616904,Will 2 Fed rate cuts happen in 2026?,2212896.079637959,77255.18808,2026-12-31T00:00:00Z
2026-07-16 19:00:06+00:00,0.021,616904,Will 2 Fed rate cuts happen in 2026?,2212896.079637959,77255.18808,2026-12-31T00:00:00Z
2026-07-16 20:00:07+00:00,0.0245,616904,Will 2 Fed rate cuts happen in 2026?,2212896.079637959,77255.18808,2026-12-31T00:00:00Z
2026-07-16 21:00:07+00:00,0.024,616904,Will 2 Fed rate cuts happen in 2026?,2212896.079637959,77255.18808,2026-12-31T00:00:00Z
2026-07-16 22:00:06+00:00,0.0225,616904,Will 2 Fed rate cuts happen in 2026?,2212896.079637959,77255.18808,2026-12-31T00:00:00Z
2026-07-16 23:00:08+00:00,0.0225,616904,Will 2 Fed rate cuts happen in 2026?,2212896.079637959,77255.18808,2026-12-31T00:00:00Z
2026-07-17 00:00:10+00:00,0.0225,616904,Will 2 Fed rate cuts happen in 2026?,2212896.079637959,77255.18808,2026-12-31T00:00:00Z
2026-07-17 01:00:05+00:00,0.0225,616904,Will 2 Fed rate cuts happen in 2026?,2212896.079637959,77255.18808,2026-12-31T00:00:00Z
2026-07-17 02:00:06+00:00,0.02,616904,Will 2 Fed rate cuts happen in 2026?,2212896.079637959,77255.18808,2026-12-31T00:00:00Z
2026-07-17 03:00:07+00:00,0.021,616904,Will 2 Fed rate cuts happen in 2026?,2212896.079637959,77255.18808,2026-12-31T00:00:00Z
2026-07-17 04:00:06+00:00,0.0205,616904,Will 2 Fed rate cuts happen in 2026?,2212896.079637959,77255.18808,2026-12-31T00:00:00Z
2026-07-17 05:00:07+00:00,0.019,616904,Will 2 Fed rate cuts happen in 2026?,2212896.079637959,77255.18808,2026-12-31T00:00:00Z
2026-07-17 06:00:08+00:00,0.0185,616904,Will 2 Fed rate cuts happen in 2026?,2212896.079637959,77255.18808,2026-12-31T00:00:00Z
2026-07-17 07:00:04+00:00,0.0185,616904,Will 2 Fed rate cuts happen in 2026?,2212896.079637959,77255.18808,2026-12-31T00:00:00Z
2026-07-17 08:00:05+00:00,0.0185,616904,Will 2 Fed rate cuts happen in 2026?,2212896.079637959,77255.18808,2026-12-31T00:00:00Z
2026-07-17 09:00:06+00:00,0.0185,616904,Will 2 Fed rate cuts happen in 2026?,2212896.079637959,77255.18808,2026-12-31T00:00:00Z
2026-07-17 10:00:08+00:00,0.0185,616904,Will 2 Fed rate cuts happen in 2026?,2212896.079637959,77255.18808,2026-12-31T00:00:00Z
2026-07-17 11:00:05+00:00,0.0185,616904,Will 2 Fed rate cuts happen in 2026?,2212896.079637959,77255.18808,2026-12-31T00:00:00Z
2026-07-17 12:00:09+00:00,0.0185,616904,Will 2 Fed rate cuts happen in 2026?,2212896.079637959,77255.18808,2026-12-31T00:00:00Z
2026-07-17 13:00:05+00:00,0.0185,616904,Will 2 Fed rate cuts happen in 2026?,2212896.079637959,77255.18808,2026-12-31T00:00:00Z
2026-07-17 14:00:06+00:00,0.0185,616904,Will 2 Fed rate cuts happen in 2026?,2212896.079637959,77255.18808,2026-12-31T00:00:00Z
2026-07-17 15:00:07+00:00,0.0185,616904,Will 2 Fed rate cuts happen in 2026?,2212896.079637959,77255.18808,2026-12-31T00:00:00Z
2026-07-17 16:00:22+00:00,0.0185,616904,Will 2 Fed rate cuts happen in 2026?,2212896.079637959,77255.18808,2026-12-31T00:00:00Z
2026-07-17 17:00:08+00:00,0.0185,616904,Will 2 Fed rate cuts happen in 2026?,2212896.079637959,77255.18808,2026-12-31T00:00:00Z
2026-07-17 18:00:24+00:00,0.0205,616904,Will 2 Fed rate cuts happen in 2026?,2212896.079637959,77255.18808,2026-12-31T00:00:00Z
2026-07-17 19:00:06+00:00,0.0205,616904,Will 2 Fed rate cuts happen in 2026?,2212896.079637959,77255.18808,2026-12-31T00:00:00Z
2026-07-17 20:00:05+00:00,0.0205,616904,Will 2 Fed rate cuts happen in 2026?,2212896.079637959,77255.18808,2026-12-31T00:00:00Z
2026-07-17 21:00:06+00:00,0.0205,616904,Will 2 Fed rate cuts happen in 2026?,2212896.079637959,77255.18808,2026-12-31T00:00:00Z
2026-07-17 22:00:06+00:00,0.0205,616904,Will 2 Fed rate cuts happen in 2026?,2212896.079637959,77255.18808,2026-12-31T00:00:00Z
2026-07-17 23:00:08+00:00,0.022,616904,Will 2 Fed rate cuts happen in 2026?,2212896.079637959,77255.18808,2026-12-31T00:00:00Z
2026-07-18 00:00:07+00:00,0.022,616904,Will 2 Fed rate cuts happen in 2026?,2212896.079637959,77255.18808,2026-12-31T00:00:00Z
2026-07-18 01:00:06+00:00,0.022,616904,Will 2 Fed rate cuts happen in 2026?,2212896.079637959,77255.18808,2026-12-31T00:00:00Z
2026-07-18 02:00:06+00:00,0.022,616904,Will 2 Fed rate cuts happen in 2026?,2212896.079637959,77255.18808,2026-12-31T00:00:00Z
2026-07-18 03:00:07+00:00,0.022,616904,Will 2 Fed rate cuts happen in 2026?,2212896.079637959,77255.18808,2026-12-31T00:00:00Z
2026-07-18 04:00:05+00:00,0.022,616904,Will 2 Fed rate cuts happen in 2026?,2212896.079637959,77255.18808,2026-12-31T00:00:00Z
2026-07-18 05:00:06+00:00,0.022,616904,Will 2 Fed rate cuts happen in 2026?,2212896.079637959,77255.18808,2026-12-31T00:00:00Z
2026-07-18 06:00:06+00:00,0.022,616904,Will 2 Fed rate cuts happen in 2026?,2212896.079637959,77255.18808,2026-12-31T00:00:00Z
2026-07-18 07:00:06+00:00,0.022,616904,Will 2 Fed rate cuts happen in 2026?,2212896.079637959,77255.18808,2026-12-31T00:00:00Z
2026-07-18 08:00:05+00:00,0.022,616904,Will 2 Fed rate cuts happen in 2026?,2212896.079637959,77255.18808,2026-12-31T00:00:00Z
2026-07-18 09:00:09+00:00,0.022,616904,Will 2 Fed rate cuts happen in 2026?,2212896.079637959,77255.18808,2026-12-31T00:00:00Z
2026-07-18 10:00:05+00:00,0.022,616904,Will 2 Fed rate cuts happen in 2026?,2212896.079637959,77255.18808,2026-12-31T00:00:00Z
2026-07-18 11:00:06+00:00,0.022,616904,Will 2 Fed rate cuts happen in 2026?,2212896.079637959,77255.18808,2026-12-31T00:00:00Z
2026-07-18 12:00:19+00:00,0.0215,616904,Will 2 Fed rate cuts happen in 2026?,2212896.079637959,77255.18808,2026-12-31T00:00:00Z
2026-07-18 13:00:06+00:00,0.0215,616904,Will 2 Fed rate cuts happen in 2026?,2212896.079637959,77255.18808,2026-12-31T00:00:00Z
2026-07-18 14:00:07+00:00,0.0215,616904,Will 2 Fed rate cuts happen in 2026?,2212896.079637959,77255.18808,2026-12-31T00:00:00Z
2026-07-18 15:00:07+00:00,0.0215,616904,Will 2 Fed rate cuts happen in 2026?,2212896.079637959,77255.18808,2026-12-31T00:00:00Z
2026-07-18 16:00:06+00:00,0.0215,616904,Will 2 Fed rate cuts happen in 2026?,2212896.079637959,77255.18808,2026-12-31T00:00:00Z
2026-07-18 17:00:07+00:00,0.0215,616904,Will 2 Fed rate cuts happen in 2026?,2212896.079637959,77255.18808,2026-12-31T00:00:00Z
2026-07-18 18:00:08+00:00,0.0215,616904,Will 2 Fed rate cuts happen in 2026?,2212896.079637959,77255.18808,2026-12-31T00:00:00Z
2026-07-18 19:00:05+00:00,0.0215,616904,Will 2 Fed rate cuts happen in 2026?,2212896.079637959,77255.18808,2026-12-31T00:00:00Z
2026-07-18 20:00:07+00:00,0.0215,616904,Will 2 Fed rate cuts happen in 2026?,2212896.079637959,77255.18808,2026-12-31T00:00:00Z
2026-07-18 21:00:08+00:00,0.0215,616904,Will 2 Fed rate cuts happen in 2026?,2212896.079637959,77255.18808,2026-12-31T00:00:00Z
2026-07-18 22:00:05+00:00,0.0215,616904,Will 2 Fed rate cuts happen in 2026?,2212896.079637959,77255.18808,2026-12-31T00:00:00Z
2026-07-18 23:00:07+00:00,0.0215,616904,Will 2 Fed rate cuts happen in 2026?,2212896.079637959,77255.18808,2026-12-31T00:00:00Z
2026-07-19 00:00:08+00:00,0.0215,616904,Will 2 Fed rate cuts happen in 2026?,2212896.079637959,77255.18808,2026-12-31T00:00:00Z
2026-07-19 01:00:05+00:00,0.0215,616904,Will 2 Fed rate cuts happen in 2026?,2212896.079637959,77255.18808,2026-12-31T00:00:00Z
2026-07-19 02:00:06+00:00,0.0215,616904,Will 2 Fed rate cuts happen in 2026?,2212896.079637959,77255.18808,2026-12-31T00:00:00Z
2026-07-19 03:00:06+00:00,0.0215,616904,Will 2 Fed rate cuts happen in 2026?,2212896.079637959,77255.18808,2026-12-31T00:00:00Z
2026-07-19 04:00:05+00:00,0.0215,616904,Will 2 Fed rate cuts happen in 2026?,2212896.079637959,77255.18808,2026-12-31T00:00:00Z
2026-07-19 05:00:06+00:00,0.0215,616904,Will 2 Fed rate cuts happen in 2026?,2212896.079637959,77255.18808,2026-12-31T00:00:00Z
2026-07-19 06:00:09+00:00,0.0215,616904,Will 2 Fed rate cuts happen in 2026?,2212896.079637959,77255.18808,2026-12-31T00:00:00Z
2026-07-19 07:00:05+00:00,0.0215,616904,Will 2 Fed rate cuts happen in 2026?,2212896.079637959,77255.18808,2026-12-31T00:00:00Z
2026-07-19 08:00:06+00:00,0.0215,616904,Will 2 Fed rate cuts happen in 2026?,2212896.079637959,77255.18808,2026-12-31T00:00:00Z
2026-07-19 09:00:07+00:00,0.0215,616904,Will 2 Fed rate cuts happen in 2026?,2212896.079637959,77255.18808,2026-12-31T00:00:00Z
2026-07-19 10:00:05+00:00,0.0215,616904,Will 2 Fed rate cuts happen in 2026?,2212896.079637959,77255.18808,2026-12-31T00:00:00Z
2026-07-19 11:00:06+00:00,0.0215,616904,Will 2 Fed rate cuts happen in 2026?,2212896.079637959,77255.18808,2026-12-31T00:00:00Z
2026-07-19 12:00:07+00:00,0.0215,616904,Will 2 Fed rate cuts happen in 2026?,2212896.079637959,77255.18808,2026-12-31T00:00:00Z
2026-07-19 13:00:07+00:00,0.0215,616904,Will 2 Fed rate cuts happen in 2026?,2212896.079637959,77255.18808,2026-12-31T00:00:00Z
2026-07-19 14:00:07+00:00,0.0215,616904,Will 2 Fed rate cuts happen in 2026?,2212896.079637959,77255.18808,2026-12-31T00:00:00Z
2026-07-19 15:00:07+00:00,0.0215,616904,Will 2 Fed rate cuts happen in 2026?,2212896.079637959,77255.18808,2026-12-31T00:00:00Z
2026-07-19 16:00:21+00:00,0.0215,616904,Will 2 Fed rate cuts happen in 2026?,2212896.079637959,77255.18808,2026-12-31T00:00:00Z
2026-07-19 17:00:10+00:00,0.0215,616904,Will 2 Fed rate cuts happen in 2026?,2212896.079637959,77255.18808,2026-12-31T00:00:00Z
2026-07-19 18:00:07+00:00,0.0215,616904,Will 2 Fed rate cuts happen in 2026?,2212896.079637959,77255.18808,2026-12-31T00:00:00Z
2026-07-19 19:00:07+00:00,0.0215,616904,Will 2 Fed rate cuts happen in 2026?,2212896.079637959,77255.18808,2026-12-31T00:00:00Z
2026-07-19 20:00:08+00:00,0.0215,616904,Will 2 Fed rate cuts happen in 2026?,2212896.079637959,77255.18808,2026-12-31T00:00:00Z
2026-07-19 21:00:21+00:00,0.0215,616904,Will 2 Fed rate cuts happen in 2026?,2212896.079637959,77255.18808,2026-12-31T00:00:00Z
2026-07-19 22:00:07+00:00,0.0215,616904,Will 2 Fed rate cuts happen in 2026?,2212896.079637959,77255.18808,2026-12-31T00:00:00Z
2026-07-19 23:00:06+00:00,0.0215,616904,Will 2 Fed rate cuts happen in 2026?,2212896.079637959,77255.18808,2026-12-31T00:00:00Z
2026-07-20 00:00:22+00:00,0.0215,616904,Will 2 Fed rate cuts happen in 2026?,2212896.079637959,77255.18808,2026-12-31T00:00:00Z
2026-07-20 01:00:07+00:00,0.0185,616904,Will 2 Fed rate cuts happen in 2026?,2212896.079637959,77255.18808,2026-12-31T00:00:00Z
2026-07-20 02:00:06+00:00,0.0215,616904,Will 2 Fed rate cuts happen in 2026?,2212896.079637959,77255.18808,2026-12-31T00:00:00Z
2026-07-20 03:00:07+00:00,0.0195,616904,Will 2 Fed rate cuts happen in 2026?,2212896.079637959,77255.18808,2026-12-31T00:00:00Z
2026-07-20 04:00:05+00:00,0.019,616904,Will 2 Fed rate cuts happen in 2026?,2212896.079637959,77255.18808,2026-12-31T00:00:00Z
2026-07-20 05:00:19+00:00,0.0225,616904,Will 2 Fed rate cuts happen in 2026?,2212896.079637959,77255.18808,2026-12-31T00:00:00Z
2026-07-20 06:00:09+00:00,0.0225,616904,Will 2 Fed rate cuts happen in 2026?,2212896.079637959,77255.18808,2026-12-31T00:00:00Z
2026-07-20 07:00:06+00:00,0.0235,616904,Will 2 Fed rate cuts happen in 2026?,2212896.079637959,77255.18808,2026-12-31T00:00:00Z
2026-07-20 08:00:05+00:00,0.0255,616904,Will 2 Fed rate cuts happen in 2026?,2212896.079637959,77255.18808,2026-12-31T00:00:00Z
2026-07-20 09:00:08+00:00,0.026,616904,Will 2 Fed rate cuts happen in 2026?,2212896.079637959,77255.18808,2026-12-31T00:00:00Z
2026-07-20 10:00:05+00:00,0.0285,616904,Will 2 Fed rate cuts happen in 2026?,2212896.079637959,77255.18808,2026-12-31T00:00:00Z
2026-07-20 11:00:07+00:00,0.0285,616904,Will 2 Fed rate cuts happen in 2026?,2212896.079637959,77255.18808,2026-12-31T00:00:00Z
2026-07-20 12:00:07+00:00,0.028,616904,Will 2 Fed rate cuts happen in 2026?,2212896.079637959,77255.18808,2026-12-31T00:00:00Z
2026-07-20 13:00:09+00:00,0.027,616904,Will 2 Fed rate cuts happen in 2026?,2212896.079637959,77255.18808,2026-12-31T00:00:00Z
2026-07-20 14:00:05+00:00,0.0285,616904,Will 2 Fed rate cuts happen in 2026?,2212896.079637959,77255.18808,2026-12-31T00:00:00Z
2026-07-20 15:00:11+00:00,0.0265,616904,Will 2 Fed rate cuts happen in 2026?,2212896.079637959,77255.18808,2026-12-31T00:00:00Z
2026-07-20 16:00:08+00:00,0.0265,616904,Will 2 Fed rate cuts happen in 2026?,2212896.079637959,77255.18808,2026-12-31T00:00:00Z
2026-07-20 17:00:15+00:00,0.025,616904,Will 2 Fed rate cuts happen in 2026?,2212896.079637959,77255.18808,2026-12-31T00:00:00Z
2026-07-20 18:00:07+00:00,0.024,616904,Will 2 Fed rate cuts happen in 2026?,2212896.079637959,77255.18808,2026-12-31T00:00:00Z
2026-07-20 19:00:06+00:00,0.024,616904,Will 2 Fed rate cuts happen in 2026?,2212896.079637959,77255.18808,2026-12-31T00:00:00Z
2026-07-20 20:00:21+00:00,0.0235,616904,Will 2 Fed rate cuts happen in 2026?,2212896.079637959,77255.18808,2026-12-31T00:00:00Z
2026-07-20 21:00:09+00:00,0.0235,616904,Will 2 Fed rate cuts happen in 2026?,2212896.079637959,77255.18808,2026-12-31T00:00:00Z
2026-07-20 22:00:05+00:00,0.024,616904,Will 2 Fed rate cuts happen in 2026?,2212896.079637959,77255.18808,2026-12-31T00:00:00Z
2026-07-20 23:00:05+00:00,0.0245,616904,Will 2 Fed rate cuts happen in 2026?,2212896.079637959,77255.18808,2026-12-31T00:00:00Z
2026-07-21 00:00:09+00:00,0.025,616904,Will 2 Fed rate cuts happen in 2026?,2212896.079637959,77255.18808,2026-12-31T00:00:00Z
2026-07-21 01:00:09+00:00,0.0255,616904,Will 2 Fed rate cuts happen in 2026?,2212896.079637959,77255.18808,2026-12-31T00:00:00Z
2026-07-21 02:00:08+00:00,0.0255,616904,Will 2 Fed rate cuts happen in 2026?,2212896.079637959,77255.18808,2026-12-31T00:00:00Z
2026-07-21 03:00:09+00:00,0.0255,616904,Will 2 Fed rate cuts happen in 2026?,2212896.079637959,77255.18808,2026-12-31T00:00:00Z
2026-07-21 04:00:21+00:00,0.028,616904,Will 2 Fed rate cuts happen in 2026?,2212896.079637959,77255.18808,2026-12-31T00:00:00Z
2026-07-21 05:00:06+00:00,0.028,616904,Will 2 Fed rate cuts happen in 2026?,2212896.079637959,77255.18808,2026-12-31T00:00:00Z
2026-07-21 06:00:09+00:00,0.028,616904,Will 2 Fed rate cuts happen in 2026?,2212896.079637959,77255.18808,2026-12-31T00:00:00Z
2026-07-21 07:00:08+00:00,0.036,616904,Will 2 Fed rate cuts happen in 2026?,2212896.079637959,77255.18808,2026-12-31T00:00:00Z
2026-07-21 08:00:06+00:00,0.0365,616904,Will 2 Fed rate cuts happen in 2026?,2212896.079637959,77255.18808,2026-12-31T00:00:00Z
2026-07-21 09:00:08+00:00,0.035,616904,Will 2 Fed rate cuts happen in 2026?,2212896.079637959,77255.18808,2026-12-31T00:00:00Z
2026-07-21 10:00:06+00:00,0.0345,616904,Will 2 Fed rate cuts happen in 2026?,2212896.079637959,77255.18808,2026-12-31T00:00:00Z
2026-07-21 11:00:06+00:00,0.0345,616904,Will 2 Fed rate cuts happen in 2026?,2212896.079637959,77255.18808,2026-12-31T00:00:00Z
2026-07-21 12:00:10+00:00,0.0345,616904,Will 2 Fed rate cuts happen in 2026?,2212896.079637959,77255.18808,2026-12-31T00:00:00Z
2026-07-21 13:00:07+00:00,0.0345,616904,Will 2 Fed rate cuts happen in 2026?,2212896.079637959,77255.18808,2026-12-31T00:00:00Z
2026-07-21 14:00:06+00:00,0.0345,616904,Will 2 Fed rate cuts happen in 2026?,2212896.079637959,77255.18808,2026-12-31T00:00:00Z
2026-07-21 15:00:21+00:00,0.0345,616904,Will 2 Fed rate cuts happen in 2026?,2212896.079637959,77255.18808,2026-12-31T00:00:00Z
2026-07-21 16:00:07+00:00,0.0345,616904,Will 2 Fed rate cuts happen in 2026?,2212896.079637959,77255.18808,2026-12-31T00:00:00Z
2026-07-21 17:00:06+00:00,0.0355,616904,Will 2 Fed rate cuts happen in 2026?,2212896.079637959,77255.18808,2026-12-31T00:00:00Z
2026-07-21 18:00:14+00:00,0.0355,616904,Will 2 Fed rate cuts happen in 2026?,2212896.079637959,77255.18808,2026-12-31T00:00:00Z
2026-07-21 19:00:05+00:00,0.0365,616904,Will 2 Fed rate cuts happen in 2026?,2212896.079637959,77255.18808,2026-12-31T00:00:00Z
2026-07-21 20:00:06+00:00,0.037,616904,Will 2 Fed rate cuts happen in 2026?,2212896.079637959,77255.18808,2026-12-31T00:00:00Z
2026-07-21 21:00:09+00:00,0.0365,616904,Will 2 Fed rate cuts happen in 2026?,2212896.079637959,77255.18808,2026-12-31T00:00:00Z
2026-07-21 22:00:06+00:00,0.0335,616904,Will 2 Fed rate cuts happen in 2026?,2212896.079637959,77255.18808,2026-12-31T00:00:00Z
2026-07-21 23:00:19+00:00,0.0315,616904,Will 2 Fed rate cuts happen in 2026?,2212896.079637959,77255.18808,2026-12-31T00:00:00Z
2026-07-22 00:00:08+00:00,0.0315,616904,Will 2 Fed rate cuts happen in 2026?,2212896.079637959,77255.18808,2026-12-31T00:00:00Z
2026-07-22 01:00:06+00:00,0.0315,616904,Will 2 Fed rate cuts happen in 2026?,2212896.079637959,77255.18808,2026-12-31T00:00:00Z
2026-07-22 02:00:06+00:00,0.0315,616904,Will 2 Fed rate cuts happen in 2026?,2212896.079637959,77255.18808,2026-12-31T00:00:00Z
2026-07-22 03:00:08+00:00,0.033,616904,Will 2 Fed rate cuts happen in 2026?,2212896.079637959,77255.18808,2026-12-31T00:00:00Z
2026-07-22 04:00:06+00:00,0.0325,616904,Will 2 Fed rate cuts happen in 2026?,2212896.079637959,77255.18808,2026-12-31T00:00:00Z
2026-07-22 05:00:05+00:00,0.0325,616904,Will 2 Fed rate cuts happen in 2026?,2212896.079637959,77255.18808,2026-12-31T00:00:00Z
2026-07-22 06:00:22+00:00,0.0325,616904,Will 2 Fed rate cuts happen in 2026?,2212896.079637959,77255.18808,2026-12-31T00:00:00Z
2026-07-22 07:00:06+00:00,0.0335,616904,Will 2 Fed rate cuts happen in 2026?,2212896.079637959,77255.18808,2026-12-31T00:00:00Z
2026-07-22 08:00:05+00:00,0.034,616904,Will 2 Fed rate cuts happen in 2026?,2212896.079637959,77255.18808,2026-12-31T00:00:00Z
2026-07-22 09:00:07+00:00,0.031,616904,Will 2 Fed rate cuts happen in 2026?,2212896.079637959,77255.18808,2026-12-31T00:00:00Z
2026-07-22 10:00:06+00:00,0.0325,616904,Will 2 Fed rate cuts happen in 2026?,2212896.079637959,77255.18808,2026-12-31T00:00:00Z
2026-07-22 11:00:06+00:00,0.0325,616904,Will 2 Fed rate cuts happen in 2026?,2212896.079637959,77255.18808,2026-12-31T00:00:00Z
2026-07-22 12:00:07+00:00,0.0325,616904,Will 2 Fed rate cuts happen in 2026?,2212896.079637959,77255.18808,2026-12-31T00:00:00Z
2026-07-22 13:00:06+00:00,0.0345,616904,Will 2 Fed rate cuts happen in 2026?,2212896.079637959,77255.18808,2026-12-31T00:00:00Z
2026-07-22 14:00:05+00:00,0.0325,616904,Will 2 Fed rate cuts happen in 2026?,2212896.079637959,77255.18808,2026-12-31T00:00:00Z
2026-07-22 15:00:08+00:00,0.034,616904,Will 2 Fed rate cuts happen in 2026?,2212896.079637959,77255.18808,2026-12-31T00:00:00Z
2026-07-22 16:00:06+00:00,0.0335,616904,Will 2 Fed rate cuts happen in 2026?,2212896.079637959,77255.18808,2026-12-31T00:00:00Z
2026-07-22 17:00:10+00:00,0.033,616904,Will 2 Fed rate cuts happen in 2026?,2212896.079637959,77255.18808,2026-12-31T00:00:00Z
2026-07-22 18:00:07+00:00,0.033,616904,Will 2 Fed rate cuts happen in 2026?,2212896.079637959,77255.18808,2026-12-31T00:00:00Z
2026-07-22 19:00:05+00:00,0.033,616904,Will 2 Fed rate cuts happen in 2026?,2212896.079637959,77255.18808,2026-12-31T00:00:00Z
2026-07-22 20:00:08+00:00,0.0325,616904,Will 2 Fed rate cuts happen in 2026?,2212896.079637959,77255.18808,2026-12-31T00:00:00Z
2026-07-22 21:00:08+00:00,0.0325,616904,Will 2 Fed rate cuts happen in 2026?,2212896.079637959,77255.18808,2026-12-31T00:00:00Z
2026-07-22 22:00:09+00:00,0.0325,616904,Will 2 Fed rate cuts happen in 2026?,2212896.079637959,77255.18808,2026-12-31T00:00:00Z
2026-07-22 23:00:07+00:00,0.0315,616904,Will 2 Fed rate cuts happen in 2026?,2212896.079637959,77255.18808,2026-12-31T00:00:00Z
2026-07-23 00:00:15+00:00,0.0315,616904,Will 2 Fed rate cuts happen in 2026?,2212896.079637959,77255.18808,2026-12-31T00:00:00Z
2026-07-23 01:00:20+00:00,0.032,616904,Will 2 Fed rate cuts happen in 2026?,2212896.079637959,77255.18808,2026-12-31T00:00:00Z
2026-07-23 02:00:07+00:00,0.0325,616904,Will 2 Fed rate cuts happen in 2026?,2212896.079637959,77255.18808,2026-12-31T00:00:00Z
2026-07-23 03:00:09+00:00,0.0315,616904,Will 2 Fed rate cuts happen in 2026?,2212896.079637959,77255.18808,2026-12-31T00:00:00Z
2026-07-23 04:00:09+00:00,0.032,616904,Will 2 Fed rate cuts happen in 2026?,2212896.079637959,77255.18808,2026-12-31T00:00:00Z
2026-07-23 05:00:14+00:00,0.032,616904,Will 2 Fed rate cuts happen in 2026?,2212896.079637959,77255.18808,2026-12-31T00:00:00Z
2026-07-23 06:00:14+00:00,0.0325,616904,Will 2 Fed rate cuts happen in 2026?,2212896.079637959,77255.18808,2026-12-31T00:00:00Z
2026-07-23 07:00:09+00:00,0.034,616904,Will 2 Fed rate cuts happen in 2026?,2212896.079637959,77255.18808,2026-12-31T00:00:00Z
2026-07-23 08:00:05+00:00,0.0385,616904,Will 2 Fed rate cuts happen in 2026?,2212896.079637959,77255.18808,2026-12-31T00:00:00Z
2026-07-23 09:00:10+00:00,0.0385,616904,Will 2 Fed rate cuts happen in 2026?,2212896.079637959,77255.18808,2026-12-31T00:00:00Z
2026-07-23 10:00:09+00:00,0.0385,616904,Will 2 Fed rate cuts happen in 2026?,2212896.079637959,77255.18808,2026-12-31T00:00:00Z
2026-07-23 11:00:07+00:00,0.0315,616904,Will 2 Fed rate cuts happen in 2026?,2212896.079637959,77255.18808,2026-12-31T00:00:00Z
2026-07-23 12:00:15+00:00,0.0315,616904,Will 2 Fed rate cuts happen in 2026?,2212896.079637959,77255.18808,2026-12-31T00:00:00Z
2026-07-23 13:00:08+00:00,0.031,616904,Will 2 Fed rate cuts happen in 2026?,2212896.079637959,77255.18808,2026-12-31T00:00:00Z
2026-07-23 14:00:07+00:00,0.0305,616904,Will 2 Fed rate cuts happen in 2026?,2212896.079637959,77255.18808,2026-12-31T00:00:00Z
2026-07-23 15:00:12+00:00,0.0305,616904,Will 2 Fed rate cuts happen in 2026?,2212896.079637959,77255.18808,2026-12-31T00:00:00Z
2026-07-23 16:00:08+00:00,0.0305,616904,Will 2 Fed rate cuts happen in 2026?,2212896.079637959,77255.18808,2026-12-31T00:00:00Z
2026-07-23 17:00:11+00:00,0.0305,616904,Will 2 Fed rate cuts happen in 2026?,2212896.079637959,77255.18808,2026-12-31T00:00:00Z
2026-07-23 18:00:09+00:00,0.0305,616904,Will 2 Fed rate cuts happen in 2026?,2212896.079637959,77255.18808,2026-12-31T00:00:00Z
2026-07-23 19:00:09+00:00,0.0305,616904,Will 2 Fed rate cuts happen in 2026?,2212896.079637959,77255.18808,2026-12-31T00:00:00Z
2026-07-23 20:00:10+00:00,0.0305,616904,Will 2 Fed rate cuts happen in 2026?,2212896.079637959,77255.18808,2026-12-31T00:00:00Z
2026-07-23 21:00:12+00:00,0.0325,616904,Will 2 Fed rate cuts happen in 2026?,2212896.079637959,77255.18808,2026-12-31T00:00:00Z
2026-07-23 22:00:10+00:00,0.0315,616904,Will 2 Fed rate cuts happen in 2026?,2212896.079637959,77255.18808,2026-12-31T00:00:00Z
2026-07-23 23:00:09+00:00,0.032,616904,Will 2 Fed rate cuts happen in 2026?,2212896.079637959,77255.18808,2026-12-31T00:00:00Z
2026-07-24 00:00:10+00:00,0.032,616904,Will 2 Fed rate cuts happen in 2026?,2212896.079637959,77255.18808,2026-12-31T00:00:00Z
2026-07-24 01:00:07+00:00,0.0305,616904,Will 2 Fed rate cuts happen in 2026?,2212896.079637959,77255.18808,2026-12-31T00:00:00Z
2026-07-24 02:00:09+00:00,0.0305,616904,Will 2 Fed rate cuts happen in 2026?,2212896.079637959,77255.18808,2026-12-31T00:00:00Z
2026-07-24 03:00:12+00:00,0.03,616904,Will 2 Fed rate cuts happen in 2026?,2212896.079637959,77255.18808,2026-12-31T00:00:00Z
2026-07-24 04:00:08+00:00,0.0305,616904,Will 2 Fed rate cuts happen in 2026?,2212896.079637959,77255.18808,2026-12-31T00:00:00Z
2026-07-24 05:00:13+00:00,0.0305,616904,Will 2 Fed rate cuts happen in 2026?,2212896.079637959,77255.18808,2026-12-31T00:00:00Z
2026-07-24 06:00:09+00:00,0.0285,616904,Will 2 Fed rate cuts happen in 2026?,2212896.079637959,77255.18808,2026-12-31T00:00:00Z
2026-07-24 07:00:07+00:00,0.0285,616904,Will 2 Fed rate cuts happen in 2026?,2212896.079637959,77255.18808,2026-12-31T00:00:00Z
2026-07-24 08:00:07+00:00,0.029,616904,Will 2 Fed rate cuts happen in 2026?,2212896.079637959,77255.18808,2026-12-31T00:00:00Z
2026-07-24 09:00:11+00:00,0.0295,616904,Will 2 Fed rate cuts happen in 2026?,2212896.079637959,77255.18808,2026-12-31T00:00:00Z
2026-07-24 09:38:06+00:00,0.031,616904,Will 2 Fed rate cuts happen in 2026?,2212896.079637959,77255.18808,2026-12-31T00:00:00Z
2026-07-10 10:00:17+00:00,0.0195,616905,Will 3 Fed rate cuts happen in 2026?,2217539.8369249734,139292.08188,2026-12-31T00:00:00Z
2026-07-10 11:00:04+00:00,0.0195,616905,Will 3 Fed rate cuts happen in 2026?,2217539.8369249734,139292.08188,2026-12-31T00:00:00Z
2026-07-10 12:00:04+00:00,0.0195,616905,Will 3 Fed rate cuts happen in 2026?,2217539.8369249734,139292.08188,2026-12-31T00:00:00Z
2026-07-10 13:00:04+00:00,0.0195,616905,Will 3 Fed rate cuts happen in 2026?,2217539.8369249734,139292.08188,2026-12-31T00:00:00Z
2026-07-10 14:00:04+00:00,0.0195,616905,Will 3 Fed rate cuts happen in 2026?,2217539.8369249734,139292.08188,2026-12-31T00:00:00Z
2026-07-10 15:00:05+00:00,0.0195,616905,Will 3 Fed rate cuts happen in 2026?,2217539.8369249734,139292.08188,2026-12-31T00:00:00Z
2026-07-10 16:00:05+00:00,0.0195,616905,Will 3 Fed rate cuts happen in 2026?,2217539.8369249734,139292.08188,2026-12-31T00:00:00Z
2026-07-10 17:00:04+00:00,0.0195,616905,Will 3 Fed rate cuts happen in 2026?,2217539.8369249734,139292.08188,2026-12-31T00:00:00Z
2026-07-10 18:00:03+00:00,0.0195,616905,Will 3 Fed rate cuts happen in 2026?,2217539.8369249734,139292.08188,2026-12-31T00:00:00Z
2026-07-10 19:00:04+00:00,0.0195,616905,Will 3 Fed rate cuts happen in 2026?,2217539.8369249734,139292.08188,2026-12-31T00:00:00Z
2026-07-10 20:00:04+00:00,0.0195,616905,Will 3 Fed rate cuts happen in 2026?,2217539.8369249734,139292.08188,2026-12-31T00:00:00Z
2026-07-10 21:00:03+00:00,0.0195,616905,Will 3 Fed rate cuts happen in 2026?,2217539.8369249734,139292.08188,2026-12-31T00:00:00Z
2026-07-10 23:00:20+00:00,0.0185,616905,Will 3 Fed rate cuts happen in 2026?,2217539.8369249734,139292.08188,2026-12-31T00:00:00Z
2026-07-11 00:00:06+00:00,0.0185,616905,Will 3 Fed rate cuts happen in 2026?,2217539.8369249734,139292.08188,2026-12-31T00:00:00Z
2026-07-11 01:00:04+00:00,0.0185,616905,Will 3 Fed rate cuts happen in 2026?,2217539.8369249734,139292.08188,2026-12-31T00:00:00Z
2026-07-11 02:00:04+00:00,0.0185,616905,Will 3 Fed rate cuts happen in 2026?,2217539.8369249734,139292.08188,2026-12-31T00:00:00Z
2026-07-11 03:00:03+00:00,0.019,616905,Will 3 Fed rate cuts happen in 2026?,2217539.8369249734,139292.08188,2026-12-31T00:00:00Z
2026-07-11 04:00:06+00:00,0.019,616905,Will 3 Fed rate cuts happen in 2026?,2217539.8369249734,139292.08188,2026-12-31T00:00:00Z
2026-07-11 05:00:05+00:00,0.019,616905,Will 3 Fed rate cuts happen in 2026?,2217539.8369249734,139292.08188,2026-12-31T00:00:00Z
2026-07-11 06:00:04+00:00,0.019,616905,Will 3 Fed rate cuts happen in 2026?,2217539.8369249734,139292.08188,2026-12-31T00:00:00Z
2026-07-11 07:00:05+00:00,0.019,616905,Will 3 Fed rate cuts happen in 2026?,2217539.8369249734,139292.08188,2026-12-31T00:00:00Z
2026-07-11 08:00:05+00:00,0.019,616905,Will 3 Fed rate cuts happen in 2026?,2217539.8369249734,139292.08188,2026-12-31T00:00:00Z
2026-07-11 09:00:04+00:00,0.019,616905,Will 3 Fed rate cuts happen in 2026?,2217539.8369249734,139292.08188,2026-12-31T00:00:00Z
2026-07-11 10:00:04+00:00,0.019,616905,Will 3 Fed rate cuts happen in 2026?,2217539.8369249734,139292.08188,2026-12-31T00:00:00Z
2026-07-11 11:00:04+00:00,0.019,616905,Will 3 Fed rate cuts happen in 2026?,2217539.8369249734,139292.08188,2026-12-31T00:00:00Z
2026-07-11 12:00:04+00:00,0.0195,616905,Will 3 Fed rate cuts happen in 2026?,2217539.8369249734,139292.08188,2026-12-31T00:00:00Z
2026-07-11 13:00:04+00:00,0.0195,616905,Will 3 Fed rate cuts happen in 2026?,2217539.8369249734,139292.08188,2026-12-31T00:00:00Z
2026-07-11 14:00:04+00:00,0.019,616905,Will 3 Fed rate cuts happen in 2026?,2217539.8369249734,139292.08188,2026-12-31T00:00:00Z
2026-07-11 15:00:04+00:00,0.019,616905,Will 3 Fed rate cuts happen in 2026?,2217539.8369249734,139292.08188,2026-12-31T00:00:00Z
2026-07-11 16:00:04+00:00,0.019,616905,Will 3 Fed rate cuts happen in 2026?,2217539.8369249734,139292.08188,2026-12-31T00:00:00Z
2026-07-11 17:00:03+00:00,0.019,616905,Will 3 Fed rate cuts happen in 2026?,2217539.8369249734,139292.08188,2026-12-31T00:00:00Z
2026-07-11 18:00:05+00:00,0.019,616905,Will 3 Fed rate cuts happen in 2026?,2217539.8369249734,139292.08188,2026-12-31T00:00:00Z
2026-07-11 19:00:04+00:00,0.019,616905,Will 3 Fed rate cuts happen in 2026?,2217539.8369249734,139292.08188,2026-12-31T00:00:00Z
2026-07-11 20:00:05+00:00,0.019,616905,Will 3 Fed rate cuts happen in 2026?,2217539.8369249734,139292.08188,2026-12-31T00:00:00Z
2026-07-11 21:00:04+00:00,0.019,616905,Will 3 Fed rate cuts happen in 2026?,2217539.8369249734,139292.08188,2026-12-31T00:00:00Z
2026-07-11 22:00:03+00:00,0.019,616905,Will 3 Fed rate cuts happen in 2026?,2217539.8369249734,139292.08188,2026-12-31T00:00:00Z
2026-07-11 23:00:03+00:00,0.019,616905,Will 3 Fed rate cuts happen in 2026?,2217539.8369249734,139292.08188,2026-12-31T00:00:00Z
2026-07-12 00:00:18+00:00,0.0195,616905,Will 3 Fed rate cuts happen in 2026?,2217539.8369249734,139292.08188,2026-12-31T00:00:00Z
2026-07-12 01:00:04+00:00,0.0195,616905,Will 3 Fed rate cuts happen in 2026?,2217539.8369249734,139292.08188,2026-12-31T00:00:00Z
2026-07-12 02:00:05+00:00,0.019,616905,Will 3 Fed rate cuts happen in 2026?,2217539.8369249734,139292.08188,2026-12-31T00:00:00Z
2026-07-12 03:00:04+00:00,0.019,616905,Will 3 Fed rate cuts happen in 2026?,2217539.8369249734,139292.08188,2026-12-31T00:00:00Z
2026-07-12 04:00:04+00:00,0.019,616905,Will 3 Fed rate cuts happen in 2026?,2217539.8369249734,139292.08188,2026-12-31T00:00:00Z
2026-07-12 05:00:03+00:00,0.019,616905,Will 3 Fed rate cuts happen in 2026?,2217539.8369249734,139292.08188,2026-12-31T00:00:00Z
2026-07-12 06:00:03+00:00,0.019,616905,Will 3 Fed rate cuts happen in 2026?,2217539.8369249734,139292.08188,2026-12-31T00:00:00Z
2026-07-12 07:00:07+00:00,0.019,616905,Will 3 Fed rate cuts happen in 2026?,2217539.8369249734,139292.08188,2026-12-31T00:00:00Z
2026-07-12 08:00:03+00:00,0.019,616905,Will 3 Fed rate cuts happen in 2026?,2217539.8369249734,139292.08188,2026-12-31T00:00:00Z
2026-07-12 09:00:03+00:00,0.019,616905,Will 3 Fed rate cuts happen in 2026?,2217539.8369249734,139292.08188,2026-12-31T00:00:00Z
2026-07-12 10:00:04+00:00,0.019,616905,Will 3 Fed rate cuts happen in 2026?,2217539.8369249734,139292.08188,2026-12-31T00:00:00Z
2026-07-12 11:00:18+00:00,0.019,616905,Will 3 Fed rate cuts happen in 2026?,2217539.8369249734,139292.08188,2026-12-31T00:00:00Z
2026-07-12 12:00:07+00:00,0.019,616905,Will 3 Fed rate cuts happen in 2026?,2217539.8369249734,139292.08188,2026-12-31T00:00:00Z
2026-07-12 13:00:04+00:00,0.019,616905,Will 3 Fed rate cuts happen in 2026?,2217539.8369249734,139292.08188,2026-12-31T00:00:00Z
2026-07-12 14:00:04+00:00,0.0195,616905,Will 3 Fed rate cuts happen in 2026?,2217539.8369249734,139292.08188,2026-12-31T00:00:00Z
2026-07-12 15:00:03+00:00,0.019,616905,Will 3 Fed rate cuts happen in 2026?,2217539.8369249734,139292.08188,2026-12-31T00:00:00Z
2026-07-12 16:00:04+00:00,0.0195,616905,Will 3 Fed rate cuts happen in 2026?,2217539.8369249734,139292.08188,2026-12-31T00:00:00Z
2026-07-12 17:00:04+00:00,0.0195,616905,Will 3 Fed rate cuts happen in 2026?,2217539.8369249734,139292.08188,2026-12-31T00:00:00Z
2026-07-12 18:00:05+00:00,0.0195,616905,Will 3 Fed rate cuts happen in 2026?,2217539.8369249734,139292.08188,2026-12-31T00:00:00Z
2026-07-12 19:00:04+00:00,0.0195,616905,Will 3 Fed rate cuts happen in 2026?,2217539.8369249734,139292.08188,2026-12-31T00:00:00Z
2026-07-12 20:00:05+00:00,0.019,616905,Will 3 Fed rate cuts happen in 2026?,2217539.8369249734,139292.08188,2026-12-31T00:00:00Z
2026-07-12 21:00:04+00:00,0.019,616905,Will 3 Fed rate cuts happen in 2026?,2217539.8369249734,139292.08188,2026-12-31T00:00:00Z
2026-07-12 22:00:06+00:00,0.019,616905,Will 3 Fed rate cuts happen in 2026?,2217539.8369249734,139292.08188,2026-12-31T00:00:00Z
2026-07-12 23:00:03+00:00,0.019,616905,Will 3 Fed rate cuts happen in 2026?,2217539.8369249734,139292.08188,2026-12-31T00:00:00Z
2026-07-13 00:00:06+00:00,0.019,616905,Will 3 Fed rate cuts happen in 2026?,2217539.8369249734,139292.08188,2026-12-31T00:00:00Z
2026-07-13 01:00:04+00:00,0.019,616905,Will 3 Fed rate cuts happen in 2026?,2217539.8369249734,139292.08188,2026-12-31T00:00:00Z
2026-07-13 02:00:03+00:00,0.019,616905,Will 3 Fed rate cuts happen in 2026?,2217539.8369249734,139292.08188,2026-12-31T00:00:00Z
2026-07-13 03:00:03+00:00,0.019,616905,Will 3 Fed rate cuts happen in 2026?,2217539.8369249734,139292.08188,2026-12-31T00:00:00Z
2026-07-13 04:00:03+00:00,0.019,616905,Will 3 Fed rate cuts happen in 2026?,2217539.8369249734,139292.08188,2026-12-31T00:00:00Z
2026-07-13 05:00:07+00:00,0.019,616905,Will 3 Fed rate cuts happen in 2026?,2217539.8369249734,139292.08188,2026-12-31T00:00:00Z
2026-07-13 06:00:04+00:00,0.019,616905,Will 3 Fed rate cuts happen in 2026?,2217539.8369249734,139292.08188,2026-12-31T00:00:00Z
2026-07-13 07:00:04+00:00,0.019,616905,Will 3 Fed rate cuts happen in 2026?,2217539.8369249734,139292.08188,2026-12-31T00:00:00Z
2026-07-13 08:00:06+00:00,0.019,616905,Will 3 Fed rate cuts happen in 2026?,2217539.8369249734,139292.08188,2026-12-31T00:00:00Z
2026-07-13 09:00:04+00:00,0.019,616905,Will 3 Fed rate cuts happen in 2026?,2217539.8369249734,139292.08188,2026-12-31T00:00:00Z
2026-07-13 10:00:04+00:00,0.019,616905,Will 3 Fed rate cuts happen in 2026?,2217539.8369249734,139292.08188,2026-12-31T00:00:00Z
2026-07-13 11:00:03+00:00,0.019,616905,Will 3 Fed rate cuts happen in 2026?,2217539.8369249734,139292.08188,2026-12-31T00:00:00Z
2026-07-13 12:00:05+00:00,0.019,616905,Will 3 Fed rate cuts happen in 2026?,2217539.8369249734,139292.08188,2026-12-31T00:00:00Z
2026-07-13 13:00:03+00:00,0.019,616905,Will 3 Fed rate cuts happen in 2026?,2217539.8369249734,139292.08188,2026-12-31T00:00:00Z
2026-07-13 14:00:18+00:00,0.019,616905,Will 3 Fed rate cuts happen in 2026?,2217539.8369249734,139292.08188,2026-12-31T00:00:00Z
2026-07-13 15:00:21+00:00,0.0185,616905,Will 3 Fed rate cuts happen in 2026?,2217539.8369249734,139292.08188,2026-12-31T00:00:00Z
2026-07-13 16:00:04+00:00,0.0185,616905,Will 3 Fed rate cuts happen in 2026?,2217539.8369249734,139292.08188,2026-12-31T00:00:00Z
2026-07-13 17:00:05+00:00,0.0185,616905,Will 3 Fed rate cuts happen in 2026?,2217539.8369249734,139292.08188,2026-12-31T00:00:00Z
2026-07-13 18:00:03+00:00,0.0185,616905,Will 3 Fed rate cuts happen in 2026?,2217539.8369249734,139292.08188,2026-12-31T00:00:00Z
2026-07-13 19:00:05+00:00,0.0175,616905,Will 3 Fed rate cuts happen in 2026?,2217539.8369249734,139292.08188,2026-12-31T00:00:00Z
2026-07-13 20:00:05+00:00,0.0175,616905,Will 3 Fed rate cuts happen in 2026?,2217539.8369249734,139292.08188,2026-12-31T00:00:00Z
2026-07-13 21:00:04+00:00,0.0175,616905,Will 3 Fed rate cuts happen in 2026?,2217539.8369249734,139292.08188,2026-12-31T00:00:00Z
2026-07-13 22:00:04+00:00,0.0175,616905,Will 3 Fed rate cuts happen in 2026?,2217539.8369249734,139292.08188,2026-12-31T00:00:00Z
2026-07-13 23:00:05+00:00,0.0175,616905,Will 3 Fed rate cuts happen in 2026?,2217539.8369249734,139292.08188,2026-12-31T00:00:00Z
2026-07-14 00:00:05+00:00,0.0175,616905,Will 3 Fed rate cuts happen in 2026?,2217539.8369249734,139292.08188,2026-12-31T00:00:00Z
2026-07-14 01:00:04+00:00,0.0175,616905,Will 3 Fed rate cuts happen in 2026?,2217539.8369249734,139292.08188,2026-12-31T00:00:00Z
2026-07-14 02:00:04+00:00,0.0175,616905,Will 3 Fed rate cuts happen in 2026?,2217539.8369249734,139292.08188,2026-12-31T00:00:00Z
2026-07-14 03:00:05+00:00,0.0175,616905,Will 3 Fed rate cuts happen in 2026?,2217539.8369249734,139292.08188,2026-12-31T00:00:00Z
2026-07-14 04:00:04+00:00,0.0175,616905,Will 3 Fed rate cuts happen in 2026?,2217539.8369249734,139292.08188,2026-12-31T00:00:00Z
2026-07-14 05:00:04+00:00,0.0175,616905,Will 3 Fed rate cuts happen in 2026?,2217539.8369249734,139292.08188,2026-12-31T00:00:00Z
2026-07-14 06:00:04+00:00,0.0175,616905,Will 3 Fed rate cuts happen in 2026?,2217539.8369249734,139292.08188,2026-12-31T00:00:00Z
2026-07-14 07:00:05+00:00,0.0175,616905,Will 3 Fed rate cuts happen in 2026?,2217539.8369249734,139292.08188,2026-12-31T00:00:00Z
2026-07-14 08:00:04+00:00,0.0175,616905,Will 3 Fed rate cuts happen in 2026?,2217539.8369249734,139292.08188,2026-12-31T00:00:00Z
2026-07-14 09:00:04+00:00,0.0175,616905,Will 3 Fed rate cuts happen in 2026?,2217539.8369249734,139292.08188,2026-12-31T00:00:00Z
2026-07-14 10:00:05+00:00,0.0175,616905,Will 3 Fed rate cuts happen in 2026?,2217539.8369249734,139292.08188,2026-12-31T00:00:00Z
2026-07-14 11:00:05+00:00,0.0175,616905,Will 3 Fed rate cuts happen in 2026?,2217539.8369249734,139292.08188,2026-12-31T00:00:00Z
2026-07-14 12:00:08+00:00,0.0175,616905,Will 3 Fed rate cuts happen in 2026?,2217539.8369249734,139292.08188,2026-12-31T00:00:00Z
2026-07-14 13:00:07+00:00,0.0165,616905,Will 3 Fed rate cuts happen in 2026?,2217539.8369249734,139292.08188,2026-12-31T00:00:00Z
2026-07-14 14:00:11+00:00,0.0155,616905,Will 3 Fed rate cuts happen in 2026?,2217539.8369249734,139292.08188,2026-12-31T00:00:00Z
2026-07-14 15:00:05+00:00,0.0155,616905,Will 3 Fed rate cuts happen in 2026?,2217539.8369249734,139292.08188,2026-12-31T00:00:00Z
2026-07-14 16:00:11+00:00,0.0155,616905,Will 3 Fed rate cuts happen in 2026?,2217539.8369249734,139292.08188,2026-12-31T00:00:00Z
2026-07-14 17:00:11+00:00,0.0155,616905,Will 3 Fed rate cuts happen in 2026?,2217539.8369249734,139292.08188,2026-12-31T00:00:00Z
2026-07-14 18:00:13+00:00,0.016,616905,Will 3 Fed rate cuts happen in 2026?,2217539.8369249734,139292.08188,2026-12-31T00:00:00Z
2026-07-14 19:00:05+00:00,0.0155,616905,Will 3 Fed rate cuts happen in 2026?,2217539.8369249734,139292.08188,2026-12-31T00:00:00Z
2026-07-14 20:00:05+00:00,0.0155,616905,Will 3 Fed rate cuts happen in 2026?,2217539.8369249734,139292.08188,2026-12-31T00:00:00Z
2026-07-14 21:00:03+00:00,0.0155,616905,Will 3 Fed rate cuts happen in 2026?,2217539.8369249734,139292.08188,2026-12-31T00:00:00Z
2026-07-14 22:00:03+00:00,0.0155,616905,Will 3 Fed rate cuts happen in 2026?,2217539.8369249734,139292.08188,2026-12-31T00:00:00Z
2026-07-14 23:00:05+00:00,0.0155,616905,Will 3 Fed rate cuts happen in 2026?,2217539.8369249734,139292.08188,2026-12-31T00:00:00Z
2026-07-15 00:00:05+00:00,0.0155,616905,Will 3 Fed rate cuts happen in 2026?,2217539.8369249734,139292.08188,2026-12-31T00:00:00Z
2026-07-15 01:00:05+00:00,0.0155,616905,Will 3 Fed rate cuts happen in 2026?,2217539.8369249734,139292.08188,2026-12-31T00:00:00Z
2026-07-15 02:00:08+00:00,0.0155,616905,Will 3 Fed rate cuts happen in 2026?,2217539.8369249734,139292.08188,2026-12-31T00:00:00Z
2026-07-15 03:00:03+00:00,0.0165,616905,Will 3 Fed rate cuts happen in 2026?,2217539.8369249734,139292.08188,2026-12-31T00:00:00Z
2026-07-15 04:00:04+00:00,0.0165,616905,Will 3 Fed rate cuts happen in 2026?,2217539.8369249734,139292.08188,2026-12-31T00:00:00Z
2026-07-15 05:00:19+00:00,0.0165,616905,Will 3 Fed rate cuts happen in 2026?,2217539.8369249734,139292.08188,2026-12-31T00:00:00Z
2026-07-15 06:00:04+00:00,0.015,616905,Will 3 Fed rate cuts happen in 2026?,2217539.8369249734,139292.08188,2026-12-31T00:00:00Z
2026-07-15 07:00:17+00:00,0.0145,616905,Will 3 Fed rate cuts happen in 2026?,2217539.8369249734,139292.08188,2026-12-31T00:00:00Z
2026-07-15 08:00:20+00:00,0.0145,616905,Will 3 Fed rate cuts happen in 2026?,2217539.8369249734,139292.08188,2026-12-31T00:00:00Z
2026-07-15 09:00:05+00:00,0.0145,616905,Will 3 Fed rate cuts happen in 2026?,2217539.8369249734,139292.08188,2026-12-31T00:00:00Z
2026-07-15 10:00:04+00:00,0.0145,616905,Will 3 Fed rate cuts happen in 2026?,2217539.8369249734,139292.08188,2026-12-31T00:00:00Z
2026-07-15 11:00:07+00:00,0.0145,616905,Will 3 Fed rate cuts happen in 2026?,2217539.8369249734,139292.08188,2026-12-31T00:00:00Z
2026-07-15 12:00:17+00:00,0.0155,616905,Will 3 Fed rate cuts happen in 2026?,2217539.8369249734,139292.08188,2026-12-31T00:00:00Z
2026-07-15 13:00:05+00:00,0.0155,616905,Will 3 Fed rate cuts happen in 2026?,2217539.8369249734,139292.08188,2026-12-31T00:00:00Z
2026-07-15 14:00:05+00:00,0.0145,616905,Will 3 Fed rate cuts happen in 2026?,2217539.8369249734,139292.08188,2026-12-31T00:00:00Z
2026-07-15 15:00:07+00:00,0.0155,616905,Will 3 Fed rate cuts happen in 2026?,2217539.8369249734,139292.08188,2026-12-31T00:00:00Z
2026-07-15 16:00:05+00:00,0.0145,616905,Will 3 Fed rate cuts happen in 2026?,2217539.8369249734,139292.08188,2026-12-31T00:00:00Z
2026-07-15 17:00:05+00:00,0.014,616905,Will 3 Fed rate cuts happen in 2026?,2217539.8369249734,139292.08188,2026-12-31T00:00:00Z
2026-07-15 18:00:07+00:00,0.0135,616905,Will 3 Fed rate cuts happen in 2026?,2217539.8369249734,139292.08188,2026-12-31T00:00:00Z
2026-07-15 19:00:09+00:00,0.0135,616905,Will 3 Fed rate cuts happen in 2026?,2217539.8369249734,139292.08188,2026-12-31T00:00:00Z
2026-07-15 20:00:05+00:00,0.0135,616905,Will 3 Fed rate cuts happen in 2026?,2217539.8369249734,139292.08188,2026-12-31T00:00:00Z
2026-07-15 21:00:04+00:00,0.0135,616905,Will 3 Fed rate cuts happen in 2026?,2217539.8369249734,139292.08188,2026-12-31T00:00:00Z
2026-07-15 22:00:04+00:00,0.0135,616905,Will 3 Fed rate cuts happen in 2026?,2217539.8369249734,139292.08188,2026-12-31T00:00:00Z
2026-07-15 23:00:05+00:00,0.0155,616905,Will 3 Fed rate cuts happen in 2026?,2217539.8369249734,139292.08188,2026-12-31T00:00:00Z
2026-07-16 00:00:04+00:00,0.0155,616905,Will 3 Fed rate cuts happen in 2026?,2217539.8369249734,139292.08188,2026-12-31T00:00:00Z
2026-07-16 01:00:05+00:00,0.0155,616905,Will 3 Fed rate cuts happen in 2026?,2217539.8369249734,139292.08188,2026-12-31T00:00:00Z
2026-07-16 02:00:04+00:00,0.015,616905,Will 3 Fed rate cuts happen in 2026?,2217539.8369249734,139292.08188,2026-12-31T00:00:00Z
2026-07-16 03:00:06+00:00,0.015,616905,Will 3 Fed rate cuts happen in 2026?,2217539.8369249734,139292.08188,2026-12-31T00:00:00Z
2026-07-16 04:00:05+00:00,0.014,616905,Will 3 Fed rate cuts happen in 2026?,2217539.8369249734,139292.08188,2026-12-31T00:00:00Z
2026-07-16 05:00:03+00:00,0.014,616905,Will 3 Fed rate cuts happen in 2026?,2217539.8369249734,139292.08188,2026-12-31T00:00:00Z
2026-07-16 06:00:03+00:00,0.0135,616905,Will 3 Fed rate cuts happen in 2026?,2217539.8369249734,139292.08188,2026-12-31T00:00:00Z
2026-07-16 07:00:05+00:00,0.015,616905,Will 3 Fed rate cuts happen in 2026?,2217539.8369249734,139292.08188,2026-12-31T00:00:00Z
2026-07-16 08:00:04+00:00,0.0195,616905,Will 3 Fed rate cuts happen in 2026?,2217539.8369249734,139292.08188,2026-12-31T00:00:00Z
2026-07-16 09:00:08+00:00,0.0195,616905,Will 3 Fed rate cuts happen in 2026?,2217539.8369249734,139292.08188,2026-12-31T00:00:00Z
2026-07-16 10:00:05+00:00,0.0195,616905,Will 3 Fed rate cuts happen in 2026?,2217539.8369249734,139292.08188,2026-12-31T00:00:00Z
2026-07-16 11:00:05+00:00,0.0195,616905,Will 3 Fed rate cuts happen in 2026?,2217539.8369249734,139292.08188,2026-12-31T00:00:00Z
2026-07-16 12:00:04+00:00,0.0115,616905,Will 3 Fed rate cuts happen in 2026?,2217539.8369249734,139292.08188,2026-12-31T00:00:00Z
2026-07-16 13:00:06+00:00,0.0125,616905,Will 3 Fed rate cuts happen in 2026?,2217539.8369249734,139292.08188,2026-12-31T00:00:00Z
2026-07-16 14:00:04+00:00,0.0125,616905,Will 3 Fed rate cuts happen in 2026?,2217539.8369249734,139292.08188,2026-12-31T00:00:00Z
2026-07-16 15:00:03+00:00,0.0125,616905,Will 3 Fed rate cuts happen in 2026?,2217539.8369249734,139292.08188,2026-12-31T00:00:00Z
2026-07-16 16:00:03+00:00,0.0125,616905,Will 3 Fed rate cuts happen in 2026?,2217539.8369249734,139292.08188,2026-12-31T00:00:00Z
2026-07-16 17:00:05+00:00,0.0125,616905,Will 3 Fed rate cuts happen in 2026?,2217539.8369249734,139292.08188,2026-12-31T00:00:00Z
2026-07-16 18:00:18+00:00,0.0125,616905,Will 3 Fed rate cuts happen in 2026?,2217539.8369249734,139292.08188,2026-12-31T00:00:00Z
2026-07-16 19:00:04+00:00,0.0125,616905,Will 3 Fed rate cuts happen in 2026?,2217539.8369249734,139292.08188,2026-12-31T00:00:00Z
2026-07-16 20:00:05+00:00,0.012,616905,Will 3 Fed rate cuts happen in 2026?,2217539.8369249734,139292.08188,2026-12-31T00:00:00Z
2026-07-16 21:00:05+00:00,0.0125,616905,Will 3 Fed rate cuts happen in 2026?,2217539.8369249734,139292.08188,2026-12-31T00:00:00Z
2026-07-16 22:00:04+00:00,0.0115,616905,Will 3 Fed rate cuts happen in 2026?,2217539.8369249734,139292.08188,2026-12-31T00:00:00Z
2026-07-16 23:00:07+00:00,0.011,616905,Will 3 Fed rate cuts happen in 2026?,2217539.8369249734,139292.08188,2026-12-31T00:00:00Z
2026-07-17 00:00:06+00:00,0.012,616905,Will 3 Fed rate cuts happen in 2026?,2217539.8369249734,139292.08188,2026-12-31T00:00:00Z
2026-07-17 01:00:05+00:00,0.012,616905,Will 3 Fed rate cuts happen in 2026?,2217539.8369249734,139292.08188,2026-12-31T00:00:00Z
2026-07-17 02:00:04+00:00,0.0125,616905,Will 3 Fed rate cuts happen in 2026?,2217539.8369249734,139292.08188,2026-12-31T00:00:00Z
2026-07-17 03:00:03+00:00,0.011,616905,Will 3 Fed rate cuts happen in 2026?,2217539.8369249734,139292.08188,2026-12-31T00:00:00Z
2026-07-17 04:00:05+00:00,0.011,616905,Will 3 Fed rate cuts happen in 2026?,2217539.8369249734,139292.08188,2026-12-31T00:00:00Z
2026-07-17 05:00:04+00:00,0.011,616905,Will 3 Fed rate cuts happen in 2026?,2217539.8369249734,139292.08188,2026-12-31T00:00:00Z
2026-07-17 06:00:04+00:00,0.011,616905,Will 3 Fed rate cuts happen in 2026?,2217539.8369249734,139292.08188,2026-12-31T00:00:00Z
2026-07-17 07:00:03+00:00,0.011,616905,Will 3 Fed rate cuts happen in 2026?,2217539.8369249734,139292.08188,2026-12-31T00:00:00Z
2026-07-17 08:00:04+00:00,0.011,616905,Will 3 Fed rate cuts happen in 2026?,2217539.8369249734,139292.08188,2026-12-31T00:00:00Z
2026-07-17 09:00:04+00:00,0.011,616905,Will 3 Fed rate cuts happen in 2026?,2217539.8369249734,139292.08188,2026-12-31T00:00:00Z
2026-07-17 10:00:06+00:00,0.011,616905,Will 3 Fed rate cuts happen in 2026?,2217539.8369249734,139292.08188,2026-12-31T00:00:00Z
2026-07-17 11:00:04+00:00,0.011,616905,Will 3 Fed rate cuts happen in 2026?,2217539.8369249734,139292.08188,2026-12-31T00:00:00Z
2026-07-17 12:00:06+00:00,0.011,616905,Will 3 Fed rate cuts happen in 2026?,2217539.8369249734,139292.08188,2026-12-31T00:00:00Z
2026-07-17 13:00:04+00:00,0.011,616905,Will 3 Fed rate cuts happen in 2026?,2217539.8369249734,139292.08188,2026-12-31T00:00:00Z
2026-07-17 14:00:05+00:00,0.011,616905,Will 3 Fed rate cuts happen in 2026?,2217539.8369249734,139292.08188,2026-12-31T00:00:00Z
2026-07-17 15:00:05+00:00,0.011,616905,Will 3 Fed rate cuts happen in 2026?,2217539.8369249734,139292.08188,2026-12-31T00:00:00Z
2026-07-17 16:00:21+00:00,0.011,616905,Will 3 Fed rate cuts happen in 2026?,2217539.8369249734,139292.08188,2026-12-31T00:00:00Z
2026-07-17 17:00:06+00:00,0.011,616905,Will 3 Fed rate cuts happen in 2026?,2217539.8369249734,139292.08188,2026-12-31T00:00:00Z
2026-07-17 18:00:21+00:00,0.011,616905,Will 3 Fed rate cuts happen in 2026?,2217539.8369249734,139292.08188,2026-12-31T00:00:00Z
2026-07-17 19:00:05+00:00,0.0115,616905,Will 3 Fed rate cuts happen in 2026?,2217539.8369249734,139292.08188,2026-12-31T00:00:00Z
2026-07-17 20:00:04+00:00,0.011,616905,Will 3 Fed rate cuts happen in 2026?,2217539.8369249734,139292.08188,2026-12-31T00:00:00Z
2026-07-17 21:00:03+00:00,0.011,616905,Will 3 Fed rate cuts happen in 2026?,2217539.8369249734,139292.08188,2026-12-31T00:00:00Z
2026-07-17 22:00:05+00:00,0.011,616905,Will 3 Fed rate cuts happen in 2026?,2217539.8369249734,139292.08188,2026-12-31T00:00:00Z
2026-07-17 23:00:06+00:00,0.0115,616905,Will 3 Fed rate cuts happen in 2026?,2217539.8369249734,139292.08188,2026-12-31T00:00:00Z
2026-07-18 00:00:04+00:00,0.0115,616905,Will 3 Fed rate cuts happen in 2026?,2217539.8369249734,139292.08188,2026-12-31T00:00:00Z
2026-07-18 01:00:05+00:00,0.0115,616905,Will 3 Fed rate cuts happen in 2026?,2217539.8369249734,139292.08188,2026-12-31T00:00:00Z
2026-07-18 02:00:05+00:00,0.0115,616905,Will 3 Fed rate cuts happen in 2026?,2217539.8369249734,139292.08188,2026-12-31T00:00:00Z
2026-07-18 03:00:05+00:00,0.0115,616905,Will 3 Fed rate cuts happen in 2026?,2217539.8369249734,139292.08188,2026-12-31T00:00:00Z
2026-07-18 04:00:04+00:00,0.0115,616905,Will 3 Fed rate cuts happen in 2026?,2217539.8369249734,139292.08188,2026-12-31T00:00:00Z
2026-07-18 05:00:04+00:00,0.0115,616905,Will 3 Fed rate cuts happen in 2026?,2217539.8369249734,139292.08188,2026-12-31T00:00:00Z
2026-07-18 06:00:04+00:00,0.0115,616905,Will 3 Fed rate cuts happen in 2026?,2217539.8369249734,139292.08188,2026-12-31T00:00:00Z
2026-07-18 07:00:04+00:00,0.0115,616905,Will 3 Fed rate cuts happen in 2026?,2217539.8369249734,139292.08188,2026-12-31T00:00:00Z
2026-07-18 08:00:03+00:00,0.0115,616905,Will 3 Fed rate cuts happen in 2026?,2217539.8369249734,139292.08188,2026-12-31T00:00:00Z
2026-07-18 09:00:07+00:00,0.0115,616905,Will 3 Fed rate cuts happen in 2026?,2217539.8369249734,139292.08188,2026-12-31T00:00:00Z
2026-07-18 10:00:03+00:00,0.0115,616905,Will 3 Fed rate cuts happen in 2026?,2217539.8369249734,139292.08188,2026-12-31T00:00:00Z
2026-07-18 11:00:05+00:00,0.0115,616905,Will 3 Fed rate cuts happen in 2026?,2217539.8369249734,139292.08188,2026-12-31T00:00:00Z
2026-07-18 12:00:16+00:00,0.0115,616905,Will 3 Fed rate cuts happen in 2026?,2217539.8369249734,139292.08188,2026-12-31T00:00:00Z
2026-07-18 13:00:05+00:00,0.0115,616905,Will 3 Fed rate cuts happen in 2026?,2217539.8369249734,139292.08188,2026-12-31T00:00:00Z
2026-07-18 14:00:05+00:00,0.0115,616905,Will 3 Fed rate cuts happen in 2026?,2217539.8369249734,139292.08188,2026-12-31T00:00:00Z
2026-07-18 15:00:04+00:00,0.0115,616905,Will 3 Fed rate cuts happen in 2026?,2217539.8369249734,139292.08188,2026-12-31T00:00:00Z
2026-07-18 16:00:05+00:00,0.0115,616905,Will 3 Fed rate cuts happen in 2026?,2217539.8369249734,139292.08188,2026-12-31T00:00:00Z
2026-07-18 17:00:04+00:00,0.0115,616905,Will 3 Fed rate cuts happen in 2026?,2217539.8369249734,139292.08188,2026-12-31T00:00:00Z
2026-07-18 18:00:05+00:00,0.0115,616905,Will 3 Fed rate cuts happen in 2026?,2217539.8369249734,139292.08188,2026-12-31T00:00:00Z
2026-07-18 19:00:03+00:00,0.0115,616905,Will 3 Fed rate cuts happen in 2026?,2217539.8369249734,139292.08188,2026-12-31T00:00:00Z
2026-07-18 20:00:05+00:00,0.0115,616905,Will 3 Fed rate cuts happen in 2026?,2217539.8369249734,139292.08188,2026-12-31T00:00:00Z
2026-07-18 21:00:05+00:00,0.0115,616905,Will 3 Fed rate cuts happen in 2026?,2217539.8369249734,139292.08188,2026-12-31T00:00:00Z
2026-07-18 22:00:04+00:00,0.0115,616905,Will 3 Fed rate cuts happen in 2026?,2217539.8369249734,139292.08188,2026-12-31T00:00:00Z
2026-07-18 23:00:04+00:00,0.0115,616905,Will 3 Fed rate cuts happen in 2026?,2217539.8369249734,139292.08188,2026-12-31T00:00:00Z
2026-07-19 00:00:05+00:00,0.0115,616905,Will 3 Fed rate cuts happen in 2026?,2217539.8369249734,139292.08188,2026-12-31T00:00:00Z
2026-07-19 01:00:04+00:00,0.0115,616905,Will 3 Fed rate cuts happen in 2026?,2217539.8369249734,139292.08188,2026-12-31T00:00:00Z
2026-07-19 02:00:05+00:00,0.0115,616905,Will 3 Fed rate cuts happen in 2026?,2217539.8369249734,139292.08188,2026-12-31T00:00:00Z
2026-07-19 03:00:03+00:00,0.0115,616905,Will 3 Fed rate cuts happen in 2026?,2217539.8369249734,139292.08188,2026-12-31T00:00:00Z
2026-07-19 04:00:03+00:00,0.0115,616905,Will 3 Fed rate cuts happen in 2026?,2217539.8369249734,139292.08188,2026-12-31T00:00:00Z
2026-07-19 05:00:05+00:00,0.0115,616905,Will 3 Fed rate cuts happen in 2026?,2217539.8369249734,139292.08188,2026-12-31T00:00:00Z
2026-07-19 06:00:06+00:00,0.0115,616905,Will 3 Fed rate cuts happen in 2026?,2217539.8369249734,139292.08188,2026-12-31T00:00:00Z
2026-07-19 07:00:04+00:00,0.0115,616905,Will 3 Fed rate cuts happen in 2026?,2217539.8369249734,139292.08188,2026-12-31T00:00:00Z
2026-07-19 08:00:05+00:00,0.0115,616905,Will 3 Fed rate cuts happen in 2026?,2217539.8369249734,139292.08188,2026-12-31T00:00:00Z
2026-07-19 09:00:04+00:00,0.0115,616905,Will 3 Fed rate cuts happen in 2026?,2217539.8369249734,139292.08188,2026-12-31T00:00:00Z
2026-07-19 10:00:04+00:00,0.0115,616905,Will 3 Fed rate cuts happen in 2026?,2217539.8369249734,139292.08188,2026-12-31T00:00:00Z
2026-07-19 11:00:04+00:00,0.0115,616905,Will 3 Fed rate cuts happen in 2026?,2217539.8369249734,139292.08188,2026-12-31T00:00:00Z
2026-07-19 12:00:04+00:00,0.0115,616905,Will 3 Fed rate cuts happen in 2026?,2217539.8369249734,139292.08188,2026-12-31T00:00:00Z
2026-07-19 13:00:06+00:00,0.0115,616905,Will 3 Fed rate cuts happen in 2026?,2217539.8369249734,139292.08188,2026-12-31T00:00:00Z
2026-07-19 14:00:05+00:00,0.0115,616905,Will 3 Fed rate cuts happen in 2026?,2217539.8369249734,139292.08188,2026-12-31T00:00:00Z
2026-07-19 15:00:04+00:00,0.0115,616905,Will 3 Fed rate cuts happen in 2026?,2217539.8369249734,139292.08188,2026-12-31T00:00:00Z
2026-07-19 16:00:20+00:00,0.01,616905,Will 3 Fed rate cuts happen in 2026?,2217539.8369249734,139292.08188,2026-12-31T00:00:00Z
2026-07-19 17:00:07+00:00,0.01,616905,Will 3 Fed rate cuts happen in 2026?,2217539.8369249734,139292.08188,2026-12-31T00:00:00Z
2026-07-19 18:00:04+00:00,0.01,616905,Will 3 Fed rate cuts happen in 2026?,2217539.8369249734,139292.08188,2026-12-31T00:00:00Z
2026-07-19 19:00:05+00:00,0.01,616905,Will 3 Fed rate cuts happen in 2026?,2217539.8369249734,139292.08188,2026-12-31T00:00:00Z
2026-07-19 20:00:06+00:00,0.01,616905,Will 3 Fed rate cuts happen in 2026?,2217539.8369249734,139292.08188,2026-12-31T00:00:00Z
2026-07-19 21:00:18+00:00,0.011,616905,Will 3 Fed rate cuts happen in 2026?,2217539.8369249734,139292.08188,2026-12-31T00:00:00Z
2026-07-19 22:00:04+00:00,0.011,616905,Will 3 Fed rate cuts happen in 2026?,2217539.8369249734,139292.08188,2026-12-31T00:00:00Z
2026-07-19 23:00:04+00:00,0.011,616905,Will 3 Fed rate cuts happen in 2026?,2217539.8369249734,139292.08188,2026-12-31T00:00:00Z
2026-07-20 00:00:18+00:00,0.011,616905,Will 3 Fed rate cuts happen in 2026?,2217539.8369249734,139292.08188,2026-12-31T00:00:00Z
2026-07-20 01:00:06+00:00,0.0105,616905,Will 3 Fed rate cuts happen in 2026?,2217539.8369249734,139292.08188,2026-12-31T00:00:00Z
2026-07-20 02:00:05+00:00,0.0105,616905,Will 3 Fed rate cuts happen in 2026?,2217539.8369249734,139292.08188,2026-12-31T00:00:00Z
2026-07-20 03:00:04+00:00,0.0105,616905,Will 3 Fed rate cuts happen in 2026?,2217539.8369249734,139292.08188,2026-12-31T00:00:00Z
2026-07-20 04:00:04+00:00,0.0105,616905,Will 3 Fed rate cuts happen in 2026?,2217539.8369249734,139292.08188,2026-12-31T00:00:00Z
2026-07-20 05:00:17+00:00,0.0105,616905,Will 3 Fed rate cuts happen in 2026?,2217539.8369249734,139292.08188,2026-12-31T00:00:00Z
2026-07-20 06:00:06+00:00,0.0105,616905,Will 3 Fed rate cuts happen in 2026?,2217539.8369249734,139292.08188,2026-12-31T00:00:00Z
2026-07-20 07:00:04+00:00,0.01,616905,Will 3 Fed rate cuts happen in 2026?,2217539.8369249734,139292.08188,2026-12-31T00:00:00Z
2026-07-20 08:00:04+00:00,0.01,616905,Will 3 Fed rate cuts happen in 2026?,2217539.8369249734,139292.08188,2026-12-31T00:00:00Z
2026-07-20 09:00:04+00:00,0.01,616905,Will 3 Fed rate cuts happen in 2026?,2217539.8369249734,139292.08188,2026-12-31T00:00:00Z
2026-07-20 10:00:04+00:00,0.0105,616905,Will 3 Fed rate cuts happen in 2026?,2217539.8369249734,139292.08188,2026-12-31T00:00:00Z
2026-07-20 11:00:07+00:00,0.0105,616905,Will 3 Fed rate cuts happen in 2026?,2217539.8369249734,139292.08188,2026-12-31T00:00:00Z
2026-07-20 12:00:04+00:00,0.0105,616905,Will 3 Fed rate cuts happen in 2026?,2217539.8369249734,139292.08188,2026-12-31T00:00:00Z
2026-07-20 13:00:08+00:00,0.0105,616905,Will 3 Fed rate cuts happen in 2026?,2217539.8369249734,139292.08188,2026-12-31T00:00:00Z
2026-07-20 14:00:04+00:00,0.0105,616905,Will 3 Fed rate cuts happen in 2026?,2217539.8369249734,139292.08188,2026-12-31T00:00:00Z
2026-07-20 15:00:08+00:00,0.01,616905,Will 3 Fed rate cuts happen in 2026?,2217539.8369249734,139292.08188,2026-12-31T00:00:00Z
2026-07-20 16:00:07+00:00,0.0085,616905,Will 3 Fed rate cuts happen in 2026?,2217539.8369249734,139292.08188,2026-12-31T00:00:00Z
2026-07-20 17:00:12+00:00,0.0085,616905,Will 3 Fed rate cuts happen in 2026?,2217539.8369249734,139292.08188,2026-12-31T00:00:00Z
2026-07-20 18:00:04+00:00,0.0085,616905,Will 3 Fed rate cuts happen in 2026?,2217539.8369249734,139292.08188,2026-12-31T00:00:00Z
2026-07-20 19:00:05+00:00,0.0075,616905,Will 3 Fed rate cuts happen in 2026?,2217539.8369249734,139292.08188,2026-12-31T00:00:00Z
2026-07-20 20:00:18+00:00,0.007,616905,Will 3 Fed rate cuts happen in 2026?,2217539.8369249734,139292.08188,2026-12-31T00:00:00Z
2026-07-20 21:00:07+00:00,0.007,616905,Will 3 Fed rate cuts happen in 2026?,2217539.8369249734,139292.08188,2026-12-31T00:00:00Z
2026-07-20 22:00:04+00:00,0.007,616905,Will 3 Fed rate cuts happen in 2026?,2217539.8369249734,139292.08188,2026-12-31T00:00:00Z
2026-07-20 23:00:04+00:00,0.007,616905,Will 3 Fed rate cuts happen in 2026?,2217539.8369249734,139292.08188,2026-12-31T00:00:00Z
2026-07-21 00:00:06+00:00,0.007,616905,Will 3 Fed rate cuts happen in 2026?,2217539.8369249734,139292.08188,2026-12-31T00:00:00Z
2026-07-21 01:00:08+00:00,0.007,616905,Will 3 Fed rate cuts happen in 2026?,2217539.8369249734,139292.08188,2026-12-31T00:00:00Z
2026-07-21 02:00:06+00:00,0.007,616905,Will 3 Fed rate cuts happen in 2026?,2217539.8369249734,139292.08188,2026-12-31T00:00:00Z
2026-07-21 03:00:06+00:00,0.007,616905,Will 3 Fed rate cuts happen in 2026?,2217539.8369249734,139292.08188,2026-12-31T00:00:00Z
2026-07-21 04:00:21+00:00,0.007,616905,Will 3 Fed rate cuts happen in 2026?,2217539.8369249734,139292.08188,2026-12-31T00:00:00Z
2026-07-21 05:00:04+00:00,0.007,616905,Will 3 Fed rate cuts happen in 2026?,2217539.8369249734,139292.08188,2026-12-31T00:00:00Z
2026-07-21 06:00:06+00:00,0.0075,616905,Will 3 Fed rate cuts happen in 2026?,2217539.8369249734,139292.08188,2026-12-31T00:00:00Z
2026-07-21 07:00:05+00:00,0.0075,616905,Will 3 Fed rate cuts happen in 2026?,2217539.8369249734,139292.08188,2026-12-31T00:00:00Z
2026-07-21 08:00:04+00:00,0.0075,616905,Will 3 Fed rate cuts happen in 2026?,2217539.8369249734,139292.08188,2026-12-31T00:00:00Z
2026-07-21 09:00:06+00:00,0.0075,616905,Will 3 Fed rate cuts happen in 2026?,2217539.8369249734,139292.08188,2026-12-31T00:00:00Z
2026-07-21 10:00:05+00:00,0.007,616905,Will 3 Fed rate cuts happen in 2026?,2217539.8369249734,139292.08188,2026-12-31T00:00:00Z
2026-07-21 11:00:04+00:00,0.0075,616905,Will 3 Fed rate cuts happen in 2026?,2217539.8369249734,139292.08188,2026-12-31T00:00:00Z
2026-07-21 12:00:06+00:00,0.0075,616905,Will 3 Fed rate cuts happen in 2026?,2217539.8369249734,139292.08188,2026-12-31T00:00:00Z
2026-07-21 13:00:05+00:00,0.0075,616905,Will 3 Fed rate cuts happen in 2026?,2217539.8369249734,139292.08188,2026-12-31T00:00:00Z
2026-07-21 14:00:04+00:00,0.0075,616905,Will 3 Fed rate cuts happen in 2026?,2217539.8369249734,139292.08188,2026-12-31T00:00:00Z
2026-07-21 15:00:17+00:00,0.0075,616905,Will 3 Fed rate cuts happen in 2026?,2217539.8369249734,139292.08188,2026-12-31T00:00:00Z
2026-07-21 16:00:05+00:00,0.0075,616905,Will 3 Fed rate cuts happen in 2026?,2217539.8369249734,139292.08188,2026-12-31T00:00:00Z
2026-07-21 17:00:04+00:00,0.0075,616905,Will 3 Fed rate cuts happen in 2026?,2217539.8369249734,139292.08188,2026-12-31T00:00:00Z
2026-07-21 18:00:08+00:00,0.0075,616905,Will 3 Fed rate cuts happen in 2026?,2217539.8369249734,139292.08188,2026-12-31T00:00:00Z
2026-07-21 19:00:04+00:00,0.0075,616905,Will 3 Fed rate cuts happen in 2026?,2217539.8369249734,139292.08188,2026-12-31T00:00:00Z
2026-07-21 20:00:05+00:00,0.0075,616905,Will 3 Fed rate cuts happen in 2026?,2217539.8369249734,139292.08188,2026-12-31T00:00:00Z
2026-07-21 21:00:04+00:00,0.0075,616905,Will 3 Fed rate cuts happen in 2026?,2217539.8369249734,139292.08188,2026-12-31T00:00:00Z
2026-07-21 22:00:04+00:00,0.0075,616905,Will 3 Fed rate cuts happen in 2026?,2217539.8369249734,139292.08188,2026-12-31T00:00:00Z
2026-07-21 23:00:17+00:00,0.0075,616905,Will 3 Fed rate cuts happen in 2026?,2217539.8369249734,139292.08188,2026-12-31T00:00:00Z
2026-07-22 00:00:05+00:00,0.0075,616905,Will 3 Fed rate cuts happen in 2026?,2217539.8369249734,139292.08188,2026-12-31T00:00:00Z
2026-07-22 01:00:06+00:00,0.0075,616905,Will 3 Fed rate cuts happen in 2026?,2217539.8369249734,139292.08188,2026-12-31T00:00:00Z
2026-07-22 02:00:06+00:00,0.0075,616905,Will 3 Fed rate cuts happen in 2026?,2217539.8369249734,139292.08188,2026-12-31T00:00:00Z
2026-07-22 03:00:06+00:00,0.008,616905,Will 3 Fed rate cuts happen in 2026?,2217539.8369249734,139292.08188,2026-12-31T00:00:00Z
2026-07-22 04:00:04+00:00,0.008,616905,Will 3 Fed rate cuts happen in 2026?,2217539.8369249734,139292.08188,2026-12-31T00:00:00Z
2026-07-22 05:00:04+00:00,0.008,616905,Will 3 Fed rate cuts happen in 2026?,2217539.8369249734,139292.08188,2026-12-31T00:00:00Z
2026-07-22 06:00:20+00:00,0.008,616905,Will 3 Fed rate cuts happen in 2026?,2217539.8369249734,139292.08188,2026-12-31T00:00:00Z
2026-07-22 07:00:04+00:00,0.008,616905,Will 3 Fed rate cuts happen in 2026?,2217539.8369249734,139292.08188,2026-12-31T00:00:00Z
2026-07-22 08:00:04+00:00,0.008,616905,Will 3 Fed rate cuts happen in 2026?,2217539.8369249734,139292.08188,2026-12-31T00:00:00Z
2026-07-22 09:00:05+00:00,0.008,616905,Will 3 Fed rate cuts happen in 2026?,2217539.8369249734,139292.08188,2026-12-31T00:00:00Z
2026-07-22 10:00:05+00:00,0.0075,616905,Will 3 Fed rate cuts happen in 2026?,2217539.8369249734,139292.08188,2026-12-31T00:00:00Z
2026-07-22 11:00:05+00:00,0.0075,616905,Will 3 Fed rate cuts happen in 2026?,2217539.8369249734,139292.08188,2026-12-31T00:00:00Z
2026-07-22 12:00:04+00:00,0.0075,616905,Will 3 Fed rate cuts happen in 2026?,2217539.8369249734,139292.08188,2026-12-31T00:00:00Z
2026-07-22 13:00:05+00:00,0.008,616905,Will 3 Fed rate cuts happen in 2026?,2217539.8369249734,139292.08188,2026-12-31T00:00:00Z
2026-07-22 14:00:04+00:00,0.0095,616905,Will 3 Fed rate cuts happen in 2026?,2217539.8369249734,139292.08188,2026-12-31T00:00:00Z
2026-07-22 15:00:06+00:00,0.0135,616905,Will 3 Fed rate cuts happen in 2026?,2217539.8369249734,139292.08188,2026-12-31T00:00:00Z
2026-07-22 16:00:05+00:00,0.0135,616905,Will 3 Fed rate cuts happen in 2026?,2217539.8369249734,139292.08188,2026-12-31T00:00:00Z
2026-07-22 17:00:06+00:00,0.0135,616905,Will 3 Fed rate cuts happen in 2026?,2217539.8369249734,139292.08188,2026-12-31T00:00:00Z
2026-07-22 18:00:05+00:00,0.0135,616905,Will 3 Fed rate cuts happen in 2026?,2217539.8369249734,139292.08188,2026-12-31T00:00:00Z
2026-07-22 19:00:04+00:00,0.0135,616905,Will 3 Fed rate cuts happen in 2026?,2217539.8369249734,139292.08188,2026-12-31T00:00:00Z
2026-07-22 20:00:07+00:00,0.0135,616905,Will 3 Fed rate cuts happen in 2026?,2217539.8369249734,139292.08188,2026-12-31T00:00:00Z
2026-07-22 21:00:06+00:00,0.0125,616905,Will 3 Fed rate cuts happen in 2026?,2217539.8369249734,139292.08188,2026-12-31T00:00:00Z
2026-07-22 22:00:06+00:00,0.0125,616905,Will 3 Fed rate cuts happen in 2026?,2217539.8369249734,139292.08188,2026-12-31T00:00:00Z
2026-07-22 23:00:06+00:00,0.0125,616905,Will 3 Fed rate cuts happen in 2026?,2217539.8369249734,139292.08188,2026-12-31T00:00:00Z
2026-07-23 00:00:07+00:00,0.0125,616905,Will 3 Fed rate cuts happen in 2026?,2217539.8369249734,139292.08188,2026-12-31T00:00:00Z
2026-07-23 01:00:20+00:00,0.0125,616905,Will 3 Fed rate cuts happen in 2026?,2217539.8369249734,139292.08188,2026-12-31T00:00:00Z
2026-07-23 02:00:06+00:00,0.0125,616905,Will 3 Fed rate cuts happen in 2026?,2217539.8369249734,139292.08188,2026-12-31T00:00:00Z
2026-07-23 03:00:06+00:00,0.0125,616905,Will 3 Fed rate cuts happen in 2026?,2217539.8369249734,139292.08188,2026-12-31T00:00:00Z
2026-07-23 04:00:08+00:00,0.0125,616905,Will 3 Fed rate cuts happen in 2026?,2217539.8369249734,139292.08188,2026-12-31T00:00:00Z
2026-07-23 05:00:07+00:00,0.0125,616905,Will 3 Fed rate cuts happen in 2026?,2217539.8369249734,139292.08188,2026-12-31T00:00:00Z
2026-07-23 06:00:07+00:00,0.0125,616905,Will 3 Fed rate cuts happen in 2026?,2217539.8369249734,139292.08188,2026-12-31T00:00:00Z
2026-07-23 07:00:07+00:00,0.0125,616905,Will 3 Fed rate cuts happen in 2026?,2217539.8369249734,139292.08188,2026-12-31T00:00:00Z
2026-07-23 08:00:04+00:00,0.0125,616905,Will 3 Fed rate cuts happen in 2026?,2217539.8369249734,139292.08188,2026-12-31T00:00:00Z
2026-07-23 09:00:04+00:00,0.012,616905,Will 3 Fed rate cuts happen in 2026?,2217539.8369249734,139292.08188,2026-12-31T00:00:00Z
2026-07-23 10:00:04+00:00,0.012,616905,Will 3 Fed rate cuts happen in 2026?,2217539.8369249734,139292.08188,2026-12-31T00:00:00Z
2026-07-23 11:00:04+00:00,0.012,616905,Will 3 Fed rate cuts happen in 2026?,2217539.8369249734,139292.08188,2026-12-31T00:00:00Z
2026-07-23 12:00:08+00:00,0.012,616905,Will 3 Fed rate cuts happen in 2026?,2217539.8369249734,139292.08188,2026-12-31T00:00:00Z
2026-07-23 13:00:05+00:00,0.0115,616905,Will 3 Fed rate cuts happen in 2026?,2217539.8369249734,139292.08188,2026-12-31T00:00:00Z
2026-07-23 14:00:05+00:00,0.0115,616905,Will 3 Fed rate cuts happen in 2026?,2217539.8369249734,139292.08188,2026-12-31T00:00:00Z
2026-07-23 15:00:06+00:00,0.0115,616905,Will 3 Fed rate cuts happen in 2026?,2217539.8369249734,139292.08188,2026-12-31T00:00:00Z
2026-07-23 16:00:06+00:00,0.011,616905,Will 3 Fed rate cuts happen in 2026?,2217539.8369249734,139292.08188,2026-12-31T00:00:00Z
2026-07-23 17:00:05+00:00,0.011,616905,Will 3 Fed rate cuts happen in 2026?,2217539.8369249734,139292.08188,2026-12-31T00:00:00Z
2026-07-23 18:00:05+00:00,0.011,616905,Will 3 Fed rate cuts happen in 2026?,2217539.8369249734,139292.08188,2026-12-31T00:00:00Z
2026-07-23 19:00:07+00:00,0.011,616905,Will 3 Fed rate cuts happen in 2026?,2217539.8369249734,139292.08188,2026-12-31T00:00:00Z
2026-07-23 20:00:08+00:00,0.011,616905,Will 3 Fed rate cuts happen in 2026?,2217539.8369249734,139292.08188,2026-12-31T00:00:00Z
2026-07-23 21:00:06+00:00,0.011,616905,Will 3 Fed rate cuts happen in 2026?,2217539.8369249734,139292.08188,2026-12-31T00:00:00Z
2026-07-23 22:00:08+00:00,0.011,616905,Will 3 Fed rate cuts happen in 2026?,2217539.8369249734,139292.08188,2026-12-31T00:00:00Z
2026-07-23 23:00:07+00:00,0.011,616905,Will 3 Fed rate cuts happen in 2026?,2217539.8369249734,139292.08188,2026-12-31T00:00:00Z
2026-07-24 00:00:05+00:00,0.011,616905,Will 3 Fed rate cuts happen in 2026?,2217539.8369249734,139292.08188,2026-12-31T00:00:00Z
2026-07-24 01:00:05+00:00,0.011,616905,Will 3 Fed rate cuts happen in 2026?,2217539.8369249734,139292.08188,2026-12-31T00:00:00Z
2026-07-24 02:00:07+00:00,0.011,616905,Will 3 Fed rate cuts happen in 2026?,2217539.8369249734,139292.08188,2026-12-31T00:00:00Z
2026-07-24 03:00:06+00:00,0.011,616905,Will 3 Fed rate cuts happen in 2026?,2217539.8369249734,139292.08188,2026-12-31T00:00:00Z
2026-07-24 04:00:05+00:00,0.011,616905,Will 3 Fed rate cuts happen in 2026?,2217539.8369249734,139292.08188,2026-12-31T00:00:00Z
2026-07-24 05:00:04+00:00,0.011,616905,Will 3 Fed rate cuts happen in 2026?,2217539.8369249734,139292.08188,2026-12-31T00:00:00Z
2026-07-24 06:00:05+00:00,0.011,616905,Will 3 Fed rate cuts happen in 2026?,2217539.8369249734,139292.08188,2026-12-31T00:00:00Z
2026-07-24 07:00:04+00:00,0.011,616905,Will 3 Fed rate cuts happen in 2026?,2217539.8369249734,139292.08188,2026-12-31T00:00:00Z
2026-07-24 08:00:05+00:00,0.011,616905,Will 3 Fed rate cuts happen in 2026?,2217539.8369249734,139292.08188,2026-12-31T00:00:00Z
2026-07-24 09:00:06+00:00,0.011,616905,Will 3 Fed rate cuts happen in 2026?,2217539.8369249734,139292.08188,2026-12-31T00:00:00Z
2026-07-24 09:38:06+00:00,0.011,616905,Will 3 Fed rate cuts happen in 2026?,2217539.8369249734,139292.08188,2026-12-31T00:00:00Z
2026-07-10 10:00:17+00:00,0.0045,616906,Will 4 Fed rate cuts happen in 2026?,2192055.766380967,186488.93822,2026-12-31T00:00:00Z
2026-07-10 11:00:04+00:00,0.0045,616906,Will 4 Fed rate cuts happen in 2026?,2192055.766380967,186488.93822,2026-12-31T00:00:00Z
2026-07-10 12:00:04+00:00,0.0045,616906,Will 4 Fed rate cuts happen in 2026?,2192055.766380967,186488.93822,2026-12-31T00:00:00Z
2026-07-10 13:00:04+00:00,0.0045,616906,Will 4 Fed rate cuts happen in 2026?,2192055.766380967,186488.93822,2026-12-31T00:00:00Z
2026-07-10 14:00:04+00:00,0.0045,616906,Will 4 Fed rate cuts happen in 2026?,2192055.766380967,186488.93822,2026-12-31T00:00:00Z
2026-07-10 15:00:05+00:00,0.0045,616906,Will 4 Fed rate cuts happen in 2026?,2192055.766380967,186488.93822,2026-12-31T00:00:00Z
2026-07-10 16:00:05+00:00,0.0045,616906,Will 4 Fed rate cuts happen in 2026?,2192055.766380967,186488.93822,2026-12-31T00:00:00Z
2026-07-10 17:00:04+00:00,0.0045,616906,Will 4 Fed rate cuts happen in 2026?,2192055.766380967,186488.93822,2026-12-31T00:00:00Z
2026-07-10 18:00:03+00:00,0.0045,616906,Will 4 Fed rate cuts happen in 2026?,2192055.766380967,186488.93822,2026-12-31T00:00:00Z
2026-07-10 19:00:04+00:00,0.0045,616906,Will 4 Fed rate cuts happen in 2026?,2192055.766380967,186488.93822,2026-12-31T00:00:00Z
2026-07-10 20:00:04+00:00,0.0045,616906,Will 4 Fed rate cuts happen in 2026?,2192055.766380967,186488.93822,2026-12-31T00:00:00Z
2026-07-10 21:00:03+00:00,0.0045,616906,Will 4 Fed rate cuts happen in 2026?,2192055.766380967,186488.93822,2026-12-31T00:00:00Z
2026-07-10 23:00:20+00:00,0.0045,616906,Will 4 Fed rate cuts happen in 2026?,2192055.766380967,186488.93822,2026-12-31T00:00:00Z
2026-07-11 00:00:06+00:00,0.0045,616906,Will 4 Fed rate cuts happen in 2026?,2192055.766380967,186488.93822,2026-12-31T00:00:00Z
2026-07-11 01:00:04+00:00,0.0045,616906,Will 4 Fed rate cuts happen in 2026?,2192055.766380967,186488.93822,2026-12-31T00:00:00Z
2026-07-11 02:00:04+00:00,0.0045,616906,Will 4 Fed rate cuts happen in 2026?,2192055.766380967,186488.93822,2026-12-31T00:00:00Z
2026-07-11 03:00:03+00:00,0.0045,616906,Will 4 Fed rate cuts happen in 2026?,2192055.766380967,186488.93822,2026-12-31T00:00:00Z
2026-07-11 04:00:06+00:00,0.0045,616906,Will 4 Fed rate cuts happen in 2026?,2192055.766380967,186488.93822,2026-12-31T00:00:00Z
2026-07-11 05:00:05+00:00,0.0045,616906,Will 4 Fed rate cuts happen in 2026?,2192055.766380967,186488.93822,2026-12-31T00:00:00Z
2026-07-11 06:00:04+00:00,0.0045,616906,Will 4 Fed rate cuts happen in 2026?,2192055.766380967,186488.93822,2026-12-31T00:00:00Z
2026-07-11 07:00:05+00:00,0.0045,616906,Will 4 Fed rate cuts happen in 2026?,2192055.766380967,186488.93822,2026-12-31T00:00:00Z
2026-07-11 08:00:05+00:00,0.0045,616906,Will 4 Fed rate cuts happen in 2026?,2192055.766380967,186488.93822,2026-12-31T00:00:00Z
2026-07-11 09:00:04+00:00,0.0045,616906,Will 4 Fed rate cuts happen in 2026?,2192055.766380967,186488.93822,2026-12-31T00:00:00Z
2026-07-11 10:00:04+00:00,0.0045,616906,Will 4 Fed rate cuts happen in 2026?,2192055.766380967,186488.93822,2026-12-31T00:00:00Z
2026-07-11 11:00:04+00:00,0.0045,616906,Will 4 Fed rate cuts happen in 2026?,2192055.766380967,186488.93822,2026-12-31T00:00:00Z
2026-07-11 12:00:04+00:00,0.0045,616906,Will 4 Fed rate cuts happen in 2026?,2192055.766380967,186488.93822,2026-12-31T00:00:00Z
2026-07-11 13:00:04+00:00,0.0045,616906,Will 4 Fed rate cuts happen in 2026?,2192055.766380967,186488.93822,2026-12-31T00:00:00Z
2026-07-11 14:00:04+00:00,0.0045,616906,Will 4 Fed rate cuts happen in 2026?,2192055.766380967,186488.93822,2026-12-31T00:00:00Z
2026-07-11 15:00:04+00:00,0.0045,616906,Will 4 Fed rate cuts happen in 2026?,2192055.766380967,186488.93822,2026-12-31T00:00:00Z
2026-07-11 16:00:04+00:00,0.0045,616906,Will 4 Fed rate cuts happen in 2026?,2192055.766380967,186488.93822,2026-12-31T00:00:00Z
2026-07-11 17:00:03+00:00,0.0045,616906,Will 4 Fed rate cuts happen in 2026?,2192055.766380967,186488.93822,2026-12-31T00:00:00Z
2026-07-11 18:00:05+00:00,0.0045,616906,Will 4 Fed rate cuts happen in 2026?,2192055.766380967,186488.93822,2026-12-31T00:00:00Z
2026-07-11 19:00:04+00:00,0.0045,616906,Will 4 Fed rate cuts happen in 2026?,2192055.766380967,186488.93822,2026-12-31T00:00:00Z
2026-07-11 20:00:05+00:00,0.0045,616906,Will 4 Fed rate cuts happen in 2026?,2192055.766380967,186488.93822,2026-12-31T00:00:00Z
2026-07-11 21:00:04+00:00,0.0045,616906,Will 4 Fed rate cuts happen in 2026?,2192055.766380967,186488.93822,2026-12-31T00:00:00Z
2026-07-11 22:00:03+00:00,0.0045,616906,Will 4 Fed rate cuts happen in 2026?,2192055.766380967,186488.93822,2026-12-31T00:00:00Z
2026-07-11 23:00:03+00:00,0.0045,616906,Will 4 Fed rate cuts happen in 2026?,2192055.766380967,186488.93822,2026-12-31T00:00:00Z
2026-07-12 00:00:18+00:00,0.0045,616906,Will 4 Fed rate cuts happen in 2026?,2192055.766380967,186488.93822,2026-12-31T00:00:00Z
2026-07-12 01:00:04+00:00,0.0045,616906,Will 4 Fed rate cuts happen in 2026?,2192055.766380967,186488.93822,2026-12-31T00:00:00Z
2026-07-12 02:00:05+00:00,0.0045,616906,Will 4 Fed rate cuts happen in 2026?,2192055.766380967,186488.93822,2026-12-31T00:00:00Z
2026-07-12 03:00:04+00:00,0.0045,616906,Will 4 Fed rate cuts happen in 2026?,2192055.766380967,186488.93822,2026-12-31T00:00:00Z
2026-07-12 04:00:04+00:00,0.0045,616906,Will 4 Fed rate cuts happen in 2026?,2192055.766380967,186488.93822,2026-12-31T00:00:00Z
2026-07-12 05:00:03+00:00,0.0045,616906,Will 4 Fed rate cuts happen in 2026?,2192055.766380967,186488.93822,2026-12-31T00:00:00Z
2026-07-12 06:00:03+00:00,0.0045,616906,Will 4 Fed rate cuts happen in 2026?,2192055.766380967,186488.93822,2026-12-31T00:00:00Z
2026-07-12 07:00:07+00:00,0.0045,616906,Will 4 Fed rate cuts happen in 2026?,2192055.766380967,186488.93822,2026-12-31T00:00:00Z
2026-07-12 08:00:03+00:00,0.0045,616906,Will 4 Fed rate cuts happen in 2026?,2192055.766380967,186488.93822,2026-12-31T00:00:00Z
2026-07-12 09:00:03+00:00,0.0045,616906,Will 4 Fed rate cuts happen in 2026?,2192055.766380967,186488.93822,2026-12-31T00:00:00Z
2026-07-12 10:00:04+00:00,0.0045,616906,Will 4 Fed rate cuts happen in 2026?,2192055.766380967,186488.93822,2026-12-31T00:00:00Z
2026-07-12 11:00:18+00:00,0.0045,616906,Will 4 Fed rate cuts happen in 2026?,2192055.766380967,186488.93822,2026-12-31T00:00:00Z
2026-07-12 12:00:07+00:00,0.0045,616906,Will 4 Fed rate cuts happen in 2026?,2192055.766380967,186488.93822,2026-12-31T00:00:00Z
2026-07-12 13:00:04+00:00,0.0045,616906,Will 4 Fed rate cuts happen in 2026?,2192055.766380967,186488.93822,2026-12-31T00:00:00Z
2026-07-12 14:00:04+00:00,0.0045,616906,Will 4 Fed rate cuts happen in 2026?,2192055.766380967,186488.93822,2026-12-31T00:00:00Z
2026-07-12 15:00:03+00:00,0.0045,616906,Will 4 Fed rate cuts happen in 2026?,2192055.766380967,186488.93822,2026-12-31T00:00:00Z
2026-07-12 16:00:04+00:00,0.0055,616906,Will 4 Fed rate cuts happen in 2026?,2192055.766380967,186488.93822,2026-12-31T00:00:00Z
2026-07-12 17:00:04+00:00,0.0055,616906,Will 4 Fed rate cuts happen in 2026?,2192055.766380967,186488.93822,2026-12-31T00:00:00Z
2026-07-12 18:00:05+00:00,0.0055,616906,Will 4 Fed rate cuts happen in 2026?,2192055.766380967,186488.93822,2026-12-31T00:00:00Z
2026-07-12 19:00:04+00:00,0.0055,616906,Will 4 Fed rate cuts happen in 2026?,2192055.766380967,186488.93822,2026-12-31T00:00:00Z
2026-07-12 20:00:05+00:00,0.0055,616906,Will 4 Fed rate cuts happen in 2026?,2192055.766380967,186488.93822,2026-12-31T00:00:00Z
2026-07-12 21:00:04+00:00,0.0055,616906,Will 4 Fed rate cuts happen in 2026?,2192055.766380967,186488.93822,2026-12-31T00:00:00Z
2026-07-12 22:00:06+00:00,0.0055,616906,Will 4 Fed rate cuts happen in 2026?,2192055.766380967,186488.93822,2026-12-31T00:00:00Z
2026-07-12 23:00:03+00:00,0.0055,616906,Will 4 Fed rate cuts happen in 2026?,2192055.766380967,186488.93822,2026-12-31T00:00:00Z
2026-07-13 00:00:06+00:00,0.0055,616906,Will 4 Fed rate cuts happen in 2026?,2192055.766380967,186488.93822,2026-12-31T00:00:00Z
2026-07-13 01:00:04+00:00,0.0055,616906,Will 4 Fed rate cuts happen in 2026?,2192055.766380967,186488.93822,2026-12-31T00:00:00Z
2026-07-13 02:00:03+00:00,0.0055,616906,Will 4 Fed rate cuts happen in 2026?,2192055.766380967,186488.93822,2026-12-31T00:00:00Z
2026-07-13 03:00:03+00:00,0.0055,616906,Will 4 Fed rate cuts happen in 2026?,2192055.766380967,186488.93822,2026-12-31T00:00:00Z
2026-07-13 04:00:03+00:00,0.0055,616906,Will 4 Fed rate cuts happen in 2026?,2192055.766380967,186488.93822,2026-12-31T00:00:00Z
2026-07-13 05:00:06+00:00,0.0055,616906,Will 4 Fed rate cuts happen in 2026?,2192055.766380967,186488.93822,2026-12-31T00:00:00Z
2026-07-13 06:00:04+00:00,0.0055,616906,Will 4 Fed rate cuts happen in 2026?,2192055.766380967,186488.93822,2026-12-31T00:00:00Z
2026-07-13 07:00:04+00:00,0.0055,616906,Will 4 Fed rate cuts happen in 2026?,2192055.766380967,186488.93822,2026-12-31T00:00:00Z
2026-07-13 08:00:06+00:00,0.0055,616906,Will 4 Fed rate cuts happen in 2026?,2192055.766380967,186488.93822,2026-12-31T00:00:00Z
2026-07-13 09:00:04+00:00,0.006,616906,Will 4 Fed rate cuts happen in 2026?,2192055.766380967,186488.93822,2026-12-31T00:00:00Z
2026-07-13 10:00:04+00:00,0.006,616906,Will 4 Fed rate cuts happen in 2026?,2192055.766380967,186488.93822,2026-12-31T00:00:00Z
2026-07-13 11:00:03+00:00,0.006,616906,Will 4 Fed rate cuts happen in 2026?,2192055.766380967,186488.93822,2026-12-31T00:00:00Z
2026-07-13 12:00:05+00:00,0.006,616906,Will 4 Fed rate cuts happen in 2026?,2192055.766380967,186488.93822,2026-12-31T00:00:00Z
2026-07-13 13:00:03+00:00,0.006,616906,Will 4 Fed rate cuts happen in 2026?,2192055.766380967,186488.93822,2026-12-31T00:00:00Z
2026-07-13 14:00:18+00:00,0.0055,616906,Will 4 Fed rate cuts happen in 2026?,2192055.766380967,186488.93822,2026-12-31T00:00:00Z
2026-07-13 15:00:21+00:00,0.0045,616906,Will 4 Fed rate cuts happen in 2026?,2192055.766380967,186488.93822,2026-12-31T00:00:00Z
2026-07-13 16:00:04+00:00,0.0055,616906,Will 4 Fed rate cuts happen in 2026?,2192055.766380967,186488.93822,2026-12-31T00:00:00Z
2026-07-13 17:00:05+00:00,0.005,616906,Will 4 Fed rate cuts happen in 2026?,2192055.766380967,186488.93822,2026-12-31T00:00:00Z
2026-07-13 18:00:03+00:00,0.005,616906,Will 4 Fed rate cuts happen in 2026?,2192055.766380967,186488.93822,2026-12-31T00:00:00Z
2026-07-13 19:00:05+00:00,0.0065,616906,Will 4 Fed rate cuts happen in 2026?,2192055.766380967,186488.93822,2026-12-31T00:00:00Z
2026-07-13 20:00:04+00:00,0.0065,616906,Will 4 Fed rate cuts happen in 2026?,2192055.766380967,186488.93822,2026-12-31T00:00:00Z
2026-07-13 21:00:04+00:00,0.0065,616906,Will 4 Fed rate cuts happen in 2026?,2192055.766380967,186488.93822,2026-12-31T00:00:00Z
2026-07-13 22:00:04+00:00,0.0065,616906,Will 4 Fed rate cuts happen in 2026?,2192055.766380967,186488.93822,2026-12-31T00:00:00Z
2026-07-13 23:00:05+00:00,0.0065,616906,Will 4 Fed rate cuts happen in 2026?,2192055.766380967,186488.93822,2026-12-31T00:00:00Z
2026-07-14 00:00:05+00:00,0.0065,616906,Will 4 Fed rate cuts happen in 2026?,2192055.766380967,186488.93822,2026-12-31T00:00:00Z
2026-07-14 01:00:04+00:00,0.0065,616906,Will 4 Fed rate cuts happen in 2026?,2192055.766380967,186488.93822,2026-12-31T00:00:00Z
2026-07-14 02:00:04+00:00,0.0065,616906,Will 4 Fed rate cuts happen in 2026?,2192055.766380967,186488.93822,2026-12-31T00:00:00Z
2026-07-14 03:00:05+00:00,0.0065,616906,Will 4 Fed rate cuts happen in 2026?,2192055.766380967,186488.93822,2026-12-31T00:00:00Z
2026-07-14 04:00:04+00:00,0.0055,616906,Will 4 Fed rate cuts happen in 2026?,2192055.766380967,186488.93822,2026-12-31T00:00:00Z
2026-07-14 05:00:04+00:00,0.0055,616906,Will 4 Fed rate cuts happen in 2026?,2192055.766380967,186488.93822,2026-12-31T00:00:00Z
2026-07-14 06:00:04+00:00,0.0055,616906,Will 4 Fed rate cuts happen in 2026?,2192055.766380967,186488.93822,2026-12-31T00:00:00Z
2026-07-14 07:00:05+00:00,0.0055,616906,Will 4 Fed rate cuts happen in 2026?,2192055.766380967,186488.93822,2026-12-31T00:00:00Z
2026-07-14 08:00:04+00:00,0.0055,616906,Will 4 Fed rate cuts happen in 2026?,2192055.766380967,186488.93822,2026-12-31T00:00:00Z
2026-07-14 09:00:04+00:00,0.0055,616906,Will 4 Fed rate cuts happen in 2026?,2192055.766380967,186488.93822,2026-12-31T00:00:00Z
2026-07-14 10:00:05+00:00,0.0055,616906,Will 4 Fed rate cuts happen in 2026?,2192055.766380967,186488.93822,2026-12-31T00:00:00Z
2026-07-14 11:00:05+00:00,0.0055,616906,Will 4 Fed rate cuts happen in 2026?,2192055.766380967,186488.93822,2026-12-31T00:00:00Z
2026-07-14 12:00:08+00:00,0.0055,616906,Will 4 Fed rate cuts happen in 2026?,2192055.766380967,186488.93822,2026-12-31T00:00:00Z
2026-07-14 13:00:07+00:00,0.005,616906,Will 4 Fed rate cuts happen in 2026?,2192055.766380967,186488.93822,2026-12-31T00:00:00Z
2026-07-14 14:00:11+00:00,0.005,616906,Will 4 Fed rate cuts happen in 2026?,2192055.766380967,186488.93822,2026-12-31T00:00:00Z
2026-07-14 15:00:05+00:00,0.005,616906,Will 4 Fed rate cuts happen in 2026?,2192055.766380967,186488.93822,2026-12-31T00:00:00Z
2026-07-14 16:00:11+00:00,0.005,616906,Will 4 Fed rate cuts happen in 2026?,2192055.766380967,186488.93822,2026-12-31T00:00:00Z
2026-07-14 17:00:11+00:00,0.005,616906,Will 4 Fed rate cuts happen in 2026?,2192055.766380967,186488.93822,2026-12-31T00:00:00Z
2026-07-14 18:00:13+00:00,0.005,616906,Will 4 Fed rate cuts happen in 2026?,2192055.766380967,186488.93822,2026-12-31T00:00:00Z
2026-07-14 19:00:05+00:00,0.005,616906,Will 4 Fed rate cuts happen in 2026?,2192055.766380967,186488.93822,2026-12-31T00:00:00Z
2026-07-14 20:00:05+00:00,0.0045,616906,Will 4 Fed rate cuts happen in 2026?,2192055.766380967,186488.93822,2026-12-31T00:00:00Z
2026-07-14 21:00:03+00:00,0.0045,616906,Will 4 Fed rate cuts happen in 2026?,2192055.766380967,186488.93822,2026-12-31T00:00:00Z
2026-07-14 22:00:03+00:00,0.0035,616906,Will 4 Fed rate cuts happen in 2026?,2192055.766380967,186488.93822,2026-12-31T00:00:00Z
2026-07-14 23:00:05+00:00,0.0035,616906,Will 4 Fed rate cuts happen in 2026?,2192055.766380967,186488.93822,2026-12-31T00:00:00Z
2026-07-15 00:00:05+00:00,0.0035,616906,Will 4 Fed rate cuts happen in 2026?,2192055.766380967,186488.93822,2026-12-31T00:00:00Z
2026-07-15 01:00:05+00:00,0.0035,616906,Will 4 Fed rate cuts happen in 2026?,2192055.766380967,186488.93822,2026-12-31T00:00:00Z
2026-07-15 02:00:08+00:00,0.0035,616906,Will 4 Fed rate cuts happen in 2026?,2192055.766380967,186488.93822,2026-12-31T00:00:00Z
2026-07-15 03:00:03+00:00,0.0035,616906,Will 4 Fed rate cuts happen in 2026?,2192055.766380967,186488.93822,2026-12-31T00:00:00Z
2026-07-15 04:00:04+00:00,0.004,616906,Will 4 Fed rate cuts happen in 2026?,2192055.766380967,186488.93822,2026-12-31T00:00:00Z
2026-07-15 05:00:19+00:00,0.0035,616906,Will 4 Fed rate cuts happen in 2026?,2192055.766380967,186488.93822,2026-12-31T00:00:00Z
2026-07-15 06:00:04+00:00,0.004,616906,Will 4 Fed rate cuts happen in 2026?,2192055.766380967,186488.93822,2026-12-31T00:00:00Z
2026-07-15 07:00:17+00:00,0.004,616906,Will 4 Fed rate cuts happen in 2026?,2192055.766380967,186488.93822,2026-12-31T00:00:00Z
2026-07-15 08:00:20+00:00,0.004,616906,Will 4 Fed rate cuts happen in 2026?,2192055.766380967,186488.93822,2026-12-31T00:00:00Z
2026-07-15 09:00:05+00:00,0.004,616906,Will 4 Fed rate cuts happen in 2026?,2192055.766380967,186488.93822,2026-12-31T00:00:00Z
2026-07-15 10:00:04+00:00,0.004,616906,Will 4 Fed rate cuts happen in 2026?,2192055.766380967,186488.93822,2026-12-31T00:00:00Z
2026-07-15 11:00:07+00:00,0.004,616906,Will 4 Fed rate cuts happen in 2026?,2192055.766380967,186488.93822,2026-12-31T00:00:00Z
2026-07-15 12:00:17+00:00,0.0045,616906,Will 4 Fed rate cuts happen in 2026?,2192055.766380967,186488.93822,2026-12-31T00:00:00Z
2026-07-15 13:00:05+00:00,0.0045,616906,Will 4 Fed rate cuts happen in 2026?,2192055.766380967,186488.93822,2026-12-31T00:00:00Z
2026-07-15 14:00:05+00:00,0.0065,616906,Will 4 Fed rate cuts happen in 2026?,2192055.766380967,186488.93822,2026-12-31T00:00:00Z
2026-07-15 15:00:07+00:00,0.0065,616906,Will 4 Fed rate cuts happen in 2026?,2192055.766380967,186488.93822,2026-12-31T00:00:00Z
2026-07-15 16:00:05+00:00,0.0055,616906,Will 4 Fed rate cuts happen in 2026?,2192055.766380967,186488.93822,2026-12-31T00:00:00Z
2026-07-15 17:00:05+00:00,0.0045,616906,Will 4 Fed rate cuts happen in 2026?,2192055.766380967,186488.93822,2026-12-31T00:00:00Z
2026-07-15 18:00:07+00:00,0.0045,616906,Will 4 Fed rate cuts happen in 2026?,2192055.766380967,186488.93822,2026-12-31T00:00:00Z
2026-07-15 19:00:08+00:00,0.0045,616906,Will 4 Fed rate cuts happen in 2026?,2192055.766380967,186488.93822,2026-12-31T00:00:00Z
2026-07-15 20:00:05+00:00,0.0045,616906,Will 4 Fed rate cuts happen in 2026?,2192055.766380967,186488.93822,2026-12-31T00:00:00Z
2026-07-15 21:00:04+00:00,0.005,616906,Will 4 Fed rate cuts happen in 2026?,2192055.766380967,186488.93822,2026-12-31T00:00:00Z
2026-07-15 22:00:04+00:00,0.005,616906,Will 4 Fed rate cuts happen in 2026?,2192055.766380967,186488.93822,2026-12-31T00:00:00Z
2026-07-15 23:00:05+00:00,0.0035,616906,Will 4 Fed rate cuts happen in 2026?,2192055.766380967,186488.93822,2026-12-31T00:00:00Z
2026-07-16 00:00:04+00:00,0.0035,616906,Will 4 Fed rate cuts happen in 2026?,2192055.766380967,186488.93822,2026-12-31T00:00:00Z
2026-07-16 01:00:05+00:00,0.0035,616906,Will 4 Fed rate cuts happen in 2026?,2192055.766380967,186488.93822,2026-12-31T00:00:00Z
2026-07-16 02:00:04+00:00,0.0035,616906,Will 4 Fed rate cuts happen in 2026?,2192055.766380967,186488.93822,2026-12-31T00:00:00Z
2026-07-16 03:00:06+00:00,0.0035,616906,Will 4 Fed rate cuts happen in 2026?,2192055.766380967,186488.93822,2026-12-31T00:00:00Z
2026-07-16 04:00:05+00:00,0.0035,616906,Will 4 Fed rate cuts happen in 2026?,2192055.766380967,186488.93822,2026-12-31T00:00:00Z
2026-07-16 05:00:03+00:00,0.0035,616906,Will 4 Fed rate cuts happen in 2026?,2192055.766380967,186488.93822,2026-12-31T00:00:00Z
2026-07-16 06:00:03+00:00,0.0035,616906,Will 4 Fed rate cuts happen in 2026?,2192055.766380967,186488.93822,2026-12-31T00:00:00Z
2026-07-16 07:00:05+00:00,0.0035,616906,Will 4 Fed rate cuts happen in 2026?,2192055.766380967,186488.93822,2026-12-31T00:00:00Z
2026-07-16 08:00:04+00:00,0.0035,616906,Will 4 Fed rate cuts happen in 2026?,2192055.766380967,186488.93822,2026-12-31T00:00:00Z
2026-07-16 09:00:08+00:00,0.0035,616906,Will 4 Fed rate cuts happen in 2026?,2192055.766380967,186488.93822,2026-12-31T00:00:00Z
2026-07-16 10:00:05+00:00,0.0035,616906,Will 4 Fed rate cuts happen in 2026?,2192055.766380967,186488.93822,2026-12-31T00:00:00Z
2026-07-16 11:00:05+00:00,0.0035,616906,Will 4 Fed rate cuts happen in 2026?,2192055.766380967,186488.93822,2026-12-31T00:00:00Z
2026-07-16 12:00:04+00:00,0.0035,616906,Will 4 Fed rate cuts happen in 2026?,2192055.766380967,186488.93822,2026-12-31T00:00:00Z
2026-07-16 13:00:05+00:00,0.0035,616906,Will 4 Fed rate cuts happen in 2026?,2192055.766380967,186488.93822,2026-12-31T00:00:00Z
2026-07-16 14:00:04+00:00,0.0035,616906,Will 4 Fed rate cuts happen in 2026?,2192055.766380967,186488.93822,2026-12-31T00:00:00Z
2026-07-16 15:00:03+00:00,0.0035,616906,Will 4 Fed rate cuts happen in 2026?,2192055.766380967,186488.93822,2026-12-31T00:00:00Z
2026-07-16 16:00:03+00:00,0.0035,616906,Will 4 Fed rate cuts happen in 2026?,2192055.766380967,186488.93822,2026-12-31T00:00:00Z
2026-07-16 17:00:05+00:00,0.0035,616906,Will 4 Fed rate cuts happen in 2026?,2192055.766380967,186488.93822,2026-12-31T00:00:00Z
2026-07-16 18:00:18+00:00,0.0035,616906,Will 4 Fed rate cuts happen in 2026?,2192055.766380967,186488.93822,2026-12-31T00:00:00Z
2026-07-16 19:00:04+00:00,0.0035,616906,Will 4 Fed rate cuts happen in 2026?,2192055.766380967,186488.93822,2026-12-31T00:00:00Z
2026-07-16 20:00:05+00:00,0.0035,616906,Will 4 Fed rate cuts happen in 2026?,2192055.766380967,186488.93822,2026-12-31T00:00:00Z
2026-07-16 21:00:05+00:00,0.0035,616906,Will 4 Fed rate cuts happen in 2026?,2192055.766380967,186488.93822,2026-12-31T00:00:00Z
2026-07-16 22:00:04+00:00,0.0035,616906,Will 4 Fed rate cuts happen in 2026?,2192055.766380967,186488.93822,2026-12-31T00:00:00Z
2026-07-16 23:00:07+00:00,0.0035,616906,Will 4 Fed rate cuts happen in 2026?,2192055.766380967,186488.93822,2026-12-31T00:00:00Z
2026-07-17 00:00:06+00:00,0.0035,616906,Will 4 Fed rate cuts happen in 2026?,2192055.766380967,186488.93822,2026-12-31T00:00:00Z
2026-07-17 01:00:05+00:00,0.0035,616906,Will 4 Fed rate cuts happen in 2026?,2192055.766380967,186488.93822,2026-12-31T00:00:00Z
2026-07-17 02:00:04+00:00,0.0035,616906,Will 4 Fed rate cuts happen in 2026?,2192055.766380967,186488.93822,2026-12-31T00:00:00Z
2026-07-17 03:00:03+00:00,0.0035,616906,Will 4 Fed rate cuts happen in 2026?,2192055.766380967,186488.93822,2026-12-31T00:00:00Z
2026-07-17 04:00:05+00:00,0.0035,616906,Will 4 Fed rate cuts happen in 2026?,2192055.766380967,186488.93822,2026-12-31T00:00:00Z
2026-07-17 05:00:04+00:00,0.0035,616906,Will 4 Fed rate cuts happen in 2026?,2192055.766380967,186488.93822,2026-12-31T00:00:00Z
2026-07-17 06:00:04+00:00,0.0035,616906,Will 4 Fed rate cuts happen in 2026?,2192055.766380967,186488.93822,2026-12-31T00:00:00Z
2026-07-17 07:00:03+00:00,0.0035,616906,Will 4 Fed rate cuts happen in 2026?,2192055.766380967,186488.93822,2026-12-31T00:00:00Z
2026-07-17 08:00:04+00:00,0.0035,616906,Will 4 Fed rate cuts happen in 2026?,2192055.766380967,186488.93822,2026-12-31T00:00:00Z
2026-07-17 09:00:04+00:00,0.0035,616906,Will 4 Fed rate cuts happen in 2026?,2192055.766380967,186488.93822,2026-12-31T00:00:00Z
2026-07-17 10:00:06+00:00,0.0035,616906,Will 4 Fed rate cuts happen in 2026?,2192055.766380967,186488.93822,2026-12-31T00:00:00Z
2026-07-17 11:00:04+00:00,0.0035,616906,Will 4 Fed rate cuts happen in 2026?,2192055.766380967,186488.93822,2026-12-31T00:00:00Z
2026-07-17 12:00:06+00:00,0.0035,616906,Will 4 Fed rate cuts happen in 2026?,2192055.766380967,186488.93822,2026-12-31T00:00:00Z
2026-07-17 13:00:04+00:00,0.0035,616906,Will 4 Fed rate cuts happen in 2026?,2192055.766380967,186488.93822,2026-12-31T00:00:00Z
2026-07-17 14:00:05+00:00,0.0035,616906,Will 4 Fed rate cuts happen in 2026?,2192055.766380967,186488.93822,2026-12-31T00:00:00Z
2026-07-17 15:00:05+00:00,0.0035,616906,Will 4 Fed rate cuts happen in 2026?,2192055.766380967,186488.93822,2026-12-31T00:00:00Z
2026-07-17 16:00:21+00:00,0.0035,616906,Will 4 Fed rate cuts happen in 2026?,2192055.766380967,186488.93822,2026-12-31T00:00:00Z
2026-07-17 17:00:06+00:00,0.0035,616906,Will 4 Fed rate cuts happen in 2026?,2192055.766380967,186488.93822,2026-12-31T00:00:00Z
2026-07-17 18:00:21+00:00,0.0035,616906,Will 4 Fed rate cuts happen in 2026?,2192055.766380967,186488.93822,2026-12-31T00:00:00Z
2026-07-17 19:00:05+00:00,0.0035,616906,Will 4 Fed rate cuts happen in 2026?,2192055.766380967,186488.93822,2026-12-31T00:00:00Z
2026-07-17 20:00:04+00:00,0.0035,616906,Will 4 Fed rate cuts happen in 2026?,2192055.766380967,186488.93822,2026-12-31T00:00:00Z
2026-07-17 21:00:03+00:00,0.0035,616906,Will 4 Fed rate cuts happen in 2026?,2192055.766380967,186488.93822,2026-12-31T00:00:00Z
2026-07-17 22:00:05+00:00,0.0035,616906,Will 4 Fed rate cuts happen in 2026?,2192055.766380967,186488.93822,2026-12-31T00:00:00Z
2026-07-17 23:00:06+00:00,0.0035,616906,Will 4 Fed rate cuts happen in 2026?,2192055.766380967,186488.93822,2026-12-31T00:00:00Z
2026-07-18 00:00:04+00:00,0.0035,616906,Will 4 Fed rate cuts happen in 2026?,2192055.766380967,186488.93822,2026-12-31T00:00:00Z
2026-07-18 01:00:05+00:00,0.0035,616906,Will 4 Fed rate cuts happen in 2026?,2192055.766380967,186488.93822,2026-12-31T00:00:00Z
2026-07-18 02:00:05+00:00,0.0035,616906,Will 4 Fed rate cuts happen in 2026?,2192055.766380967,186488.93822,2026-12-31T00:00:00Z
2026-07-18 03:00:05+00:00,0.0035,616906,Will 4 Fed rate cuts happen in 2026?,2192055.766380967,186488.93822,2026-12-31T00:00:00Z
2026-07-18 04:00:04+00:00,0.0035,616906,Will 4 Fed rate cuts happen in 2026?,2192055.766380967,186488.93822,2026-12-31T00:00:00Z
2026-07-18 05:00:04+00:00,0.0035,616906,Will 4 Fed rate cuts happen in 2026?,2192055.766380967,186488.93822,2026-12-31T00:00:00Z
2026-07-18 06:00:04+00:00,0.0035,616906,Will 4 Fed rate cuts happen in 2026?,2192055.766380967,186488.93822,2026-12-31T00:00:00Z
2026-07-18 07:00:04+00:00,0.0035,616906,Will 4 Fed rate cuts happen in 2026?,2192055.766380967,186488.93822,2026-12-31T00:00:00Z
2026-07-18 08:00:03+00:00,0.0035,616906,Will 4 Fed rate cuts happen in 2026?,2192055.766380967,186488.93822,2026-12-31T00:00:00Z
2026-07-18 09:00:07+00:00,0.0035,616906,Will 4 Fed rate cuts happen in 2026?,2192055.766380967,186488.93822,2026-12-31T00:00:00Z
2026-07-18 10:00:03+00:00,0.0035,616906,Will 4 Fed rate cuts happen in 2026?,2192055.766380967,186488.93822,2026-12-31T00:00:00Z
2026-07-18 11:00:05+00:00,0.0035,616906,Will 4 Fed rate cuts happen in 2026?,2192055.766380967,186488.93822,2026-12-31T00:00:00Z
2026-07-18 12:00:16+00:00,0.0035,616906,Will 4 Fed rate cuts happen in 2026?,2192055.766380967,186488.93822,2026-12-31T00:00:00Z
2026-07-18 13:00:05+00:00,0.0035,616906,Will 4 Fed rate cuts happen in 2026?,2192055.766380967,186488.93822,2026-12-31T00:00:00Z
2026-07-18 14:00:05+00:00,0.0035,616906,Will 4 Fed rate cuts happen in 2026?,2192055.766380967,186488.93822,2026-12-31T00:00:00Z
2026-07-18 15:00:04+00:00,0.0035,616906,Will 4 Fed rate cuts happen in 2026?,2192055.766380967,186488.93822,2026-12-31T00:00:00Z
2026-07-18 16:00:05+00:00,0.0035,616906,Will 4 Fed rate cuts happen in 2026?,2192055.766380967,186488.93822,2026-12-31T00:00:00Z
2026-07-18 17:00:04+00:00,0.0035,616906,Will 4 Fed rate cuts happen in 2026?,2192055.766380967,186488.93822,2026-12-31T00:00:00Z
2026-07-18 18:00:05+00:00,0.0035,616906,Will 4 Fed rate cuts happen in 2026?,2192055.766380967,186488.93822,2026-12-31T00:00:00Z
2026-07-18 19:00:04+00:00,0.0035,616906,Will 4 Fed rate cuts happen in 2026?,2192055.766380967,186488.93822,2026-12-31T00:00:00Z
2026-07-18 20:00:05+00:00,0.0035,616906,Will 4 Fed rate cuts happen in 2026?,2192055.766380967,186488.93822,2026-12-31T00:00:00Z
2026-07-18 21:00:05+00:00,0.0035,616906,Will 4 Fed rate cuts happen in 2026?,2192055.766380967,186488.93822,2026-12-31T00:00:00Z
2026-07-18 22:00:04+00:00,0.0035,616906,Will 4 Fed rate cuts happen in 2026?,2192055.766380967,186488.93822,2026-12-31T00:00:00Z
2026-07-18 23:00:04+00:00,0.0035,616906,Will 4 Fed rate cuts happen in 2026?,2192055.766380967,186488.93822,2026-12-31T00:00:00Z
2026-07-19 00:00:05+00:00,0.0035,616906,Will 4 Fed rate cuts happen in 2026?,2192055.766380967,186488.93822,2026-12-31T00:00:00Z
2026-07-19 01:00:04+00:00,0.0035,616906,Will 4 Fed rate cuts happen in 2026?,2192055.766380967,186488.93822,2026-12-31T00:00:00Z
2026-07-19 02:00:05+00:00,0.0035,616906,Will 4 Fed rate cuts happen in 2026?,2192055.766380967,186488.93822,2026-12-31T00:00:00Z
2026-07-19 03:00:03+00:00,0.0035,616906,Will 4 Fed rate cuts happen in 2026?,2192055.766380967,186488.93822,2026-12-31T00:00:00Z
2026-07-19 04:00:03+00:00,0.0035,616906,Will 4 Fed rate cuts happen in 2026?,2192055.766380967,186488.93822,2026-12-31T00:00:00Z
2026-07-19 05:00:05+00:00,0.004,616906,Will 4 Fed rate cuts happen in 2026?,2192055.766380967,186488.93822,2026-12-31T00:00:00Z
2026-07-19 06:00:06+00:00,0.004,616906,Will 4 Fed rate cuts happen in 2026?,2192055.766380967,186488.93822,2026-12-31T00:00:00Z
2026-07-19 07:00:04+00:00,0.004,616906,Will 4 Fed rate cuts happen in 2026?,2192055.766380967,186488.93822,2026-12-31T00:00:00Z
2026-07-19 08:00:05+00:00,0.004,616906,Will 4 Fed rate cuts happen in 2026?,2192055.766380967,186488.93822,2026-12-31T00:00:00Z
2026-07-19 09:00:04+00:00,0.0045,616906,Will 4 Fed rate cuts happen in 2026?,2192055.766380967,186488.93822,2026-12-31T00:00:00Z
2026-07-19 10:00:04+00:00,0.0045,616906,Will 4 Fed rate cuts happen in 2026?,2192055.766380967,186488.93822,2026-12-31T00:00:00Z
2026-07-19 11:00:04+00:00,0.0045,616906,Will 4 Fed rate cuts happen in 2026?,2192055.766380967,186488.93822,2026-12-31T00:00:00Z
2026-07-19 12:00:04+00:00,0.0045,616906,Will 4 Fed rate cuts happen in 2026?,2192055.766380967,186488.93822,2026-12-31T00:00:00Z
2026-07-19 13:00:06+00:00,0.0045,616906,Will 4 Fed rate cuts happen in 2026?,2192055.766380967,186488.93822,2026-12-31T00:00:00Z
2026-07-19 14:00:05+00:00,0.0045,616906,Will 4 Fed rate cuts happen in 2026?,2192055.766380967,186488.93822,2026-12-31T00:00:00Z
2026-07-19 15:00:04+00:00,0.0045,616906,Will 4 Fed rate cuts happen in 2026?,2192055.766380967,186488.93822,2026-12-31T00:00:00Z
2026-07-19 16:00:20+00:00,0.0045,616906,Will 4 Fed rate cuts happen in 2026?,2192055.766380967,186488.93822,2026-12-31T00:00:00Z
2026-07-19 17:00:07+00:00,0.0045,616906,Will 4 Fed rate cuts happen in 2026?,2192055.766380967,186488.93822,2026-12-31T00:00:00Z
2026-07-19 18:00:04+00:00,0.0045,616906,Will 4 Fed rate cuts happen in 2026?,2192055.766380967,186488.93822,2026-12-31T00:00:00Z
2026-07-19 19:00:05+00:00,0.0045,616906,Will 4 Fed rate cuts happen in 2026?,2192055.766380967,186488.93822,2026-12-31T00:00:00Z
2026-07-19 20:00:06+00:00,0.0045,616906,Will 4 Fed rate cuts happen in 2026?,2192055.766380967,186488.93822,2026-12-31T00:00:00Z
2026-07-19 21:00:18+00:00,0.0045,616906,Will 4 Fed rate cuts happen in 2026?,2192055.766380967,186488.93822,2026-12-31T00:00:00Z
2026-07-19 22:00:04+00:00,0.0045,616906,Will 4 Fed rate cuts happen in 2026?,2192055.766380967,186488.93822,2026-12-31T00:00:00Z
2026-07-19 23:00:04+00:00,0.0045,616906,Will 4 Fed rate cuts happen in 2026?,2192055.766380967,186488.93822,2026-12-31T00:00:00Z
2026-07-20 00:00:18+00:00,0.0045,616906,Will 4 Fed rate cuts happen in 2026?,2192055.766380967,186488.93822,2026-12-31T00:00:00Z
2026-07-20 01:00:05+00:00,0.007,616906,Will 4 Fed rate cuts happen in 2026?,2192055.766380967,186488.93822,2026-12-31T00:00:00Z
2026-07-20 02:00:05+00:00,0.007,616906,Will 4 Fed rate cuts happen in 2026?,2192055.766380967,186488.93822,2026-12-31T00:00:00Z
2026-07-20 03:00:04+00:00,0.0065,616906,Will 4 Fed rate cuts happen in 2026?,2192055.766380967,186488.93822,2026-12-31T00:00:00Z
2026-07-20 04:00:04+00:00,0.0065,616906,Will 4 Fed rate cuts happen in 2026?,2192055.766380967,186488.93822,2026-12-31T00:00:00Z
2026-07-20 05:00:17+00:00,0.0065,616906,Will 4 Fed rate cuts happen in 2026?,2192055.766380967,186488.93822,2026-12-31T00:00:00Z
2026-07-20 06:00:06+00:00,0.0065,616906,Will 4 Fed rate cuts happen in 2026?,2192055.766380967,186488.93822,2026-12-31T00:00:00Z
2026-07-20 07:00:04+00:00,0.006,616906,Will 4 Fed rate cuts happen in 2026?,2192055.766380967,186488.93822,2026-12-31T00:00:00Z
2026-07-20 08:00:04+00:00,0.006,616906,Will 4 Fed rate cuts happen in 2026?,2192055.766380967,186488.93822,2026-12-31T00:00:00Z
2026-07-20 09:00:04+00:00,0.004,616906,Will 4 Fed rate cuts happen in 2026?,2192055.766380967,186488.93822,2026-12-31T00:00:00Z
2026-07-20 10:00:04+00:00,0.004,616906,Will 4 Fed rate cuts happen in 2026?,2192055.766380967,186488.93822,2026-12-31T00:00:00Z
2026-07-20 11:00:07+00:00,0.004,616906,Will 4 Fed rate cuts happen in 2026?,2192055.766380967,186488.93822,2026-12-31T00:00:00Z
2026-07-20 12:00:04+00:00,0.004,616906,Will 4 Fed rate cuts happen in 2026?,2192055.766380967,186488.93822,2026-12-31T00:00:00Z
2026-07-20 13:00:08+00:00,0.004,616906,Will 4 Fed rate cuts happen in 2026?,2192055.766380967,186488.93822,2026-12-31T00:00:00Z
2026-07-20 14:00:04+00:00,0.004,616906,Will 4 Fed rate cuts happen in 2026?,2192055.766380967,186488.93822,2026-12-31T00:00:00Z
2026-07-20 15:00:08+00:00,0.004,616906,Will 4 Fed rate cuts happen in 2026?,2192055.766380967,186488.93822,2026-12-31T00:00:00Z
2026-07-20 16:00:07+00:00,0.004,616906,Will 4 Fed rate cuts happen in 2026?,2192055.766380967,186488.93822,2026-12-31T00:00:00Z
2026-07-20 17:00:12+00:00,0.004,616906,Will 4 Fed rate cuts happen in 2026?,2192055.766380967,186488.93822,2026-12-31T00:00:00Z
2026-07-20 18:00:04+00:00,0.004,616906,Will 4 Fed rate cuts happen in 2026?,2192055.766380967,186488.93822,2026-12-31T00:00:00Z
2026-07-20 19:00:05+00:00,0.004,616906,Will 4 Fed rate cuts happen in 2026?,2192055.766380967,186488.93822,2026-12-31T00:00:00Z
2026-07-20 20:00:18+00:00,0.004,616906,Will 4 Fed rate cuts happen in 2026?,2192055.766380967,186488.93822,2026-12-31T00:00:00Z
2026-07-20 21:00:07+00:00,0.004,616906,Will 4 Fed rate cuts happen in 2026?,2192055.766380967,186488.93822,2026-12-31T00:00:00Z
2026-07-20 22:00:04+00:00,0.004,616906,Will 4 Fed rate cuts happen in 2026?,2192055.766380967,186488.93822,2026-12-31T00:00:00Z
2026-07-20 23:00:04+00:00,0.004,616906,Will 4 Fed rate cuts happen in 2026?,2192055.766380967,186488.93822,2026-12-31T00:00:00Z
2026-07-21 00:00:06+00:00,0.004,616906,Will 4 Fed rate cuts happen in 2026?,2192055.766380967,186488.93822,2026-12-31T00:00:00Z
2026-07-21 01:00:08+00:00,0.004,616906,Will 4 Fed rate cuts happen in 2026?,2192055.766380967,186488.93822,2026-12-31T00:00:00Z
2026-07-21 02:00:06+00:00,0.004,616906,Will 4 Fed rate cuts happen in 2026?,2192055.766380967,186488.93822,2026-12-31T00:00:00Z
2026-07-21 03:00:06+00:00,0.004,616906,Will 4 Fed rate cuts happen in 2026?,2192055.766380967,186488.93822,2026-12-31T00:00:00Z
2026-07-21 04:00:21+00:00,0.004,616906,Will 4 Fed rate cuts happen in 2026?,2192055.766380967,186488.93822,2026-12-31T00:00:00Z
2026-07-21 05:00:04+00:00,0.004,616906,Will 4 Fed rate cuts happen in 2026?,2192055.766380967,186488.93822,2026-12-31T00:00:00Z
2026-07-21 06:00:06+00:00,0.004,616906,Will 4 Fed rate cuts happen in 2026?,2192055.766380967,186488.93822,2026-12-31T00:00:00Z
2026-07-21 07:00:05+00:00,0.004,616906,Will 4 Fed rate cuts happen in 2026?,2192055.766380967,186488.93822,2026-12-31T00:00:00Z
2026-07-21 08:00:04+00:00,0.0045,616906,Will 4 Fed rate cuts happen in 2026?,2192055.766380967,186488.93822,2026-12-31T00:00:00Z
2026-07-21 09:00:06+00:00,0.0045,616906,Will 4 Fed rate cuts happen in 2026?,2192055.766380967,186488.93822,2026-12-31T00:00:00Z
2026-07-21 10:00:05+00:00,0.0045,616906,Will 4 Fed rate cuts happen in 2026?,2192055.766380967,186488.93822,2026-12-31T00:00:00Z
2026-07-21 11:00:04+00:00,0.0045,616906,Will 4 Fed rate cuts happen in 2026?,2192055.766380967,186488.93822,2026-12-31T00:00:00Z
2026-07-21 12:00:06+00:00,0.0045,616906,Will 4 Fed rate cuts happen in 2026?,2192055.766380967,186488.93822,2026-12-31T00:00:00Z
2026-07-21 13:00:05+00:00,0.0045,616906,Will 4 Fed rate cuts happen in 2026?,2192055.766380967,186488.93822,2026-12-31T00:00:00Z
2026-07-21 14:00:04+00:00,0.004,616906,Will 4 Fed rate cuts happen in 2026?,2192055.766380967,186488.93822,2026-12-31T00:00:00Z
2026-07-21 15:00:17+00:00,0.004,616906,Will 4 Fed rate cuts happen in 2026?,2192055.766380967,186488.93822,2026-12-31T00:00:00Z
2026-07-21 16:00:05+00:00,0.004,616906,Will 4 Fed rate cuts happen in 2026?,2192055.766380967,186488.93822,2026-12-31T00:00:00Z
2026-07-21 17:00:04+00:00,0.004,616906,Will 4 Fed rate cuts happen in 2026?,2192055.766380967,186488.93822,2026-12-31T00:00:00Z
2026-07-21 18:00:08+00:00,0.0035,616906,Will 4 Fed rate cuts happen in 2026?,2192055.766380967,186488.93822,2026-12-31T00:00:00Z
2026-07-21 19:00:04+00:00,0.0035,616906,Will 4 Fed rate cuts happen in 2026?,2192055.766380967,186488.93822,2026-12-31T00:00:00Z
2026-07-21 20:00:05+00:00,0.0035,616906,Will 4 Fed rate cuts happen in 2026?,2192055.766380967,186488.93822,2026-12-31T00:00:00Z
2026-07-21 21:00:04+00:00,0.0035,616906,Will 4 Fed rate cuts happen in 2026?,2192055.766380967,186488.93822,2026-12-31T00:00:00Z
2026-07-21 22:00:04+00:00,0.0035,616906,Will 4 Fed rate cuts happen in 2026?,2192055.766380967,186488.93822,2026-12-31T00:00:00Z
2026-07-21 23:00:17+00:00,0.0035,616906,Will 4 Fed rate cuts happen in 2026?,2192055.766380967,186488.93822,2026-12-31T00:00:00Z
2026-07-22 00:00:05+00:00,0.0035,616906,Will 4 Fed rate cuts happen in 2026?,2192055.766380967,186488.93822,2026-12-31T00:00:00Z
2026-07-22 01:00:06+00:00,0.0035,616906,Will 4 Fed rate cuts happen in 2026?,2192055.766380967,186488.93822,2026-12-31T00:00:00Z
2026-07-22 02:00:06+00:00,0.0035,616906,Will 4 Fed rate cuts happen in 2026?,2192055.766380967,186488.93822,2026-12-31T00:00:00Z
2026-07-22 03:00:06+00:00,0.0035,616906,Will 4 Fed rate cuts happen in 2026?,2192055.766380967,186488.93822,2026-12-31T00:00:00Z
2026-07-22 04:00:04+00:00,0.0035,616906,Will 4 Fed rate cuts happen in 2026?,2192055.766380967,186488.93822,2026-12-31T00:00:00Z
2026-07-22 05:00:04+00:00,0.005,616906,Will 4 Fed rate cuts happen in 2026?,2192055.766380967,186488.93822,2026-12-31T00:00:00Z
2026-07-22 06:00:20+00:00,0.005,616906,Will 4 Fed rate cuts happen in 2026?,2192055.766380967,186488.93822,2026-12-31T00:00:00Z
2026-07-22 07:00:04+00:00,0.005,616906,Will 4 Fed rate cuts happen in 2026?,2192055.766380967,186488.93822,2026-12-31T00:00:00Z
2026-07-22 08:00:04+00:00,0.0045,616906,Will 4 Fed rate cuts happen in 2026?,2192055.766380967,186488.93822,2026-12-31T00:00:00Z
2026-07-22 09:00:05+00:00,0.0045,616906,Will 4 Fed rate cuts happen in 2026?,2192055.766380967,186488.93822,2026-12-31T00:00:00Z
2026-07-22 10:00:05+00:00,0.0045,616906,Will 4 Fed rate cuts happen in 2026?,2192055.766380967,186488.93822,2026-12-31T00:00:00Z
2026-07-22 11:00:05+00:00,0.0045,616906,Will 4 Fed rate cuts happen in 2026?,2192055.766380967,186488.93822,2026-12-31T00:00:00Z
2026-07-22 12:00:04+00:00,0.0045,616906,Will 4 Fed rate cuts happen in 2026?,2192055.766380967,186488.93822,2026-12-31T00:00:00Z
2026-07-22 13:00:05+00:00,0.0045,616906,Will 4 Fed rate cuts happen in 2026?,2192055.766380967,186488.93822,2026-12-31T00:00:00Z
2026-07-22 14:00:04+00:00,0.0045,616906,Will 4 Fed rate cuts happen in 2026?,2192055.766380967,186488.93822,2026-12-31T00:00:00Z
2026-07-22 15:00:06+00:00,0.0045,616906,Will 4 Fed rate cuts happen in 2026?,2192055.766380967,186488.93822,2026-12-31T00:00:00Z
2026-07-22 16:00:05+00:00,0.0045,616906,Will 4 Fed rate cuts happen in 2026?,2192055.766380967,186488.93822,2026-12-31T00:00:00Z
2026-07-22 17:00:06+00:00,0.0045,616906,Will 4 Fed rate cuts happen in 2026?,2192055.766380967,186488.93822,2026-12-31T00:00:00Z
2026-07-22 18:00:05+00:00,0.0045,616906,Will 4 Fed rate cuts happen in 2026?,2192055.766380967,186488.93822,2026-12-31T00:00:00Z
2026-07-22 19:00:04+00:00,0.0045,616906,Will 4 Fed rate cuts happen in 2026?,2192055.766380967,186488.93822,2026-12-31T00:00:00Z
2026-07-22 20:00:07+00:00,0.0045,616906,Will 4 Fed rate cuts happen in 2026?,2192055.766380967,186488.93822,2026-12-31T00:00:00Z
2026-07-22 21:00:06+00:00,0.0045,616906,Will 4 Fed rate cuts happen in 2026?,2192055.766380967,186488.93822,2026-12-31T00:00:00Z
2026-07-22 22:00:06+00:00,0.0045,616906,Will 4 Fed rate cuts happen in 2026?,2192055.766380967,186488.93822,2026-12-31T00:00:00Z
2026-07-22 23:00:06+00:00,0.0045,616906,Will 4 Fed rate cuts happen in 2026?,2192055.766380967,186488.93822,2026-12-31T00:00:00Z
2026-07-23 00:00:07+00:00,0.0045,616906,Will 4 Fed rate cuts happen in 2026?,2192055.766380967,186488.93822,2026-12-31T00:00:00Z
2026-07-23 01:00:20+00:00,0.0045,616906,Will 4 Fed rate cuts happen in 2026?,2192055.766380967,186488.93822,2026-12-31T00:00:00Z
2026-07-23 02:00:06+00:00,0.0045,616906,Will 4 Fed rate cuts happen in 2026?,2192055.766380967,186488.93822,2026-12-31T00:00:00Z
2026-07-23 03:00:06+00:00,0.0045,616906,Will 4 Fed rate cuts happen in 2026?,2192055.766380967,186488.93822,2026-12-31T00:00:00Z
2026-07-23 04:00:08+00:00,0.0045,616906,Will 4 Fed rate cuts happen in 2026?,2192055.766380967,186488.93822,2026-12-31T00:00:00Z
2026-07-23 05:00:07+00:00,0.0045,616906,Will 4 Fed rate cuts happen in 2026?,2192055.766380967,186488.93822,2026-12-31T00:00:00Z
2026-07-23 06:00:07+00:00,0.0045,616906,Will 4 Fed rate cuts happen in 2026?,2192055.766380967,186488.93822,2026-12-31T00:00:00Z
2026-07-23 07:00:07+00:00,0.0045,616906,Will 4 Fed rate cuts happen in 2026?,2192055.766380967,186488.93822,2026-12-31T00:00:00Z
2026-07-23 08:00:04+00:00,0.0045,616906,Will 4 Fed rate cuts happen in 2026?,2192055.766380967,186488.93822,2026-12-31T00:00:00Z
2026-07-23 09:00:04+00:00,0.0045,616906,Will 4 Fed rate cuts happen in 2026?,2192055.766380967,186488.93822,2026-12-31T00:00:00Z
2026-07-23 10:00:04+00:00,0.0045,616906,Will 4 Fed rate cuts happen in 2026?,2192055.766380967,186488.93822,2026-12-31T00:00:00Z
2026-07-23 11:00:04+00:00,0.0045,616906,Will 4 Fed rate cuts happen in 2026?,2192055.766380967,186488.93822,2026-12-31T00:00:00Z
2026-07-23 12:00:08+00:00,0.0035,616906,Will 4 Fed rate cuts happen in 2026?,2192055.766380967,186488.93822,2026-12-31T00:00:00Z
2026-07-23 13:00:05+00:00,0.0035,616906,Will 4 Fed rate cuts happen in 2026?,2192055.766380967,186488.93822,2026-12-31T00:00:00Z
2026-07-23 14:00:05+00:00,0.0035,616906,Will 4 Fed rate cuts happen in 2026?,2192055.766380967,186488.93822,2026-12-31T00:00:00Z
2026-07-23 15:00:06+00:00,0.0035,616906,Will 4 Fed rate cuts happen in 2026?,2192055.766380967,186488.93822,2026-12-31T00:00:00Z
2026-07-23 16:00:06+00:00,0.0035,616906,Will 4 Fed rate cuts happen in 2026?,2192055.766380967,186488.93822,2026-12-31T00:00:00Z
2026-07-23 17:00:05+00:00,0.0035,616906,Will 4 Fed rate cuts happen in 2026?,2192055.766380967,186488.93822,2026-12-31T00:00:00Z
2026-07-23 18:00:05+00:00,0.0035,616906,Will 4 Fed rate cuts happen in 2026?,2192055.766380967,186488.93822,2026-12-31T00:00:00Z
2026-07-23 19:00:07+00:00,0.0035,616906,Will 4 Fed rate cuts happen in 2026?,2192055.766380967,186488.93822,2026-12-31T00:00:00Z
2026-07-23 20:00:08+00:00,0.0035,616906,Will 4 Fed rate cuts happen in 2026?,2192055.766380967,186488.93822,2026-12-31T00:00:00Z
2026-07-23 21:00:06+00:00,0.0035,616906,Will 4 Fed rate cuts happen in 2026?,2192055.766380967,186488.93822,2026-12-31T00:00:00Z
2026-07-23 22:00:08+00:00,0.0035,616906,Will 4 Fed rate cuts happen in 2026?,2192055.766380967,186488.93822,2026-12-31T00:00:00Z
2026-07-23 23:00:07+00:00,0.0045,616906,Will 4 Fed rate cuts happen in 2026?,2192055.766380967,186488.93822,2026-12-31T00:00:00Z
2026-07-24 00:00:05+00:00,0.0045,616906,Will 4 Fed rate cuts happen in 2026?,2192055.766380967,186488.93822,2026-12-31T00:00:00Z
2026-07-24 01:00:05+00:00,0.0045,616906,Will 4 Fed rate cuts happen in 2026?,2192055.766380967,186488.93822,2026-12-31T00:00:00Z
2026-07-24 02:00:07+00:00,0.0045,616906,Will 4 Fed rate cuts happen in 2026?,2192055.766380967,186488.93822,2026-12-31T00:00:00Z
2026-07-24 03:00:06+00:00,0.0045,616906,Will 4 Fed rate cuts happen in 2026?,2192055.766380967,186488.93822,2026-12-31T00:00:00Z
2026-07-24 04:00:05+00:00,0.0045,616906,Will 4 Fed rate cuts happen in 2026?,2192055.766380967,186488.93822,2026-12-31T00:00:00Z
2026-07-24 05:00:04+00:00,0.004,616906,Will 4 Fed rate cuts happen in 2026?,2192055.766380967,186488.93822,2026-12-31T00:00:00Z
2026-07-24 06:00:05+00:00,0.004,616906,Will 4 Fed rate cuts happen in 2026?,2192055.766380967,186488.93822,2026-12-31T00:00:00Z
2026-07-24 07:00:04+00:00,0.004,616906,Will 4 Fed rate cuts happen in 2026?,2192055.766380967,186488.93822,2026-12-31T00:00:00Z
2026-07-24 08:00:05+00:00,0.004,616906,Will 4 Fed rate cuts happen in 2026?,2192055.766380967,186488.93822,2026-12-31T00:00:00Z
2026-07-24 09:00:06+00:00,0.004,616906,Will 4 Fed rate cuts happen in 2026?,2192055.766380967,186488.93822,2026-12-31T00:00:00Z
2026-07-24 09:38:06+00:00,0.004,616906,Will 4 Fed rate cuts happen in 2026?,2192055.766380967,186488.93822,2026-12-31T00:00:00Z
2026-07-10 10:00:18+00:00,0.0025,616907,Will 5 Fed rate cuts happen in 2026?,2439372.532297963,228446.05794,2026-12-31T00:00:00Z
2026-07-10 11:00:05+00:00,0.0025,616907,Will 5 Fed rate cuts happen in 2026?,2439372.532297963,228446.05794,2026-12-31T00:00:00Z
2026-07-10 12:00:08+00:00,0.0025,616907,Will 5 Fed rate cuts happen in 2026?,2439372.532297963,228446.05794,2026-12-31T00:00:00Z
2026-07-10 13:00:05+00:00,0.0025,616907,Will 5 Fed rate cuts happen in 2026?,2439372.532297963,228446.05794,2026-12-31T00:00:00Z
2026-07-10 14:00:05+00:00,0.0025,616907,Will 5 Fed rate cuts happen in 2026?,2439372.532297963,228446.05794,2026-12-31T00:00:00Z
2026-07-10 15:00:07+00:00,0.0035,616907,Will 5 Fed rate cuts happen in 2026?,2439372.532297963,228446.05794,2026-12-31T00:00:00Z
2026-07-10 16:00:06+00:00,0.0035,616907,Will 5 Fed rate cuts happen in 2026?,2439372.532297963,228446.05794,2026-12-31T00:00:00Z
2026-07-10 17:00:05+00:00,0.0035,616907,Will 5 Fed rate cuts happen in 2026?,2439372.532297963,228446.05794,2026-12-31T00:00:00Z
2026-07-10 18:00:07+00:00,0.0035,616907,Will 5 Fed rate cuts happen in 2026?,2439372.532297963,228446.05794,2026-12-31T00:00:00Z
2026-07-10 19:00:06+00:00,0.0035,616907,Will 5 Fed rate cuts happen in 2026?,2439372.532297963,228446.05794,2026-12-31T00:00:00Z
2026-07-10 20:00:06+00:00,0.0035,616907,Will 5 Fed rate cuts happen in 2026?,2439372.532297963,228446.05794,2026-12-31T00:00:00Z
2026-07-10 21:00:07+00:00,0.0035,616907,Will 5 Fed rate cuts happen in 2026?,2439372.532297963,228446.05794,2026-12-31T00:00:00Z
2026-07-10 23:00:22+00:00,0.0035,616907,Will 5 Fed rate cuts happen in 2026?,2439372.532297963,228446.05794,2026-12-31T00:00:00Z
2026-07-11 00:00:09+00:00,0.0035,616907,Will 5 Fed rate cuts happen in 2026?,2439372.532297963,228446.05794,2026-12-31T00:00:00Z
2026-07-11 01:00:05+00:00,0.0035,616907,Will 5 Fed rate cuts happen in 2026?,2439372.532297963,228446.05794,2026-12-31T00:00:00Z
2026-07-11 02:00:06+00:00,0.0035,616907,Will 5 Fed rate cuts happen in 2026?,2439372.532297963,228446.05794,2026-12-31T00:00:00Z
2026-07-11 03:00:06+00:00,0.0035,616907,Will 5 Fed rate cuts happen in 2026?,2439372.532297963,228446.05794,2026-12-31T00:00:00Z
2026-07-11 04:00:07+00:00,0.0035,616907,Will 5 Fed rate cuts happen in 2026?,2439372.532297963,228446.05794,2026-12-31T00:00:00Z
2026-07-11 05:00:07+00:00,0.0035,616907,Will 5 Fed rate cuts happen in 2026?,2439372.532297963,228446.05794,2026-12-31T00:00:00Z
2026-07-11 06:00:11+00:00,0.0035,616907,Will 5 Fed rate cuts happen in 2026?,2439372.532297963,228446.05794,2026-12-31T00:00:00Z
2026-07-11 07:00:06+00:00,0.0035,616907,Will 5 Fed rate cuts happen in 2026?,2439372.532297963,228446.05794,2026-12-31T00:00:00Z
2026-07-11 08:00:06+00:00,0.0035,616907,Will 5 Fed rate cuts happen in 2026?,2439372.532297963,228446.05794,2026-12-31T00:00:00Z
2026-07-11 09:00:06+00:00,0.0035,616907,Will 5 Fed rate cuts happen in 2026?,2439372.532297963,228446.05794,2026-12-31T00:00:00Z
2026-07-11 10:00:06+00:00,0.0035,616907,Will 5 Fed rate cuts happen in 2026?,2439372.532297963,228446.05794,2026-12-31T00:00:00Z
2026-07-11 11:00:06+00:00,0.0035,616907,Will 5 Fed rate cuts happen in 2026?,2439372.532297963,228446.05794,2026-12-31T00:00:00Z
2026-07-11 12:00:09+00:00,0.0035,616907,Will 5 Fed rate cuts happen in 2026?,2439372.532297963,228446.05794,2026-12-31T00:00:00Z
2026-07-11 13:00:05+00:00,0.0035,616907,Will 5 Fed rate cuts happen in 2026?,2439372.532297963,228446.05794,2026-12-31T00:00:00Z
2026-07-11 14:00:06+00:00,0.0035,616907,Will 5 Fed rate cuts happen in 2026?,2439372.532297963,228446.05794,2026-12-31T00:00:00Z
2026-07-11 15:00:07+00:00,0.0035,616907,Will 5 Fed rate cuts happen in 2026?,2439372.532297963,228446.05794,2026-12-31T00:00:00Z
2026-07-11 16:00:05+00:00,0.0035,616907,Will 5 Fed rate cuts happen in 2026?,2439372.532297963,228446.05794,2026-12-31T00:00:00Z
2026-07-11 17:00:07+00:00,0.0035,616907,Will 5 Fed rate cuts happen in 2026?,2439372.532297963,228446.05794,2026-12-31T00:00:00Z
2026-07-11 18:00:07+00:00,0.0035,616907,Will 5 Fed rate cuts happen in 2026?,2439372.532297963,228446.05794,2026-12-31T00:00:00Z
2026-07-11 19:00:05+00:00,0.0035,616907,Will 5 Fed rate cuts happen in 2026?,2439372.532297963,228446.05794,2026-12-31T00:00:00Z
2026-07-11 20:00:08+00:00,0.0035,616907,Will 5 Fed rate cuts happen in 2026?,2439372.532297963,228446.05794,2026-12-31T00:00:00Z
2026-07-11 21:00:06+00:00,0.0035,616907,Will 5 Fed rate cuts happen in 2026?,2439372.532297963,228446.05794,2026-12-31T00:00:00Z
2026-07-11 22:00:04+00:00,0.0035,616907,Will 5 Fed rate cuts happen in 2026?,2439372.532297963,228446.05794,2026-12-31T00:00:00Z
2026-07-11 23:00:04+00:00,0.0035,616907,Will 5 Fed rate cuts happen in 2026?,2439372.532297963,228446.05794,2026-12-31T00:00:00Z
2026-07-12 00:00:21+00:00,0.0035,616907,Will 5 Fed rate cuts happen in 2026?,2439372.532297963,228446.05794,2026-12-31T00:00:00Z
2026-07-12 01:00:05+00:00,0.0035,616907,Will 5 Fed rate cuts happen in 2026?,2439372.532297963,228446.05794,2026-12-31T00:00:00Z
2026-07-12 02:00:06+00:00,0.0035,616907,Will 5 Fed rate cuts happen in 2026?,2439372.532297963,228446.05794,2026-12-31T00:00:00Z
2026-07-12 03:00:07+00:00,0.0035,616907,Will 5 Fed rate cuts happen in 2026?,2439372.532297963,228446.05794,2026-12-31T00:00:00Z
2026-07-12 04:00:05+00:00,0.0035,616907,Will 5 Fed rate cuts happen in 2026?,2439372.532297963,228446.05794,2026-12-31T00:00:00Z
2026-07-12 05:00:04+00:00,0.0035,616907,Will 5 Fed rate cuts happen in 2026?,2439372.532297963,228446.05794,2026-12-31T00:00:00Z
2026-07-12 06:00:06+00:00,0.0035,616907,Will 5 Fed rate cuts happen in 2026?,2439372.532297963,228446.05794,2026-12-31T00:00:00Z
2026-07-12 07:00:12+00:00,0.0035,616907,Will 5 Fed rate cuts happen in 2026?,2439372.532297963,228446.05794,2026-12-31T00:00:00Z
2026-07-12 08:00:05+00:00,0.0035,616907,Will 5 Fed rate cuts happen in 2026?,2439372.532297963,228446.05794,2026-12-31T00:00:00Z
2026-07-12 09:00:06+00:00,0.0035,616907,Will 5 Fed rate cuts happen in 2026?,2439372.532297963,228446.05794,2026-12-31T00:00:00Z
2026-07-12 10:00:06+00:00,0.0035,616907,Will 5 Fed rate cuts happen in 2026?,2439372.532297963,228446.05794,2026-12-31T00:00:00Z
2026-07-12 11:00:19+00:00,0.0035,616907,Will 5 Fed rate cuts happen in 2026?,2439372.532297963,228446.05794,2026-12-31T00:00:00Z
2026-07-12 12:00:10+00:00,0.0035,616907,Will 5 Fed rate cuts happen in 2026?,2439372.532297963,228446.05794,2026-12-31T00:00:00Z
2026-07-12 13:00:06+00:00,0.0035,616907,Will 5 Fed rate cuts happen in 2026?,2439372.532297963,228446.05794,2026-12-31T00:00:00Z
2026-07-12 14:00:07+00:00,0.0035,616907,Will 5 Fed rate cuts happen in 2026?,2439372.532297963,228446.05794,2026-12-31T00:00:00Z
2026-07-12 15:00:06+00:00,0.0035,616907,Will 5 Fed rate cuts happen in 2026?,2439372.532297963,228446.05794,2026-12-31T00:00:00Z
2026-07-12 16:00:05+00:00,0.0035,616907,Will 5 Fed rate cuts happen in 2026?,2439372.532297963,228446.05794,2026-12-31T00:00:00Z
2026-07-12 17:00:06+00:00,0.0035,616907,Will 5 Fed rate cuts happen in 2026?,2439372.532297963,228446.05794,2026-12-31T00:00:00Z
2026-07-12 18:00:08+00:00,0.0035,616907,Will 5 Fed rate cuts happen in 2026?,2439372.532297963,228446.05794,2026-12-31T00:00:00Z
2026-07-12 19:00:07+00:00,0.0035,616907,Will 5 Fed rate cuts happen in 2026?,2439372.532297963,228446.05794,2026-12-31T00:00:00Z
2026-07-12 20:00:06+00:00,0.0035,616907,Will 5 Fed rate cuts happen in 2026?,2439372.532297963,228446.05794,2026-12-31T00:00:00Z
2026-07-12 21:00:07+00:00,0.0035,616907,Will 5 Fed rate cuts happen in 2026?,2439372.532297963,228446.05794,2026-12-31T00:00:00Z
2026-07-12 22:00:12+00:00,0.0035,616907,Will 5 Fed rate cuts happen in 2026?,2439372.532297963,228446.05794,2026-12-31T00:00:00Z
2026-07-12 23:00:05+00:00,0.0035,616907,Will 5 Fed rate cuts happen in 2026?,2439372.532297963,228446.05794,2026-12-31T00:00:00Z
2026-07-13 00:00:10+00:00,0.0035,616907,Will 5 Fed rate cuts happen in 2026?,2439372.532297963,228446.05794,2026-12-31T00:00:00Z
2026-07-13 01:00:06+00:00,0.0035,616907,Will 5 Fed rate cuts happen in 2026?,2439372.532297963,228446.05794,2026-12-31T00:00:00Z
2026-07-13 02:00:05+00:00,0.0035,616907,Will 5 Fed rate cuts happen in 2026?,2439372.532297963,228446.05794,2026-12-31T00:00:00Z
2026-07-13 03:00:06+00:00,0.0035,616907,Will 5 Fed rate cuts happen in 2026?,2439372.532297963,228446.05794,2026-12-31T00:00:00Z
2026-07-13 04:00:07+00:00,0.0035,616907,Will 5 Fed rate cuts happen in 2026?,2439372.532297963,228446.05794,2026-12-31T00:00:00Z
2026-07-13 05:00:08+00:00,0.0035,616907,Will 5 Fed rate cuts happen in 2026?,2439372.532297963,228446.05794,2026-12-31T00:00:00Z
2026-07-13 06:00:08+00:00,0.0035,616907,Will 5 Fed rate cuts happen in 2026?,2439372.532297963,228446.05794,2026-12-31T00:00:00Z
2026-07-13 07:00:08+00:00,0.0035,616907,Will 5 Fed rate cuts happen in 2026?,2439372.532297963,228446.05794,2026-12-31T00:00:00Z
2026-07-13 08:00:08+00:00,0.0035,616907,Will 5 Fed rate cuts happen in 2026?,2439372.532297963,228446.05794,2026-12-31T00:00:00Z
2026-07-13 09:00:07+00:00,0.0035,616907,Will 5 Fed rate cuts happen in 2026?,2439372.532297963,228446.05794,2026-12-31T00:00:00Z
2026-07-13 10:00:05+00:00,0.0035,616907,Will 5 Fed rate cuts happen in 2026?,2439372.532297963,228446.05794,2026-12-31T00:00:00Z
2026-07-13 11:00:05+00:00,0.0035,616907,Will 5 Fed rate cuts happen in 2026?,2439372.532297963,228446.05794,2026-12-31T00:00:00Z
2026-07-13 12:00:10+00:00,0.0035,616907,Will 5 Fed rate cuts happen in 2026?,2439372.532297963,228446.05794,2026-12-31T00:00:00Z
2026-07-13 13:00:05+00:00,0.0035,616907,Will 5 Fed rate cuts happen in 2026?,2439372.532297963,228446.05794,2026-12-31T00:00:00Z
2026-07-13 14:00:20+00:00,0.0035,616907,Will 5 Fed rate cuts happen in 2026?,2439372.532297963,228446.05794,2026-12-31T00:00:00Z
2026-07-13 15:00:24+00:00,0.0025,616907,Will 5 Fed rate cuts happen in 2026?,2439372.532297963,228446.05794,2026-12-31T00:00:00Z
2026-07-13 16:00:05+00:00,0.0025,616907,Will 5 Fed rate cuts happen in 2026?,2439372.532297963,228446.05794,2026-12-31T00:00:00Z
2026-07-13 17:00:08+00:00,0.0025,616907,Will 5 Fed rate cuts happen in 2026?,2439372.532297963,228446.05794,2026-12-31T00:00:00Z
2026-07-13 18:00:07+00:00,0.0025,616907,Will 5 Fed rate cuts happen in 2026?,2439372.532297963,228446.05794,2026-12-31T00:00:00Z
2026-07-13 19:00:06+00:00,0.0025,616907,Will 5 Fed rate cuts happen in 2026?,2439372.532297963,228446.05794,2026-12-31T00:00:00Z
2026-07-13 20:00:07+00:00,0.0025,616907,Will 5 Fed rate cuts happen in 2026?,2439372.532297963,228446.05794,2026-12-31T00:00:00Z
2026-07-13 21:00:07+00:00,0.0025,616907,Will 5 Fed rate cuts happen in 2026?,2439372.532297963,228446.05794,2026-12-31T00:00:00Z
2026-07-13 22:00:06+00:00,0.0025,616907,Will 5 Fed rate cuts happen in 2026?,2439372.532297963,228446.05794,2026-12-31T00:00:00Z
2026-07-13 23:00:06+00:00,0.0025,616907,Will 5 Fed rate cuts happen in 2026?,2439372.532297963,228446.05794,2026-12-31T00:00:00Z
2026-07-14 00:00:09+00:00,0.0025,616907,Will 5 Fed rate cuts happen in 2026?,2439372.532297963,228446.05794,2026-12-31T00:00:00Z
2026-07-14 01:00:04+00:00,0.0025,616907,Will 5 Fed rate cuts happen in 2026?,2439372.532297963,228446.05794,2026-12-31T00:00:00Z
2026-07-14 02:00:04+00:00,0.0025,616907,Will 5 Fed rate cuts happen in 2026?,2439372.532297963,228446.05794,2026-12-31T00:00:00Z
2026-07-14 03:00:08+00:00,0.0025,616907,Will 5 Fed rate cuts happen in 2026?,2439372.532297963,228446.05794,2026-12-31T00:00:00Z
2026-07-14 04:00:05+00:00,0.0025,616907,Will 5 Fed rate cuts happen in 2026?,2439372.532297963,228446.05794,2026-12-31T00:00:00Z
2026-07-14 05:00:06+00:00,0.0025,616907,Will 5 Fed rate cuts happen in 2026?,2439372.532297963,228446.05794,2026-12-31T00:00:00Z
2026-07-14 06:00:08+00:00,0.0025,616907,Will 5 Fed rate cuts happen in 2026?,2439372.532297963,228446.05794,2026-12-31T00:00:00Z
2026-07-14 07:00:10+00:00,0.0025,616907,Will 5 Fed rate cuts happen in 2026?,2439372.532297963,228446.05794,2026-12-31T00:00:00Z
2026-07-14 08:00:05+00:00,0.0025,616907,Will 5 Fed rate cuts happen in 2026?,2439372.532297963,228446.05794,2026-12-31T00:00:00Z
2026-07-14 09:00:06+00:00,0.0025,616907,Will 5 Fed rate cuts happen in 2026?,2439372.532297963,228446.05794,2026-12-31T00:00:00Z
2026-07-14 10:00:07+00:00,0.0025,616907,Will 5 Fed rate cuts happen in 2026?,2439372.532297963,228446.05794,2026-12-31T00:00:00Z
2026-07-14 11:00:06+00:00,0.0025,616907,Will 5 Fed rate cuts happen in 2026?,2439372.532297963,228446.05794,2026-12-31T00:00:00Z
2026-07-14 12:00:13+00:00,0.0025,616907,Will 5 Fed rate cuts happen in 2026?,2439372.532297963,228446.05794,2026-12-31T00:00:00Z
2026-07-14 13:00:08+00:00,0.0025,616907,Will 5 Fed rate cuts happen in 2026?,2439372.532297963,228446.05794,2026-12-31T00:00:00Z
2026-07-14 14:00:12+00:00,0.0025,616907,Will 5 Fed rate cuts happen in 2026?,2439372.532297963,228446.05794,2026-12-31T00:00:00Z
2026-07-14 15:00:09+00:00,0.0025,616907,Will 5 Fed rate cuts happen in 2026?,2439372.532297963,228446.05794,2026-12-31T00:00:00Z
2026-07-14 16:00:13+00:00,0.0025,616907,Will 5 Fed rate cuts happen in 2026?,2439372.532297963,228446.05794,2026-12-31T00:00:00Z
2026-07-14 17:00:18+00:00,0.0025,616907,Will 5 Fed rate cuts happen in 2026?,2439372.532297963,228446.05794,2026-12-31T00:00:00Z
2026-07-14 18:00:18+00:00,0.0025,616907,Will 5 Fed rate cuts happen in 2026?,2439372.532297963,228446.05794,2026-12-31T00:00:00Z
2026-07-14 19:00:08+00:00,0.0025,616907,Will 5 Fed rate cuts happen in 2026?,2439372.532297963,228446.05794,2026-12-31T00:00:00Z
2026-07-14 20:00:08+00:00,0.0025,616907,Will 5 Fed rate cuts happen in 2026?,2439372.532297963,228446.05794,2026-12-31T00:00:00Z
2026-07-14 21:00:08+00:00,0.0025,616907,Will 5 Fed rate cuts happen in 2026?,2439372.532297963,228446.05794,2026-12-31T00:00:00Z
2026-07-14 22:00:05+00:00,0.0025,616907,Will 5 Fed rate cuts happen in 2026?,2439372.532297963,228446.05794,2026-12-31T00:00:00Z
2026-07-14 23:00:07+00:00,0.0025,616907,Will 5 Fed rate cuts happen in 2026?,2439372.532297963,228446.05794,2026-12-31T00:00:00Z
2026-07-15 00:00:11+00:00,0.0025,616907,Will 5 Fed rate cuts happen in 2026?,2439372.532297963,228446.05794,2026-12-31T00:00:00Z
2026-07-15 01:00:08+00:00,0.0025,616907,Will 5 Fed rate cuts happen in 2026?,2439372.532297963,228446.05794,2026-12-31T00:00:00Z
2026-07-15 02:00:10+00:00,0.0025,616907,Will 5 Fed rate cuts happen in 2026?,2439372.532297963,228446.05794,2026-12-31T00:00:00Z
2026-07-15 03:00:10+00:00,0.0025,616907,Will 5 Fed rate cuts happen in 2026?,2439372.532297963,228446.05794,2026-12-31T00:00:00Z
2026-07-15 04:00:06+00:00,0.0025,616907,Will 5 Fed rate cuts happen in 2026?,2439372.532297963,228446.05794,2026-12-31T00:00:00Z
2026-07-15 05:00:22+00:00,0.0025,616907,Will 5 Fed rate cuts happen in 2026?,2439372.532297963,228446.05794,2026-12-31T00:00:00Z
2026-07-15 06:00:10+00:00,0.0025,616907,Will 5 Fed rate cuts happen in 2026?,2439372.532297963,228446.05794,2026-12-31T00:00:00Z
2026-07-15 07:00:21+00:00,0.0025,616907,Will 5 Fed rate cuts happen in 2026?,2439372.532297963,228446.05794,2026-12-31T00:00:00Z
2026-07-15 08:00:22+00:00,0.0025,616907,Will 5 Fed rate cuts happen in 2026?,2439372.532297963,228446.05794,2026-12-31T00:00:00Z
2026-07-15 09:00:09+00:00,0.0025,616907,Will 5 Fed rate cuts happen in 2026?,2439372.532297963,228446.05794,2026-12-31T00:00:00Z
2026-07-15 10:00:05+00:00,0.0025,616907,Will 5 Fed rate cuts happen in 2026?,2439372.532297963,228446.05794,2026-12-31T00:00:00Z
2026-07-15 11:00:09+00:00,0.0025,616907,Will 5 Fed rate cuts happen in 2026?,2439372.532297963,228446.05794,2026-12-31T00:00:00Z
2026-07-15 12:00:24+00:00,0.0025,616907,Will 5 Fed rate cuts happen in 2026?,2439372.532297963,228446.05794,2026-12-31T00:00:00Z
2026-07-15 13:00:07+00:00,0.0025,616907,Will 5 Fed rate cuts happen in 2026?,2439372.532297963,228446.05794,2026-12-31T00:00:00Z
2026-07-15 14:00:07+00:00,0.0025,616907,Will 5 Fed rate cuts happen in 2026?,2439372.532297963,228446.05794,2026-12-31T00:00:00Z
2026-07-15 15:00:11+00:00,0.0025,616907,Will 5 Fed rate cuts happen in 2026?,2439372.532297963,228446.05794,2026-12-31T00:00:00Z
2026-07-15 16:00:06+00:00,0.0025,616907,Will 5 Fed rate cuts happen in 2026?,2439372.532297963,228446.05794,2026-12-31T00:00:00Z
2026-07-15 17:00:08+00:00,0.0025,616907,Will 5 Fed rate cuts happen in 2026?,2439372.532297963,228446.05794,2026-12-31T00:00:00Z
2026-07-15 18:00:13+00:00,0.0025,616907,Will 5 Fed rate cuts happen in 2026?,2439372.532297963,228446.05794,2026-12-31T00:00:00Z
2026-07-15 19:00:10+00:00,0.0025,616907,Will 5 Fed rate cuts happen in 2026?,2439372.532297963,228446.05794,2026-12-31T00:00:00Z
2026-07-15 20:00:08+00:00,0.0025,616907,Will 5 Fed rate cuts happen in 2026?,2439372.532297963,228446.05794,2026-12-31T00:00:00Z
2026-07-15 21:00:08+00:00,0.0025,616907,Will 5 Fed rate cuts happen in 2026?,2439372.532297963,228446.05794,2026-12-31T00:00:00Z
2026-07-15 22:00:06+00:00,0.0025,616907,Will 5 Fed rate cuts happen in 2026?,2439372.532297963,228446.05794,2026-12-31T00:00:00Z
2026-07-15 23:00:07+00:00,0.0025,616907,Will 5 Fed rate cuts happen in 2026?,2439372.532297963,228446.05794,2026-12-31T00:00:00Z
2026-07-16 00:00:13+00:00,0.0025,616907,Will 5 Fed rate cuts happen in 2026?,2439372.532297963,228446.05794,2026-12-31T00:00:00Z
2026-07-16 01:00:06+00:00,0.0025,616907,Will 5 Fed rate cuts happen in 2026?,2439372.532297963,228446.05794,2026-12-31T00:00:00Z
2026-07-16 02:00:05+00:00,0.0025,616907,Will 5 Fed rate cuts happen in 2026?,2439372.532297963,228446.05794,2026-12-31T00:00:00Z
2026-07-16 03:00:10+00:00,0.0025,616907,Will 5 Fed rate cuts happen in 2026?,2439372.532297963,228446.05794,2026-12-31T00:00:00Z
2026-07-16 04:00:07+00:00,0.0025,616907,Will 5 Fed rate cuts happen in 2026?,2439372.532297963,228446.05794,2026-12-31T00:00:00Z
2026-07-16 05:00:06+00:00,0.0025,616907,Will 5 Fed rate cuts happen in 2026?,2439372.532297963,228446.05794,2026-12-31T00:00:00Z
2026-07-16 06:00:11+00:00,0.0025,616907,Will 5 Fed rate cuts happen in 2026?,2439372.532297963,228446.05794,2026-12-31T00:00:00Z
2026-07-16 07:00:08+00:00,0.0025,616907,Will 5 Fed rate cuts happen in 2026?,2439372.532297963,228446.05794,2026-12-31T00:00:00Z
2026-07-16 08:00:05+00:00,0.0025,616907,Will 5 Fed rate cuts happen in 2026?,2439372.532297963,228446.05794,2026-12-31T00:00:00Z
2026-07-16 09:00:11+00:00,0.0025,616907,Will 5 Fed rate cuts happen in 2026?,2439372.532297963,228446.05794,2026-12-31T00:00:00Z
2026-07-16 10:00:08+00:00,0.0025,616907,Will 5 Fed rate cuts happen in 2026?,2439372.532297963,228446.05794,2026-12-31T00:00:00Z
2026-07-16 11:00:07+00:00,0.0025,616907,Will 5 Fed rate cuts happen in 2026?,2439372.532297963,228446.05794,2026-12-31T00:00:00Z
2026-07-16 12:00:09+00:00,0.0025,616907,Will 5 Fed rate cuts happen in 2026?,2439372.532297963,228446.05794,2026-12-31T00:00:00Z
2026-07-16 13:00:08+00:00,0.0025,616907,Will 5 Fed rate cuts happen in 2026?,2439372.532297963,228446.05794,2026-12-31T00:00:00Z
2026-07-16 14:00:06+00:00,0.0025,616907,Will 5 Fed rate cuts happen in 2026?,2439372.532297963,228446.05794,2026-12-31T00:00:00Z
2026-07-16 15:00:10+00:00,0.0025,616907,Will 5 Fed rate cuts happen in 2026?,2439372.532297963,228446.05794,2026-12-31T00:00:00Z
2026-07-16 16:00:06+00:00,0.0025,616907,Will 5 Fed rate cuts happen in 2026?,2439372.532297963,228446.05794,2026-12-31T00:00:00Z
2026-07-16 17:00:07+00:00,0.0025,616907,Will 5 Fed rate cuts happen in 2026?,2439372.532297963,228446.05794,2026-12-31T00:00:00Z
2026-07-16 18:00:22+00:00,0.0025,616907,Will 5 Fed rate cuts happen in 2026?,2439372.532297963,228446.05794,2026-12-31T00:00:00Z
2026-07-16 19:00:07+00:00,0.0025,616907,Will 5 Fed rate cuts happen in 2026?,2439372.532297963,228446.05794,2026-12-31T00:00:00Z
2026-07-16 20:00:08+00:00,0.0025,616907,Will 5 Fed rate cuts happen in 2026?,2439372.532297963,228446.05794,2026-12-31T00:00:00Z
2026-07-16 21:00:09+00:00,0.0025,616907,Will 5 Fed rate cuts happen in 2026?,2439372.532297963,228446.05794,2026-12-31T00:00:00Z
2026-07-16 22:00:07+00:00,0.0025,616907,Will 5 Fed rate cuts happen in 2026?,2439372.532297963,228446.05794,2026-12-31T00:00:00Z
2026-07-16 23:00:09+00:00,0.0025,616907,Will 5 Fed rate cuts happen in 2026?,2439372.532297963,228446.05794,2026-12-31T00:00:00Z
2026-07-17 00:00:12+00:00,0.0025,616907,Will 5 Fed rate cuts happen in 2026?,2439372.532297963,228446.05794,2026-12-31T00:00:00Z
2026-07-17 01:00:06+00:00,0.0025,616907,Will 5 Fed rate cuts happen in 2026?,2439372.532297963,228446.05794,2026-12-31T00:00:00Z
2026-07-17 02:00:07+00:00,0.0025,616907,Will 5 Fed rate cuts happen in 2026?,2439372.532297963,228446.05794,2026-12-31T00:00:00Z
2026-07-17 03:00:10+00:00,0.0025,616907,Will 5 Fed rate cuts happen in 2026?,2439372.532297963,228446.05794,2026-12-31T00:00:00Z
2026-07-17 04:00:09+00:00,0.0025,616907,Will 5 Fed rate cuts happen in 2026?,2439372.532297963,228446.05794,2026-12-31T00:00:00Z
2026-07-17 05:00:10+00:00,0.0025,616907,Will 5 Fed rate cuts happen in 2026?,2439372.532297963,228446.05794,2026-12-31T00:00:00Z
2026-07-17 06:00:12+00:00,0.0025,616907,Will 5 Fed rate cuts happen in 2026?,2439372.532297963,228446.05794,2026-12-31T00:00:00Z
2026-07-17 07:00:05+00:00,0.0025,616907,Will 5 Fed rate cuts happen in 2026?,2439372.532297963,228446.05794,2026-12-31T00:00:00Z
2026-07-17 08:00:06+00:00,0.0025,616907,Will 5 Fed rate cuts happen in 2026?,2439372.532297963,228446.05794,2026-12-31T00:00:00Z
2026-07-17 09:00:08+00:00,0.0025,616907,Will 5 Fed rate cuts happen in 2026?,2439372.532297963,228446.05794,2026-12-31T00:00:00Z
2026-07-17 10:00:10+00:00,0.0025,616907,Will 5 Fed rate cuts happen in 2026?,2439372.532297963,228446.05794,2026-12-31T00:00:00Z
2026-07-17 11:00:06+00:00,0.0025,616907,Will 5 Fed rate cuts happen in 2026?,2439372.532297963,228446.05794,2026-12-31T00:00:00Z
2026-07-17 12:00:12+00:00,0.0025,616907,Will 5 Fed rate cuts happen in 2026?,2439372.532297963,228446.05794,2026-12-31T00:00:00Z
2026-07-17 13:00:06+00:00,0.0025,616907,Will 5 Fed rate cuts happen in 2026?,2439372.532297963,228446.05794,2026-12-31T00:00:00Z
2026-07-17 14:00:07+00:00,0.0025,616907,Will 5 Fed rate cuts happen in 2026?,2439372.532297963,228446.05794,2026-12-31T00:00:00Z
2026-07-17 15:00:09+00:00,0.0025,616907,Will 5 Fed rate cuts happen in 2026?,2439372.532297963,228446.05794,2026-12-31T00:00:00Z
2026-07-17 16:00:23+00:00,0.0025,616907,Will 5 Fed rate cuts happen in 2026?,2439372.532297963,228446.05794,2026-12-31T00:00:00Z
2026-07-17 17:00:11+00:00,0.0025,616907,Will 5 Fed rate cuts happen in 2026?,2439372.532297963,228446.05794,2026-12-31T00:00:00Z
2026-07-17 18:00:26+00:00,0.0025,616907,Will 5 Fed rate cuts happen in 2026?,2439372.532297963,228446.05794,2026-12-31T00:00:00Z
2026-07-17 19:00:07+00:00,0.0025,616907,Will 5 Fed rate cuts happen in 2026?,2439372.532297963,228446.05794,2026-12-31T00:00:00Z
2026-07-17 20:00:07+00:00,0.0025,616907,Will 5 Fed rate cuts happen in 2026?,2439372.532297963,228446.05794,2026-12-31T00:00:00Z
2026-07-17 21:00:08+00:00,0.0025,616907,Will 5 Fed rate cuts happen in 2026?,2439372.532297963,228446.05794,2026-12-31T00:00:00Z
2026-07-17 22:00:08+00:00,0.0025,616907,Will 5 Fed rate cuts happen in 2026?,2439372.532297963,228446.05794,2026-12-31T00:00:00Z
2026-07-17 23:00:09+00:00,0.0025,616907,Will 5 Fed rate cuts happen in 2026?,2439372.532297963,228446.05794,2026-12-31T00:00:00Z
2026-07-18 00:00:09+00:00,0.0025,616907,Will 5 Fed rate cuts happen in 2026?,2439372.532297963,228446.05794,2026-12-31T00:00:00Z
2026-07-18 01:00:06+00:00,0.0025,616907,Will 5 Fed rate cuts happen in 2026?,2439372.532297963,228446.05794,2026-12-31T00:00:00Z
2026-07-18 02:00:06+00:00,0.0025,616907,Will 5 Fed rate cuts happen in 2026?,2439372.532297963,228446.05794,2026-12-31T00:00:00Z
2026-07-18 03:00:09+00:00,0.0025,616907,Will 5 Fed rate cuts happen in 2026?,2439372.532297963,228446.05794,2026-12-31T00:00:00Z
2026-07-18 04:00:06+00:00,0.0025,616907,Will 5 Fed rate cuts happen in 2026?,2439372.532297963,228446.05794,2026-12-31T00:00:00Z
2026-07-18 05:00:07+00:00,0.0025,616907,Will 5 Fed rate cuts happen in 2026?,2439372.532297963,228446.05794,2026-12-31T00:00:00Z
2026-07-18 06:00:08+00:00,0.0025,616907,Will 5 Fed rate cuts happen in 2026?,2439372.532297963,228446.05794,2026-12-31T00:00:00Z
2026-07-18 07:00:09+00:00,0.0025,616907,Will 5 Fed rate cuts happen in 2026?,2439372.532297963,228446.05794,2026-12-31T00:00:00Z
2026-07-18 08:00:06+00:00,0.0025,616907,Will 5 Fed rate cuts happen in 2026?,2439372.532297963,228446.05794,2026-12-31T00:00:00Z
2026-07-18 09:00:12+00:00,0.0025,616907,Will 5 Fed rate cuts happen in 2026?,2439372.532297963,228446.05794,2026-12-31T00:00:00Z
2026-07-18 10:00:06+00:00,0.0025,616907,Will 5 Fed rate cuts happen in 2026?,2439372.532297963,228446.05794,2026-12-31T00:00:00Z
2026-07-18 11:00:07+00:00,0.0025,616907,Will 5 Fed rate cuts happen in 2026?,2439372.532297963,228446.05794,2026-12-31T00:00:00Z
2026-07-18 12:00:22+00:00,0.0025,616907,Will 5 Fed rate cuts happen in 2026?,2439372.532297963,228446.05794,2026-12-31T00:00:00Z
2026-07-18 13:00:07+00:00,0.0025,616907,Will 5 Fed rate cuts happen in 2026?,2439372.532297963,228446.05794,2026-12-31T00:00:00Z
2026-07-18 14:00:08+00:00,0.0025,616907,Will 5 Fed rate cuts happen in 2026?,2439372.532297963,228446.05794,2026-12-31T00:00:00Z
2026-07-18 15:00:10+00:00,0.0025,616907,Will 5 Fed rate cuts happen in 2026?,2439372.532297963,228446.05794,2026-12-31T00:00:00Z
2026-07-18 16:00:08+00:00,0.0025,616907,Will 5 Fed rate cuts happen in 2026?,2439372.532297963,228446.05794,2026-12-31T00:00:00Z
2026-07-18 17:00:11+00:00,0.0025,616907,Will 5 Fed rate cuts happen in 2026?,2439372.532297963,228446.05794,2026-12-31T00:00:00Z
2026-07-18 18:00:10+00:00,0.0025,616907,Will 5 Fed rate cuts happen in 2026?,2439372.532297963,228446.05794,2026-12-31T00:00:00Z
2026-07-18 19:00:06+00:00,0.0025,616907,Will 5 Fed rate cuts happen in 2026?,2439372.532297963,228446.05794,2026-12-31T00:00:00Z
2026-07-18 20:00:10+00:00,0.0025,616907,Will 5 Fed rate cuts happen in 2026?,2439372.532297963,228446.05794,2026-12-31T00:00:00Z
2026-07-18 21:00:11+00:00,0.0025,616907,Will 5 Fed rate cuts happen in 2026?,2439372.532297963,228446.05794,2026-12-31T00:00:00Z
2026-07-18 22:00:07+00:00,0.0025,616907,Will 5 Fed rate cuts happen in 2026?,2439372.532297963,228446.05794,2026-12-31T00:00:00Z
2026-07-18 23:00:10+00:00,0.0025,616907,Will 5 Fed rate cuts happen in 2026?,2439372.532297963,228446.05794,2026-12-31T00:00:00Z
2026-07-19 00:00:12+00:00,0.0025,616907,Will 5 Fed rate cuts happen in 2026?,2439372.532297963,228446.05794,2026-12-31T00:00:00Z
2026-07-19 01:00:07+00:00,0.0025,616907,Will 5 Fed rate cuts happen in 2026?,2439372.532297963,228446.05794,2026-12-31T00:00:00Z
2026-07-19 02:00:07+00:00,0.0025,616907,Will 5 Fed rate cuts happen in 2026?,2439372.532297963,228446.05794,2026-12-31T00:00:00Z
2026-07-19 03:00:10+00:00,0.0025,616907,Will 5 Fed rate cuts happen in 2026?,2439372.532297963,228446.05794,2026-12-31T00:00:00Z
2026-07-19 04:00:06+00:00,0.0025,616907,Will 5 Fed rate cuts happen in 2026?,2439372.532297963,228446.05794,2026-12-31T00:00:00Z
2026-07-19 05:00:08+00:00,0.0025,616907,Will 5 Fed rate cuts happen in 2026?,2439372.532297963,228446.05794,2026-12-31T00:00:00Z
2026-07-19 06:00:13+00:00,0.0025,616907,Will 5 Fed rate cuts happen in 2026?,2439372.532297963,228446.05794,2026-12-31T00:00:00Z
2026-07-19 07:00:07+00:00,0.0025,616907,Will 5 Fed rate cuts happen in 2026?,2439372.532297963,228446.05794,2026-12-31T00:00:00Z
2026-07-19 08:00:08+00:00,0.0025,616907,Will 5 Fed rate cuts happen in 2026?,2439372.532297963,228446.05794,2026-12-31T00:00:00Z
2026-07-19 09:00:11+00:00,0.0025,616907,Will 5 Fed rate cuts happen in 2026?,2439372.532297963,228446.05794,2026-12-31T00:00:00Z
2026-07-19 10:00:07+00:00,0.0025,616907,Will 5 Fed rate cuts happen in 2026?,2439372.532297963,228446.05794,2026-12-31T00:00:00Z
2026-07-19 11:00:08+00:00,0.0025,616907,Will 5 Fed rate cuts happen in 2026?,2439372.532297963,228446.05794,2026-12-31T00:00:00Z
2026-07-19 12:00:10+00:00,0.0025,616907,Will 5 Fed rate cuts happen in 2026?,2439372.532297963,228446.05794,2026-12-31T00:00:00Z
2026-07-19 13:00:09+00:00,0.0025,616907,Will 5 Fed rate cuts happen in 2026?,2439372.532297963,228446.05794,2026-12-31T00:00:00Z
2026-07-19 14:00:09+00:00,0.0025,616907,Will 5 Fed rate cuts happen in 2026?,2439372.532297963,228446.05794,2026-12-31T00:00:00Z
2026-07-19 15:00:09+00:00,0.0025,616907,Will 5 Fed rate cuts happen in 2026?,2439372.532297963,228446.05794,2026-12-31T00:00:00Z
2026-07-19 16:00:23+00:00,0.0025,616907,Will 5 Fed rate cuts happen in 2026?,2439372.532297963,228446.05794,2026-12-31T00:00:00Z
2026-07-19 17:00:13+00:00,0.0025,616907,Will 5 Fed rate cuts happen in 2026?,2439372.532297963,228446.05794,2026-12-31T00:00:00Z
2026-07-19 18:00:09+00:00,0.0025,616907,Will 5 Fed rate cuts happen in 2026?,2439372.532297963,228446.05794,2026-12-31T00:00:00Z
2026-07-19 19:00:09+00:00,0.0025,616907,Will 5 Fed rate cuts happen in 2026?,2439372.532297963,228446.05794,2026-12-31T00:00:00Z
2026-07-19 20:00:11+00:00,0.0025,616907,Will 5 Fed rate cuts happen in 2026?,2439372.532297963,228446.05794,2026-12-31T00:00:00Z
2026-07-19 21:00:23+00:00,0.0025,616907,Will 5 Fed rate cuts happen in 2026?,2439372.532297963,228446.05794,2026-12-31T00:00:00Z
2026-07-19 22:00:09+00:00,0.0025,616907,Will 5 Fed rate cuts happen in 2026?,2439372.532297963,228446.05794,2026-12-31T00:00:00Z
2026-07-19 23:00:08+00:00,0.0025,616907,Will 5 Fed rate cuts happen in 2026?,2439372.532297963,228446.05794,2026-12-31T00:00:00Z
2026-07-20 00:00:24+00:00,0.0025,616907,Will 5 Fed rate cuts happen in 2026?,2439372.532297963,228446.05794,2026-12-31T00:00:00Z
2026-07-20 01:00:08+00:00,0.0025,616907,Will 5 Fed rate cuts happen in 2026?,2439372.532297963,228446.05794,2026-12-31T00:00:00Z
2026-07-20 02:00:07+00:00,0.0025,616907,Will 5 Fed rate cuts happen in 2026?,2439372.532297963,228446.05794,2026-12-31T00:00:00Z
2026-07-20 03:00:09+00:00,0.0025,616907,Will 5 Fed rate cuts happen in 2026?,2439372.532297963,228446.05794,2026-12-31T00:00:00Z
2026-07-20 04:00:07+00:00,0.0025,616907,Will 5 Fed rate cuts happen in 2026?,2439372.532297963,228446.05794,2026-12-31T00:00:00Z
2026-07-20 05:00:20+00:00,0.0025,616907,Will 5 Fed rate cuts happen in 2026?,2439372.532297963,228446.05794,2026-12-31T00:00:00Z
2026-07-20 06:00:11+00:00,0.0025,616907,Will 5 Fed rate cuts happen in 2026?,2439372.532297963,228446.05794,2026-12-31T00:00:00Z
2026-07-20 07:00:08+00:00,0.0025,616907,Will 5 Fed rate cuts happen in 2026?,2439372.532297963,228446.05794,2026-12-31T00:00:00Z
2026-07-20 08:00:06+00:00,0.0025,616907,Will 5 Fed rate cuts happen in 2026?,2439372.532297963,228446.05794,2026-12-31T00:00:00Z
2026-07-20 09:00:11+00:00,0.0025,616907,Will 5 Fed rate cuts happen in 2026?,2439372.532297963,228446.05794,2026-12-31T00:00:00Z
2026-07-20 10:00:05+00:00,0.0025,616907,Will 5 Fed rate cuts happen in 2026?,2439372.532297963,228446.05794,2026-12-31T00:00:00Z
2026-07-20 11:00:08+00:00,0.0025,616907,Will 5 Fed rate cuts happen in 2026?,2439372.532297963,228446.05794,2026-12-31T00:00:00Z
2026-07-20 12:00:09+00:00,0.0025,616907,Will 5 Fed rate cuts happen in 2026?,2439372.532297963,228446.05794,2026-12-31T00:00:00Z
2026-07-20 13:00:09+00:00,0.0025,616907,Will 5 Fed rate cuts happen in 2026?,2439372.532297963,228446.05794,2026-12-31T00:00:00Z
2026-07-20 14:00:06+00:00,0.0025,616907,Will 5 Fed rate cuts happen in 2026?,2439372.532297963,228446.05794,2026-12-31T00:00:00Z
2026-07-20 15:00:14+00:00,0.0025,616907,Will 5 Fed rate cuts happen in 2026?,2439372.532297963,228446.05794,2026-12-31T00:00:00Z
2026-07-20 16:00:09+00:00,0.0025,616907,Will 5 Fed rate cuts happen in 2026?,2439372.532297963,228446.05794,2026-12-31T00:00:00Z
2026-07-20 17:00:18+00:00,0.0025,616907,Will 5 Fed rate cuts happen in 2026?,2439372.532297963,228446.05794,2026-12-31T00:00:00Z
2026-07-20 18:00:11+00:00,0.0025,616907,Will 5 Fed rate cuts happen in 2026?,2439372.532297963,228446.05794,2026-12-31T00:00:00Z
2026-07-20 19:00:08+00:00,0.0025,616907,Will 5 Fed rate cuts happen in 2026?,2439372.532297963,228446.05794,2026-12-31T00:00:00Z
2026-07-20 20:00:23+00:00,0.0025,616907,Will 5 Fed rate cuts happen in 2026?,2439372.532297963,228446.05794,2026-12-31T00:00:00Z
2026-07-20 21:00:12+00:00,0.0025,616907,Will 5 Fed rate cuts happen in 2026?,2439372.532297963,228446.05794,2026-12-31T00:00:00Z
2026-07-20 22:00:05+00:00,0.0025,616907,Will 5 Fed rate cuts happen in 2026?,2439372.532297963,228446.05794,2026-12-31T00:00:00Z
2026-07-20 23:00:06+00:00,0.0025,616907,Will 5 Fed rate cuts happen in 2026?,2439372.532297963,228446.05794,2026-12-31T00:00:00Z
2026-07-21 00:00:12+00:00,0.0025,616907,Will 5 Fed rate cuts happen in 2026?,2439372.532297963,228446.05794,2026-12-31T00:00:00Z
2026-07-21 01:00:10+00:00,0.0025,616907,Will 5 Fed rate cuts happen in 2026?,2439372.532297963,228446.05794,2026-12-31T00:00:00Z
2026-07-21 02:00:10+00:00,0.0025,616907,Will 5 Fed rate cuts happen in 2026?,2439372.532297963,228446.05794,2026-12-31T00:00:00Z
2026-07-21 03:00:12+00:00,0.0025,616907,Will 5 Fed rate cuts happen in 2026?,2439372.532297963,228446.05794,2026-12-31T00:00:00Z
2026-07-21 04:00:22+00:00,0.0025,616907,Will 5 Fed rate cuts happen in 2026?,2439372.532297963,228446.05794,2026-12-31T00:00:00Z
2026-07-21 05:00:08+00:00,0.0025,616907,Will 5 Fed rate cuts happen in 2026?,2439372.532297963,228446.05794,2026-12-31T00:00:00Z
2026-07-21 06:00:12+00:00,0.0025,616907,Will 5 Fed rate cuts happen in 2026?,2439372.532297963,228446.05794,2026-12-31T00:00:00Z
2026-07-21 07:00:11+00:00,0.0025,616907,Will 5 Fed rate cuts happen in 2026?,2439372.532297963,228446.05794,2026-12-31T00:00:00Z
2026-07-21 08:00:08+00:00,0.0025,616907,Will 5 Fed rate cuts happen in 2026?,2439372.532297963,228446.05794,2026-12-31T00:00:00Z
2026-07-21 09:00:11+00:00,0.0025,616907,Will 5 Fed rate cuts happen in 2026?,2439372.532297963,228446.05794,2026-12-31T00:00:00Z
2026-07-21 10:00:08+00:00,0.0025,616907,Will 5 Fed rate cuts happen in 2026?,2439372.532297963,228446.05794,2026-12-31T00:00:00Z
2026-07-21 11:00:08+00:00,0.0025,616907,Will 5 Fed rate cuts happen in 2026?,2439372.532297963,228446.05794,2026-12-31T00:00:00Z
2026-07-21 12:00:13+00:00,0.0025,616907,Will 5 Fed rate cuts happen in 2026?,2439372.532297963,228446.05794,2026-12-31T00:00:00Z
2026-07-21 13:00:09+00:00,0.0025,616907,Will 5 Fed rate cuts happen in 2026?,2439372.532297963,228446.05794,2026-12-31T00:00:00Z
2026-07-21 14:00:08+00:00,0.0025,616907,Will 5 Fed rate cuts happen in 2026?,2439372.532297963,228446.05794,2026-12-31T00:00:00Z
2026-07-21 15:00:24+00:00,0.0025,616907,Will 5 Fed rate cuts happen in 2026?,2439372.532297963,228446.05794,2026-12-31T00:00:00Z
2026-07-21 16:00:10+00:00,0.0025,616907,Will 5 Fed rate cuts happen in 2026?,2439372.532297963,228446.05794,2026-12-31T00:00:00Z
2026-07-21 17:00:07+00:00,0.0025,616907,Will 5 Fed rate cuts happen in 2026?,2439372.532297963,228446.05794,2026-12-31T00:00:00Z
2026-07-21 18:00:21+00:00,0.0025,616907,Will 5 Fed rate cuts happen in 2026?,2439372.532297963,228446.05794,2026-12-31T00:00:00Z
2026-07-21 19:00:05+00:00,0.0025,616907,Will 5 Fed rate cuts happen in 2026?,2439372.532297963,228446.05794,2026-12-31T00:00:00Z
2026-07-21 20:00:06+00:00,0.0025,616907,Will 5 Fed rate cuts happen in 2026?,2439372.532297963,228446.05794,2026-12-31T00:00:00Z
2026-07-21 21:00:20+00:00,0.0025,616907,Will 5 Fed rate cuts happen in 2026?,2439372.532297963,228446.05794,2026-12-31T00:00:00Z
2026-07-21 22:00:08+00:00,0.0025,616907,Will 5 Fed rate cuts happen in 2026?,2439372.532297963,228446.05794,2026-12-31T00:00:00Z
2026-07-21 23:00:20+00:00,0.0025,616907,Will 5 Fed rate cuts happen in 2026?,2439372.532297963,228446.05794,2026-12-31T00:00:00Z
2026-07-22 00:00:09+00:00,0.0025,616907,Will 5 Fed rate cuts happen in 2026?,2439372.532297963,228446.05794,2026-12-31T00:00:00Z
2026-07-22 01:00:06+00:00,0.0025,616907,Will 5 Fed rate cuts happen in 2026?,2439372.532297963,228446.05794,2026-12-31T00:00:00Z
2026-07-22 02:00:07+00:00,0.0025,616907,Will 5 Fed rate cuts happen in 2026?,2439372.532297963,228446.05794,2026-12-31T00:00:00Z
2026-07-22 03:00:10+00:00,0.0025,616907,Will 5 Fed rate cuts happen in 2026?,2439372.532297963,228446.05794,2026-12-31T00:00:00Z
2026-07-22 04:00:08+00:00,0.0025,616907,Will 5 Fed rate cuts happen in 2026?,2439372.532297963,228446.05794,2026-12-31T00:00:00Z
2026-07-22 05:00:06+00:00,0.0025,616907,Will 5 Fed rate cuts happen in 2026?,2439372.532297963,228446.05794,2026-12-31T00:00:00Z
2026-07-22 06:00:24+00:00,0.0025,616907,Will 5 Fed rate cuts happen in 2026?,2439372.532297963,228446.05794,2026-12-31T00:00:00Z
2026-07-22 07:00:08+00:00,0.0025,616907,Will 5 Fed rate cuts happen in 2026?,2439372.532297963,228446.05794,2026-12-31T00:00:00Z
2026-07-22 08:00:06+00:00,0.0025,616907,Will 5 Fed rate cuts happen in 2026?,2439372.532297963,228446.05794,2026-12-31T00:00:00Z
2026-07-22 09:00:09+00:00,0.0025,616907,Will 5 Fed rate cuts happen in 2026?,2439372.532297963,228446.05794,2026-12-31T00:00:00Z
2026-07-22 10:00:06+00:00,0.0025,616907,Will 5 Fed rate cuts happen in 2026?,2439372.532297963,228446.05794,2026-12-31T00:00:00Z
2026-07-22 11:00:06+00:00,0.0025,616907,Will 5 Fed rate cuts happen in 2026?,2439372.532297963,228446.05794,2026-12-31T00:00:00Z
2026-07-22 12:00:09+00:00,0.0025,616907,Will 5 Fed rate cuts happen in 2026?,2439372.532297963,228446.05794,2026-12-31T00:00:00Z
2026-07-22 13:00:07+00:00,0.0025,616907,Will 5 Fed rate cuts happen in 2026?,2439372.532297963,228446.05794,2026-12-31T00:00:00Z
2026-07-22 14:00:05+00:00,0.0025,616907,Will 5 Fed rate cuts happen in 2026?,2439372.532297963,228446.05794,2026-12-31T00:00:00Z
2026-07-22 15:00:10+00:00,0.0025,616907,Will 5 Fed rate cuts happen in 2026?,2439372.532297963,228446.05794,2026-12-31T00:00:00Z
2026-07-22 16:00:07+00:00,0.0025,616907,Will 5 Fed rate cuts happen in 2026?,2439372.532297963,228446.05794,2026-12-31T00:00:00Z
2026-07-22 17:00:14+00:00,0.0025,616907,Will 5 Fed rate cuts happen in 2026?,2439372.532297963,228446.05794,2026-12-31T00:00:00Z
2026-07-22 18:00:09+00:00,0.0025,616907,Will 5 Fed rate cuts happen in 2026?,2439372.532297963,228446.05794,2026-12-31T00:00:00Z
2026-07-22 19:00:06+00:00,0.0025,616907,Will 5 Fed rate cuts happen in 2026?,2439372.532297963,228446.05794,2026-12-31T00:00:00Z
2026-07-22 20:00:09+00:00,0.0025,616907,Will 5 Fed rate cuts happen in 2026?,2439372.532297963,228446.05794,2026-12-31T00:00:00Z
2026-07-22 21:00:10+00:00,0.0025,616907,Will 5 Fed rate cuts happen in 2026?,2439372.532297963,228446.05794,2026-12-31T00:00:00Z
2026-07-22 22:00:11+00:00,0.0025,616907,Will 5 Fed rate cuts happen in 2026?,2439372.532297963,228446.05794,2026-12-31T00:00:00Z
2026-07-22 23:00:08+00:00,0.0025,616907,Will 5 Fed rate cuts happen in 2026?,2439372.532297963,228446.05794,2026-12-31T00:00:00Z
2026-07-23 00:00:17+00:00,0.0025,616907,Will 5 Fed rate cuts happen in 2026?,2439372.532297963,228446.05794,2026-12-31T00:00:00Z
2026-07-23 01:00:21+00:00,0.0025,616907,Will 5 Fed rate cuts happen in 2026?,2439372.532297963,228446.05794,2026-12-31T00:00:00Z
2026-07-23 02:00:09+00:00,0.0025,616907,Will 5 Fed rate cuts happen in 2026?,2439372.532297963,228446.05794,2026-12-31T00:00:00Z
2026-07-23 03:00:12+00:00,0.0025,616907,Will 5 Fed rate cuts happen in 2026?,2439372.532297963,228446.05794,2026-12-31T00:00:00Z
2026-07-23 04:00:11+00:00,0.0025,616907,Will 5 Fed rate cuts happen in 2026?,2439372.532297963,228446.05794,2026-12-31T00:00:00Z
2026-07-23 05:00:21+00:00,0.0025,616907,Will 5 Fed rate cuts happen in 2026?,2439372.532297963,228446.05794,2026-12-31T00:00:00Z
2026-07-23 06:00:23+00:00,0.0025,616907,Will 5 Fed rate cuts happen in 2026?,2439372.532297963,228446.05794,2026-12-31T00:00:00Z
2026-07-23 07:00:14+00:00,0.0025,616907,Will 5 Fed rate cuts happen in 2026?,2439372.532297963,228446.05794,2026-12-31T00:00:00Z
2026-07-23 08:00:07+00:00,0.0025,616907,Will 5 Fed rate cuts happen in 2026?,2439372.532297963,228446.05794,2026-12-31T00:00:00Z
2026-07-23 09:00:17+00:00,0.0025,616907,Will 5 Fed rate cuts happen in 2026?,2439372.532297963,228446.05794,2026-12-31T00:00:00Z
2026-07-23 10:00:16+00:00,0.0025,616907,Will 5 Fed rate cuts happen in 2026?,2439372.532297963,228446.05794,2026-12-31T00:00:00Z
2026-07-23 11:00:09+00:00,0.0025,616907,Will 5 Fed rate cuts happen in 2026?,2439372.532297963,228446.05794,2026-12-31T00:00:00Z
2026-07-23 12:00:24+00:00,0.0025,616907,Will 5 Fed rate cuts happen in 2026?,2439372.532297963,228446.05794,2026-12-31T00:00:00Z
2026-07-23 13:00:12+00:00,0.0025,616907,Will 5 Fed rate cuts happen in 2026?,2439372.532297963,228446.05794,2026-12-31T00:00:00Z
2026-07-23 14:00:12+00:00,0.0025,616907,Will 5 Fed rate cuts happen in 2026?,2439372.532297963,228446.05794,2026-12-31T00:00:00Z
2026-07-23 15:00:21+00:00,0.0025,616907,Will 5 Fed rate cuts happen in 2026?,2439372.532297963,228446.05794,2026-12-31T00:00:00Z
2026-07-23 16:00:12+00:00,0.0025,616907,Will 5 Fed rate cuts happen in 2026?,2439372.532297963,228446.05794,2026-12-31T00:00:00Z
2026-07-23 17:00:23+00:00,0.0025,616907,Will 5 Fed rate cuts happen in 2026?,2439372.532297963,228446.05794,2026-12-31T00:00:00Z
2026-07-23 18:00:20+00:00,0.0025,616907,Will 5 Fed rate cuts happen in 2026?,2439372.532297963,228446.05794,2026-12-31T00:00:00Z
2026-07-23 19:00:14+00:00,0.0025,616907,Will 5 Fed rate cuts happen in 2026?,2439372.532297963,228446.05794,2026-12-31T00:00:00Z
2026-07-23 20:00:15+00:00,0.0025,616907,Will 5 Fed rate cuts happen in 2026?,2439372.532297963,228446.05794,2026-12-31T00:00:00Z
2026-07-23 21:00:20+00:00,0.0025,616907,Will 5 Fed rate cuts happen in 2026?,2439372.532297963,228446.05794,2026-12-31T00:00:00Z
2026-07-23 22:00:14+00:00,0.0025,616907,Will 5 Fed rate cuts happen in 2026?,2439372.532297963,228446.05794,2026-12-31T00:00:00Z
2026-07-23 23:00:13+00:00,0.0025,616907,Will 5 Fed rate cuts happen in 2026?,2439372.532297963,228446.05794,2026-12-31T00:00:00Z
2026-07-24 00:00:18+00:00,0.0025,616907,Will 5 Fed rate cuts happen in 2026?,2439372.532297963,228446.05794,2026-12-31T00:00:00Z
2026-07-24 01:00:09+00:00,0.0025,616907,Will 5 Fed rate cuts happen in 2026?,2439372.532297963,228446.05794,2026-12-31T00:00:00Z
2026-07-24 02:00:12+00:00,0.0025,616907,Will 5 Fed rate cuts happen in 2026?,2439372.532297963,228446.05794,2026-12-31T00:00:00Z
2026-07-24 03:00:20+00:00,0.0025,616907,Will 5 Fed rate cuts happen in 2026?,2439372.532297963,228446.05794,2026-12-31T00:00:00Z
2026-07-24 04:00:13+00:00,0.0025,616907,Will 5 Fed rate cuts happen in 2026?,2439372.532297963,228446.05794,2026-12-31T00:00:00Z
2026-07-24 05:00:22+00:00,0.0025,616907,Will 5 Fed rate cuts happen in 2026?,2439372.532297963,228446.05794,2026-12-31T00:00:00Z
2026-07-24 06:00:20+00:00,0.0025,616907,Will 5 Fed rate cuts happen in 2026?,2439372.532297963,228446.05794,2026-12-31T00:00:00Z
2026-07-24 07:00:11+00:00,0.0025,616907,Will 5 Fed rate cuts happen in 2026?,2439372.532297963,228446.05794,2026-12-31T00:00:00Z
2026-07-24 08:00:13+00:00,0.0025,616907,Will 5 Fed rate cuts happen in 2026?,2439372.532297963,228446.05794,2026-12-31T00:00:00Z
2026-07-24 09:00:20+00:00,0.0025,616907,Will 5 Fed rate cuts happen in 2026?,2439372.532297963,228446.05794,2026-12-31T00:00:00Z
2026-07-24 09:38:07+00:00,0.0025,616907,Will 5 Fed rate cuts happen in 2026?,2439372.532297963,228446.05794,2026-12-31T00:00:00Z
2026-07-10 10:00:18+00:00,0.0025,616908,Will 6 Fed rate cuts happen in 2026?,3723058.673805849,171742.02475,2026-12-31T00:00:00Z
2026-07-10 11:00:06+00:00,0.0025,616908,Will 6 Fed rate cuts happen in 2026?,3723058.673805849,171742.02475,2026-12-31T00:00:00Z
2026-07-10 12:00:08+00:00,0.0025,616908,Will 6 Fed rate cuts happen in 2026?,3723058.673805849,171742.02475,2026-12-31T00:00:00Z
2026-07-10 13:00:05+00:00,0.0025,616908,Will 6 Fed rate cuts happen in 2026?,3723058.673805849,171742.02475,2026-12-31T00:00:00Z
2026-07-10 14:00:05+00:00,0.0025,616908,Will 6 Fed rate cuts happen in 2026?,3723058.673805849,171742.02475,2026-12-31T00:00:00Z
2026-07-10 15:00:07+00:00,0.0025,616908,Will 6 Fed rate cuts happen in 2026?,3723058.673805849,171742.02475,2026-12-31T00:00:00Z
2026-07-10 16:00:06+00:00,0.0025,616908,Will 6 Fed rate cuts happen in 2026?,3723058.673805849,171742.02475,2026-12-31T00:00:00Z
2026-07-10 17:00:05+00:00,0.0025,616908,Will 6 Fed rate cuts happen in 2026?,3723058.673805849,171742.02475,2026-12-31T00:00:00Z
2026-07-10 18:00:07+00:00,0.0025,616908,Will 6 Fed rate cuts happen in 2026?,3723058.673805849,171742.02475,2026-12-31T00:00:00Z
2026-07-10 19:00:06+00:00,0.0025,616908,Will 6 Fed rate cuts happen in 2026?,3723058.673805849,171742.02475,2026-12-31T00:00:00Z
2026-07-10 20:00:06+00:00,0.0025,616908,Will 6 Fed rate cuts happen in 2026?,3723058.673805849,171742.02475,2026-12-31T00:00:00Z
2026-07-10 21:00:07+00:00,0.0025,616908,Will 6 Fed rate cuts happen in 2026?,3723058.673805849,171742.02475,2026-12-31T00:00:00Z
2026-07-10 23:00:22+00:00,0.0025,616908,Will 6 Fed rate cuts happen in 2026?,3723058.673805849,171742.02475,2026-12-31T00:00:00Z
2026-07-11 00:00:09+00:00,0.0025,616908,Will 6 Fed rate cuts happen in 2026?,3723058.673805849,171742.02475,2026-12-31T00:00:00Z
2026-07-11 01:00:05+00:00,0.0025,616908,Will 6 Fed rate cuts happen in 2026?,3723058.673805849,171742.02475,2026-12-31T00:00:00Z
2026-07-11 02:00:06+00:00,0.0025,616908,Will 6 Fed rate cuts happen in 2026?,3723058.673805849,171742.02475,2026-12-31T00:00:00Z
2026-07-11 03:00:06+00:00,0.0025,616908,Will 6 Fed rate cuts happen in 2026?,3723058.673805849,171742.02475,2026-12-31T00:00:00Z
2026-07-11 04:00:08+00:00,0.0025,616908,Will 6 Fed rate cuts happen in 2026?,3723058.673805849,171742.02475,2026-12-31T00:00:00Z
2026-07-11 05:00:07+00:00,0.0025,616908,Will 6 Fed rate cuts happen in 2026?,3723058.673805849,171742.02475,2026-12-31T00:00:00Z
2026-07-11 06:00:11+00:00,0.0025,616908,Will 6 Fed rate cuts happen in 2026?,3723058.673805849,171742.02475,2026-12-31T00:00:00Z
2026-07-11 07:00:06+00:00,0.0025,616908,Will 6 Fed rate cuts happen in 2026?,3723058.673805849,171742.02475,2026-12-31T00:00:00Z
2026-07-11 08:00:06+00:00,0.0025,616908,Will 6 Fed rate cuts happen in 2026?,3723058.673805849,171742.02475,2026-12-31T00:00:00Z
2026-07-11 09:00:06+00:00,0.0025,616908,Will 6 Fed rate cuts happen in 2026?,3723058.673805849,171742.02475,2026-12-31T00:00:00Z
2026-07-11 10:00:06+00:00,0.0025,616908,Will 6 Fed rate cuts happen in 2026?,3723058.673805849,171742.02475,2026-12-31T00:00:00Z
2026-07-11 11:00:06+00:00,0.0025,616908,Will 6 Fed rate cuts happen in 2026?,3723058.673805849,171742.02475,2026-12-31T00:00:00Z
2026-07-11 12:00:09+00:00,0.0025,616908,Will 6 Fed rate cuts happen in 2026?,3723058.673805849,171742.02475,2026-12-31T00:00:00Z
2026-07-11 13:00:05+00:00,0.0025,616908,Will 6 Fed rate cuts happen in 2026?,3723058.673805849,171742.02475,2026-12-31T00:00:00Z
2026-07-11 14:00:06+00:00,0.0025,616908,Will 6 Fed rate cuts happen in 2026?,3723058.673805849,171742.02475,2026-12-31T00:00:00Z
2026-07-11 15:00:07+00:00,0.0025,616908,Will 6 Fed rate cuts happen in 2026?,3723058.673805849,171742.02475,2026-12-31T00:00:00Z
2026-07-11 16:00:05+00:00,0.0025,616908,Will 6 Fed rate cuts happen in 2026?,3723058.673805849,171742.02475,2026-12-31T00:00:00Z
2026-07-11 17:00:09+00:00,0.0025,616908,Will 6 Fed rate cuts happen in 2026?,3723058.673805849,171742.02475,2026-12-31T00:00:00Z
2026-07-11 18:00:08+00:00,0.0025,616908,Will 6 Fed rate cuts happen in 2026?,3723058.673805849,171742.02475,2026-12-31T00:00:00Z
2026-07-11 19:00:07+00:00,0.0025,616908,Will 6 Fed rate cuts happen in 2026?,3723058.673805849,171742.02475,2026-12-31T00:00:00Z
2026-07-11 20:00:08+00:00,0.0025,616908,Will 6 Fed rate cuts happen in 2026?,3723058.673805849,171742.02475,2026-12-31T00:00:00Z
2026-07-11 21:00:07+00:00,0.0025,616908,Will 6 Fed rate cuts happen in 2026?,3723058.673805849,171742.02475,2026-12-31T00:00:00Z
2026-07-11 22:00:04+00:00,0.0025,616908,Will 6 Fed rate cuts happen in 2026?,3723058.673805849,171742.02475,2026-12-31T00:00:00Z
2026-07-11 23:00:05+00:00,0.0025,616908,Will 6 Fed rate cuts happen in 2026?,3723058.673805849,171742.02475,2026-12-31T00:00:00Z
2026-07-12 00:00:22+00:00,0.0025,616908,Will 6 Fed rate cuts happen in 2026?,3723058.673805849,171742.02475,2026-12-31T00:00:00Z
2026-07-12 01:00:05+00:00,0.0025,616908,Will 6 Fed rate cuts happen in 2026?,3723058.673805849,171742.02475,2026-12-31T00:00:00Z
2026-07-12 02:00:06+00:00,0.0025,616908,Will 6 Fed rate cuts happen in 2026?,3723058.673805849,171742.02475,2026-12-31T00:00:00Z
2026-07-12 03:00:07+00:00,0.0025,616908,Will 6 Fed rate cuts happen in 2026?,3723058.673805849,171742.02475,2026-12-31T00:00:00Z
2026-07-12 04:00:06+00:00,0.0025,616908,Will 6 Fed rate cuts happen in 2026?,3723058.673805849,171742.02475,2026-12-31T00:00:00Z
2026-07-12 05:00:04+00:00,0.0025,616908,Will 6 Fed rate cuts happen in 2026?,3723058.673805849,171742.02475,2026-12-31T00:00:00Z
2026-07-12 06:00:06+00:00,0.0025,616908,Will 6 Fed rate cuts happen in 2026?,3723058.673805849,171742.02475,2026-12-31T00:00:00Z
2026-07-12 07:00:12+00:00,0.0025,616908,Will 6 Fed rate cuts happen in 2026?,3723058.673805849,171742.02475,2026-12-31T00:00:00Z
2026-07-12 08:00:05+00:00,0.0025,616908,Will 6 Fed rate cuts happen in 2026?,3723058.673805849,171742.02475,2026-12-31T00:00:00Z
2026-07-12 09:00:06+00:00,0.0025,616908,Will 6 Fed rate cuts happen in 2026?,3723058.673805849,171742.02475,2026-12-31T00:00:00Z
2026-07-12 10:00:06+00:00,0.0025,616908,Will 6 Fed rate cuts happen in 2026?,3723058.673805849,171742.02475,2026-12-31T00:00:00Z
2026-07-12 11:00:19+00:00,0.0025,616908,Will 6 Fed rate cuts happen in 2026?,3723058.673805849,171742.02475,2026-12-31T00:00:00Z
2026-07-12 12:00:10+00:00,0.0025,616908,Will 6 Fed rate cuts happen in 2026?,3723058.673805849,171742.02475,2026-12-31T00:00:00Z
2026-07-12 13:00:06+00:00,0.0025,616908,Will 6 Fed rate cuts happen in 2026?,3723058.673805849,171742.02475,2026-12-31T00:00:00Z
2026-07-12 14:00:07+00:00,0.0025,616908,Will 6 Fed rate cuts happen in 2026?,3723058.673805849,171742.02475,2026-12-31T00:00:00Z
2026-07-12 15:00:07+00:00,0.0025,616908,Will 6 Fed rate cuts happen in 2026?,3723058.673805849,171742.02475,2026-12-31T00:00:00Z
2026-07-12 16:00:05+00:00,0.0025,616908,Will 6 Fed rate cuts happen in 2026?,3723058.673805849,171742.02475,2026-12-31T00:00:00Z
2026-07-12 17:00:06+00:00,0.0025,616908,Will 6 Fed rate cuts happen in 2026?,3723058.673805849,171742.02475,2026-12-31T00:00:00Z
2026-07-12 18:00:08+00:00,0.0025,616908,Will 6 Fed rate cuts happen in 2026?,3723058.673805849,171742.02475,2026-12-31T00:00:00Z
2026-07-12 19:00:08+00:00,0.0025,616908,Will 6 Fed rate cuts happen in 2026?,3723058.673805849,171742.02475,2026-12-31T00:00:00Z
2026-07-12 20:00:06+00:00,0.0025,616908,Will 6 Fed rate cuts happen in 2026?,3723058.673805849,171742.02475,2026-12-31T00:00:00Z
2026-07-12 21:00:07+00:00,0.0025,616908,Will 6 Fed rate cuts happen in 2026?,3723058.673805849,171742.02475,2026-12-31T00:00:00Z
2026-07-12 22:00:13+00:00,0.0025,616908,Will 6 Fed rate cuts happen in 2026?,3723058.673805849,171742.02475,2026-12-31T00:00:00Z
2026-07-12 23:00:05+00:00,0.0025,616908,Will 6 Fed rate cuts happen in 2026?,3723058.673805849,171742.02475,2026-12-31T00:00:00Z
2026-07-13 00:00:10+00:00,0.0025,616908,Will 6 Fed rate cuts happen in 2026?,3723058.673805849,171742.02475,2026-12-31T00:00:00Z
2026-07-13 01:00:06+00:00,0.0025,616908,Will 6 Fed rate cuts happen in 2026?,3723058.673805849,171742.02475,2026-12-31T00:00:00Z
2026-07-13 02:00:05+00:00,0.0025,616908,Will 6 Fed rate cuts happen in 2026?,3723058.673805849,171742.02475,2026-12-31T00:00:00Z
2026-07-13 03:00:06+00:00,0.0025,616908,Will 6 Fed rate cuts happen in 2026?,3723058.673805849,171742.02475,2026-12-31T00:00:00Z
2026-07-13 04:00:07+00:00,0.0025,616908,Will 6 Fed rate cuts happen in 2026?,3723058.673805849,171742.02475,2026-12-31T00:00:00Z
2026-07-13 05:00:09+00:00,0.0025,616908,Will 6 Fed rate cuts happen in 2026?,3723058.673805849,171742.02475,2026-12-31T00:00:00Z
2026-07-13 06:00:08+00:00,0.0025,616908,Will 6 Fed rate cuts happen in 2026?,3723058.673805849,171742.02475,2026-12-31T00:00:00Z
2026-07-13 07:00:08+00:00,0.0025,616908,Will 6 Fed rate cuts happen in 2026?,3723058.673805849,171742.02475,2026-12-31T00:00:00Z
2026-07-13 08:00:08+00:00,0.0025,616908,Will 6 Fed rate cuts happen in 2026?,3723058.673805849,171742.02475,2026-12-31T00:00:00Z
2026-07-13 09:00:07+00:00,0.0025,616908,Will 6 Fed rate cuts happen in 2026?,3723058.673805849,171742.02475,2026-12-31T00:00:00Z
2026-07-13 10:00:05+00:00,0.0025,616908,Will 6 Fed rate cuts happen in 2026?,3723058.673805849,171742.02475,2026-12-31T00:00:00Z
2026-07-13 11:00:05+00:00,0.0025,616908,Will 6 Fed rate cuts happen in 2026?,3723058.673805849,171742.02475,2026-12-31T00:00:00Z
2026-07-13 12:00:10+00:00,0.0025,616908,Will 6 Fed rate cuts happen in 2026?,3723058.673805849,171742.02475,2026-12-31T00:00:00Z
2026-07-13 13:00:05+00:00,0.0025,616908,Will 6 Fed rate cuts happen in 2026?,3723058.673805849,171742.02475,2026-12-31T00:00:00Z
2026-07-13 14:00:20+00:00,0.0025,616908,Will 6 Fed rate cuts happen in 2026?,3723058.673805849,171742.02475,2026-12-31T00:00:00Z
2026-07-13 15:00:25+00:00,0.0025,616908,Will 6 Fed rate cuts happen in 2026?,3723058.673805849,171742.02475,2026-12-31T00:00:00Z
2026-07-13 16:00:05+00:00,0.0025,616908,Will 6 Fed rate cuts happen in 2026?,3723058.673805849,171742.02475,2026-12-31T00:00:00Z
2026-07-13 17:00:08+00:00,0.0025,616908,Will 6 Fed rate cuts happen in 2026?,3723058.673805849,171742.02475,2026-12-31T00:00:00Z
2026-07-13 18:00:07+00:00,0.0025,616908,Will 6 Fed rate cuts happen in 2026?,3723058.673805849,171742.02475,2026-12-31T00:00:00Z
2026-07-13 19:00:06+00:00,0.0025,616908,Will 6 Fed rate cuts happen in 2026?,3723058.673805849,171742.02475,2026-12-31T00:00:00Z
2026-07-13 20:00:07+00:00,0.0025,616908,Will 6 Fed rate cuts happen in 2026?,3723058.673805849,171742.02475,2026-12-31T00:00:00Z
2026-07-13 21:00:07+00:00,0.0025,616908,Will 6 Fed rate cuts happen in 2026?,3723058.673805849,171742.02475,2026-12-31T00:00:00Z
2026-07-13 22:00:06+00:00,0.0025,616908,Will 6 Fed rate cuts happen in 2026?,3723058.673805849,171742.02475,2026-12-31T00:00:00Z
2026-07-13 23:00:06+00:00,0.0025,616908,Will 6 Fed rate cuts happen in 2026?,3723058.673805849,171742.02475,2026-12-31T00:00:00Z
2026-07-14 00:00:09+00:00,0.0025,616908,Will 6 Fed rate cuts happen in 2026?,3723058.673805849,171742.02475,2026-12-31T00:00:00Z
2026-07-14 01:00:04+00:00,0.0025,616908,Will 6 Fed rate cuts happen in 2026?,3723058.673805849,171742.02475,2026-12-31T00:00:00Z
2026-07-14 02:00:04+00:00,0.0025,616908,Will 6 Fed rate cuts happen in 2026?,3723058.673805849,171742.02475,2026-12-31T00:00:00Z
2026-07-14 03:00:08+00:00,0.0025,616908,Will 6 Fed rate cuts happen in 2026?,3723058.673805849,171742.02475,2026-12-31T00:00:00Z
2026-07-14 04:00:05+00:00,0.0025,616908,Will 6 Fed rate cuts happen in 2026?,3723058.673805849,171742.02475,2026-12-31T00:00:00Z
2026-07-14 05:00:06+00:00,0.0025,616908,Will 6 Fed rate cuts happen in 2026?,3723058.673805849,171742.02475,2026-12-31T00:00:00Z
2026-07-14 06:00:08+00:00,0.0025,616908,Will 6 Fed rate cuts happen in 2026?,3723058.673805849,171742.02475,2026-12-31T00:00:00Z
2026-07-14 07:00:11+00:00,0.0025,616908,Will 6 Fed rate cuts happen in 2026?,3723058.673805849,171742.02475,2026-12-31T00:00:00Z
2026-07-14 08:00:05+00:00,0.0025,616908,Will 6 Fed rate cuts happen in 2026?,3723058.673805849,171742.02475,2026-12-31T00:00:00Z
2026-07-14 09:00:07+00:00,0.0025,616908,Will 6 Fed rate cuts happen in 2026?,3723058.673805849,171742.02475,2026-12-31T00:00:00Z
2026-07-14 10:00:07+00:00,0.0025,616908,Will 6 Fed rate cuts happen in 2026?,3723058.673805849,171742.02475,2026-12-31T00:00:00Z
2026-07-14 11:00:06+00:00,0.0025,616908,Will 6 Fed rate cuts happen in 2026?,3723058.673805849,171742.02475,2026-12-31T00:00:00Z
2026-07-14 12:00:14+00:00,0.0025,616908,Will 6 Fed rate cuts happen in 2026?,3723058.673805849,171742.02475,2026-12-31T00:00:00Z
2026-07-14 13:00:09+00:00,0.0025,616908,Will 6 Fed rate cuts happen in 2026?,3723058.673805849,171742.02475,2026-12-31T00:00:00Z
2026-07-14 14:00:13+00:00,0.0025,616908,Will 6 Fed rate cuts happen in 2026?,3723058.673805849,171742.02475,2026-12-31T00:00:00Z
2026-07-14 15:00:10+00:00,0.0025,616908,Will 6 Fed rate cuts happen in 2026?,3723058.673805849,171742.02475,2026-12-31T00:00:00Z
2026-07-14 16:00:13+00:00,0.0025,616908,Will 6 Fed rate cuts happen in 2026?,3723058.673805849,171742.02475,2026-12-31T00:00:00Z
2026-07-14 17:00:19+00:00,0.0025,616908,Will 6 Fed rate cuts happen in 2026?,3723058.673805849,171742.02475,2026-12-31T00:00:00Z
2026-07-14 18:00:19+00:00,0.0025,616908,Will 6 Fed rate cuts happen in 2026?,3723058.673805849,171742.02475,2026-12-31T00:00:00Z
2026-07-14 19:00:09+00:00,0.0025,616908,Will 6 Fed rate cuts happen in 2026?,3723058.673805849,171742.02475,2026-12-31T00:00:00Z
2026-07-14 20:00:08+00:00,0.0025,616908,Will 6 Fed rate cuts happen in 2026?,3723058.673805849,171742.02475,2026-12-31T00:00:00Z
2026-07-14 21:00:09+00:00,0.0025,616908,Will 6 Fed rate cuts happen in 2026?,3723058.673805849,171742.02475,2026-12-31T00:00:00Z
2026-07-14 22:00:06+00:00,0.0025,616908,Will 6 Fed rate cuts happen in 2026?,3723058.673805849,171742.02475,2026-12-31T00:00:00Z
2026-07-14 23:00:07+00:00,0.0025,616908,Will 6 Fed rate cuts happen in 2026?,3723058.673805849,171742.02475,2026-12-31T00:00:00Z
2026-07-15 00:00:13+00:00,0.0025,616908,Will 6 Fed rate cuts happen in 2026?,3723058.673805849,171742.02475,2026-12-31T00:00:00Z
2026-07-15 01:00:08+00:00,0.0025,616908,Will 6 Fed rate cuts happen in 2026?,3723058.673805849,171742.02475,2026-12-31T00:00:00Z
2026-07-15 02:00:10+00:00,0.0025,616908,Will 6 Fed rate cuts happen in 2026?,3723058.673805849,171742.02475,2026-12-31T00:00:00Z
2026-07-15 03:00:12+00:00,0.0025,616908,Will 6 Fed rate cuts happen in 2026?,3723058.673805849,171742.02475,2026-12-31T00:00:00Z
2026-07-15 04:00:07+00:00,0.0025,616908,Will 6 Fed rate cuts happen in 2026?,3723058.673805849,171742.02475,2026-12-31T00:00:00Z
2026-07-15 05:00:22+00:00,0.0025,616908,Will 6 Fed rate cuts happen in 2026?,3723058.673805849,171742.02475,2026-12-31T00:00:00Z
2026-07-15 06:00:12+00:00,0.0025,616908,Will 6 Fed rate cuts happen in 2026?,3723058.673805849,171742.02475,2026-12-31T00:00:00Z
2026-07-15 07:00:23+00:00,0.0025,616908,Will 6 Fed rate cuts happen in 2026?,3723058.673805849,171742.02475,2026-12-31T00:00:00Z
2026-07-15 08:00:23+00:00,0.0025,616908,Will 6 Fed rate cuts happen in 2026?,3723058.673805849,171742.02475,2026-12-31T00:00:00Z
2026-07-15 09:00:10+00:00,0.0025,616908,Will 6 Fed rate cuts happen in 2026?,3723058.673805849,171742.02475,2026-12-31T00:00:00Z
2026-07-15 10:00:06+00:00,0.0025,616908,Will 6 Fed rate cuts happen in 2026?,3723058.673805849,171742.02475,2026-12-31T00:00:00Z
2026-07-15 11:00:09+00:00,0.0025,616908,Will 6 Fed rate cuts happen in 2026?,3723058.673805849,171742.02475,2026-12-31T00:00:00Z
2026-07-15 12:00:27+00:00,0.0025,616908,Will 6 Fed rate cuts happen in 2026?,3723058.673805849,171742.02475,2026-12-31T00:00:00Z
2026-07-15 13:00:08+00:00,0.0025,616908,Will 6 Fed rate cuts happen in 2026?,3723058.673805849,171742.02475,2026-12-31T00:00:00Z
2026-07-15 14:00:08+00:00,0.0025,616908,Will 6 Fed rate cuts happen in 2026?,3723058.673805849,171742.02475,2026-12-31T00:00:00Z
2026-07-15 15:00:11+00:00,0.0025,616908,Will 6 Fed rate cuts happen in 2026?,3723058.673805849,171742.02475,2026-12-31T00:00:00Z
2026-07-15 16:00:07+00:00,0.0025,616908,Will 6 Fed rate cuts happen in 2026?,3723058.673805849,171742.02475,2026-12-31T00:00:00Z
2026-07-15 17:00:08+00:00,0.0025,616908,Will 6 Fed rate cuts happen in 2026?,3723058.673805849,171742.02475,2026-12-31T00:00:00Z
2026-07-15 18:00:13+00:00,0.0025,616908,Will 6 Fed rate cuts happen in 2026?,3723058.673805849,171742.02475,2026-12-31T00:00:00Z
2026-07-15 19:00:10+00:00,0.0025,616908,Will 6 Fed rate cuts happen in 2026?,3723058.673805849,171742.02475,2026-12-31T00:00:00Z
2026-07-15 20:00:08+00:00,0.0025,616908,Will 6 Fed rate cuts happen in 2026?,3723058.673805849,171742.02475,2026-12-31T00:00:00Z
2026-07-15 21:00:09+00:00,0.0025,616908,Will 6 Fed rate cuts happen in 2026?,3723058.673805849,171742.02475,2026-12-31T00:00:00Z
2026-07-15 22:00:06+00:00,0.0025,616908,Will 6 Fed rate cuts happen in 2026?,3723058.673805849,171742.02475,2026-12-31T00:00:00Z
2026-07-15 23:00:07+00:00,0.0025,616908,Will 6 Fed rate cuts happen in 2026?,3723058.673805849,171742.02475,2026-12-31T00:00:00Z
2026-07-16 00:00:13+00:00,0.0025,616908,Will 6 Fed rate cuts happen in 2026?,3723058.673805849,171742.02475,2026-12-31T00:00:00Z
2026-07-16 01:00:06+00:00,0.0025,616908,Will 6 Fed rate cuts happen in 2026?,3723058.673805849,171742.02475,2026-12-31T00:00:00Z
2026-07-16 02:00:05+00:00,0.0025,616908,Will 6 Fed rate cuts happen in 2026?,3723058.673805849,171742.02475,2026-12-31T00:00:00Z
2026-07-16 03:00:11+00:00,0.0025,616908,Will 6 Fed rate cuts happen in 2026?,3723058.673805849,171742.02475,2026-12-31T00:00:00Z
2026-07-16 04:00:07+00:00,0.0025,616908,Will 6 Fed rate cuts happen in 2026?,3723058.673805849,171742.02475,2026-12-31T00:00:00Z
2026-07-16 05:00:06+00:00,0.0025,616908,Will 6 Fed rate cuts happen in 2026?,3723058.673805849,171742.02475,2026-12-31T00:00:00Z
2026-07-16 06:00:11+00:00,0.0025,616908,Will 6 Fed rate cuts happen in 2026?,3723058.673805849,171742.02475,2026-12-31T00:00:00Z
2026-07-16 07:00:08+00:00,0.0025,616908,Will 6 Fed rate cuts happen in 2026?,3723058.673805849,171742.02475,2026-12-31T00:00:00Z
2026-07-16 08:00:05+00:00,0.0025,616908,Will 6 Fed rate cuts happen in 2026?,3723058.673805849,171742.02475,2026-12-31T00:00:00Z
2026-07-16 09:00:11+00:00,0.0025,616908,Will 6 Fed rate cuts happen in 2026?,3723058.673805849,171742.02475,2026-12-31T00:00:00Z
2026-07-16 10:00:08+00:00,0.0025,616908,Will 6 Fed rate cuts happen in 2026?,3723058.673805849,171742.02475,2026-12-31T00:00:00Z
2026-07-16 11:00:08+00:00,0.0025,616908,Will 6 Fed rate cuts happen in 2026?,3723058.673805849,171742.02475,2026-12-31T00:00:00Z
2026-07-16 12:00:10+00:00,0.0025,616908,Will 6 Fed rate cuts happen in 2026?,3723058.673805849,171742.02475,2026-12-31T00:00:00Z
2026-07-16 13:00:08+00:00,0.0025,616908,Will 6 Fed rate cuts happen in 2026?,3723058.673805849,171742.02475,2026-12-31T00:00:00Z
2026-07-16 14:00:06+00:00,0.0025,616908,Will 6 Fed rate cuts happen in 2026?,3723058.673805849,171742.02475,2026-12-31T00:00:00Z
2026-07-16 15:00:11+00:00,0.0025,616908,Will 6 Fed rate cuts happen in 2026?,3723058.673805849,171742.02475,2026-12-31T00:00:00Z
2026-07-16 16:00:06+00:00,0.0025,616908,Will 6 Fed rate cuts happen in 2026?,3723058.673805849,171742.02475,2026-12-31T00:00:00Z
2026-07-16 17:00:08+00:00,0.0025,616908,Will 6 Fed rate cuts happen in 2026?,3723058.673805849,171742.02475,2026-12-31T00:00:00Z
2026-07-16 18:00:23+00:00,0.0025,616908,Will 6 Fed rate cuts happen in 2026?,3723058.673805849,171742.02475,2026-12-31T00:00:00Z
2026-07-16 19:00:07+00:00,0.0025,616908,Will 6 Fed rate cuts happen in 2026?,3723058.673805849,171742.02475,2026-12-31T00:00:00Z
2026-07-16 20:00:08+00:00,0.0025,616908,Will 6 Fed rate cuts happen in 2026?,3723058.673805849,171742.02475,2026-12-31T00:00:00Z
2026-07-16 21:00:10+00:00,0.0025,616908,Will 6 Fed rate cuts happen in 2026?,3723058.673805849,171742.02475,2026-12-31T00:00:00Z
2026-07-16 22:00:07+00:00,0.0025,616908,Will 6 Fed rate cuts happen in 2026?,3723058.673805849,171742.02475,2026-12-31T00:00:00Z
2026-07-16 23:00:10+00:00,0.0025,616908,Will 6 Fed rate cuts happen in 2026?,3723058.673805849,171742.02475,2026-12-31T00:00:00Z
2026-07-17 00:00:13+00:00,0.0025,616908,Will 6 Fed rate cuts happen in 2026?,3723058.673805849,171742.02475,2026-12-31T00:00:00Z
2026-07-17 01:00:06+00:00,0.0025,616908,Will 6 Fed rate cuts happen in 2026?,3723058.673805849,171742.02475,2026-12-31T00:00:00Z
2026-07-17 02:00:08+00:00,0.0025,616908,Will 6 Fed rate cuts happen in 2026?,3723058.673805849,171742.02475,2026-12-31T00:00:00Z
2026-07-17 03:00:10+00:00,0.0025,616908,Will 6 Fed rate cuts happen in 2026?,3723058.673805849,171742.02475,2026-12-31T00:00:00Z
2026-07-17 04:00:09+00:00,0.0025,616908,Will 6 Fed rate cuts happen in 2026?,3723058.673805849,171742.02475,2026-12-31T00:00:00Z
2026-07-17 05:00:10+00:00,0.0025,616908,Will 6 Fed rate cuts happen in 2026?,3723058.673805849,171742.02475,2026-12-31T00:00:00Z
2026-07-17 06:00:13+00:00,0.0025,616908,Will 6 Fed rate cuts happen in 2026?,3723058.673805849,171742.02475,2026-12-31T00:00:00Z
2026-07-17 07:00:05+00:00,0.0025,616908,Will 6 Fed rate cuts happen in 2026?,3723058.673805849,171742.02475,2026-12-31T00:00:00Z
2026-07-17 08:00:06+00:00,0.0025,616908,Will 6 Fed rate cuts happen in 2026?,3723058.673805849,171742.02475,2026-12-31T00:00:00Z
2026-07-17 09:00:08+00:00,0.0025,616908,Will 6 Fed rate cuts happen in 2026?,3723058.673805849,171742.02475,2026-12-31T00:00:00Z
2026-07-17 10:00:10+00:00,0.0025,616908,Will 6 Fed rate cuts happen in 2026?,3723058.673805849,171742.02475,2026-12-31T00:00:00Z
2026-07-17 11:00:07+00:00,0.0025,616908,Will 6 Fed rate cuts happen in 2026?,3723058.673805849,171742.02475,2026-12-31T00:00:00Z
2026-07-17 12:00:12+00:00,0.0025,616908,Will 6 Fed rate cuts happen in 2026?,3723058.673805849,171742.02475,2026-12-31T00:00:00Z
2026-07-17 13:00:07+00:00,0.0025,616908,Will 6 Fed rate cuts happen in 2026?,3723058.673805849,171742.02475,2026-12-31T00:00:00Z
2026-07-17 14:00:07+00:00,0.0025,616908,Will 6 Fed rate cuts happen in 2026?,3723058.673805849,171742.02475,2026-12-31T00:00:00Z
2026-07-17 15:00:09+00:00,0.0025,616908,Will 6 Fed rate cuts happen in 2026?,3723058.673805849,171742.02475,2026-12-31T00:00:00Z
2026-07-17 16:00:23+00:00,0.0025,616908,Will 6 Fed rate cuts happen in 2026?,3723058.673805849,171742.02475,2026-12-31T00:00:00Z
2026-07-17 17:00:12+00:00,0.0025,616908,Will 6 Fed rate cuts happen in 2026?,3723058.673805849,171742.02475,2026-12-31T00:00:00Z
2026-07-17 18:00:27+00:00,0.0025,616908,Will 6 Fed rate cuts happen in 2026?,3723058.673805849,171742.02475,2026-12-31T00:00:00Z
2026-07-17 19:00:07+00:00,0.0025,616908,Will 6 Fed rate cuts happen in 2026?,3723058.673805849,171742.02475,2026-12-31T00:00:00Z
2026-07-17 20:00:07+00:00,0.0025,616908,Will 6 Fed rate cuts happen in 2026?,3723058.673805849,171742.02475,2026-12-31T00:00:00Z
2026-07-17 21:00:08+00:00,0.0025,616908,Will 6 Fed rate cuts happen in 2026?,3723058.673805849,171742.02475,2026-12-31T00:00:00Z
2026-07-17 22:00:08+00:00,0.0025,616908,Will 6 Fed rate cuts happen in 2026?,3723058.673805849,171742.02475,2026-12-31T00:00:00Z
2026-07-17 23:00:09+00:00,0.0025,616908,Will 6 Fed rate cuts happen in 2026?,3723058.673805849,171742.02475,2026-12-31T00:00:00Z
2026-07-18 00:00:09+00:00,0.0025,616908,Will 6 Fed rate cuts happen in 2026?,3723058.673805849,171742.02475,2026-12-31T00:00:00Z
2026-07-18 01:00:06+00:00,0.0025,616908,Will 6 Fed rate cuts happen in 2026?,3723058.673805849,171742.02475,2026-12-31T00:00:00Z
2026-07-18 02:00:07+00:00,0.0025,616908,Will 6 Fed rate cuts happen in 2026?,3723058.673805849,171742.02475,2026-12-31T00:00:00Z
2026-07-18 03:00:09+00:00,0.0025,616908,Will 6 Fed rate cuts happen in 2026?,3723058.673805849,171742.02475,2026-12-31T00:00:00Z
2026-07-18 04:00:06+00:00,0.0025,616908,Will 6 Fed rate cuts happen in 2026?,3723058.673805849,171742.02475,2026-12-31T00:00:00Z
2026-07-18 05:00:07+00:00,0.0025,616908,Will 6 Fed rate cuts happen in 2026?,3723058.673805849,171742.02475,2026-12-31T00:00:00Z
2026-07-18 06:00:08+00:00,0.0025,616908,Will 6 Fed rate cuts happen in 2026?,3723058.673805849,171742.02475,2026-12-31T00:00:00Z
2026-07-18 07:00:09+00:00,0.0025,616908,Will 6 Fed rate cuts happen in 2026?,3723058.673805849,171742.02475,2026-12-31T00:00:00Z
2026-07-18 08:00:06+00:00,0.0025,616908,Will 6 Fed rate cuts happen in 2026?,3723058.673805849,171742.02475,2026-12-31T00:00:00Z
2026-07-18 09:00:12+00:00,0.0025,616908,Will 6 Fed rate cuts happen in 2026?,3723058.673805849,171742.02475,2026-12-31T00:00:00Z
2026-07-18 10:00:06+00:00,0.0025,616908,Will 6 Fed rate cuts happen in 2026?,3723058.673805849,171742.02475,2026-12-31T00:00:00Z
2026-07-18 11:00:07+00:00,0.0025,616908,Will 6 Fed rate cuts happen in 2026?,3723058.673805849,171742.02475,2026-12-31T00:00:00Z
2026-07-18 12:00:23+00:00,0.0025,616908,Will 6 Fed rate cuts happen in 2026?,3723058.673805849,171742.02475,2026-12-31T00:00:00Z
2026-07-18 13:00:07+00:00,0.0025,616908,Will 6 Fed rate cuts happen in 2026?,3723058.673805849,171742.02475,2026-12-31T00:00:00Z
2026-07-18 14:00:08+00:00,0.0025,616908,Will 6 Fed rate cuts happen in 2026?,3723058.673805849,171742.02475,2026-12-31T00:00:00Z
2026-07-18 15:00:10+00:00,0.0025,616908,Will 6 Fed rate cuts happen in 2026?,3723058.673805849,171742.02475,2026-12-31T00:00:00Z
2026-07-18 16:00:08+00:00,0.0025,616908,Will 6 Fed rate cuts happen in 2026?,3723058.673805849,171742.02475,2026-12-31T00:00:00Z
2026-07-18 17:00:14+00:00,0.0025,616908,Will 6 Fed rate cuts happen in 2026?,3723058.673805849,171742.02475,2026-12-31T00:00:00Z
2026-07-18 18:00:11+00:00,0.0025,616908,Will 6 Fed rate cuts happen in 2026?,3723058.673805849,171742.02475,2026-12-31T00:00:00Z
2026-07-18 19:00:07+00:00,0.0025,616908,Will 6 Fed rate cuts happen in 2026?,3723058.673805849,171742.02475,2026-12-31T00:00:00Z
2026-07-18 20:00:12+00:00,0.0025,616908,Will 6 Fed rate cuts happen in 2026?,3723058.673805849,171742.02475,2026-12-31T00:00:00Z
2026-07-18 21:00:13+00:00,0.0025,616908,Will 6 Fed rate cuts happen in 2026?,3723058.673805849,171742.02475,2026-12-31T00:00:00Z
2026-07-18 22:00:07+00:00,0.0025,616908,Will 6 Fed rate cuts happen in 2026?,3723058.673805849,171742.02475,2026-12-31T00:00:00Z
2026-07-18 23:00:10+00:00,0.0025,616908,Will 6 Fed rate cuts happen in 2026?,3723058.673805849,171742.02475,2026-12-31T00:00:00Z
2026-07-19 00:00:12+00:00,0.0025,616908,Will 6 Fed rate cuts happen in 2026?,3723058.673805849,171742.02475,2026-12-31T00:00:00Z
2026-07-19 01:00:07+00:00,0.002,616908,Will 6 Fed rate cuts happen in 2026?,3723058.673805849,171742.02475,2026-12-31T00:00:00Z
2026-07-19 02:00:07+00:00,0.002,616908,Will 6 Fed rate cuts happen in 2026?,3723058.673805849,171742.02475,2026-12-31T00:00:00Z
2026-07-19 03:00:10+00:00,0.0015,616908,Will 6 Fed rate cuts happen in 2026?,3723058.673805849,171742.02475,2026-12-31T00:00:00Z
2026-07-19 04:00:07+00:00,0.0015,616908,Will 6 Fed rate cuts happen in 2026?,3723058.673805849,171742.02475,2026-12-31T00:00:00Z
2026-07-19 05:00:09+00:00,0.0015,616908,Will 6 Fed rate cuts happen in 2026?,3723058.673805849,171742.02475,2026-12-31T00:00:00Z
2026-07-19 06:00:15+00:00,0.0015,616908,Will 6 Fed rate cuts happen in 2026?,3723058.673805849,171742.02475,2026-12-31T00:00:00Z
2026-07-19 07:00:09+00:00,0.0015,616908,Will 6 Fed rate cuts happen in 2026?,3723058.673805849,171742.02475,2026-12-31T00:00:00Z
2026-07-19 08:00:09+00:00,0.0025,616908,Will 6 Fed rate cuts happen in 2026?,3723058.673805849,171742.02475,2026-12-31T00:00:00Z
2026-07-19 09:00:13+00:00,0.0025,616908,Will 6 Fed rate cuts happen in 2026?,3723058.673805849,171742.02475,2026-12-31T00:00:00Z
2026-07-19 10:00:08+00:00,0.0025,616908,Will 6 Fed rate cuts happen in 2026?,3723058.673805849,171742.02475,2026-12-31T00:00:00Z
2026-07-19 11:00:09+00:00,0.0025,616908,Will 6 Fed rate cuts happen in 2026?,3723058.673805849,171742.02475,2026-12-31T00:00:00Z
2026-07-19 12:00:12+00:00,0.0025,616908,Will 6 Fed rate cuts happen in 2026?,3723058.673805849,171742.02475,2026-12-31T00:00:00Z
2026-07-19 13:00:10+00:00,0.0025,616908,Will 6 Fed rate cuts happen in 2026?,3723058.673805849,171742.02475,2026-12-31T00:00:00Z
2026-07-19 14:00:11+00:00,0.0025,616908,Will 6 Fed rate cuts happen in 2026?,3723058.673805849,171742.02475,2026-12-31T00:00:00Z
2026-07-19 15:00:10+00:00,0.0025,616908,Will 6 Fed rate cuts happen in 2026?,3723058.673805849,171742.02475,2026-12-31T00:00:00Z
2026-07-19 16:00:26+00:00,0.0025,616908,Will 6 Fed rate cuts happen in 2026?,3723058.673805849,171742.02475,2026-12-31T00:00:00Z
2026-07-19 17:00:14+00:00,0.0025,616908,Will 6 Fed rate cuts happen in 2026?,3723058.673805849,171742.02475,2026-12-31T00:00:00Z
2026-07-19 18:00:12+00:00,0.0025,616908,Will 6 Fed rate cuts happen in 2026?,3723058.673805849,171742.02475,2026-12-31T00:00:00Z
2026-07-19 19:00:11+00:00,0.0025,616908,Will 6 Fed rate cuts happen in 2026?,3723058.673805849,171742.02475,2026-12-31T00:00:00Z
2026-07-19 20:00:13+00:00,0.0025,616908,Will 6 Fed rate cuts happen in 2026?,3723058.673805849,171742.02475,2026-12-31T00:00:00Z
2026-07-19 21:00:25+00:00,0.0025,616908,Will 6 Fed rate cuts happen in 2026?,3723058.673805849,171742.02475,2026-12-31T00:00:00Z
2026-07-19 22:00:11+00:00,0.0025,616908,Will 6 Fed rate cuts happen in 2026?,3723058.673805849,171742.02475,2026-12-31T00:00:00Z
2026-07-19 23:00:09+00:00,0.0025,616908,Will 6 Fed rate cuts happen in 2026?,3723058.673805849,171742.02475,2026-12-31T00:00:00Z
2026-07-20 00:00:26+00:00,0.0025,616908,Will 6 Fed rate cuts happen in 2026?,3723058.673805849,171742.02475,2026-12-31T00:00:00Z
2026-07-20 01:00:09+00:00,0.006,616908,Will 6 Fed rate cuts happen in 2026?,3723058.673805849,171742.02475,2026-12-31T00:00:00Z
2026-07-20 02:00:08+00:00,0.006,616908,Will 6 Fed rate cuts happen in 2026?,3723058.673805849,171742.02475,2026-12-31T00:00:00Z
2026-07-20 03:00:11+00:00,0.0055,616908,Will 6 Fed rate cuts happen in 2026?,3723058.673805849,171742.02475,2026-12-31T00:00:00Z
2026-07-20 04:00:08+00:00,0.0055,616908,Will 6 Fed rate cuts happen in 2026?,3723058.673805849,171742.02475,2026-12-31T00:00:00Z
2026-07-20 05:00:21+00:00,0.0055,616908,Will 6 Fed rate cuts happen in 2026?,3723058.673805849,171742.02475,2026-12-31T00:00:00Z
2026-07-20 06:00:14+00:00,0.0055,616908,Will 6 Fed rate cuts happen in 2026?,3723058.673805849,171742.02475,2026-12-31T00:00:00Z
2026-07-20 07:00:10+00:00,0.006,616908,Will 6 Fed rate cuts happen in 2026?,3723058.673805849,171742.02475,2026-12-31T00:00:00Z
2026-07-20 08:00:06+00:00,0.005,616908,Will 6 Fed rate cuts happen in 2026?,3723058.673805849,171742.02475,2026-12-31T00:00:00Z
2026-07-20 09:00:13+00:00,0.0055,616908,Will 6 Fed rate cuts happen in 2026?,3723058.673805849,171742.02475,2026-12-31T00:00:00Z
2026-07-20 10:00:06+00:00,0.0055,616908,Will 6 Fed rate cuts happen in 2026?,3723058.673805849,171742.02475,2026-12-31T00:00:00Z
2026-07-20 11:00:09+00:00,0.006,616908,Will 6 Fed rate cuts happen in 2026?,3723058.673805849,171742.02475,2026-12-31T00:00:00Z
2026-07-20 12:00:11+00:00,0.0075,616908,Will 6 Fed rate cuts happen in 2026?,3723058.673805849,171742.02475,2026-12-31T00:00:00Z
2026-07-20 13:00:10+00:00,0.0085,616908,Will 6 Fed rate cuts happen in 2026?,3723058.673805849,171742.02475,2026-12-31T00:00:00Z
2026-07-20 14:00:07+00:00,0.0085,616908,Will 6 Fed rate cuts happen in 2026?,3723058.673805849,171742.02475,2026-12-31T00:00:00Z
2026-07-20 15:00:16+00:00,0.0075,616908,Will 6 Fed rate cuts happen in 2026?,3723058.673805849,171742.02475,2026-12-31T00:00:00Z
2026-07-20 16:00:10+00:00,0.0055,616908,Will 6 Fed rate cuts happen in 2026?,3723058.673805849,171742.02475,2026-12-31T00:00:00Z
2026-07-20 17:00:19+00:00,0.0055,616908,Will 6 Fed rate cuts happen in 2026?,3723058.673805849,171742.02475,2026-12-31T00:00:00Z
2026-07-20 18:00:13+00:00,0.0055,616908,Will 6 Fed rate cuts happen in 2026?,3723058.673805849,171742.02475,2026-12-31T00:00:00Z
2026-07-20 19:00:09+00:00,0.0055,616908,Will 6 Fed rate cuts happen in 2026?,3723058.673805849,171742.02475,2026-12-31T00:00:00Z
2026-07-20 20:00:25+00:00,0.0055,616908,Will 6 Fed rate cuts happen in 2026?,3723058.673805849,171742.02475,2026-12-31T00:00:00Z
2026-07-20 21:00:14+00:00,0.0055,616908,Will 6 Fed rate cuts happen in 2026?,3723058.673805849,171742.02475,2026-12-31T00:00:00Z
2026-07-20 22:00:06+00:00,0.0045,616908,Will 6 Fed rate cuts happen in 2026?,3723058.673805849,171742.02475,2026-12-31T00:00:00Z
2026-07-20 23:00:06+00:00,0.0045,616908,Will 6 Fed rate cuts happen in 2026?,3723058.673805849,171742.02475,2026-12-31T00:00:00Z
2026-07-21 00:00:13+00:00,0.0045,616908,Will 6 Fed rate cuts happen in 2026?,3723058.673805849,171742.02475,2026-12-31T00:00:00Z
2026-07-21 01:00:13+00:00,0.0045,616908,Will 6 Fed rate cuts happen in 2026?,3723058.673805849,171742.02475,2026-12-31T00:00:00Z
2026-07-21 02:00:13+00:00,0.0045,616908,Will 6 Fed rate cuts happen in 2026?,3723058.673805849,171742.02475,2026-12-31T00:00:00Z
2026-07-21 03:00:14+00:00,0.0045,616908,Will 6 Fed rate cuts happen in 2026?,3723058.673805849,171742.02475,2026-12-31T00:00:00Z
2026-07-21 04:00:22+00:00,0.0045,616908,Will 6 Fed rate cuts happen in 2026?,3723058.673805849,171742.02475,2026-12-31T00:00:00Z
2026-07-21 05:00:09+00:00,0.0045,616908,Will 6 Fed rate cuts happen in 2026?,3723058.673805849,171742.02475,2026-12-31T00:00:00Z
2026-07-21 06:00:14+00:00,0.0045,616908,Will 6 Fed rate cuts happen in 2026?,3723058.673805849,171742.02475,2026-12-31T00:00:00Z
2026-07-21 07:00:14+00:00,0.0045,616908,Will 6 Fed rate cuts happen in 2026?,3723058.673805849,171742.02475,2026-12-31T00:00:00Z
2026-07-21 08:00:09+00:00,0.0045,616908,Will 6 Fed rate cuts happen in 2026?,3723058.673805849,171742.02475,2026-12-31T00:00:00Z
2026-07-21 09:00:13+00:00,0.0045,616908,Will 6 Fed rate cuts happen in 2026?,3723058.673805849,171742.02475,2026-12-31T00:00:00Z
2026-07-21 10:00:10+00:00,0.0045,616908,Will 6 Fed rate cuts happen in 2026?,3723058.673805849,171742.02475,2026-12-31T00:00:00Z
2026-07-21 11:00:09+00:00,0.0045,616908,Will 6 Fed rate cuts happen in 2026?,3723058.673805849,171742.02475,2026-12-31T00:00:00Z
2026-07-21 12:00:18+00:00,0.0045,616908,Will 6 Fed rate cuts happen in 2026?,3723058.673805849,171742.02475,2026-12-31T00:00:00Z
2026-07-21 13:00:10+00:00,0.0045,616908,Will 6 Fed rate cuts happen in 2026?,3723058.673805849,171742.02475,2026-12-31T00:00:00Z
2026-07-21 14:00:09+00:00,0.0045,616908,Will 6 Fed rate cuts happen in 2026?,3723058.673805849,171742.02475,2026-12-31T00:00:00Z
2026-07-21 15:00:28+00:00,0.0045,616908,Will 6 Fed rate cuts happen in 2026?,3723058.673805849,171742.02475,2026-12-31T00:00:00Z
2026-07-21 16:00:13+00:00,0.0045,616908,Will 6 Fed rate cuts happen in 2026?,3723058.673805849,171742.02475,2026-12-31T00:00:00Z
2026-07-21 17:00:09+00:00,0.0045,616908,Will 6 Fed rate cuts happen in 2026?,3723058.673805849,171742.02475,2026-12-31T00:00:00Z
2026-07-21 18:00:27+00:00,0.0045,616908,Will 6 Fed rate cuts happen in 2026?,3723058.673805849,171742.02475,2026-12-31T00:00:00Z
2026-07-21 19:00:06+00:00,0.005,616908,Will 6 Fed rate cuts happen in 2026?,3723058.673805849,171742.02475,2026-12-31T00:00:00Z
2026-07-21 20:00:07+00:00,0.005,616908,Will 6 Fed rate cuts happen in 2026?,3723058.673805849,171742.02475,2026-12-31T00:00:00Z
2026-07-21 21:00:28+00:00,0.005,616908,Will 6 Fed rate cuts happen in 2026?,3723058.673805849,171742.02475,2026-12-31T00:00:00Z
2026-07-21 22:00:09+00:00,0.005,616908,Will 6 Fed rate cuts happen in 2026?,3723058.673805849,171742.02475,2026-12-31T00:00:00Z
2026-07-21 23:00:21+00:00,0.0045,616908,Will 6 Fed rate cuts happen in 2026?,3723058.673805849,171742.02475,2026-12-31T00:00:00Z
2026-07-22 00:00:10+00:00,0.0045,616908,Will 6 Fed rate cuts happen in 2026?,3723058.673805849,171742.02475,2026-12-31T00:00:00Z
2026-07-22 01:00:07+00:00,0.0045,616908,Will 6 Fed rate cuts happen in 2026?,3723058.673805849,171742.02475,2026-12-31T00:00:00Z
2026-07-22 02:00:07+00:00,0.0045,616908,Will 6 Fed rate cuts happen in 2026?,3723058.673805849,171742.02475,2026-12-31T00:00:00Z
2026-07-22 03:00:11+00:00,0.0045,616908,Will 6 Fed rate cuts happen in 2026?,3723058.673805849,171742.02475,2026-12-31T00:00:00Z
2026-07-22 04:00:09+00:00,0.0045,616908,Will 6 Fed rate cuts happen in 2026?,3723058.673805849,171742.02475,2026-12-31T00:00:00Z
2026-07-22 05:00:06+00:00,0.005,616908,Will 6 Fed rate cuts happen in 2026?,3723058.673805849,171742.02475,2026-12-31T00:00:00Z
2026-07-22 06:00:25+00:00,0.005,616908,Will 6 Fed rate cuts happen in 2026?,3723058.673805849,171742.02475,2026-12-31T00:00:00Z
2026-07-22 07:00:09+00:00,0.005,616908,Will 6 Fed rate cuts happen in 2026?,3723058.673805849,171742.02475,2026-12-31T00:00:00Z
2026-07-22 08:00:06+00:00,0.005,616908,Will 6 Fed rate cuts happen in 2026?,3723058.673805849,171742.02475,2026-12-31T00:00:00Z
2026-07-22 09:00:12+00:00,0.005,616908,Will 6 Fed rate cuts happen in 2026?,3723058.673805849,171742.02475,2026-12-31T00:00:00Z
2026-07-22 10:00:07+00:00,0.0045,616908,Will 6 Fed rate cuts happen in 2026?,3723058.673805849,171742.02475,2026-12-31T00:00:00Z
2026-07-22 11:00:06+00:00,0.0045,616908,Will 6 Fed rate cuts happen in 2026?,3723058.673805849,171742.02475,2026-12-31T00:00:00Z
2026-07-22 12:00:10+00:00,0.005,616908,Will 6 Fed rate cuts happen in 2026?,3723058.673805849,171742.02475,2026-12-31T00:00:00Z
2026-07-22 13:00:07+00:00,0.005,616908,Will 6 Fed rate cuts happen in 2026?,3723058.673805849,171742.02475,2026-12-31T00:00:00Z
2026-07-22 14:00:06+00:00,0.005,616908,Will 6 Fed rate cuts happen in 2026?,3723058.673805849,171742.02475,2026-12-31T00:00:00Z
2026-07-22 15:00:12+00:00,0.005,616908,Will 6 Fed rate cuts happen in 2026?,3723058.673805849,171742.02475,2026-12-31T00:00:00Z
2026-07-22 16:00:07+00:00,0.005,616908,Will 6 Fed rate cuts happen in 2026?,3723058.673805849,171742.02475,2026-12-31T00:00:00Z
2026-07-22 17:00:20+00:00,0.005,616908,Will 6 Fed rate cuts happen in 2026?,3723058.673805849,171742.02475,2026-12-31T00:00:00Z
2026-07-22 18:00:12+00:00,0.005,616908,Will 6 Fed rate cuts happen in 2026?,3723058.673805849,171742.02475,2026-12-31T00:00:00Z
2026-07-22 19:00:07+00:00,0.005,616908,Will 6 Fed rate cuts happen in 2026?,3723058.673805849,171742.02475,2026-12-31T00:00:00Z
2026-07-22 20:00:09+00:00,0.0045,616908,Will 6 Fed rate cuts happen in 2026?,3723058.673805849,171742.02475,2026-12-31T00:00:00Z
2026-07-22 21:00:12+00:00,0.0045,616908,Will 6 Fed rate cuts happen in 2026?,3723058.673805849,171742.02475,2026-12-31T00:00:00Z
2026-07-22 22:00:13+00:00,0.005,616908,Will 6 Fed rate cuts happen in 2026?,3723058.673805849,171742.02475,2026-12-31T00:00:00Z
2026-07-22 23:00:08+00:00,0.005,616908,Will 6 Fed rate cuts happen in 2026?,3723058.673805849,171742.02475,2026-12-31T00:00:00Z
2026-07-23 00:00:18+00:00,0.0045,616908,Will 6 Fed rate cuts happen in 2026?,3723058.673805849,171742.02475,2026-12-31T00:00:00Z
2026-07-23 01:00:21+00:00,0.0045,616908,Will 6 Fed rate cuts happen in 2026?,3723058.673805849,171742.02475,2026-12-31T00:00:00Z
2026-07-23 02:00:09+00:00,0.0045,616908,Will 6 Fed rate cuts happen in 2026?,3723058.673805849,171742.02475,2026-12-31T00:00:00Z
2026-07-23 03:00:13+00:00,0.0045,616908,Will 6 Fed rate cuts happen in 2026?,3723058.673805849,171742.02475,2026-12-31T00:00:00Z
2026-07-23 04:00:12+00:00,0.0045,616908,Will 6 Fed rate cuts happen in 2026?,3723058.673805849,171742.02475,2026-12-31T00:00:00Z
2026-07-23 05:00:23+00:00,0.0045,616908,Will 6 Fed rate cuts happen in 2026?,3723058.673805849,171742.02475,2026-12-31T00:00:00Z
2026-07-23 06:00:25+00:00,0.0045,616908,Will 6 Fed rate cuts happen in 2026?,3723058.673805849,171742.02475,2026-12-31T00:00:00Z
2026-07-23 07:00:16+00:00,0.0045,616908,Will 6 Fed rate cuts happen in 2026?,3723058.673805849,171742.02475,2026-12-31T00:00:00Z
2026-07-23 08:00:08+00:00,0.0045,616908,Will 6 Fed rate cuts happen in 2026?,3723058.673805849,171742.02475,2026-12-31T00:00:00Z
2026-07-23 09:00:19+00:00,0.0045,616908,Will 6 Fed rate cuts happen in 2026?,3723058.673805849,171742.02475,2026-12-31T00:00:00Z
2026-07-23 10:00:18+00:00,0.005,616908,Will 6 Fed rate cuts happen in 2026?,3723058.673805849,171742.02475,2026-12-31T00:00:00Z
2026-07-23 11:00:11+00:00,0.005,616908,Will 6 Fed rate cuts happen in 2026?,3723058.673805849,171742.02475,2026-12-31T00:00:00Z
2026-07-23 12:00:28+00:00,0.005,616908,Will 6 Fed rate cuts happen in 2026?,3723058.673805849,171742.02475,2026-12-31T00:00:00Z
2026-07-23 13:00:13+00:00,0.005,616908,Will 6 Fed rate cuts happen in 2026?,3723058.673805849,171742.02475,2026-12-31T00:00:00Z
2026-07-23 14:00:13+00:00,0.005,616908,Will 6 Fed rate cuts happen in 2026?,3723058.673805849,171742.02475,2026-12-31T00:00:00Z
2026-07-23 15:00:24+00:00,0.005,616908,Will 6 Fed rate cuts happen in 2026?,3723058.673805849,171742.02475,2026-12-31T00:00:00Z
2026-07-23 16:00:13+00:00,0.005,616908,Will 6 Fed rate cuts happen in 2026?,3723058.673805849,171742.02475,2026-12-31T00:00:00Z
2026-07-23 17:00:25+00:00,0.005,616908,Will 6 Fed rate cuts happen in 2026?,3723058.673805849,171742.02475,2026-12-31T00:00:00Z
2026-07-23 18:00:24+00:00,0.005,616908,Will 6 Fed rate cuts happen in 2026?,3723058.673805849,171742.02475,2026-12-31T00:00:00Z
2026-07-23 19:00:18+00:00,0.005,616908,Will 6 Fed rate cuts happen in 2026?,3723058.673805849,171742.02475,2026-12-31T00:00:00Z
2026-07-23 20:00:15+00:00,0.005,616908,Will 6 Fed rate cuts happen in 2026?,3723058.673805849,171742.02475,2026-12-31T00:00:00Z
2026-07-23 21:00:22+00:00,0.005,616908,Will 6 Fed rate cuts happen in 2026?,3723058.673805849,171742.02475,2026-12-31T00:00:00Z
2026-07-23 22:00:16+00:00,0.005,616908,Will 6 Fed rate cuts happen in 2026?,3723058.673805849,171742.02475,2026-12-31T00:00:00Z
2026-07-23 23:00:15+00:00,0.005,616908,Will 6 Fed rate cuts happen in 2026?,3723058.673805849,171742.02475,2026-12-31T00:00:00Z
2026-07-24 00:00:21+00:00,0.005,616908,Will 6 Fed rate cuts happen in 2026?,3723058.673805849,171742.02475,2026-12-31T00:00:00Z
2026-07-24 01:00:10+00:00,0.005,616908,Will 6 Fed rate cuts happen in 2026?,3723058.673805849,171742.02475,2026-12-31T00:00:00Z
2026-07-24 02:00:13+00:00,0.005,616908,Will 6 Fed rate cuts happen in 2026?,3723058.673805849,171742.02475,2026-12-31T00:00:00Z
2026-07-24 03:00:23+00:00,0.005,616908,Will 6 Fed rate cuts happen in 2026?,3723058.673805849,171742.02475,2026-12-31T00:00:00Z
2026-07-24 04:00:16+00:00,0.005,616908,Will 6 Fed rate cuts happen in 2026?,3723058.673805849,171742.02475,2026-12-31T00:00:00Z
2026-07-24 05:00:26+00:00,0.005,616908,Will 6 Fed rate cuts happen in 2026?,3723058.673805849,171742.02475,2026-12-31T00:00:00Z
2026-07-24 06:00:23+00:00,0.005,616908,Will 6 Fed rate cuts happen in 2026?,3723058.673805849,171742.02475,2026-12-31T00:00:00Z
2026-07-24 07:00:12+00:00,0.005,616908,Will 6 Fed rate cuts happen in 2026?,3723058.673805849,171742.02475,2026-12-31T00:00:00Z
2026-07-24 08:00:14+00:00,0.005,616908,Will 6 Fed rate cuts happen in 2026?,3723058.673805849,171742.02475,2026-12-31T00:00:00Z
2026-07-24 09:00:23+00:00,0.005,616908,Will 6 Fed rate cuts happen in 2026?,3723058.673805849,171742.02475,2026-12-31T00:00:00Z
2026-07-24 09:38:07+00:00,0.005,616908,Will 6 Fed rate cuts happen in 2026?,3723058.673805849,171742.02475,2026-12-31T00:00:00Z
2026-07-10 10:00:18+00:00,0.0025,616909,Will 7 Fed rate cuts happen in 2026?,3035127.0481788223,186941.75359,2026-12-31T00:00:00Z
2026-07-10 11:00:06+00:00,0.0025,616909,Will 7 Fed rate cuts happen in 2026?,3035127.0481788223,186941.75359,2026-12-31T00:00:00Z
2026-07-10 12:00:08+00:00,0.0025,616909,Will 7 Fed rate cuts happen in 2026?,3035127.0481788223,186941.75359,2026-12-31T00:00:00Z
2026-07-10 13:00:06+00:00,0.0025,616909,Will 7 Fed rate cuts happen in 2026?,3035127.0481788223,186941.75359,2026-12-31T00:00:00Z
2026-07-10 14:00:05+00:00,0.0025,616909,Will 7 Fed rate cuts happen in 2026?,3035127.0481788223,186941.75359,2026-12-31T00:00:00Z
2026-07-10 15:00:08+00:00,0.0025,616909,Will 7 Fed rate cuts happen in 2026?,3035127.0481788223,186941.75359,2026-12-31T00:00:00Z
2026-07-10 16:00:06+00:00,0.0025,616909,Will 7 Fed rate cuts happen in 2026?,3035127.0481788223,186941.75359,2026-12-31T00:00:00Z
2026-07-10 17:00:05+00:00,0.0025,616909,Will 7 Fed rate cuts happen in 2026?,3035127.0481788223,186941.75359,2026-12-31T00:00:00Z
2026-07-10 18:00:08+00:00,0.0025,616909,Will 7 Fed rate cuts happen in 2026?,3035127.0481788223,186941.75359,2026-12-31T00:00:00Z
2026-07-10 19:00:06+00:00,0.0025,616909,Will 7 Fed rate cuts happen in 2026?,3035127.0481788223,186941.75359,2026-12-31T00:00:00Z
2026-07-10 20:00:06+00:00,0.0025,616909,Will 7 Fed rate cuts happen in 2026?,3035127.0481788223,186941.75359,2026-12-31T00:00:00Z
2026-07-10 21:00:07+00:00,0.0025,616909,Will 7 Fed rate cuts happen in 2026?,3035127.0481788223,186941.75359,2026-12-31T00:00:00Z
2026-07-10 23:00:22+00:00,0.0025,616909,Will 7 Fed rate cuts happen in 2026?,3035127.0481788223,186941.75359,2026-12-31T00:00:00Z
2026-07-11 00:00:10+00:00,0.0025,616909,Will 7 Fed rate cuts happen in 2026?,3035127.0481788223,186941.75359,2026-12-31T00:00:00Z
2026-07-11 01:00:06+00:00,0.0025,616909,Will 7 Fed rate cuts happen in 2026?,3035127.0481788223,186941.75359,2026-12-31T00:00:00Z
2026-07-11 02:00:06+00:00,0.0025,616909,Will 7 Fed rate cuts happen in 2026?,3035127.0481788223,186941.75359,2026-12-31T00:00:00Z
2026-07-11 03:00:06+00:00,0.0025,616909,Will 7 Fed rate cuts happen in 2026?,3035127.0481788223,186941.75359,2026-12-31T00:00:00Z
2026-07-11 04:00:08+00:00,0.0025,616909,Will 7 Fed rate cuts happen in 2026?,3035127.0481788223,186941.75359,2026-12-31T00:00:00Z
2026-07-11 05:00:07+00:00,0.0025,616909,Will 7 Fed rate cuts happen in 2026?,3035127.0481788223,186941.75359,2026-12-31T00:00:00Z
2026-07-11 06:00:11+00:00,0.0025,616909,Will 7 Fed rate cuts happen in 2026?,3035127.0481788223,186941.75359,2026-12-31T00:00:00Z
2026-07-11 07:00:06+00:00,0.0025,616909,Will 7 Fed rate cuts happen in 2026?,3035127.0481788223,186941.75359,2026-12-31T00:00:00Z
2026-07-11 08:00:06+00:00,0.0025,616909,Will 7 Fed rate cuts happen in 2026?,3035127.0481788223,186941.75359,2026-12-31T00:00:00Z
2026-07-11 09:00:07+00:00,0.0025,616909,Will 7 Fed rate cuts happen in 2026?,3035127.0481788223,186941.75359,2026-12-31T00:00:00Z
2026-07-11 10:00:06+00:00,0.0025,616909,Will 7 Fed rate cuts happen in 2026?,3035127.0481788223,186941.75359,2026-12-31T00:00:00Z
2026-07-11 11:00:06+00:00,0.0025,616909,Will 7 Fed rate cuts happen in 2026?,3035127.0481788223,186941.75359,2026-12-31T00:00:00Z
2026-07-11 12:00:10+00:00,0.0025,616909,Will 7 Fed rate cuts happen in 2026?,3035127.0481788223,186941.75359,2026-12-31T00:00:00Z
2026-07-11 13:00:06+00:00,0.0025,616909,Will 7 Fed rate cuts happen in 2026?,3035127.0481788223,186941.75359,2026-12-31T00:00:00Z
2026-07-11 14:00:07+00:00,0.0025,616909,Will 7 Fed rate cuts happen in 2026?,3035127.0481788223,186941.75359,2026-12-31T00:00:00Z
2026-07-11 15:00:08+00:00,0.0025,616909,Will 7 Fed rate cuts happen in 2026?,3035127.0481788223,186941.75359,2026-12-31T00:00:00Z
2026-07-11 16:00:05+00:00,0.0025,616909,Will 7 Fed rate cuts happen in 2026?,3035127.0481788223,186941.75359,2026-12-31T00:00:00Z
2026-07-11 17:00:09+00:00,0.0025,616909,Will 7 Fed rate cuts happen in 2026?,3035127.0481788223,186941.75359,2026-12-31T00:00:00Z
2026-07-11 18:00:09+00:00,0.0025,616909,Will 7 Fed rate cuts happen in 2026?,3035127.0481788223,186941.75359,2026-12-31T00:00:00Z
2026-07-11 19:00:07+00:00,0.0025,616909,Will 7 Fed rate cuts happen in 2026?,3035127.0481788223,186941.75359,2026-12-31T00:00:00Z
2026-07-11 20:00:08+00:00,0.0025,616909,Will 7 Fed rate cuts happen in 2026?,3035127.0481788223,186941.75359,2026-12-31T00:00:00Z
2026-07-11 21:00:08+00:00,0.0025,616909,Will 7 Fed rate cuts happen in 2026?,3035127.0481788223,186941.75359,2026-12-31T00:00:00Z
2026-07-11 22:00:04+00:00,0.0025,616909,Will 7 Fed rate cuts happen in 2026?,3035127.0481788223,186941.75359,2026-12-31T00:00:00Z
2026-07-11 23:00:05+00:00,0.0025,616909,Will 7 Fed rate cuts happen in 2026?,3035127.0481788223,186941.75359,2026-12-31T00:00:00Z
2026-07-12 00:00:22+00:00,0.0025,616909,Will 7 Fed rate cuts happen in 2026?,3035127.0481788223,186941.75359,2026-12-31T00:00:00Z
2026-07-12 01:00:06+00:00,0.0025,616909,Will 7 Fed rate cuts happen in 2026?,3035127.0481788223,186941.75359,2026-12-31T00:00:00Z
2026-07-12 02:00:07+00:00,0.0025,616909,Will 7 Fed rate cuts happen in 2026?,3035127.0481788223,186941.75359,2026-12-31T00:00:00Z
2026-07-12 03:00:07+00:00,0.0025,616909,Will 7 Fed rate cuts happen in 2026?,3035127.0481788223,186941.75359,2026-12-31T00:00:00Z
2026-07-12 04:00:06+00:00,0.0025,616909,Will 7 Fed rate cuts happen in 2026?,3035127.0481788223,186941.75359,2026-12-31T00:00:00Z
2026-07-12 05:00:04+00:00,0.0025,616909,Will 7 Fed rate cuts happen in 2026?,3035127.0481788223,186941.75359,2026-12-31T00:00:00Z
2026-07-12 06:00:07+00:00,0.0025,616909,Will 7 Fed rate cuts happen in 2026?,3035127.0481788223,186941.75359,2026-12-31T00:00:00Z
2026-07-12 07:00:14+00:00,0.0025,616909,Will 7 Fed rate cuts happen in 2026?,3035127.0481788223,186941.75359,2026-12-31T00:00:00Z
2026-07-12 08:00:05+00:00,0.0025,616909,Will 7 Fed rate cuts happen in 2026?,3035127.0481788223,186941.75359,2026-12-31T00:00:00Z
2026-07-12 09:00:07+00:00,0.0025,616909,Will 7 Fed rate cuts happen in 2026?,3035127.0481788223,186941.75359,2026-12-31T00:00:00Z
2026-07-12 10:00:07+00:00,0.0025,616909,Will 7 Fed rate cuts happen in 2026?,3035127.0481788223,186941.75359,2026-12-31T00:00:00Z
2026-07-12 11:00:20+00:00,0.0025,616909,Will 7 Fed rate cuts happen in 2026?,3035127.0481788223,186941.75359,2026-12-31T00:00:00Z
2026-07-12 12:00:11+00:00,0.0025,616909,Will 7 Fed rate cuts happen in 2026?,3035127.0481788223,186941.75359,2026-12-31T00:00:00Z
2026-07-12 13:00:06+00:00,0.0025,616909,Will 7 Fed rate cuts happen in 2026?,3035127.0481788223,186941.75359,2026-12-31T00:00:00Z
2026-07-12 14:00:08+00:00,0.0025,616909,Will 7 Fed rate cuts happen in 2026?,3035127.0481788223,186941.75359,2026-12-31T00:00:00Z
2026-07-12 15:00:08+00:00,0.0025,616909,Will 7 Fed rate cuts happen in 2026?,3035127.0481788223,186941.75359,2026-12-31T00:00:00Z
2026-07-12 16:00:05+00:00,0.0025,616909,Will 7 Fed rate cuts happen in 2026?,3035127.0481788223,186941.75359,2026-12-31T00:00:00Z
2026-07-12 17:00:06+00:00,0.0025,616909,Will 7 Fed rate cuts happen in 2026?,3035127.0481788223,186941.75359,2026-12-31T00:00:00Z
2026-07-12 18:00:09+00:00,0.0025,616909,Will 7 Fed rate cuts happen in 2026?,3035127.0481788223,186941.75359,2026-12-31T00:00:00Z
2026-07-12 19:00:09+00:00,0.0025,616909,Will 7 Fed rate cuts happen in 2026?,3035127.0481788223,186941.75359,2026-12-31T00:00:00Z
2026-07-12 20:00:07+00:00,0.0025,616909,Will 7 Fed rate cuts happen in 2026?,3035127.0481788223,186941.75359,2026-12-31T00:00:00Z
2026-07-12 21:00:08+00:00,0.0025,616909,Will 7 Fed rate cuts happen in 2026?,3035127.0481788223,186941.75359,2026-12-31T00:00:00Z
2026-07-12 22:00:14+00:00,0.0025,616909,Will 7 Fed rate cuts happen in 2026?,3035127.0481788223,186941.75359,2026-12-31T00:00:00Z
2026-07-12 23:00:05+00:00,0.0025,616909,Will 7 Fed rate cuts happen in 2026?,3035127.0481788223,186941.75359,2026-12-31T00:00:00Z
2026-07-13 00:00:11+00:00,0.0025,616909,Will 7 Fed rate cuts happen in 2026?,3035127.0481788223,186941.75359,2026-12-31T00:00:00Z
2026-07-13 01:00:08+00:00,0.0025,616909,Will 7 Fed rate cuts happen in 2026?,3035127.0481788223,186941.75359,2026-12-31T00:00:00Z
2026-07-13 02:00:05+00:00,0.0025,616909,Will 7 Fed rate cuts happen in 2026?,3035127.0481788223,186941.75359,2026-12-31T00:00:00Z
2026-07-13 03:00:07+00:00,0.0025,616909,Will 7 Fed rate cuts happen in 2026?,3035127.0481788223,186941.75359,2026-12-31T00:00:00Z
2026-07-13 04:00:08+00:00,0.0025,616909,Will 7 Fed rate cuts happen in 2026?,3035127.0481788223,186941.75359,2026-12-31T00:00:00Z
2026-07-13 05:00:09+00:00,0.0025,616909,Will 7 Fed rate cuts happen in 2026?,3035127.0481788223,186941.75359,2026-12-31T00:00:00Z
2026-07-13 06:00:09+00:00,0.0025,616909,Will 7 Fed rate cuts happen in 2026?,3035127.0481788223,186941.75359,2026-12-31T00:00:00Z
2026-07-13 07:00:10+00:00,0.0025,616909,Will 7 Fed rate cuts happen in 2026?,3035127.0481788223,186941.75359,2026-12-31T00:00:00Z
2026-07-13 08:00:08+00:00,0.0025,616909,Will 7 Fed rate cuts happen in 2026?,3035127.0481788223,186941.75359,2026-12-31T00:00:00Z
2026-07-13 09:00:08+00:00,0.0025,616909,Will 7 Fed rate cuts happen in 2026?,3035127.0481788223,186941.75359,2026-12-31T00:00:00Z
2026-07-13 10:00:06+00:00,0.0025,616909,Will 7 Fed rate cuts happen in 2026?,3035127.0481788223,186941.75359,2026-12-31T00:00:00Z
2026-07-13 11:00:06+00:00,0.0025,616909,Will 7 Fed rate cuts happen in 2026?,3035127.0481788223,186941.75359,2026-12-31T00:00:00Z
2026-07-13 12:00:12+00:00,0.0025,616909,Will 7 Fed rate cuts happen in 2026?,3035127.0481788223,186941.75359,2026-12-31T00:00:00Z
2026-07-13 13:00:06+00:00,0.0025,616909,Will 7 Fed rate cuts happen in 2026?,3035127.0481788223,186941.75359,2026-12-31T00:00:00Z
2026-07-13 14:00:20+00:00,0.0025,616909,Will 7 Fed rate cuts happen in 2026?,3035127.0481788223,186941.75359,2026-12-31T00:00:00Z
2026-07-13 15:00:26+00:00,0.0025,616909,Will 7 Fed rate cuts happen in 2026?,3035127.0481788223,186941.75359,2026-12-31T00:00:00Z
2026-07-13 16:00:06+00:00,0.0025,616909,Will 7 Fed rate cuts happen in 2026?,3035127.0481788223,186941.75359,2026-12-31T00:00:00Z
2026-07-13 17:00:09+00:00,0.0025,616909,Will 7 Fed rate cuts happen in 2026?,3035127.0481788223,186941.75359,2026-12-31T00:00:00Z
2026-07-13 18:00:08+00:00,0.0025,616909,Will 7 Fed rate cuts happen in 2026?,3035127.0481788223,186941.75359,2026-12-31T00:00:00Z
2026-07-13 19:00:07+00:00,0.0025,616909,Will 7 Fed rate cuts happen in 2026?,3035127.0481788223,186941.75359,2026-12-31T00:00:00Z
2026-07-13 20:00:08+00:00,0.0025,616909,Will 7 Fed rate cuts happen in 2026?,3035127.0481788223,186941.75359,2026-12-31T00:00:00Z
2026-07-13 21:00:09+00:00,0.0025,616909,Will 7 Fed rate cuts happen in 2026?,3035127.0481788223,186941.75359,2026-12-31T00:00:00Z
2026-07-13 22:00:06+00:00,0.0025,616909,Will 7 Fed rate cuts happen in 2026?,3035127.0481788223,186941.75359,2026-12-31T00:00:00Z
2026-07-13 23:00:07+00:00,0.0025,616909,Will 7 Fed rate cuts happen in 2026?,3035127.0481788223,186941.75359,2026-12-31T00:00:00Z
2026-07-14 00:00:10+00:00,0.0025,616909,Will 7 Fed rate cuts happen in 2026?,3035127.0481788223,186941.75359,2026-12-31T00:00:00Z
2026-07-14 01:00:05+00:00,0.0025,616909,Will 7 Fed rate cuts happen in 2026?,3035127.0481788223,186941.75359,2026-12-31T00:00:00Z
2026-07-14 02:00:05+00:00,0.0025,616909,Will 7 Fed rate cuts happen in 2026?,3035127.0481788223,186941.75359,2026-12-31T00:00:00Z
2026-07-14 03:00:09+00:00,0.0025,616909,Will 7 Fed rate cuts happen in 2026?,3035127.0481788223,186941.75359,2026-12-31T00:00:00Z
2026-07-14 04:00:06+00:00,0.0025,616909,Will 7 Fed rate cuts happen in 2026?,3035127.0481788223,186941.75359,2026-12-31T00:00:00Z
2026-07-14 05:00:06+00:00,0.0025,616909,Will 7 Fed rate cuts happen in 2026?,3035127.0481788223,186941.75359,2026-12-31T00:00:00Z
2026-07-14 06:00:09+00:00,0.0025,616909,Will 7 Fed rate cuts happen in 2026?,3035127.0481788223,186941.75359,2026-12-31T00:00:00Z
2026-07-14 07:00:11+00:00,0.0025,616909,Will 7 Fed rate cuts happen in 2026?,3035127.0481788223,186941.75359,2026-12-31T00:00:00Z
2026-07-14 08:00:05+00:00,0.0025,616909,Will 7 Fed rate cuts happen in 2026?,3035127.0481788223,186941.75359,2026-12-31T00:00:00Z
2026-07-14 09:00:07+00:00,0.0025,616909,Will 7 Fed rate cuts happen in 2026?,3035127.0481788223,186941.75359,2026-12-31T00:00:00Z
2026-07-14 10:00:08+00:00,0.0025,616909,Will 7 Fed rate cuts happen in 2026?,3035127.0481788223,186941.75359,2026-12-31T00:00:00Z
2026-07-14 11:00:06+00:00,0.0025,616909,Will 7 Fed rate cuts happen in 2026?,3035127.0481788223,186941.75359,2026-12-31T00:00:00Z
2026-07-14 12:00:15+00:00,0.0025,616909,Will 7 Fed rate cuts happen in 2026?,3035127.0481788223,186941.75359,2026-12-31T00:00:00Z
2026-07-14 13:00:09+00:00,0.0025,616909,Will 7 Fed rate cuts happen in 2026?,3035127.0481788223,186941.75359,2026-12-31T00:00:00Z
2026-07-14 14:00:13+00:00,0.0025,616909,Will 7 Fed rate cuts happen in 2026?,3035127.0481788223,186941.75359,2026-12-31T00:00:00Z
2026-07-14 15:00:10+00:00,0.0015,616909,Will 7 Fed rate cuts happen in 2026?,3035127.0481788223,186941.75359,2026-12-31T00:00:00Z
2026-07-14 16:00:13+00:00,0.0015,616909,Will 7 Fed rate cuts happen in 2026?,3035127.0481788223,186941.75359,2026-12-31T00:00:00Z
2026-07-14 17:00:30+00:00,0.0015,616909,Will 7 Fed rate cuts happen in 2026?,3035127.0481788223,186941.75359,2026-12-31T00:00:00Z
2026-07-14 18:00:19+00:00,0.0015,616909,Will 7 Fed rate cuts happen in 2026?,3035127.0481788223,186941.75359,2026-12-31T00:00:00Z
2026-07-14 19:00:09+00:00,0.0015,616909,Will 7 Fed rate cuts happen in 2026?,3035127.0481788223,186941.75359,2026-12-31T00:00:00Z
2026-07-14 20:00:09+00:00,0.0015,616909,Will 7 Fed rate cuts happen in 2026?,3035127.0481788223,186941.75359,2026-12-31T00:00:00Z
2026-07-14 21:00:09+00:00,0.0015,616909,Will 7 Fed rate cuts happen in 2026?,3035127.0481788223,186941.75359,2026-12-31T00:00:00Z
2026-07-14 22:00:06+00:00,0.0015,616909,Will 7 Fed rate cuts happen in 2026?,3035127.0481788223,186941.75359,2026-12-31T00:00:00Z
2026-07-14 23:00:08+00:00,0.0015,616909,Will 7 Fed rate cuts happen in 2026?,3035127.0481788223,186941.75359,2026-12-31T00:00:00Z
2026-07-15 00:00:14+00:00,0.0015,616909,Will 7 Fed rate cuts happen in 2026?,3035127.0481788223,186941.75359,2026-12-31T00:00:00Z
2026-07-15 01:00:09+00:00,0.0015,616909,Will 7 Fed rate cuts happen in 2026?,3035127.0481788223,186941.75359,2026-12-31T00:00:00Z
2026-07-15 02:00:11+00:00,0.0015,616909,Will 7 Fed rate cuts happen in 2026?,3035127.0481788223,186941.75359,2026-12-31T00:00:00Z
2026-07-15 03:00:13+00:00,0.0015,616909,Will 7 Fed rate cuts happen in 2026?,3035127.0481788223,186941.75359,2026-12-31T00:00:00Z
2026-07-15 04:00:07+00:00,0.0015,616909,Will 7 Fed rate cuts happen in 2026?,3035127.0481788223,186941.75359,2026-12-31T00:00:00Z
2026-07-15 05:00:22+00:00,0.0015,616909,Will 7 Fed rate cuts happen in 2026?,3035127.0481788223,186941.75359,2026-12-31T00:00:00Z
2026-07-15 06:00:12+00:00,0.0015,616909,Will 7 Fed rate cuts happen in 2026?,3035127.0481788223,186941.75359,2026-12-31T00:00:00Z
2026-07-15 07:00:23+00:00,0.0015,616909,Will 7 Fed rate cuts happen in 2026?,3035127.0481788223,186941.75359,2026-12-31T00:00:00Z
2026-07-15 08:00:23+00:00,0.0015,616909,Will 7 Fed rate cuts happen in 2026?,3035127.0481788223,186941.75359,2026-12-31T00:00:00Z
2026-07-15 09:00:10+00:00,0.0015,616909,Will 7 Fed rate cuts happen in 2026?,3035127.0481788223,186941.75359,2026-12-31T00:00:00Z
2026-07-15 10:00:06+00:00,0.0015,616909,Will 7 Fed rate cuts happen in 2026?,3035127.0481788223,186941.75359,2026-12-31T00:00:00Z
2026-07-15 11:00:10+00:00,0.0015,616909,Will 7 Fed rate cuts happen in 2026?,3035127.0481788223,186941.75359,2026-12-31T00:00:00Z
2026-07-15 12:00:27+00:00,0.0015,616909,Will 7 Fed rate cuts happen in 2026?,3035127.0481788223,186941.75359,2026-12-31T00:00:00Z
2026-07-15 13:00:08+00:00,0.0015,616909,Will 7 Fed rate cuts happen in 2026?,3035127.0481788223,186941.75359,2026-12-31T00:00:00Z
2026-07-15 14:00:08+00:00,0.0015,616909,Will 7 Fed rate cuts happen in 2026?,3035127.0481788223,186941.75359,2026-12-31T00:00:00Z
2026-07-15 15:00:13+00:00,0.0015,616909,Will 7 Fed rate cuts happen in 2026?,3035127.0481788223,186941.75359,2026-12-31T00:00:00Z
2026-07-15 16:00:07+00:00,0.0015,616909,Will 7 Fed rate cuts happen in 2026?,3035127.0481788223,186941.75359,2026-12-31T00:00:00Z
2026-07-15 17:00:11+00:00,0.0015,616909,Will 7 Fed rate cuts happen in 2026?,3035127.0481788223,186941.75359,2026-12-31T00:00:00Z
2026-07-15 18:00:15+00:00,0.0015,616909,Will 7 Fed rate cuts happen in 2026?,3035127.0481788223,186941.75359,2026-12-31T00:00:00Z
2026-07-15 19:00:10+00:00,0.0015,616909,Will 7 Fed rate cuts happen in 2026?,3035127.0481788223,186941.75359,2026-12-31T00:00:00Z
2026-07-15 20:00:09+00:00,0.0015,616909,Will 7 Fed rate cuts happen in 2026?,3035127.0481788223,186941.75359,2026-12-31T00:00:00Z
2026-07-15 21:00:11+00:00,0.0015,616909,Will 7 Fed rate cuts happen in 2026?,3035127.0481788223,186941.75359,2026-12-31T00:00:00Z
2026-07-15 22:00:07+00:00,0.0015,616909,Will 7 Fed rate cuts happen in 2026?,3035127.0481788223,186941.75359,2026-12-31T00:00:00Z
2026-07-15 23:00:07+00:00,0.0015,616909,Will 7 Fed rate cuts happen in 2026?,3035127.0481788223,186941.75359,2026-12-31T00:00:00Z
2026-07-16 00:00:14+00:00,0.0015,616909,Will 7 Fed rate cuts happen in 2026?,3035127.0481788223,186941.75359,2026-12-31T00:00:00Z
2026-07-16 01:00:06+00:00,0.0015,616909,Will 7 Fed rate cuts happen in 2026?,3035127.0481788223,186941.75359,2026-12-31T00:00:00Z
2026-07-16 02:00:05+00:00,0.0015,616909,Will 7 Fed rate cuts happen in 2026?,3035127.0481788223,186941.75359,2026-12-31T00:00:00Z
2026-07-16 03:00:12+00:00,0.0015,616909,Will 7 Fed rate cuts happen in 2026?,3035127.0481788223,186941.75359,2026-12-31T00:00:00Z
2026-07-16 04:00:08+00:00,0.0015,616909,Will 7 Fed rate cuts happen in 2026?,3035127.0481788223,186941.75359,2026-12-31T00:00:00Z
2026-07-16 05:00:07+00:00,0.0015,616909,Will 7 Fed rate cuts happen in 2026?,3035127.0481788223,186941.75359,2026-12-31T00:00:00Z
2026-07-16 06:00:24+00:00,0.0015,616909,Will 7 Fed rate cuts happen in 2026?,3035127.0481788223,186941.75359,2026-12-31T00:00:00Z
2026-07-16 07:00:10+00:00,0.0015,616909,Will 7 Fed rate cuts happen in 2026?,3035127.0481788223,186941.75359,2026-12-31T00:00:00Z
2026-07-16 08:00:05+00:00,0.0015,616909,Will 7 Fed rate cuts happen in 2026?,3035127.0481788223,186941.75359,2026-12-31T00:00:00Z
2026-07-16 09:00:12+00:00,0.0015,616909,Will 7 Fed rate cuts happen in 2026?,3035127.0481788223,186941.75359,2026-12-31T00:00:00Z
2026-07-16 10:00:09+00:00,0.0015,616909,Will 7 Fed rate cuts happen in 2026?,3035127.0481788223,186941.75359,2026-12-31T00:00:00Z
2026-07-16 11:00:08+00:00,0.0015,616909,Will 7 Fed rate cuts happen in 2026?,3035127.0481788223,186941.75359,2026-12-31T00:00:00Z
2026-07-16 12:00:11+00:00,0.0015,616909,Will 7 Fed rate cuts happen in 2026?,3035127.0481788223,186941.75359,2026-12-31T00:00:00Z
2026-07-16 13:00:09+00:00,0.0015,616909,Will 7 Fed rate cuts happen in 2026?,3035127.0481788223,186941.75359,2026-12-31T00:00:00Z
2026-07-16 14:00:07+00:00,0.0015,616909,Will 7 Fed rate cuts happen in 2026?,3035127.0481788223,186941.75359,2026-12-31T00:00:00Z
2026-07-16 15:00:13+00:00,0.0015,616909,Will 7 Fed rate cuts happen in 2026?,3035127.0481788223,186941.75359,2026-12-31T00:00:00Z
2026-07-16 16:00:07+00:00,0.0015,616909,Will 7 Fed rate cuts happen in 2026?,3035127.0481788223,186941.75359,2026-12-31T00:00:00Z
2026-07-16 17:00:09+00:00,0.0015,616909,Will 7 Fed rate cuts happen in 2026?,3035127.0481788223,186941.75359,2026-12-31T00:00:00Z
2026-07-16 18:00:24+00:00,0.0015,616909,Will 7 Fed rate cuts happen in 2026?,3035127.0481788223,186941.75359,2026-12-31T00:00:00Z
2026-07-16 19:00:08+00:00,0.0015,616909,Will 7 Fed rate cuts happen in 2026?,3035127.0481788223,186941.75359,2026-12-31T00:00:00Z
2026-07-16 20:00:09+00:00,0.0015,616909,Will 7 Fed rate cuts happen in 2026?,3035127.0481788223,186941.75359,2026-12-31T00:00:00Z
2026-07-16 21:00:11+00:00,0.0015,616909,Will 7 Fed rate cuts happen in 2026?,3035127.0481788223,186941.75359,2026-12-31T00:00:00Z
2026-07-16 22:00:08+00:00,0.0015,616909,Will 7 Fed rate cuts happen in 2026?,3035127.0481788223,186941.75359,2026-12-31T00:00:00Z
2026-07-16 23:00:11+00:00,0.0015,616909,Will 7 Fed rate cuts happen in 2026?,3035127.0481788223,186941.75359,2026-12-31T00:00:00Z
2026-07-17 00:00:15+00:00,0.0015,616909,Will 7 Fed rate cuts happen in 2026?,3035127.0481788223,186941.75359,2026-12-31T00:00:00Z
2026-07-17 01:00:07+00:00,0.0015,616909,Will 7 Fed rate cuts happen in 2026?,3035127.0481788223,186941.75359,2026-12-31T00:00:00Z
2026-07-17 02:00:09+00:00,0.0015,616909,Will 7 Fed rate cuts happen in 2026?,3035127.0481788223,186941.75359,2026-12-31T00:00:00Z
2026-07-17 03:00:12+00:00,0.0015,616909,Will 7 Fed rate cuts happen in 2026?,3035127.0481788223,186941.75359,2026-12-31T00:00:00Z
2026-07-17 04:00:11+00:00,0.0015,616909,Will 7 Fed rate cuts happen in 2026?,3035127.0481788223,186941.75359,2026-12-31T00:00:00Z
2026-07-17 05:00:12+00:00,0.0015,616909,Will 7 Fed rate cuts happen in 2026?,3035127.0481788223,186941.75359,2026-12-31T00:00:00Z
2026-07-17 06:00:16+00:00,0.0015,616909,Will 7 Fed rate cuts happen in 2026?,3035127.0481788223,186941.75359,2026-12-31T00:00:00Z
2026-07-17 07:00:05+00:00,0.0015,616909,Will 7 Fed rate cuts happen in 2026?,3035127.0481788223,186941.75359,2026-12-31T00:00:00Z
2026-07-17 08:00:06+00:00,0.0015,616909,Will 7 Fed rate cuts happen in 2026?,3035127.0481788223,186941.75359,2026-12-31T00:00:00Z
2026-07-17 09:00:10+00:00,0.0015,616909,Will 7 Fed rate cuts happen in 2026?,3035127.0481788223,186941.75359,2026-12-31T00:00:00Z
2026-07-17 10:00:13+00:00,0.0015,616909,Will 7 Fed rate cuts happen in 2026?,3035127.0481788223,186941.75359,2026-12-31T00:00:00Z
2026-07-17 11:00:08+00:00,0.0015,616909,Will 7 Fed rate cuts happen in 2026?,3035127.0481788223,186941.75359,2026-12-31T00:00:00Z
2026-07-17 12:00:15+00:00,0.0015,616909,Will 7 Fed rate cuts happen in 2026?,3035127.0481788223,186941.75359,2026-12-31T00:00:00Z
2026-07-17 13:00:08+00:00,0.0015,616909,Will 7 Fed rate cuts happen in 2026?,3035127.0481788223,186941.75359,2026-12-31T00:00:00Z
2026-07-17 14:00:09+00:00,0.0015,616909,Will 7 Fed rate cuts happen in 2026?,3035127.0481788223,186941.75359,2026-12-31T00:00:00Z
2026-07-17 15:00:11+00:00,0.0015,616909,Will 7 Fed rate cuts happen in 2026?,3035127.0481788223,186941.75359,2026-12-31T00:00:00Z
2026-07-17 16:00:24+00:00,0.0015,616909,Will 7 Fed rate cuts happen in 2026?,3035127.0481788223,186941.75359,2026-12-31T00:00:00Z
2026-07-17 17:00:16+00:00,0.0015,616909,Will 7 Fed rate cuts happen in 2026?,3035127.0481788223,186941.75359,2026-12-31T00:00:00Z
2026-07-17 18:00:29+00:00,0.0015,616909,Will 7 Fed rate cuts happen in 2026?,3035127.0481788223,186941.75359,2026-12-31T00:00:00Z
2026-07-17 19:00:08+00:00,0.0015,616909,Will 7 Fed rate cuts happen in 2026?,3035127.0481788223,186941.75359,2026-12-31T00:00:00Z
2026-07-17 20:00:09+00:00,0.0015,616909,Will 7 Fed rate cuts happen in 2026?,3035127.0481788223,186941.75359,2026-12-31T00:00:00Z
2026-07-17 21:00:10+00:00,0.0015,616909,Will 7 Fed rate cuts happen in 2026?,3035127.0481788223,186941.75359,2026-12-31T00:00:00Z
2026-07-17 22:00:10+00:00,0.0015,616909,Will 7 Fed rate cuts happen in 2026?,3035127.0481788223,186941.75359,2026-12-31T00:00:00Z
2026-07-17 23:00:10+00:00,0.0015,616909,Will 7 Fed rate cuts happen in 2026?,3035127.0481788223,186941.75359,2026-12-31T00:00:00Z
2026-07-18 00:00:11+00:00,0.0015,616909,Will 7 Fed rate cuts happen in 2026?,3035127.0481788223,186941.75359,2026-12-31T00:00:00Z
2026-07-18 01:00:07+00:00,0.0015,616909,Will 7 Fed rate cuts happen in 2026?,3035127.0481788223,186941.75359,2026-12-31T00:00:00Z
2026-07-18 02:00:07+00:00,0.0015,616909,Will 7 Fed rate cuts happen in 2026?,3035127.0481788223,186941.75359,2026-12-31T00:00:00Z
2026-07-18 03:00:11+00:00,0.0015,616909,Will 7 Fed rate cuts happen in 2026?,3035127.0481788223,186941.75359,2026-12-31T00:00:00Z
2026-07-18 04:00:07+00:00,0.0015,616909,Will 7 Fed rate cuts happen in 2026?,3035127.0481788223,186941.75359,2026-12-31T00:00:00Z
2026-07-18 05:00:08+00:00,0.0015,616909,Will 7 Fed rate cuts happen in 2026?,3035127.0481788223,186941.75359,2026-12-31T00:00:00Z
2026-07-18 06:00:11+00:00,0.0015,616909,Will 7 Fed rate cuts happen in 2026?,3035127.0481788223,186941.75359,2026-12-31T00:00:00Z
2026-07-18 07:00:11+00:00,0.0015,616909,Will 7 Fed rate cuts happen in 2026?,3035127.0481788223,186941.75359,2026-12-31T00:00:00Z
2026-07-18 08:00:07+00:00,0.0015,616909,Will 7 Fed rate cuts happen in 2026?,3035127.0481788223,186941.75359,2026-12-31T00:00:00Z
2026-07-18 09:00:14+00:00,0.0015,616909,Will 7 Fed rate cuts happen in 2026?,3035127.0481788223,186941.75359,2026-12-31T00:00:00Z
2026-07-18 10:00:07+00:00,0.0015,616909,Will 7 Fed rate cuts happen in 2026?,3035127.0481788223,186941.75359,2026-12-31T00:00:00Z
2026-07-18 11:00:11+00:00,0.0015,616909,Will 7 Fed rate cuts happen in 2026?,3035127.0481788223,186941.75359,2026-12-31T00:00:00Z
2026-07-18 12:00:25+00:00,0.0015,616909,Will 7 Fed rate cuts happen in 2026?,3035127.0481788223,186941.75359,2026-12-31T00:00:00Z
2026-07-18 13:00:09+00:00,0.0015,616909,Will 7 Fed rate cuts happen in 2026?,3035127.0481788223,186941.75359,2026-12-31T00:00:00Z
2026-07-18 14:00:09+00:00,0.0015,616909,Will 7 Fed rate cuts happen in 2026?,3035127.0481788223,186941.75359,2026-12-31T00:00:00Z
2026-07-18 15:00:18+00:00,0.0015,616909,Will 7 Fed rate cuts happen in 2026?,3035127.0481788223,186941.75359,2026-12-31T00:00:00Z
2026-07-18 16:00:09+00:00,0.0015,616909,Will 7 Fed rate cuts happen in 2026?,3035127.0481788223,186941.75359,2026-12-31T00:00:00Z
2026-07-18 17:00:16+00:00,0.0015,616909,Will 7 Fed rate cuts happen in 2026?,3035127.0481788223,186941.75359,2026-12-31T00:00:00Z
2026-07-18 18:00:13+00:00,0.0015,616909,Will 7 Fed rate cuts happen in 2026?,3035127.0481788223,186941.75359,2026-12-31T00:00:00Z
2026-07-18 19:00:09+00:00,0.0015,616909,Will 7 Fed rate cuts happen in 2026?,3035127.0481788223,186941.75359,2026-12-31T00:00:00Z
2026-07-18 20:00:14+00:00,0.0015,616909,Will 7 Fed rate cuts happen in 2026?,3035127.0481788223,186941.75359,2026-12-31T00:00:00Z
2026-07-18 21:00:16+00:00,0.0015,616909,Will 7 Fed rate cuts happen in 2026?,3035127.0481788223,186941.75359,2026-12-31T00:00:00Z
2026-07-18 22:00:10+00:00,0.0015,616909,Will 7 Fed rate cuts happen in 2026?,3035127.0481788223,186941.75359,2026-12-31T00:00:00Z
2026-07-18 23:00:12+00:00,0.0015,616909,Will 7 Fed rate cuts happen in 2026?,3035127.0481788223,186941.75359,2026-12-31T00:00:00Z
2026-07-19 00:00:16+00:00,0.0015,616909,Will 7 Fed rate cuts happen in 2026?,3035127.0481788223,186941.75359,2026-12-31T00:00:00Z
2026-07-19 01:00:09+00:00,0.0015,616909,Will 7 Fed rate cuts happen in 2026?,3035127.0481788223,186941.75359,2026-12-31T00:00:00Z
2026-07-19 02:00:08+00:00,0.0015,616909,Will 7 Fed rate cuts happen in 2026?,3035127.0481788223,186941.75359,2026-12-31T00:00:00Z
2026-07-19 03:00:13+00:00,0.0015,616909,Will 7 Fed rate cuts happen in 2026?,3035127.0481788223,186941.75359,2026-12-31T00:00:00Z
2026-07-19 04:00:10+00:00,0.0015,616909,Will 7 Fed rate cuts happen in 2026?,3035127.0481788223,186941.75359,2026-12-31T00:00:00Z
2026-07-19 05:00:10+00:00,0.0015,616909,Will 7 Fed rate cuts happen in 2026?,3035127.0481788223,186941.75359,2026-12-31T00:00:00Z
2026-07-19 06:00:18+00:00,0.0015,616909,Will 7 Fed rate cuts happen in 2026?,3035127.0481788223,186941.75359,2026-12-31T00:00:00Z
2026-07-19 07:00:11+00:00,0.0015,616909,Will 7 Fed rate cuts happen in 2026?,3035127.0481788223,186941.75359,2026-12-31T00:00:00Z
2026-07-19 08:00:10+00:00,0.0015,616909,Will 7 Fed rate cuts happen in 2026?,3035127.0481788223,186941.75359,2026-12-31T00:00:00Z
2026-07-19 09:00:15+00:00,0.0015,616909,Will 7 Fed rate cuts happen in 2026?,3035127.0481788223,186941.75359,2026-12-31T00:00:00Z
2026-07-19 10:00:09+00:00,0.0015,616909,Will 7 Fed rate cuts happen in 2026?,3035127.0481788223,186941.75359,2026-12-31T00:00:00Z
2026-07-19 11:00:10+00:00,0.0015,616909,Will 7 Fed rate cuts happen in 2026?,3035127.0481788223,186941.75359,2026-12-31T00:00:00Z
2026-07-19 12:00:12+00:00,0.0015,616909,Will 7 Fed rate cuts happen in 2026?,3035127.0481788223,186941.75359,2026-12-31T00:00:00Z
2026-07-19 13:00:10+00:00,0.0015,616909,Will 7 Fed rate cuts happen in 2026?,3035127.0481788223,186941.75359,2026-12-31T00:00:00Z
2026-07-19 14:00:12+00:00,0.0015,616909,Will 7 Fed rate cuts happen in 2026?,3035127.0481788223,186941.75359,2026-12-31T00:00:00Z
2026-07-19 15:00:11+00:00,0.0015,616909,Will 7 Fed rate cuts happen in 2026?,3035127.0481788223,186941.75359,2026-12-31T00:00:00Z
2026-07-19 16:00:30+00:00,0.0015,616909,Will 7 Fed rate cuts happen in 2026?,3035127.0481788223,186941.75359,2026-12-31T00:00:00Z
2026-07-19 17:00:17+00:00,0.0015,616909,Will 7 Fed rate cuts happen in 2026?,3035127.0481788223,186941.75359,2026-12-31T00:00:00Z
2026-07-19 18:00:12+00:00,0.0015,616909,Will 7 Fed rate cuts happen in 2026?,3035127.0481788223,186941.75359,2026-12-31T00:00:00Z
2026-07-19 19:00:11+00:00,0.0015,616909,Will 7 Fed rate cuts happen in 2026?,3035127.0481788223,186941.75359,2026-12-31T00:00:00Z
2026-07-19 20:00:13+00:00,0.0015,616909,Will 7 Fed rate cuts happen in 2026?,3035127.0481788223,186941.75359,2026-12-31T00:00:00Z
2026-07-19 21:00:26+00:00,0.0015,616909,Will 7 Fed rate cuts happen in 2026?,3035127.0481788223,186941.75359,2026-12-31T00:00:00Z
2026-07-19 22:00:12+00:00,0.0015,616909,Will 7 Fed rate cuts happen in 2026?,3035127.0481788223,186941.75359,2026-12-31T00:00:00Z
2026-07-19 23:00:09+00:00,0.0015,616909,Will 7 Fed rate cuts happen in 2026?,3035127.0481788223,186941.75359,2026-12-31T00:00:00Z
2026-07-20 00:00:27+00:00,0.0015,616909,Will 7 Fed rate cuts happen in 2026?,3035127.0481788223,186941.75359,2026-12-31T00:00:00Z
2026-07-20 01:00:09+00:00,0.0045,616909,Will 7 Fed rate cuts happen in 2026?,3035127.0481788223,186941.75359,2026-12-31T00:00:00Z
2026-07-20 02:00:09+00:00,0.0045,616909,Will 7 Fed rate cuts happen in 2026?,3035127.0481788223,186941.75359,2026-12-31T00:00:00Z
2026-07-20 03:00:12+00:00,0.0045,616909,Will 7 Fed rate cuts happen in 2026?,3035127.0481788223,186941.75359,2026-12-31T00:00:00Z
2026-07-20 04:00:08+00:00,0.0045,616909,Will 7 Fed rate cuts happen in 2026?,3035127.0481788223,186941.75359,2026-12-31T00:00:00Z
2026-07-20 05:00:22+00:00,0.0045,616909,Will 7 Fed rate cuts happen in 2026?,3035127.0481788223,186941.75359,2026-12-31T00:00:00Z
2026-07-20 06:00:15+00:00,0.0045,616909,Will 7 Fed rate cuts happen in 2026?,3035127.0481788223,186941.75359,2026-12-31T00:00:00Z
2026-07-20 07:00:10+00:00,0.0045,616909,Will 7 Fed rate cuts happen in 2026?,3035127.0481788223,186941.75359,2026-12-31T00:00:00Z
2026-07-20 08:00:06+00:00,0.0045,616909,Will 7 Fed rate cuts happen in 2026?,3035127.0481788223,186941.75359,2026-12-31T00:00:00Z
2026-07-20 09:00:14+00:00,0.0045,616909,Will 7 Fed rate cuts happen in 2026?,3035127.0481788223,186941.75359,2026-12-31T00:00:00Z
2026-07-20 10:00:06+00:00,0.0045,616909,Will 7 Fed rate cuts happen in 2026?,3035127.0481788223,186941.75359,2026-12-31T00:00:00Z
2026-07-20 11:00:09+00:00,0.0045,616909,Will 7 Fed rate cuts happen in 2026?,3035127.0481788223,186941.75359,2026-12-31T00:00:00Z
2026-07-20 12:00:11+00:00,0.0045,616909,Will 7 Fed rate cuts happen in 2026?,3035127.0481788223,186941.75359,2026-12-31T00:00:00Z
2026-07-20 13:00:10+00:00,0.0045,616909,Will 7 Fed rate cuts happen in 2026?,3035127.0481788223,186941.75359,2026-12-31T00:00:00Z
2026-07-20 14:00:07+00:00,0.0045,616909,Will 7 Fed rate cuts happen in 2026?,3035127.0481788223,186941.75359,2026-12-31T00:00:00Z
2026-07-20 15:00:17+00:00,0.0055,616909,Will 7 Fed rate cuts happen in 2026?,3035127.0481788223,186941.75359,2026-12-31T00:00:00Z
2026-07-20 16:00:11+00:00,0.0065,616909,Will 7 Fed rate cuts happen in 2026?,3035127.0481788223,186941.75359,2026-12-31T00:00:00Z
2026-07-20 17:00:22+00:00,0.0065,616909,Will 7 Fed rate cuts happen in 2026?,3035127.0481788223,186941.75359,2026-12-31T00:00:00Z
2026-07-20 18:00:14+00:00,0.0065,616909,Will 7 Fed rate cuts happen in 2026?,3035127.0481788223,186941.75359,2026-12-31T00:00:00Z
2026-07-20 19:00:10+00:00,0.006,616909,Will 7 Fed rate cuts happen in 2026?,3035127.0481788223,186941.75359,2026-12-31T00:00:00Z
2026-07-20 20:00:26+00:00,0.006,616909,Will 7 Fed rate cuts happen in 2026?,3035127.0481788223,186941.75359,2026-12-31T00:00:00Z
2026-07-20 21:00:15+00:00,0.006,616909,Will 7 Fed rate cuts happen in 2026?,3035127.0481788223,186941.75359,2026-12-31T00:00:00Z
2026-07-20 22:00:06+00:00,0.0055,616909,Will 7 Fed rate cuts happen in 2026?,3035127.0481788223,186941.75359,2026-12-31T00:00:00Z
2026-07-20 23:00:07+00:00,0.0055,616909,Will 7 Fed rate cuts happen in 2026?,3035127.0481788223,186941.75359,2026-12-31T00:00:00Z
2026-07-21 00:00:15+00:00,0.0055,616909,Will 7 Fed rate cuts happen in 2026?,3035127.0481788223,186941.75359,2026-12-31T00:00:00Z
2026-07-21 01:00:14+00:00,0.0055,616909,Will 7 Fed rate cuts happen in 2026?,3035127.0481788223,186941.75359,2026-12-31T00:00:00Z
2026-07-21 02:00:14+00:00,0.0055,616909,Will 7 Fed rate cuts happen in 2026?,3035127.0481788223,186941.75359,2026-12-31T00:00:00Z
2026-07-21 03:00:15+00:00,0.0055,616909,Will 7 Fed rate cuts happen in 2026?,3035127.0481788223,186941.75359,2026-12-31T00:00:00Z
2026-07-21 04:00:23+00:00,0.0055,616909,Will 7 Fed rate cuts happen in 2026?,3035127.0481788223,186941.75359,2026-12-31T00:00:00Z
2026-07-21 05:00:10+00:00,0.0055,616909,Will 7 Fed rate cuts happen in 2026?,3035127.0481788223,186941.75359,2026-12-31T00:00:00Z
2026-07-21 06:00:16+00:00,0.0055,616909,Will 7 Fed rate cuts happen in 2026?,3035127.0481788223,186941.75359,2026-12-31T00:00:00Z
2026-07-21 07:00:16+00:00,0.006,616909,Will 7 Fed rate cuts happen in 2026?,3035127.0481788223,186941.75359,2026-12-31T00:00:00Z
2026-07-21 08:00:11+00:00,0.0045,616909,Will 7 Fed rate cuts happen in 2026?,3035127.0481788223,186941.75359,2026-12-31T00:00:00Z
2026-07-21 09:00:14+00:00,0.0045,616909,Will 7 Fed rate cuts happen in 2026?,3035127.0481788223,186941.75359,2026-12-31T00:00:00Z
2026-07-21 10:00:11+00:00,0.0045,616909,Will 7 Fed rate cuts happen in 2026?,3035127.0481788223,186941.75359,2026-12-31T00:00:00Z
2026-07-21 11:00:10+00:00,0.0045,616909,Will 7 Fed rate cuts happen in 2026?,3035127.0481788223,186941.75359,2026-12-31T00:00:00Z
2026-07-21 12:00:20+00:00,0.0045,616909,Will 7 Fed rate cuts happen in 2026?,3035127.0481788223,186941.75359,2026-12-31T00:00:00Z
2026-07-21 13:00:11+00:00,0.005,616909,Will 7 Fed rate cuts happen in 2026?,3035127.0481788223,186941.75359,2026-12-31T00:00:00Z
2026-07-21 14:00:10+00:00,0.005,616909,Will 7 Fed rate cuts happen in 2026?,3035127.0481788223,186941.75359,2026-12-31T00:00:00Z
2026-07-21 15:00:33+00:00,0.005,616909,Will 7 Fed rate cuts happen in 2026?,3035127.0481788223,186941.75359,2026-12-31T00:00:00Z
2026-07-21 16:00:14+00:00,0.005,616909,Will 7 Fed rate cuts happen in 2026?,3035127.0481788223,186941.75359,2026-12-31T00:00:00Z
2026-07-21 17:00:10+00:00,0.0045,616909,Will 7 Fed rate cuts happen in 2026?,3035127.0481788223,186941.75359,2026-12-31T00:00:00Z
2026-07-21 18:00:30+00:00,0.0045,616909,Will 7 Fed rate cuts happen in 2026?,3035127.0481788223,186941.75359,2026-12-31T00:00:00Z
2026-07-21 19:00:07+00:00,0.005,616909,Will 7 Fed rate cuts happen in 2026?,3035127.0481788223,186941.75359,2026-12-31T00:00:00Z
2026-07-21 20:00:08+00:00,0.005,616909,Will 7 Fed rate cuts happen in 2026?,3035127.0481788223,186941.75359,2026-12-31T00:00:00Z
2026-07-21 21:00:30+00:00,0.005,616909,Will 7 Fed rate cuts happen in 2026?,3035127.0481788223,186941.75359,2026-12-31T00:00:00Z
2026-07-21 22:00:10+00:00,0.005,616909,Will 7 Fed rate cuts happen in 2026?,3035127.0481788223,186941.75359,2026-12-31T00:00:00Z
2026-07-21 23:00:22+00:00,0.0045,616909,Will 7 Fed rate cuts happen in 2026?,3035127.0481788223,186941.75359,2026-12-31T00:00:00Z
2026-07-22 00:00:11+00:00,0.0045,616909,Will 7 Fed rate cuts happen in 2026?,3035127.0481788223,186941.75359,2026-12-31T00:00:00Z
2026-07-22 01:00:07+00:00,0.0045,616909,Will 7 Fed rate cuts happen in 2026?,3035127.0481788223,186941.75359,2026-12-31T00:00:00Z
2026-07-22 02:00:07+00:00,0.0045,616909,Will 7 Fed rate cuts happen in 2026?,3035127.0481788223,186941.75359,2026-12-31T00:00:00Z
2026-07-22 03:00:12+00:00,0.005,616909,Will 7 Fed rate cuts happen in 2026?,3035127.0481788223,186941.75359,2026-12-31T00:00:00Z
2026-07-22 04:00:10+00:00,0.005,616909,Will 7 Fed rate cuts happen in 2026?,3035127.0481788223,186941.75359,2026-12-31T00:00:00Z
2026-07-22 05:00:07+00:00,0.005,616909,Will 7 Fed rate cuts happen in 2026?,3035127.0481788223,186941.75359,2026-12-31T00:00:00Z
2026-07-22 06:00:27+00:00,0.005,616909,Will 7 Fed rate cuts happen in 2026?,3035127.0481788223,186941.75359,2026-12-31T00:00:00Z
2026-07-22 07:00:11+00:00,0.005,616909,Will 7 Fed rate cuts happen in 2026?,3035127.0481788223,186941.75359,2026-12-31T00:00:00Z
2026-07-22 08:00:06+00:00,0.005,616909,Will 7 Fed rate cuts happen in 2026?,3035127.0481788223,186941.75359,2026-12-31T00:00:00Z
2026-07-22 09:00:14+00:00,0.005,616909,Will 7 Fed rate cuts happen in 2026?,3035127.0481788223,186941.75359,2026-12-31T00:00:00Z
2026-07-22 10:00:07+00:00,0.0045,616909,Will 7 Fed rate cuts happen in 2026?,3035127.0481788223,186941.75359,2026-12-31T00:00:00Z
2026-07-22 11:00:07+00:00,0.0045,616909,Will 7 Fed rate cuts happen in 2026?,3035127.0481788223,186941.75359,2026-12-31T00:00:00Z
2026-07-22 12:00:13+00:00,0.005,616909,Will 7 Fed rate cuts happen in 2026?,3035127.0481788223,186941.75359,2026-12-31T00:00:00Z
2026-07-22 13:00:07+00:00,0.005,616909,Will 7 Fed rate cuts happen in 2026?,3035127.0481788223,186941.75359,2026-12-31T00:00:00Z
2026-07-22 14:00:06+00:00,0.005,616909,Will 7 Fed rate cuts happen in 2026?,3035127.0481788223,186941.75359,2026-12-31T00:00:00Z
2026-07-22 15:00:13+00:00,0.005,616909,Will 7 Fed rate cuts happen in 2026?,3035127.0481788223,186941.75359,2026-12-31T00:00:00Z
2026-07-22 16:00:08+00:00,0.005,616909,Will 7 Fed rate cuts happen in 2026?,3035127.0481788223,186941.75359,2026-12-31T00:00:00Z
2026-07-22 17:00:20+00:00,0.005,616909,Will 7 Fed rate cuts happen in 2026?,3035127.0481788223,186941.75359,2026-12-31T00:00:00Z
2026-07-22 18:00:15+00:00,0.005,616909,Will 7 Fed rate cuts happen in 2026?,3035127.0481788223,186941.75359,2026-12-31T00:00:00Z
2026-07-22 19:00:07+00:00,0.005,616909,Will 7 Fed rate cuts happen in 2026?,3035127.0481788223,186941.75359,2026-12-31T00:00:00Z
2026-07-22 20:00:10+00:00,0.0045,616909,Will 7 Fed rate cuts happen in 2026?,3035127.0481788223,186941.75359,2026-12-31T00:00:00Z
2026-07-22 21:00:13+00:00,0.005,616909,Will 7 Fed rate cuts happen in 2026?,3035127.0481788223,186941.75359,2026-12-31T00:00:00Z
2026-07-22 22:00:15+00:00,0.005,616909,Will 7 Fed rate cuts happen in 2026?,3035127.0481788223,186941.75359,2026-12-31T00:00:00Z
2026-07-22 23:00:09+00:00,0.0045,616909,Will 7 Fed rate cuts happen in 2026?,3035127.0481788223,186941.75359,2026-12-31T00:00:00Z
2026-07-23 00:00:20+00:00,0.0045,616909,Will 7 Fed rate cuts happen in 2026?,3035127.0481788223,186941.75359,2026-12-31T00:00:00Z
2026-07-23 01:00:21+00:00,0.0045,616909,Will 7 Fed rate cuts happen in 2026?,3035127.0481788223,186941.75359,2026-12-31T00:00:00Z
2026-07-23 02:00:09+00:00,0.0045,616909,Will 7 Fed rate cuts happen in 2026?,3035127.0481788223,186941.75359,2026-12-31T00:00:00Z
2026-07-23 03:00:14+00:00,0.0045,616909,Will 7 Fed rate cuts happen in 2026?,3035127.0481788223,186941.75359,2026-12-31T00:00:00Z
2026-07-23 04:00:13+00:00,0.0045,616909,Will 7 Fed rate cuts happen in 2026?,3035127.0481788223,186941.75359,2026-12-31T00:00:00Z
2026-07-23 05:00:25+00:00,0.004,616909,Will 7 Fed rate cuts happen in 2026?,3035127.0481788223,186941.75359,2026-12-31T00:00:00Z
2026-07-23 06:00:28+00:00,0.004,616909,Will 7 Fed rate cuts happen in 2026?,3035127.0481788223,186941.75359,2026-12-31T00:00:00Z
2026-07-23 07:00:18+00:00,0.004,616909,Will 7 Fed rate cuts happen in 2026?,3035127.0481788223,186941.75359,2026-12-31T00:00:00Z
2026-07-23 08:00:09+00:00,0.0035,616909,Will 7 Fed rate cuts happen in 2026?,3035127.0481788223,186941.75359,2026-12-31T00:00:00Z
2026-07-23 09:00:23+00:00,0.0035,616909,Will 7 Fed rate cuts happen in 2026?,3035127.0481788223,186941.75359,2026-12-31T00:00:00Z
2026-07-23 10:00:21+00:00,0.0035,616909,Will 7 Fed rate cuts happen in 2026?,3035127.0481788223,186941.75359,2026-12-31T00:00:00Z
2026-07-23 11:00:12+00:00,0.0035,616909,Will 7 Fed rate cuts happen in 2026?,3035127.0481788223,186941.75359,2026-12-31T00:00:00Z
2026-07-23 12:00:32+00:00,0.0035,616909,Will 7 Fed rate cuts happen in 2026?,3035127.0481788223,186941.75359,2026-12-31T00:00:00Z
2026-07-23 13:00:15+00:00,0.0035,616909,Will 7 Fed rate cuts happen in 2026?,3035127.0481788223,186941.75359,2026-12-31T00:00:00Z
2026-07-23 14:00:15+00:00,0.003,616909,Will 7 Fed rate cuts happen in 2026?,3035127.0481788223,186941.75359,2026-12-31T00:00:00Z
2026-07-23 15:00:31+00:00,0.003,616909,Will 7 Fed rate cuts happen in 2026?,3035127.0481788223,186941.75359,2026-12-31T00:00:00Z
2026-07-23 16:00:15+00:00,0.003,616909,Will 7 Fed rate cuts happen in 2026?,3035127.0481788223,186941.75359,2026-12-31T00:00:00Z
2026-07-23 17:00:31+00:00,0.003,616909,Will 7 Fed rate cuts happen in 2026?,3035127.0481788223,186941.75359,2026-12-31T00:00:00Z
2026-07-23 18:00:31+00:00,0.003,616909,Will 7 Fed rate cuts happen in 2026?,3035127.0481788223,186941.75359,2026-12-31T00:00:00Z
2026-07-23 19:00:21+00:00,0.003,616909,Will 7 Fed rate cuts happen in 2026?,3035127.0481788223,186941.75359,2026-12-31T00:00:00Z
2026-07-23 20:00:17+00:00,0.003,616909,Will 7 Fed rate cuts happen in 2026?,3035127.0481788223,186941.75359,2026-12-31T00:00:00Z
2026-07-23 21:00:24+00:00,0.0035,616909,Will 7 Fed rate cuts happen in 2026?,3035127.0481788223,186941.75359,2026-12-31T00:00:00Z
2026-07-23 22:00:18+00:00,0.0035,616909,Will 7 Fed rate cuts happen in 2026?,3035127.0481788223,186941.75359,2026-12-31T00:00:00Z
2026-07-23 23:00:17+00:00,0.0035,616909,Will 7 Fed rate cuts happen in 2026?,3035127.0481788223,186941.75359,2026-12-31T00:00:00Z
2026-07-24 00:00:26+00:00,0.0035,616909,Will 7 Fed rate cuts happen in 2026?,3035127.0481788223,186941.75359,2026-12-31T00:00:00Z
2026-07-24 01:00:11+00:00,0.0035,616909,Will 7 Fed rate cuts happen in 2026?,3035127.0481788223,186941.75359,2026-12-31T00:00:00Z
2026-07-24 02:00:14+00:00,0.0035,616909,Will 7 Fed rate cuts happen in 2026?,3035127.0481788223,186941.75359,2026-12-31T00:00:00Z
2026-07-24 03:00:25+00:00,0.0035,616909,Will 7 Fed rate cuts happen in 2026?,3035127.0481788223,186941.75359,2026-12-31T00:00:00Z
2026-07-24 04:00:17+00:00,0.0035,616909,Will 7 Fed rate cuts happen in 2026?,3035127.0481788223,186941.75359,2026-12-31T00:00:00Z
2026-07-24 05:00:29+00:00,0.0035,616909,Will 7 Fed rate cuts happen in 2026?,3035127.0481788223,186941.75359,2026-12-31T00:00:00Z
2026-07-24 06:00:25+00:00,0.0035,616909,Will 7 Fed rate cuts happen in 2026?,3035127.0481788223,186941.75359,2026-12-31T00:00:00Z
2026-07-24 07:00:13+00:00,0.0035,616909,Will 7 Fed rate cuts happen in 2026?,3035127.0481788223,186941.75359,2026-12-31T00:00:00Z
2026-07-24 08:00:17+00:00,0.0035,616909,Will 7 Fed rate cuts happen in 2026?,3035127.0481788223,186941.75359,2026-12-31T00:00:00Z
2026-07-24 09:00:25+00:00,0.0035,616909,Will 7 Fed rate cuts happen in 2026?,3035127.0481788223,186941.75359,2026-12-31T00:00:00Z
2026-07-24 09:38:07+00:00,0.003,616909,Will 7 Fed rate cuts happen in 2026?,3035127.0481788223,186941.75359,2026-12-31T00:00:00Z
2026-07-10 10:00:18+00:00,0.0025,616910,Will 8 Fed rate cuts happen in 2026?,3083316.6608898756,167870.3597,2026-12-31T00:00:00Z
2026-07-10 11:00:05+00:00,0.0025,616910,Will 8 Fed rate cuts happen in 2026?,3083316.6608898756,167870.3597,2026-12-31T00:00:00Z
2026-07-10 12:00:08+00:00,0.0025,616910,Will 8 Fed rate cuts happen in 2026?,3083316.6608898756,167870.3597,2026-12-31T00:00:00Z
2026-07-10 13:00:05+00:00,0.0025,616910,Will 8 Fed rate cuts happen in 2026?,3083316.6608898756,167870.3597,2026-12-31T00:00:00Z
2026-07-10 14:00:05+00:00,0.0025,616910,Will 8 Fed rate cuts happen in 2026?,3083316.6608898756,167870.3597,2026-12-31T00:00:00Z
2026-07-10 15:00:07+00:00,0.0025,616910,Will 8 Fed rate cuts happen in 2026?,3083316.6608898756,167870.3597,2026-12-31T00:00:00Z
2026-07-10 16:00:06+00:00,0.0025,616910,Will 8 Fed rate cuts happen in 2026?,3083316.6608898756,167870.3597,2026-12-31T00:00:00Z
2026-07-10 17:00:05+00:00,0.0025,616910,Will 8 Fed rate cuts happen in 2026?,3083316.6608898756,167870.3597,2026-12-31T00:00:00Z
2026-07-10 18:00:07+00:00,0.0025,616910,Will 8 Fed rate cuts happen in 2026?,3083316.6608898756,167870.3597,2026-12-31T00:00:00Z
2026-07-10 19:00:06+00:00,0.0025,616910,Will 8 Fed rate cuts happen in 2026?,3083316.6608898756,167870.3597,2026-12-31T00:00:00Z
2026-07-10 20:00:06+00:00,0.0025,616910,Will 8 Fed rate cuts happen in 2026?,3083316.6608898756,167870.3597,2026-12-31T00:00:00Z
2026-07-10 21:00:07+00:00,0.0025,616910,Will 8 Fed rate cuts happen in 2026?,3083316.6608898756,167870.3597,2026-12-31T00:00:00Z
2026-07-10 23:00:22+00:00,0.0025,616910,Will 8 Fed rate cuts happen in 2026?,3083316.6608898756,167870.3597,2026-12-31T00:00:00Z
2026-07-11 00:00:09+00:00,0.0025,616910,Will 8 Fed rate cuts happen in 2026?,3083316.6608898756,167870.3597,2026-12-31T00:00:00Z
2026-07-11 01:00:05+00:00,0.0025,616910,Will 8 Fed rate cuts happen in 2026?,3083316.6608898756,167870.3597,2026-12-31T00:00:00Z
2026-07-11 02:00:06+00:00,0.0025,616910,Will 8 Fed rate cuts happen in 2026?,3083316.6608898756,167870.3597,2026-12-31T00:00:00Z
2026-07-11 03:00:06+00:00,0.0025,616910,Will 8 Fed rate cuts happen in 2026?,3083316.6608898756,167870.3597,2026-12-31T00:00:00Z
2026-07-11 04:00:07+00:00,0.0025,616910,Will 8 Fed rate cuts happen in 2026?,3083316.6608898756,167870.3597,2026-12-31T00:00:00Z
2026-07-11 05:00:07+00:00,0.0025,616910,Will 8 Fed rate cuts happen in 2026?,3083316.6608898756,167870.3597,2026-12-31T00:00:00Z
2026-07-11 06:00:11+00:00,0.0025,616910,Will 8 Fed rate cuts happen in 2026?,3083316.6608898756,167870.3597,2026-12-31T00:00:00Z
2026-07-11 07:00:06+00:00,0.0025,616910,Will 8 Fed rate cuts happen in 2026?,3083316.6608898756,167870.3597,2026-12-31T00:00:00Z
2026-07-11 08:00:06+00:00,0.0025,616910,Will 8 Fed rate cuts happen in 2026?,3083316.6608898756,167870.3597,2026-12-31T00:00:00Z
2026-07-11 09:00:06+00:00,0.0025,616910,Will 8 Fed rate cuts happen in 2026?,3083316.6608898756,167870.3597,2026-12-31T00:00:00Z
2026-07-11 10:00:06+00:00,0.0025,616910,Will 8 Fed rate cuts happen in 2026?,3083316.6608898756,167870.3597,2026-12-31T00:00:00Z
2026-07-11 11:00:06+00:00,0.0025,616910,Will 8 Fed rate cuts happen in 2026?,3083316.6608898756,167870.3597,2026-12-31T00:00:00Z
2026-07-11 12:00:09+00:00,0.0025,616910,Will 8 Fed rate cuts happen in 2026?,3083316.6608898756,167870.3597,2026-12-31T00:00:00Z
2026-07-11 13:00:05+00:00,0.0025,616910,Will 8 Fed rate cuts happen in 2026?,3083316.6608898756,167870.3597,2026-12-31T00:00:00Z
2026-07-11 14:00:06+00:00,0.0025,616910,Will 8 Fed rate cuts happen in 2026?,3083316.6608898756,167870.3597,2026-12-31T00:00:00Z
2026-07-11 15:00:07+00:00,0.0025,616910,Will 8 Fed rate cuts happen in 2026?,3083316.6608898756,167870.3597,2026-12-31T00:00:00Z
2026-07-11 16:00:05+00:00,0.0025,616910,Will 8 Fed rate cuts happen in 2026?,3083316.6608898756,167870.3597,2026-12-31T00:00:00Z
2026-07-11 17:00:06+00:00,0.0025,616910,Will 8 Fed rate cuts happen in 2026?,3083316.6608898756,167870.3597,2026-12-31T00:00:00Z
2026-07-11 18:00:07+00:00,0.0025,616910,Will 8 Fed rate cuts happen in 2026?,3083316.6608898756,167870.3597,2026-12-31T00:00:00Z
2026-07-11 19:00:05+00:00,0.0025,616910,Will 8 Fed rate cuts happen in 2026?,3083316.6608898756,167870.3597,2026-12-31T00:00:00Z
2026-07-11 20:00:08+00:00,0.0025,616910,Will 8 Fed rate cuts happen in 2026?,3083316.6608898756,167870.3597,2026-12-31T00:00:00Z
2026-07-11 21:00:06+00:00,0.0025,616910,Will 8 Fed rate cuts happen in 2026?,3083316.6608898756,167870.3597,2026-12-31T00:00:00Z
2026-07-11 22:00:04+00:00,0.0025,616910,Will 8 Fed rate cuts happen in 2026?,3083316.6608898756,167870.3597,2026-12-31T00:00:00Z
2026-07-11 23:00:04+00:00,0.0025,616910,Will 8 Fed rate cuts happen in 2026?,3083316.6608898756,167870.3597,2026-12-31T00:00:00Z
2026-07-12 00:00:21+00:00,0.0025,616910,Will 8 Fed rate cuts happen in 2026?,3083316.6608898756,167870.3597,2026-12-31T00:00:00Z
2026-07-12 01:00:05+00:00,0.0025,616910,Will 8 Fed rate cuts happen in 2026?,3083316.6608898756,167870.3597,2026-12-31T00:00:00Z
2026-07-12 02:00:06+00:00,0.0025,616910,Will 8 Fed rate cuts happen in 2026?,3083316.6608898756,167870.3597,2026-12-31T00:00:00Z
2026-07-12 03:00:07+00:00,0.0025,616910,Will 8 Fed rate cuts happen in 2026?,3083316.6608898756,167870.3597,2026-12-31T00:00:00Z
2026-07-12 04:00:05+00:00,0.0025,616910,Will 8 Fed rate cuts happen in 2026?,3083316.6608898756,167870.3597,2026-12-31T00:00:00Z
2026-07-12 05:00:04+00:00,0.0025,616910,Will 8 Fed rate cuts happen in 2026?,3083316.6608898756,167870.3597,2026-12-31T00:00:00Z
2026-07-12 06:00:06+00:00,0.0025,616910,Will 8 Fed rate cuts happen in 2026?,3083316.6608898756,167870.3597,2026-12-31T00:00:00Z
2026-07-12 07:00:12+00:00,0.0025,616910,Will 8 Fed rate cuts happen in 2026?,3083316.6608898756,167870.3597,2026-12-31T00:00:00Z
2026-07-12 08:00:05+00:00,0.0025,616910,Will 8 Fed rate cuts happen in 2026?,3083316.6608898756,167870.3597,2026-12-31T00:00:00Z
2026-07-12 09:00:06+00:00,0.0025,616910,Will 8 Fed rate cuts happen in 2026?,3083316.6608898756,167870.3597,2026-12-31T00:00:00Z
2026-07-12 10:00:06+00:00,0.0025,616910,Will 8 Fed rate cuts happen in 2026?,3083316.6608898756,167870.3597,2026-12-31T00:00:00Z
2026-07-12 11:00:19+00:00,0.0025,616910,Will 8 Fed rate cuts happen in 2026?,3083316.6608898756,167870.3597,2026-12-31T00:00:00Z
2026-07-12 12:00:10+00:00,0.0025,616910,Will 8 Fed rate cuts happen in 2026?,3083316.6608898756,167870.3597,2026-12-31T00:00:00Z
2026-07-12 13:00:06+00:00,0.0025,616910,Will 8 Fed rate cuts happen in 2026?,3083316.6608898756,167870.3597,2026-12-31T00:00:00Z
2026-07-12 14:00:07+00:00,0.0025,616910,Will 8 Fed rate cuts happen in 2026?,3083316.6608898756,167870.3597,2026-12-31T00:00:00Z
2026-07-12 15:00:06+00:00,0.0025,616910,Will 8 Fed rate cuts happen in 2026?,3083316.6608898756,167870.3597,2026-12-31T00:00:00Z
2026-07-12 16:00:05+00:00,0.0025,616910,Will 8 Fed rate cuts happen in 2026?,3083316.6608898756,167870.3597,2026-12-31T00:00:00Z
2026-07-12 17:00:06+00:00,0.0025,616910,Will 8 Fed rate cuts happen in 2026?,3083316.6608898756,167870.3597,2026-12-31T00:00:00Z
2026-07-12 18:00:08+00:00,0.0025,616910,Will 8 Fed rate cuts happen in 2026?,3083316.6608898756,167870.3597,2026-12-31T00:00:00Z
2026-07-12 19:00:07+00:00,0.0025,616910,Will 8 Fed rate cuts happen in 2026?,3083316.6608898756,167870.3597,2026-12-31T00:00:00Z
2026-07-12 20:00:06+00:00,0.0025,616910,Will 8 Fed rate cuts happen in 2026?,3083316.6608898756,167870.3597,2026-12-31T00:00:00Z
2026-07-12 21:00:07+00:00,0.0025,616910,Will 8 Fed rate cuts happen in 2026?,3083316.6608898756,167870.3597,2026-12-31T00:00:00Z
2026-07-12 22:00:12+00:00,0.0025,616910,Will 8 Fed rate cuts happen in 2026?,3083316.6608898756,167870.3597,2026-12-31T00:00:00Z
2026-07-12 23:00:05+00:00,0.0025,616910,Will 8 Fed rate cuts happen in 2026?,3083316.6608898756,167870.3597,2026-12-31T00:00:00Z
2026-07-13 00:00:10+00:00,0.0025,616910,Will 8 Fed rate cuts happen in 2026?,3083316.6608898756,167870.3597,2026-12-31T00:00:00Z
2026-07-13 01:00:06+00:00,0.0025,616910,Will 8 Fed rate cuts happen in 2026?,3083316.6608898756,167870.3597,2026-12-31T00:00:00Z
2026-07-13 02:00:05+00:00,0.0025,616910,Will 8 Fed rate cuts happen in 2026?,3083316.6608898756,167870.3597,2026-12-31T00:00:00Z
2026-07-13 03:00:06+00:00,0.0025,616910,Will 8 Fed rate cuts happen in 2026?,3083316.6608898756,167870.3597,2026-12-31T00:00:00Z
2026-07-13 04:00:07+00:00,0.0025,616910,Will 8 Fed rate cuts happen in 2026?,3083316.6608898756,167870.3597,2026-12-31T00:00:00Z
2026-07-13 05:00:08+00:00,0.0025,616910,Will 8 Fed rate cuts happen in 2026?,3083316.6608898756,167870.3597,2026-12-31T00:00:00Z
2026-07-13 06:00:08+00:00,0.0025,616910,Will 8 Fed rate cuts happen in 2026?,3083316.6608898756,167870.3597,2026-12-31T00:00:00Z
2026-07-13 07:00:08+00:00,0.0025,616910,Will 8 Fed rate cuts happen in 2026?,3083316.6608898756,167870.3597,2026-12-31T00:00:00Z
2026-07-13 08:00:08+00:00,0.0025,616910,Will 8 Fed rate cuts happen in 2026?,3083316.6608898756,167870.3597,2026-12-31T00:00:00Z
2026-07-13 09:00:07+00:00,0.0025,616910,Will 8 Fed rate cuts happen in 2026?,3083316.6608898756,167870.3597,2026-12-31T00:00:00Z
2026-07-13 10:00:05+00:00,0.0025,616910,Will 8 Fed rate cuts happen in 2026?,3083316.6608898756,167870.3597,2026-12-31T00:00:00Z
2026-07-13 11:00:05+00:00,0.0025,616910,Will 8 Fed rate cuts happen in 2026?,3083316.6608898756,167870.3597,2026-12-31T00:00:00Z
2026-07-13 12:00:10+00:00,0.0025,616910,Will 8 Fed rate cuts happen in 2026?,3083316.6608898756,167870.3597,2026-12-31T00:00:00Z
2026-07-13 13:00:05+00:00,0.0025,616910,Will 8 Fed rate cuts happen in 2026?,3083316.6608898756,167870.3597,2026-12-31T00:00:00Z
2026-07-13 14:00:20+00:00,0.0025,616910,Will 8 Fed rate cuts happen in 2026?,3083316.6608898756,167870.3597,2026-12-31T00:00:00Z
2026-07-13 15:00:24+00:00,0.0025,616910,Will 8 Fed rate cuts happen in 2026?,3083316.6608898756,167870.3597,2026-12-31T00:00:00Z
2026-07-13 16:00:05+00:00,0.0025,616910,Will 8 Fed rate cuts happen in 2026?,3083316.6608898756,167870.3597,2026-12-31T00:00:00Z
2026-07-13 17:00:08+00:00,0.0025,616910,Will 8 Fed rate cuts happen in 2026?,3083316.6608898756,167870.3597,2026-12-31T00:00:00Z
2026-07-13 18:00:07+00:00,0.0025,616910,Will 8 Fed rate cuts happen in 2026?,3083316.6608898756,167870.3597,2026-12-31T00:00:00Z
2026-07-13 19:00:06+00:00,0.0025,616910,Will 8 Fed rate cuts happen in 2026?,3083316.6608898756,167870.3597,2026-12-31T00:00:00Z
2026-07-13 20:00:07+00:00,0.0025,616910,Will 8 Fed rate cuts happen in 2026?,3083316.6608898756,167870.3597,2026-12-31T00:00:00Z
2026-07-13 21:00:07+00:00,0.0025,616910,Will 8 Fed rate cuts happen in 2026?,3083316.6608898756,167870.3597,2026-12-31T00:00:00Z
2026-07-13 22:00:06+00:00,0.0025,616910,Will 8 Fed rate cuts happen in 2026?,3083316.6608898756,167870.3597,2026-12-31T00:00:00Z
2026-07-13 23:00:06+00:00,0.0025,616910,Will 8 Fed rate cuts happen in 2026?,3083316.6608898756,167870.3597,2026-12-31T00:00:00Z
2026-07-14 00:00:09+00:00,0.0025,616910,Will 8 Fed rate cuts happen in 2026?,3083316.6608898756,167870.3597,2026-12-31T00:00:00Z
2026-07-14 01:00:04+00:00,0.0025,616910,Will 8 Fed rate cuts happen in 2026?,3083316.6608898756,167870.3597,2026-12-31T00:00:00Z
2026-07-14 02:00:04+00:00,0.0025,616910,Will 8 Fed rate cuts happen in 2026?,3083316.6608898756,167870.3597,2026-12-31T00:00:00Z
2026-07-14 03:00:08+00:00,0.0025,616910,Will 8 Fed rate cuts happen in 2026?,3083316.6608898756,167870.3597,2026-12-31T00:00:00Z
2026-07-14 04:00:05+00:00,0.0025,616910,Will 8 Fed rate cuts happen in 2026?,3083316.6608898756,167870.3597,2026-12-31T00:00:00Z
2026-07-14 05:00:06+00:00,0.0025,616910,Will 8 Fed rate cuts happen in 2026?,3083316.6608898756,167870.3597,2026-12-31T00:00:00Z
2026-07-14 06:00:08+00:00,0.0025,616910,Will 8 Fed rate cuts happen in 2026?,3083316.6608898756,167870.3597,2026-12-31T00:00:00Z
2026-07-14 07:00:10+00:00,0.0025,616910,Will 8 Fed rate cuts happen in 2026?,3083316.6608898756,167870.3597,2026-12-31T00:00:00Z
2026-07-14 08:00:05+00:00,0.0025,616910,Will 8 Fed rate cuts happen in 2026?,3083316.6608898756,167870.3597,2026-12-31T00:00:00Z
2026-07-14 09:00:06+00:00,0.0025,616910,Will 8 Fed rate cuts happen in 2026?,3083316.6608898756,167870.3597,2026-12-31T00:00:00Z
2026-07-14 10:00:07+00:00,0.0025,616910,Will 8 Fed rate cuts happen in 2026?,3083316.6608898756,167870.3597,2026-12-31T00:00:00Z
2026-07-14 11:00:06+00:00,0.0025,616910,Will 8 Fed rate cuts happen in 2026?,3083316.6608898756,167870.3597,2026-12-31T00:00:00Z
2026-07-14 12:00:13+00:00,0.0025,616910,Will 8 Fed rate cuts happen in 2026?,3083316.6608898756,167870.3597,2026-12-31T00:00:00Z
2026-07-14 13:00:08+00:00,0.0015,616910,Will 8 Fed rate cuts happen in 2026?,3083316.6608898756,167870.3597,2026-12-31T00:00:00Z
2026-07-14 14:00:12+00:00,0.0015,616910,Will 8 Fed rate cuts happen in 2026?,3083316.6608898756,167870.3597,2026-12-31T00:00:00Z
2026-07-14 15:00:09+00:00,0.0015,616910,Will 8 Fed rate cuts happen in 2026?,3083316.6608898756,167870.3597,2026-12-31T00:00:00Z
2026-07-14 16:00:13+00:00,0.0015,616910,Will 8 Fed rate cuts happen in 2026?,3083316.6608898756,167870.3597,2026-12-31T00:00:00Z
2026-07-14 17:00:18+00:00,0.0015,616910,Will 8 Fed rate cuts happen in 2026?,3083316.6608898756,167870.3597,2026-12-31T00:00:00Z
2026-07-14 18:00:18+00:00,0.0015,616910,Will 8 Fed rate cuts happen in 2026?,3083316.6608898756,167870.3597,2026-12-31T00:00:00Z
2026-07-14 19:00:08+00:00,0.0015,616910,Will 8 Fed rate cuts happen in 2026?,3083316.6608898756,167870.3597,2026-12-31T00:00:00Z
2026-07-14 20:00:08+00:00,0.0015,616910,Will 8 Fed rate cuts happen in 2026?,3083316.6608898756,167870.3597,2026-12-31T00:00:00Z
2026-07-14 21:00:08+00:00,0.0015,616910,Will 8 Fed rate cuts happen in 2026?,3083316.6608898756,167870.3597,2026-12-31T00:00:00Z
2026-07-14 22:00:05+00:00,0.0015,616910,Will 8 Fed rate cuts happen in 2026?,3083316.6608898756,167870.3597,2026-12-31T00:00:00Z
2026-07-14 23:00:07+00:00,0.0015,616910,Will 8 Fed rate cuts happen in 2026?,3083316.6608898756,167870.3597,2026-12-31T00:00:00Z
2026-07-15 00:00:11+00:00,0.0015,616910,Will 8 Fed rate cuts happen in 2026?,3083316.6608898756,167870.3597,2026-12-31T00:00:00Z
2026-07-15 01:00:08+00:00,0.0015,616910,Will 8 Fed rate cuts happen in 2026?,3083316.6608898756,167870.3597,2026-12-31T00:00:00Z
2026-07-15 02:00:10+00:00,0.0015,616910,Will 8 Fed rate cuts happen in 2026?,3083316.6608898756,167870.3597,2026-12-31T00:00:00Z
2026-07-15 03:00:10+00:00,0.0015,616910,Will 8 Fed rate cuts happen in 2026?,3083316.6608898756,167870.3597,2026-12-31T00:00:00Z
2026-07-15 04:00:06+00:00,0.0015,616910,Will 8 Fed rate cuts happen in 2026?,3083316.6608898756,167870.3597,2026-12-31T00:00:00Z
2026-07-15 05:00:22+00:00,0.0015,616910,Will 8 Fed rate cuts happen in 2026?,3083316.6608898756,167870.3597,2026-12-31T00:00:00Z
2026-07-15 06:00:10+00:00,0.0015,616910,Will 8 Fed rate cuts happen in 2026?,3083316.6608898756,167870.3597,2026-12-31T00:00:00Z
2026-07-15 07:00:21+00:00,0.0015,616910,Will 8 Fed rate cuts happen in 2026?,3083316.6608898756,167870.3597,2026-12-31T00:00:00Z
2026-07-15 08:00:22+00:00,0.0015,616910,Will 8 Fed rate cuts happen in 2026?,3083316.6608898756,167870.3597,2026-12-31T00:00:00Z
2026-07-15 09:00:09+00:00,0.0015,616910,Will 8 Fed rate cuts happen in 2026?,3083316.6608898756,167870.3597,2026-12-31T00:00:00Z
2026-07-15 10:00:05+00:00,0.0015,616910,Will 8 Fed rate cuts happen in 2026?,3083316.6608898756,167870.3597,2026-12-31T00:00:00Z
2026-07-15 11:00:09+00:00,0.0015,616910,Will 8 Fed rate cuts happen in 2026?,3083316.6608898756,167870.3597,2026-12-31T00:00:00Z
2026-07-15 12:00:24+00:00,0.0015,616910,Will 8 Fed rate cuts happen in 2026?,3083316.6608898756,167870.3597,2026-12-31T00:00:00Z
2026-07-15 13:00:07+00:00,0.0015,616910,Will 8 Fed rate cuts happen in 2026?,3083316.6608898756,167870.3597,2026-12-31T00:00:00Z
2026-07-15 14:00:07+00:00,0.0015,616910,Will 8 Fed rate cuts happen in 2026?,3083316.6608898756,167870.3597,2026-12-31T00:00:00Z
2026-07-15 15:00:11+00:00,0.0015,616910,Will 8 Fed rate cuts happen in 2026?,3083316.6608898756,167870.3597,2026-12-31T00:00:00Z
2026-07-15 16:00:06+00:00,0.0015,616910,Will 8 Fed rate cuts happen in 2026?,3083316.6608898756,167870.3597,2026-12-31T00:00:00Z
2026-07-15 17:00:08+00:00,0.0015,616910,Will 8 Fed rate cuts happen in 2026?,3083316.6608898756,167870.3597,2026-12-31T00:00:00Z
2026-07-15 18:00:13+00:00,0.0015,616910,Will 8 Fed rate cuts happen in 2026?,3083316.6608898756,167870.3597,2026-12-31T00:00:00Z
2026-07-15 19:00:10+00:00,0.0015,616910,Will 8 Fed rate cuts happen in 2026?,3083316.6608898756,167870.3597,2026-12-31T00:00:00Z
2026-07-15 20:00:08+00:00,0.0015,616910,Will 8 Fed rate cuts happen in 2026?,3083316.6608898756,167870.3597,2026-12-31T00:00:00Z
2026-07-15 21:00:08+00:00,0.0015,616910,Will 8 Fed rate cuts happen in 2026?,3083316.6608898756,167870.3597,2026-12-31T00:00:00Z
2026-07-15 22:00:06+00:00,0.0015,616910,Will 8 Fed rate cuts happen in 2026?,3083316.6608898756,167870.3597,2026-12-31T00:00:00Z
2026-07-15 23:00:07+00:00,0.0015,616910,Will 8 Fed rate cuts happen in 2026?,3083316.6608898756,167870.3597,2026-12-31T00:00:00Z
2026-07-16 00:00:13+00:00,0.0015,616910,Will 8 Fed rate cuts happen in 2026?,3083316.6608898756,167870.3597,2026-12-31T00:00:00Z
2026-07-16 01:00:06+00:00,0.0015,616910,Will 8 Fed rate cuts happen in 2026?,3083316.6608898756,167870.3597,2026-12-31T00:00:00Z
2026-07-16 02:00:05+00:00,0.0015,616910,Will 8 Fed rate cuts happen in 2026?,3083316.6608898756,167870.3597,2026-12-31T00:00:00Z
2026-07-16 03:00:10+00:00,0.0015,616910,Will 8 Fed rate cuts happen in 2026?,3083316.6608898756,167870.3597,2026-12-31T00:00:00Z
2026-07-16 04:00:07+00:00,0.0015,616910,Will 8 Fed rate cuts happen in 2026?,3083316.6608898756,167870.3597,2026-12-31T00:00:00Z
2026-07-16 05:00:06+00:00,0.0015,616910,Will 8 Fed rate cuts happen in 2026?,3083316.6608898756,167870.3597,2026-12-31T00:00:00Z
2026-07-16 06:00:11+00:00,0.0015,616910,Will 8 Fed rate cuts happen in 2026?,3083316.6608898756,167870.3597,2026-12-31T00:00:00Z
2026-07-16 07:00:08+00:00,0.0015,616910,Will 8 Fed rate cuts happen in 2026?,3083316.6608898756,167870.3597,2026-12-31T00:00:00Z
2026-07-16 08:00:05+00:00,0.0015,616910,Will 8 Fed rate cuts happen in 2026?,3083316.6608898756,167870.3597,2026-12-31T00:00:00Z
2026-07-16 09:00:11+00:00,0.0015,616910,Will 8 Fed rate cuts happen in 2026?,3083316.6608898756,167870.3597,2026-12-31T00:00:00Z
2026-07-16 10:00:08+00:00,0.0015,616910,Will 8 Fed rate cuts happen in 2026?,3083316.6608898756,167870.3597,2026-12-31T00:00:00Z
2026-07-16 11:00:07+00:00,0.0015,616910,Will 8 Fed rate cuts happen in 2026?,3083316.6608898756,167870.3597,2026-12-31T00:00:00Z
2026-07-16 12:00:09+00:00,0.0015,616910,Will 8 Fed rate cuts happen in 2026?,3083316.6608898756,167870.3597,2026-12-31T00:00:00Z
2026-07-16 13:00:08+00:00,0.0015,616910,Will 8 Fed rate cuts happen in 2026?,3083316.6608898756,167870.3597,2026-12-31T00:00:00Z
2026-07-16 14:00:06+00:00,0.0015,616910,Will 8 Fed rate cuts happen in 2026?,3083316.6608898756,167870.3597,2026-12-31T00:00:00Z
2026-07-16 15:00:10+00:00,0.0015,616910,Will 8 Fed rate cuts happen in 2026?,3083316.6608898756,167870.3597,2026-12-31T00:00:00Z
2026-07-16 16:00:06+00:00,0.0015,616910,Will 8 Fed rate cuts happen in 2026?,3083316.6608898756,167870.3597,2026-12-31T00:00:00Z
2026-07-16 17:00:07+00:00,0.0015,616910,Will 8 Fed rate cuts happen in 2026?,3083316.6608898756,167870.3597,2026-12-31T00:00:00Z
2026-07-16 18:00:22+00:00,0.0015,616910,Will 8 Fed rate cuts happen in 2026?,3083316.6608898756,167870.3597,2026-12-31T00:00:00Z
2026-07-16 19:00:07+00:00,0.0015,616910,Will 8 Fed rate cuts happen in 2026?,3083316.6608898756,167870.3597,2026-12-31T00:00:00Z
2026-07-16 20:00:08+00:00,0.0015,616910,Will 8 Fed rate cuts happen in 2026?,3083316.6608898756,167870.3597,2026-12-31T00:00:00Z
2026-07-16 21:00:09+00:00,0.0015,616910,Will 8 Fed rate cuts happen in 2026?,3083316.6608898756,167870.3597,2026-12-31T00:00:00Z
2026-07-16 22:00:07+00:00,0.0015,616910,Will 8 Fed rate cuts happen in 2026?,3083316.6608898756,167870.3597,2026-12-31T00:00:00Z
2026-07-16 23:00:09+00:00,0.0015,616910,Will 8 Fed rate cuts happen in 2026?,3083316.6608898756,167870.3597,2026-12-31T00:00:00Z
2026-07-17 00:00:12+00:00,0.0015,616910,Will 8 Fed rate cuts happen in 2026?,3083316.6608898756,167870.3597,2026-12-31T00:00:00Z
2026-07-17 01:00:06+00:00,0.0015,616910,Will 8 Fed rate cuts happen in 2026?,3083316.6608898756,167870.3597,2026-12-31T00:00:00Z
2026-07-17 02:00:07+00:00,0.0015,616910,Will 8 Fed rate cuts happen in 2026?,3083316.6608898756,167870.3597,2026-12-31T00:00:00Z
2026-07-17 03:00:10+00:00,0.0015,616910,Will 8 Fed rate cuts happen in 2026?,3083316.6608898756,167870.3597,2026-12-31T00:00:00Z
2026-07-17 04:00:09+00:00,0.0015,616910,Will 8 Fed rate cuts happen in 2026?,3083316.6608898756,167870.3597,2026-12-31T00:00:00Z
2026-07-17 05:00:10+00:00,0.0015,616910,Will 8 Fed rate cuts happen in 2026?,3083316.6608898756,167870.3597,2026-12-31T00:00:00Z
2026-07-17 06:00:12+00:00,0.0015,616910,Will 8 Fed rate cuts happen in 2026?,3083316.6608898756,167870.3597,2026-12-31T00:00:00Z
2026-07-17 07:00:05+00:00,0.0015,616910,Will 8 Fed rate cuts happen in 2026?,3083316.6608898756,167870.3597,2026-12-31T00:00:00Z
2026-07-17 08:00:06+00:00,0.0015,616910,Will 8 Fed rate cuts happen in 2026?,3083316.6608898756,167870.3597,2026-12-31T00:00:00Z
2026-07-17 09:00:08+00:00,0.0015,616910,Will 8 Fed rate cuts happen in 2026?,3083316.6608898756,167870.3597,2026-12-31T00:00:00Z
2026-07-17 10:00:10+00:00,0.0015,616910,Will 8 Fed rate cuts happen in 2026?,3083316.6608898756,167870.3597,2026-12-31T00:00:00Z
2026-07-17 11:00:06+00:00,0.0015,616910,Will 8 Fed rate cuts happen in 2026?,3083316.6608898756,167870.3597,2026-12-31T00:00:00Z
2026-07-17 12:00:12+00:00,0.0015,616910,Will 8 Fed rate cuts happen in 2026?,3083316.6608898756,167870.3597,2026-12-31T00:00:00Z
2026-07-17 13:00:06+00:00,0.0015,616910,Will 8 Fed rate cuts happen in 2026?,3083316.6608898756,167870.3597,2026-12-31T00:00:00Z
2026-07-17 14:00:07+00:00,0.0015,616910,Will 8 Fed rate cuts happen in 2026?,3083316.6608898756,167870.3597,2026-12-31T00:00:00Z
2026-07-17 15:00:09+00:00,0.0015,616910,Will 8 Fed rate cuts happen in 2026?,3083316.6608898756,167870.3597,2026-12-31T00:00:00Z
2026-07-17 16:00:23+00:00,0.0015,616910,Will 8 Fed rate cuts happen in 2026?,3083316.6608898756,167870.3597,2026-12-31T00:00:00Z
2026-07-17 17:00:11+00:00,0.0015,616910,Will 8 Fed rate cuts happen in 2026?,3083316.6608898756,167870.3597,2026-12-31T00:00:00Z
2026-07-17 18:00:26+00:00,0.0015,616910,Will 8 Fed rate cuts happen in 2026?,3083316.6608898756,167870.3597,2026-12-31T00:00:00Z
2026-07-17 19:00:07+00:00,0.0015,616910,Will 8 Fed rate cuts happen in 2026?,3083316.6608898756,167870.3597,2026-12-31T00:00:00Z
2026-07-17 20:00:07+00:00,0.0015,616910,Will 8 Fed rate cuts happen in 2026?,3083316.6608898756,167870.3597,2026-12-31T00:00:00Z
2026-07-17 21:00:08+00:00,0.0015,616910,Will 8 Fed rate cuts happen in 2026?,3083316.6608898756,167870.3597,2026-12-31T00:00:00Z
2026-07-17 22:00:08+00:00,0.0015,616910,Will 8 Fed rate cuts happen in 2026?,3083316.6608898756,167870.3597,2026-12-31T00:00:00Z
2026-07-17 23:00:09+00:00,0.0015,616910,Will 8 Fed rate cuts happen in 2026?,3083316.6608898756,167870.3597,2026-12-31T00:00:00Z
2026-07-18 00:00:09+00:00,0.0015,616910,Will 8 Fed rate cuts happen in 2026?,3083316.6608898756,167870.3597,2026-12-31T00:00:00Z
2026-07-18 01:00:06+00:00,0.0015,616910,Will 8 Fed rate cuts happen in 2026?,3083316.6608898756,167870.3597,2026-12-31T00:00:00Z
2026-07-18 02:00:06+00:00,0.0015,616910,Will 8 Fed rate cuts happen in 2026?,3083316.6608898756,167870.3597,2026-12-31T00:00:00Z
2026-07-18 03:00:09+00:00,0.0015,616910,Will 8 Fed rate cuts happen in 2026?,3083316.6608898756,167870.3597,2026-12-31T00:00:00Z
2026-07-18 04:00:06+00:00,0.0015,616910,Will 8 Fed rate cuts happen in 2026?,3083316.6608898756,167870.3597,2026-12-31T00:00:00Z
2026-07-18 05:00:07+00:00,0.0015,616910,Will 8 Fed rate cuts happen in 2026?,3083316.6608898756,167870.3597,2026-12-31T00:00:00Z
2026-07-18 06:00:08+00:00,0.0015,616910,Will 8 Fed rate cuts happen in 2026?,3083316.6608898756,167870.3597,2026-12-31T00:00:00Z
2026-07-18 07:00:09+00:00,0.0015,616910,Will 8 Fed rate cuts happen in 2026?,3083316.6608898756,167870.3597,2026-12-31T00:00:00Z
2026-07-18 08:00:06+00:00,0.0015,616910,Will 8 Fed rate cuts happen in 2026?,3083316.6608898756,167870.3597,2026-12-31T00:00:00Z
2026-07-18 09:00:12+00:00,0.0015,616910,Will 8 Fed rate cuts happen in 2026?,3083316.6608898756,167870.3597,2026-12-31T00:00:00Z
2026-07-18 10:00:06+00:00,0.0015,616910,Will 8 Fed rate cuts happen in 2026?,3083316.6608898756,167870.3597,2026-12-31T00:00:00Z
2026-07-18 11:00:07+00:00,0.0015,616910,Will 8 Fed rate cuts happen in 2026?,3083316.6608898756,167870.3597,2026-12-31T00:00:00Z
2026-07-18 12:00:22+00:00,0.0015,616910,Will 8 Fed rate cuts happen in 2026?,3083316.6608898756,167870.3597,2026-12-31T00:00:00Z
2026-07-18 13:00:07+00:00,0.0015,616910,Will 8 Fed rate cuts happen in 2026?,3083316.6608898756,167870.3597,2026-12-31T00:00:00Z
2026-07-18 14:00:08+00:00,0.0015,616910,Will 8 Fed rate cuts happen in 2026?,3083316.6608898756,167870.3597,2026-12-31T00:00:00Z
2026-07-18 15:00:10+00:00,0.0015,616910,Will 8 Fed rate cuts happen in 2026?,3083316.6608898756,167870.3597,2026-12-31T00:00:00Z
2026-07-18 16:00:08+00:00,0.0015,616910,Will 8 Fed rate cuts happen in 2026?,3083316.6608898756,167870.3597,2026-12-31T00:00:00Z
2026-07-18 17:00:11+00:00,0.0015,616910,Will 8 Fed rate cuts happen in 2026?,3083316.6608898756,167870.3597,2026-12-31T00:00:00Z
2026-07-18 18:00:10+00:00,0.0015,616910,Will 8 Fed rate cuts happen in 2026?,3083316.6608898756,167870.3597,2026-12-31T00:00:00Z
2026-07-18 19:00:06+00:00,0.0015,616910,Will 8 Fed rate cuts happen in 2026?,3083316.6608898756,167870.3597,2026-12-31T00:00:00Z
2026-07-18 20:00:10+00:00,0.0015,616910,Will 8 Fed rate cuts happen in 2026?,3083316.6608898756,167870.3597,2026-12-31T00:00:00Z
2026-07-18 21:00:11+00:00,0.0015,616910,Will 8 Fed rate cuts happen in 2026?,3083316.6608898756,167870.3597,2026-12-31T00:00:00Z
2026-07-18 22:00:07+00:00,0.0015,616910,Will 8 Fed rate cuts happen in 2026?,3083316.6608898756,167870.3597,2026-12-31T00:00:00Z
2026-07-18 23:00:10+00:00,0.0015,616910,Will 8 Fed rate cuts happen in 2026?,3083316.6608898756,167870.3597,2026-12-31T00:00:00Z
2026-07-19 00:00:12+00:00,0.0015,616910,Will 8 Fed rate cuts happen in 2026?,3083316.6608898756,167870.3597,2026-12-31T00:00:00Z
2026-07-19 01:00:07+00:00,0.0015,616910,Will 8 Fed rate cuts happen in 2026?,3083316.6608898756,167870.3597,2026-12-31T00:00:00Z
2026-07-19 02:00:07+00:00,0.0015,616910,Will 8 Fed rate cuts happen in 2026?,3083316.6608898756,167870.3597,2026-12-31T00:00:00Z
2026-07-19 03:00:10+00:00,0.0015,616910,Will 8 Fed rate cuts happen in 2026?,3083316.6608898756,167870.3597,2026-12-31T00:00:00Z
2026-07-19 04:00:06+00:00,0.0015,616910,Will 8 Fed rate cuts happen in 2026?,3083316.6608898756,167870.3597,2026-12-31T00:00:00Z
2026-07-19 05:00:08+00:00,0.0015,616910,Will 8 Fed rate cuts happen in 2026?,3083316.6608898756,167870.3597,2026-12-31T00:00:00Z
2026-07-19 06:00:13+00:00,0.0015,616910,Will 8 Fed rate cuts happen in 2026?,3083316.6608898756,167870.3597,2026-12-31T00:00:00Z
2026-07-19 07:00:07+00:00,0.0015,616910,Will 8 Fed rate cuts happen in 2026?,3083316.6608898756,167870.3597,2026-12-31T00:00:00Z
2026-07-19 08:00:08+00:00,0.0015,616910,Will 8 Fed rate cuts happen in 2026?,3083316.6608898756,167870.3597,2026-12-31T00:00:00Z
2026-07-19 09:00:11+00:00,0.0015,616910,Will 8 Fed rate cuts happen in 2026?,3083316.6608898756,167870.3597,2026-12-31T00:00:00Z
2026-07-19 10:00:07+00:00,0.0015,616910,Will 8 Fed rate cuts happen in 2026?,3083316.6608898756,167870.3597,2026-12-31T00:00:00Z
2026-07-19 11:00:08+00:00,0.0015,616910,Will 8 Fed rate cuts happen in 2026?,3083316.6608898756,167870.3597,2026-12-31T00:00:00Z
2026-07-19 12:00:10+00:00,0.0015,616910,Will 8 Fed rate cuts happen in 2026?,3083316.6608898756,167870.3597,2026-12-31T00:00:00Z
2026-07-19 13:00:09+00:00,0.0015,616910,Will 8 Fed rate cuts happen in 2026?,3083316.6608898756,167870.3597,2026-12-31T00:00:00Z
2026-07-19 14:00:09+00:00,0.0015,616910,Will 8 Fed rate cuts happen in 2026?,3083316.6608898756,167870.3597,2026-12-31T00:00:00Z
2026-07-19 15:00:09+00:00,0.0015,616910,Will 8 Fed rate cuts happen in 2026?,3083316.6608898756,167870.3597,2026-12-31T00:00:00Z
2026-07-19 16:00:23+00:00,0.0015,616910,Will 8 Fed rate cuts happen in 2026?,3083316.6608898756,167870.3597,2026-12-31T00:00:00Z
2026-07-19 17:00:13+00:00,0.0015,616910,Will 8 Fed rate cuts happen in 2026?,3083316.6608898756,167870.3597,2026-12-31T00:00:00Z
2026-07-19 18:00:09+00:00,0.0015,616910,Will 8 Fed rate cuts happen in 2026?,3083316.6608898756,167870.3597,2026-12-31T00:00:00Z
2026-07-19 19:00:09+00:00,0.0015,616910,Will 8 Fed rate cuts happen in 2026?,3083316.6608898756,167870.3597,2026-12-31T00:00:00Z
2026-07-19 20:00:11+00:00,0.0015,616910,Will 8 Fed rate cuts happen in 2026?,3083316.6608898756,167870.3597,2026-12-31T00:00:00Z
2026-07-19 21:00:23+00:00,0.0015,616910,Will 8 Fed rate cuts happen in 2026?,3083316.6608898756,167870.3597,2026-12-31T00:00:00Z
2026-07-19 22:00:09+00:00,0.0015,616910,Will 8 Fed rate cuts happen in 2026?,3083316.6608898756,167870.3597,2026-12-31T00:00:00Z
2026-07-19 23:00:08+00:00,0.0015,616910,Will 8 Fed rate cuts happen in 2026?,3083316.6608898756,167870.3597,2026-12-31T00:00:00Z
2026-07-20 00:00:24+00:00,0.0015,616910,Will 8 Fed rate cuts happen in 2026?,3083316.6608898756,167870.3597,2026-12-31T00:00:00Z
2026-07-20 01:00:08+00:00,0.0015,616910,Will 8 Fed rate cuts happen in 2026?,3083316.6608898756,167870.3597,2026-12-31T00:00:00Z
2026-07-20 02:00:07+00:00,0.0015,616910,Will 8 Fed rate cuts happen in 2026?,3083316.6608898756,167870.3597,2026-12-31T00:00:00Z
2026-07-20 03:00:09+00:00,0.0015,616910,Will 8 Fed rate cuts happen in 2026?,3083316.6608898756,167870.3597,2026-12-31T00:00:00Z
2026-07-20 04:00:07+00:00,0.0015,616910,Will 8 Fed rate cuts happen in 2026?,3083316.6608898756,167870.3597,2026-12-31T00:00:00Z
2026-07-20 05:00:20+00:00,0.0015,616910,Will 8 Fed rate cuts happen in 2026?,3083316.6608898756,167870.3597,2026-12-31T00:00:00Z
2026-07-20 06:00:11+00:00,0.0015,616910,Will 8 Fed rate cuts happen in 2026?,3083316.6608898756,167870.3597,2026-12-31T00:00:00Z
2026-07-20 07:00:08+00:00,0.0015,616910,Will 8 Fed rate cuts happen in 2026?,3083316.6608898756,167870.3597,2026-12-31T00:00:00Z
2026-07-20 08:00:06+00:00,0.0015,616910,Will 8 Fed rate cuts happen in 2026?,3083316.6608898756,167870.3597,2026-12-31T00:00:00Z
2026-07-20 09:00:11+00:00,0.0015,616910,Will 8 Fed rate cuts happen in 2026?,3083316.6608898756,167870.3597,2026-12-31T00:00:00Z
2026-07-20 10:00:05+00:00,0.0015,616910,Will 8 Fed rate cuts happen in 2026?,3083316.6608898756,167870.3597,2026-12-31T00:00:00Z
2026-07-20 11:00:08+00:00,0.0015,616910,Will 8 Fed rate cuts happen in 2026?,3083316.6608898756,167870.3597,2026-12-31T00:00:00Z
2026-07-20 12:00:09+00:00,0.0015,616910,Will 8 Fed rate cuts happen in 2026?,3083316.6608898756,167870.3597,2026-12-31T00:00:00Z
2026-07-20 13:00:09+00:00,0.0015,616910,Will 8 Fed rate cuts happen in 2026?,3083316.6608898756,167870.3597,2026-12-31T00:00:00Z
2026-07-20 14:00:06+00:00,0.0015,616910,Will 8 Fed rate cuts happen in 2026?,3083316.6608898756,167870.3597,2026-12-31T00:00:00Z
2026-07-20 15:00:14+00:00,0.0015,616910,Will 8 Fed rate cuts happen in 2026?,3083316.6608898756,167870.3597,2026-12-31T00:00:00Z
2026-07-20 16:00:09+00:00,0.0015,616910,Will 8 Fed rate cuts happen in 2026?,3083316.6608898756,167870.3597,2026-12-31T00:00:00Z
2026-07-20 17:00:18+00:00,0.0015,616910,Will 8 Fed rate cuts happen in 2026?,3083316.6608898756,167870.3597,2026-12-31T00:00:00Z
2026-07-20 18:00:11+00:00,0.0015,616910,Will 8 Fed rate cuts happen in 2026?,3083316.6608898756,167870.3597,2026-12-31T00:00:00Z
2026-07-20 19:00:08+00:00,0.0015,616910,Will 8 Fed rate cuts happen in 2026?,3083316.6608898756,167870.3597,2026-12-31T00:00:00Z
2026-07-20 20:00:23+00:00,0.0015,616910,Will 8 Fed rate cuts happen in 2026?,3083316.6608898756,167870.3597,2026-12-31T00:00:00Z
2026-07-20 21:00:12+00:00,0.0015,616910,Will 8 Fed rate cuts happen in 2026?,3083316.6608898756,167870.3597,2026-12-31T00:00:00Z
2026-07-20 22:00:05+00:00,0.0015,616910,Will 8 Fed rate cuts happen in 2026?,3083316.6608898756,167870.3597,2026-12-31T00:00:00Z
2026-07-20 23:00:06+00:00,0.0015,616910,Will 8 Fed rate cuts happen in 2026?,3083316.6608898756,167870.3597,2026-12-31T00:00:00Z
2026-07-21 00:00:11+00:00,0.0015,616910,Will 8 Fed rate cuts happen in 2026?,3083316.6608898756,167870.3597,2026-12-31T00:00:00Z
2026-07-21 01:00:10+00:00,0.0015,616910,Will 8 Fed rate cuts happen in 2026?,3083316.6608898756,167870.3597,2026-12-31T00:00:00Z
2026-07-21 02:00:10+00:00,0.0015,616910,Will 8 Fed rate cuts happen in 2026?,3083316.6608898756,167870.3597,2026-12-31T00:00:00Z
2026-07-21 03:00:11+00:00,0.0015,616910,Will 8 Fed rate cuts happen in 2026?,3083316.6608898756,167870.3597,2026-12-31T00:00:00Z
2026-07-21 04:00:22+00:00,0.0015,616910,Will 8 Fed rate cuts happen in 2026?,3083316.6608898756,167870.3597,2026-12-31T00:00:00Z
2026-07-21 05:00:08+00:00,0.0015,616910,Will 8 Fed rate cuts happen in 2026?,3083316.6608898756,167870.3597,2026-12-31T00:00:00Z
2026-07-21 06:00:12+00:00,0.0015,616910,Will 8 Fed rate cuts happen in 2026?,3083316.6608898756,167870.3597,2026-12-31T00:00:00Z
2026-07-21 07:00:11+00:00,0.0015,616910,Will 8 Fed rate cuts happen in 2026?,3083316.6608898756,167870.3597,2026-12-31T00:00:00Z
2026-07-21 08:00:08+00:00,0.0015,616910,Will 8 Fed rate cuts happen in 2026?,3083316.6608898756,167870.3597,2026-12-31T00:00:00Z
2026-07-21 09:00:11+00:00,0.0015,616910,Will 8 Fed rate cuts happen in 2026?,3083316.6608898756,167870.3597,2026-12-31T00:00:00Z
2026-07-21 10:00:08+00:00,0.0015,616910,Will 8 Fed rate cuts happen in 2026?,3083316.6608898756,167870.3597,2026-12-31T00:00:00Z
2026-07-21 11:00:08+00:00,0.0015,616910,Will 8 Fed rate cuts happen in 2026?,3083316.6608898756,167870.3597,2026-12-31T00:00:00Z
2026-07-21 12:00:13+00:00,0.0015,616910,Will 8 Fed rate cuts happen in 2026?,3083316.6608898756,167870.3597,2026-12-31T00:00:00Z
2026-07-21 13:00:09+00:00,0.0015,616910,Will 8 Fed rate cuts happen in 2026?,3083316.6608898756,167870.3597,2026-12-31T00:00:00Z
2026-07-21 14:00:08+00:00,0.0015,616910,Will 8 Fed rate cuts happen in 2026?,3083316.6608898756,167870.3597,2026-12-31T00:00:00Z
2026-07-21 15:00:24+00:00,0.0015,616910,Will 8 Fed rate cuts happen in 2026?,3083316.6608898756,167870.3597,2026-12-31T00:00:00Z
2026-07-21 16:00:10+00:00,0.0015,616910,Will 8 Fed rate cuts happen in 2026?,3083316.6608898756,167870.3597,2026-12-31T00:00:00Z
2026-07-21 17:00:07+00:00,0.0015,616910,Will 8 Fed rate cuts happen in 2026?,3083316.6608898756,167870.3597,2026-12-31T00:00:00Z
2026-07-21 18:00:21+00:00,0.0015,616910,Will 8 Fed rate cuts happen in 2026?,3083316.6608898756,167870.3597,2026-12-31T00:00:00Z
2026-07-21 19:00:05+00:00,0.0015,616910,Will 8 Fed rate cuts happen in 2026?,3083316.6608898756,167870.3597,2026-12-31T00:00:00Z
2026-07-21 20:00:06+00:00,0.0015,616910,Will 8 Fed rate cuts happen in 2026?,3083316.6608898756,167870.3597,2026-12-31T00:00:00Z
2026-07-21 21:00:20+00:00,0.0015,616910,Will 8 Fed rate cuts happen in 2026?,3083316.6608898756,167870.3597,2026-12-31T00:00:00Z
2026-07-21 22:00:08+00:00,0.0015,616910,Will 8 Fed rate cuts happen in 2026?,3083316.6608898756,167870.3597,2026-12-31T00:00:00Z
2026-07-21 23:00:20+00:00,0.0015,616910,Will 8 Fed rate cuts happen in 2026?,3083316.6608898756,167870.3597,2026-12-31T00:00:00Z
2026-07-22 00:00:09+00:00,0.0015,616910,Will 8 Fed rate cuts happen in 2026?,3083316.6608898756,167870.3597,2026-12-31T00:00:00Z
2026-07-22 01:00:06+00:00,0.0015,616910,Will 8 Fed rate cuts happen in 2026?,3083316.6608898756,167870.3597,2026-12-31T00:00:00Z
2026-07-22 02:00:07+00:00,0.0015,616910,Will 8 Fed rate cuts happen in 2026?,3083316.6608898756,167870.3597,2026-12-31T00:00:00Z
2026-07-22 03:00:10+00:00,0.0015,616910,Will 8 Fed rate cuts happen in 2026?,3083316.6608898756,167870.3597,2026-12-31T00:00:00Z
2026-07-22 04:00:08+00:00,0.0015,616910,Will 8 Fed rate cuts happen in 2026?,3083316.6608898756,167870.3597,2026-12-31T00:00:00Z
2026-07-22 05:00:06+00:00,0.0015,616910,Will 8 Fed rate cuts happen in 2026?,3083316.6608898756,167870.3597,2026-12-31T00:00:00Z
2026-07-22 06:00:24+00:00,0.0015,616910,Will 8 Fed rate cuts happen in 2026?,3083316.6608898756,167870.3597,2026-12-31T00:00:00Z
2026-07-22 07:00:08+00:00,0.0015,616910,Will 8 Fed rate cuts happen in 2026?,3083316.6608898756,167870.3597,2026-12-31T00:00:00Z
2026-07-22 08:00:06+00:00,0.0015,616910,Will 8 Fed rate cuts happen in 2026?,3083316.6608898756,167870.3597,2026-12-31T00:00:00Z
2026-07-22 09:00:09+00:00,0.0015,616910,Will 8 Fed rate cuts happen in 2026?,3083316.6608898756,167870.3597,2026-12-31T00:00:00Z
2026-07-22 10:00:06+00:00,0.0015,616910,Will 8 Fed rate cuts happen in 2026?,3083316.6608898756,167870.3597,2026-12-31T00:00:00Z
2026-07-22 11:00:06+00:00,0.0015,616910,Will 8 Fed rate cuts happen in 2026?,3083316.6608898756,167870.3597,2026-12-31T00:00:00Z
2026-07-22 12:00:09+00:00,0.0015,616910,Will 8 Fed rate cuts happen in 2026?,3083316.6608898756,167870.3597,2026-12-31T00:00:00Z
2026-07-22 13:00:07+00:00,0.0015,616910,Will 8 Fed rate cuts happen in 2026?,3083316.6608898756,167870.3597,2026-12-31T00:00:00Z
2026-07-22 14:00:05+00:00,0.0015,616910,Will 8 Fed rate cuts happen in 2026?,3083316.6608898756,167870.3597,2026-12-31T00:00:00Z
2026-07-22 15:00:10+00:00,0.0015,616910,Will 8 Fed rate cuts happen in 2026?,3083316.6608898756,167870.3597,2026-12-31T00:00:00Z
2026-07-22 16:00:07+00:00,0.0015,616910,Will 8 Fed rate cuts happen in 2026?,3083316.6608898756,167870.3597,2026-12-31T00:00:00Z
2026-07-22 17:00:14+00:00,0.0015,616910,Will 8 Fed rate cuts happen in 2026?,3083316.6608898756,167870.3597,2026-12-31T00:00:00Z
2026-07-22 18:00:09+00:00,0.0015,616910,Will 8 Fed rate cuts happen in 2026?,3083316.6608898756,167870.3597,2026-12-31T00:00:00Z
2026-07-22 19:00:06+00:00,0.0015,616910,Will 8 Fed rate cuts happen in 2026?,3083316.6608898756,167870.3597,2026-12-31T00:00:00Z
2026-07-22 20:00:09+00:00,0.0015,616910,Will 8 Fed rate cuts happen in 2026?,3083316.6608898756,167870.3597,2026-12-31T00:00:00Z
2026-07-22 21:00:10+00:00,0.0015,616910,Will 8 Fed rate cuts happen in 2026?,3083316.6608898756,167870.3597,2026-12-31T00:00:00Z
2026-07-22 22:00:11+00:00,0.0015,616910,Will 8 Fed rate cuts happen in 2026?,3083316.6608898756,167870.3597,2026-12-31T00:00:00Z
2026-07-22 23:00:08+00:00,0.0015,616910,Will 8 Fed rate cuts happen in 2026?,3083316.6608898756,167870.3597,2026-12-31T00:00:00Z
2026-07-23 00:00:17+00:00,0.0015,616910,Will 8 Fed rate cuts happen in 2026?,3083316.6608898756,167870.3597,2026-12-31T00:00:00Z
2026-07-23 01:00:21+00:00,0.0015,616910,Will 8 Fed rate cuts happen in 2026?,3083316.6608898756,167870.3597,2026-12-31T00:00:00Z
2026-07-23 02:00:09+00:00,0.0015,616910,Will 8 Fed rate cuts happen in 2026?,3083316.6608898756,167870.3597,2026-12-31T00:00:00Z
2026-07-23 03:00:12+00:00,0.0015,616910,Will 8 Fed rate cuts happen in 2026?,3083316.6608898756,167870.3597,2026-12-31T00:00:00Z
2026-07-23 04:00:11+00:00,0.0015,616910,Will 8 Fed rate cuts happen in 2026?,3083316.6608898756,167870.3597,2026-12-31T00:00:00Z
2026-07-23 05:00:21+00:00,0.0015,616910,Will 8 Fed rate cuts happen in 2026?,3083316.6608898756,167870.3597,2026-12-31T00:00:00Z
2026-07-23 06:00:23+00:00,0.0015,616910,Will 8 Fed rate cuts happen in 2026?,3083316.6608898756,167870.3597,2026-12-31T00:00:00Z
2026-07-23 07:00:14+00:00,0.0015,616910,Will 8 Fed rate cuts happen in 2026?,3083316.6608898756,167870.3597,2026-12-31T00:00:00Z
2026-07-23 08:00:07+00:00,0.0015,616910,Will 8 Fed rate cuts happen in 2026?,3083316.6608898756,167870.3597,2026-12-31T00:00:00Z
2026-07-23 09:00:17+00:00,0.0015,616910,Will 8 Fed rate cuts happen in 2026?,3083316.6608898756,167870.3597,2026-12-31T00:00:00Z
2026-07-23 10:00:16+00:00,0.0015,616910,Will 8 Fed rate cuts happen in 2026?,3083316.6608898756,167870.3597,2026-12-31T00:00:00Z
2026-07-23 11:00:09+00:00,0.0015,616910,Will 8 Fed rate cuts happen in 2026?,3083316.6608898756,167870.3597,2026-12-31T00:00:00Z
2026-07-23 12:00:24+00:00,0.0015,616910,Will 8 Fed rate cuts happen in 2026?,3083316.6608898756,167870.3597,2026-12-31T00:00:00Z
2026-07-23 13:00:12+00:00,0.0015,616910,Will 8 Fed rate cuts happen in 2026?,3083316.6608898756,167870.3597,2026-12-31T00:00:00Z
2026-07-23 14:00:12+00:00,0.0015,616910,Will 8 Fed rate cuts happen in 2026?,3083316.6608898756,167870.3597,2026-12-31T00:00:00Z
2026-07-23 15:00:21+00:00,0.0015,616910,Will 8 Fed rate cuts happen in 2026?,3083316.6608898756,167870.3597,2026-12-31T00:00:00Z
2026-07-23 16:00:12+00:00,0.0015,616910,Will 8 Fed rate cuts happen in 2026?,3083316.6608898756,167870.3597,2026-12-31T00:00:00Z
2026-07-23 17:00:23+00:00,0.0015,616910,Will 8 Fed rate cuts happen in 2026?,3083316.6608898756,167870.3597,2026-12-31T00:00:00Z
2026-07-23 18:00:20+00:00,0.0015,616910,Will 8 Fed rate cuts happen in 2026?,3083316.6608898756,167870.3597,2026-12-31T00:00:00Z
2026-07-23 19:00:14+00:00,0.0015,616910,Will 8 Fed rate cuts happen in 2026?,3083316.6608898756,167870.3597,2026-12-31T00:00:00Z
2026-07-23 20:00:15+00:00,0.0015,616910,Will 8 Fed rate cuts happen in 2026?,3083316.6608898756,167870.3597,2026-12-31T00:00:00Z
2026-07-23 21:00:20+00:00,0.0015,616910,Will 8 Fed rate cuts happen in 2026?,3083316.6608898756,167870.3597,2026-12-31T00:00:00Z
2026-07-23 22:00:14+00:00,0.0015,616910,Will 8 Fed rate cuts happen in 2026?,3083316.6608898756,167870.3597,2026-12-31T00:00:00Z
2026-07-23 23:00:13+00:00,0.0015,616910,Will 8 Fed rate cuts happen in 2026?,3083316.6608898756,167870.3597,2026-12-31T00:00:00Z
2026-07-24 00:00:18+00:00,0.0015,616910,Will 8 Fed rate cuts happen in 2026?,3083316.6608898756,167870.3597,2026-12-31T00:00:00Z
2026-07-24 01:00:09+00:00,0.0015,616910,Will 8 Fed rate cuts happen in 2026?,3083316.6608898756,167870.3597,2026-12-31T00:00:00Z
2026-07-24 02:00:12+00:00,0.0015,616910,Will 8 Fed rate cuts happen in 2026?,3083316.6608898756,167870.3597,2026-12-31T00:00:00Z
2026-07-24 03:00:20+00:00,0.0015,616910,Will 8 Fed rate cuts happen in 2026?,3083316.6608898756,167870.3597,2026-12-31T00:00:00Z
2026-07-24 04:00:13+00:00,0.0015,616910,Will 8 Fed rate cuts happen in 2026?,3083316.6608898756,167870.3597,2026-12-31T00:00:00Z
2026-07-24 05:00:22+00:00,0.0015,616910,Will 8 Fed rate cuts happen in 2026?,3083316.6608898756,167870.3597,2026-12-31T00:00:00Z
2026-07-24 06:00:20+00:00,0.0015,616910,Will 8 Fed rate cuts happen in 2026?,3083316.6608898756,167870.3597,2026-12-31T00:00:00Z
2026-07-24 07:00:11+00:00,0.0015,616910,Will 8 Fed rate cuts happen in 2026?,3083316.6608898756,167870.3597,2026-12-31T00:00:00Z
2026-07-24 08:00:13+00:00,0.0015,616910,Will 8 Fed rate cuts happen in 2026?,3083316.6608898756,167870.3597,2026-12-31T00:00:00Z
2026-07-24 09:00:20+00:00,0.0015,616910,Will 8 Fed rate cuts happen in 2026?,3083316.6608898756,167870.3597,2026-12-31T00:00:00Z
2026-07-24 09:38:07+00:00,0.0015,616910,Will 8 Fed rate cuts happen in 2026?,3083316.6608898756,167870.3597,2026-12-31T00:00:00Z
2026-07-10 10:00:18+00:00,0.0025,616912,Will 10 Fed rate cuts happen in 2026?,4733424.071515835,350288.03801,2026-12-31T00:00:00Z
2026-07-10 11:00:06+00:00,0.0025,616912,Will 10 Fed rate cuts happen in 2026?,4733424.071515835,350288.03801,2026-12-31T00:00:00Z
2026-07-10 12:00:08+00:00,0.0025,616912,Will 10 Fed rate cuts happen in 2026?,4733424.071515835,350288.03801,2026-12-31T00:00:00Z
2026-07-10 13:00:05+00:00,0.0025,616912,Will 10 Fed rate cuts happen in 2026?,4733424.071515835,350288.03801,2026-12-31T00:00:00Z
2026-07-10 14:00:05+00:00,0.0025,616912,Will 10 Fed rate cuts happen in 2026?,4733424.071515835,350288.03801,2026-12-31T00:00:00Z
2026-07-10 15:00:07+00:00,0.0025,616912,Will 10 Fed rate cuts happen in 2026?,4733424.071515835,350288.03801,2026-12-31T00:00:00Z
2026-07-10 16:00:06+00:00,0.0025,616912,Will 10 Fed rate cuts happen in 2026?,4733424.071515835,350288.03801,2026-12-31T00:00:00Z
2026-07-10 17:00:05+00:00,0.0025,616912,Will 10 Fed rate cuts happen in 2026?,4733424.071515835,350288.03801,2026-12-31T00:00:00Z
2026-07-10 18:00:07+00:00,0.0025,616912,Will 10 Fed rate cuts happen in 2026?,4733424.071515835,350288.03801,2026-12-31T00:00:00Z
2026-07-10 19:00:06+00:00,0.0025,616912,Will 10 Fed rate cuts happen in 2026?,4733424.071515835,350288.03801,2026-12-31T00:00:00Z
2026-07-10 20:00:06+00:00,0.0025,616912,Will 10 Fed rate cuts happen in 2026?,4733424.071515835,350288.03801,2026-12-31T00:00:00Z
2026-07-10 21:00:07+00:00,0.0025,616912,Will 10 Fed rate cuts happen in 2026?,4733424.071515835,350288.03801,2026-12-31T00:00:00Z
2026-07-10 23:00:22+00:00,0.0025,616912,Will 10 Fed rate cuts happen in 2026?,4733424.071515835,350288.03801,2026-12-31T00:00:00Z
2026-07-11 00:00:09+00:00,0.0025,616912,Will 10 Fed rate cuts happen in 2026?,4733424.071515835,350288.03801,2026-12-31T00:00:00Z
2026-07-11 01:00:05+00:00,0.0025,616912,Will 10 Fed rate cuts happen in 2026?,4733424.071515835,350288.03801,2026-12-31T00:00:00Z
2026-07-11 02:00:06+00:00,0.0025,616912,Will 10 Fed rate cuts happen in 2026?,4733424.071515835,350288.03801,2026-12-31T00:00:00Z
2026-07-11 03:00:06+00:00,0.0025,616912,Will 10 Fed rate cuts happen in 2026?,4733424.071515835,350288.03801,2026-12-31T00:00:00Z
2026-07-11 04:00:08+00:00,0.0025,616912,Will 10 Fed rate cuts happen in 2026?,4733424.071515835,350288.03801,2026-12-31T00:00:00Z
2026-07-11 05:00:07+00:00,0.0025,616912,Will 10 Fed rate cuts happen in 2026?,4733424.071515835,350288.03801,2026-12-31T00:00:00Z
2026-07-11 06:00:11+00:00,0.0025,616912,Will 10 Fed rate cuts happen in 2026?,4733424.071515835,350288.03801,2026-12-31T00:00:00Z
2026-07-11 07:00:06+00:00,0.0025,616912,Will 10 Fed rate cuts happen in 2026?,4733424.071515835,350288.03801,2026-12-31T00:00:00Z
2026-07-11 08:00:06+00:00,0.0025,616912,Will 10 Fed rate cuts happen in 2026?,4733424.071515835,350288.03801,2026-12-31T00:00:00Z
2026-07-11 09:00:06+00:00,0.0025,616912,Will 10 Fed rate cuts happen in 2026?,4733424.071515835,350288.03801,2026-12-31T00:00:00Z
2026-07-11 10:00:06+00:00,0.0025,616912,Will 10 Fed rate cuts happen in 2026?,4733424.071515835,350288.03801,2026-12-31T00:00:00Z
2026-07-11 11:00:06+00:00,0.0025,616912,Will 10 Fed rate cuts happen in 2026?,4733424.071515835,350288.03801,2026-12-31T00:00:00Z
2026-07-11 12:00:09+00:00,0.0025,616912,Will 10 Fed rate cuts happen in 2026?,4733424.071515835,350288.03801,2026-12-31T00:00:00Z
2026-07-11 13:00:05+00:00,0.0025,616912,Will 10 Fed rate cuts happen in 2026?,4733424.071515835,350288.03801,2026-12-31T00:00:00Z
2026-07-11 14:00:06+00:00,0.0025,616912,Will 10 Fed rate cuts happen in 2026?,4733424.071515835,350288.03801,2026-12-31T00:00:00Z
2026-07-11 15:00:07+00:00,0.0025,616912,Will 10 Fed rate cuts happen in 2026?,4733424.071515835,350288.03801,2026-12-31T00:00:00Z
2026-07-11 16:00:05+00:00,0.0025,616912,Will 10 Fed rate cuts happen in 2026?,4733424.071515835,350288.03801,2026-12-31T00:00:00Z
2026-07-11 17:00:09+00:00,0.0025,616912,Will 10 Fed rate cuts happen in 2026?,4733424.071515835,350288.03801,2026-12-31T00:00:00Z
2026-07-11 18:00:08+00:00,0.0025,616912,Will 10 Fed rate cuts happen in 2026?,4733424.071515835,350288.03801,2026-12-31T00:00:00Z
2026-07-11 19:00:07+00:00,0.0025,616912,Will 10 Fed rate cuts happen in 2026?,4733424.071515835,350288.03801,2026-12-31T00:00:00Z
2026-07-11 20:00:08+00:00,0.0025,616912,Will 10 Fed rate cuts happen in 2026?,4733424.071515835,350288.03801,2026-12-31T00:00:00Z
2026-07-11 21:00:07+00:00,0.0025,616912,Will 10 Fed rate cuts happen in 2026?,4733424.071515835,350288.03801,2026-12-31T00:00:00Z
2026-07-11 22:00:04+00:00,0.0025,616912,Will 10 Fed rate cuts happen in 2026?,4733424.071515835,350288.03801,2026-12-31T00:00:00Z
2026-07-11 23:00:05+00:00,0.0025,616912,Will 10 Fed rate cuts happen in 2026?,4733424.071515835,350288.03801,2026-12-31T00:00:00Z
2026-07-12 00:00:22+00:00,0.0025,616912,Will 10 Fed rate cuts happen in 2026?,4733424.071515835,350288.03801,2026-12-31T00:00:00Z
2026-07-12 01:00:05+00:00,0.0025,616912,Will 10 Fed rate cuts happen in 2026?,4733424.071515835,350288.03801,2026-12-31T00:00:00Z
2026-07-12 02:00:06+00:00,0.0025,616912,Will 10 Fed rate cuts happen in 2026?,4733424.071515835,350288.03801,2026-12-31T00:00:00Z
2026-07-12 03:00:07+00:00,0.0025,616912,Will 10 Fed rate cuts happen in 2026?,4733424.071515835,350288.03801,2026-12-31T00:00:00Z
2026-07-12 04:00:06+00:00,0.0025,616912,Will 10 Fed rate cuts happen in 2026?,4733424.071515835,350288.03801,2026-12-31T00:00:00Z
2026-07-12 05:00:04+00:00,0.0025,616912,Will 10 Fed rate cuts happen in 2026?,4733424.071515835,350288.03801,2026-12-31T00:00:00Z
2026-07-12 06:00:06+00:00,0.0025,616912,Will 10 Fed rate cuts happen in 2026?,4733424.071515835,350288.03801,2026-12-31T00:00:00Z
2026-07-12 07:00:12+00:00,0.0025,616912,Will 10 Fed rate cuts happen in 2026?,4733424.071515835,350288.03801,2026-12-31T00:00:00Z
2026-07-12 08:00:05+00:00,0.0025,616912,Will 10 Fed rate cuts happen in 2026?,4733424.071515835,350288.03801,2026-12-31T00:00:00Z
2026-07-12 09:00:06+00:00,0.0025,616912,Will 10 Fed rate cuts happen in 2026?,4733424.071515835,350288.03801,2026-12-31T00:00:00Z
2026-07-12 10:00:06+00:00,0.0025,616912,Will 10 Fed rate cuts happen in 2026?,4733424.071515835,350288.03801,2026-12-31T00:00:00Z
2026-07-12 11:00:19+00:00,0.0025,616912,Will 10 Fed rate cuts happen in 2026?,4733424.071515835,350288.03801,2026-12-31T00:00:00Z
2026-07-12 12:00:10+00:00,0.0025,616912,Will 10 Fed rate cuts happen in 2026?,4733424.071515835,350288.03801,2026-12-31T00:00:00Z
2026-07-12 13:00:06+00:00,0.0025,616912,Will 10 Fed rate cuts happen in 2026?,4733424.071515835,350288.03801,2026-12-31T00:00:00Z
2026-07-12 14:00:07+00:00,0.0025,616912,Will 10 Fed rate cuts happen in 2026?,4733424.071515835,350288.03801,2026-12-31T00:00:00Z
2026-07-12 15:00:07+00:00,0.0025,616912,Will 10 Fed rate cuts happen in 2026?,4733424.071515835,350288.03801,2026-12-31T00:00:00Z
2026-07-12 16:00:05+00:00,0.0025,616912,Will 10 Fed rate cuts happen in 2026?,4733424.071515835,350288.03801,2026-12-31T00:00:00Z
2026-07-12 17:00:06+00:00,0.0025,616912,Will 10 Fed rate cuts happen in 2026?,4733424.071515835,350288.03801,2026-12-31T00:00:00Z
2026-07-12 18:00:08+00:00,0.0025,616912,Will 10 Fed rate cuts happen in 2026?,4733424.071515835,350288.03801,2026-12-31T00:00:00Z
2026-07-12 19:00:08+00:00,0.0025,616912,Will 10 Fed rate cuts happen in 2026?,4733424.071515835,350288.03801,2026-12-31T00:00:00Z
2026-07-12 20:00:06+00:00,0.0025,616912,Will 10 Fed rate cuts happen in 2026?,4733424.071515835,350288.03801,2026-12-31T00:00:00Z
2026-07-12 21:00:07+00:00,0.0025,616912,Will 10 Fed rate cuts happen in 2026?,4733424.071515835,350288.03801,2026-12-31T00:00:00Z
2026-07-12 22:00:13+00:00,0.0025,616912,Will 10 Fed rate cuts happen in 2026?,4733424.071515835,350288.03801,2026-12-31T00:00:00Z
2026-07-12 23:00:05+00:00,0.0025,616912,Will 10 Fed rate cuts happen in 2026?,4733424.071515835,350288.03801,2026-12-31T00:00:00Z
2026-07-13 00:00:10+00:00,0.0025,616912,Will 10 Fed rate cuts happen in 2026?,4733424.071515835,350288.03801,2026-12-31T00:00:00Z
2026-07-13 01:00:06+00:00,0.0025,616912,Will 10 Fed rate cuts happen in 2026?,4733424.071515835,350288.03801,2026-12-31T00:00:00Z
2026-07-13 02:00:05+00:00,0.0025,616912,Will 10 Fed rate cuts happen in 2026?,4733424.071515835,350288.03801,2026-12-31T00:00:00Z
2026-07-13 03:00:06+00:00,0.0025,616912,Will 10 Fed rate cuts happen in 2026?,4733424.071515835,350288.03801,2026-12-31T00:00:00Z
2026-07-13 04:00:07+00:00,0.0025,616912,Will 10 Fed rate cuts happen in 2026?,4733424.071515835,350288.03801,2026-12-31T00:00:00Z
2026-07-13 05:00:09+00:00,0.0025,616912,Will 10 Fed rate cuts happen in 2026?,4733424.071515835,350288.03801,2026-12-31T00:00:00Z
2026-07-13 06:00:08+00:00,0.0025,616912,Will 10 Fed rate cuts happen in 2026?,4733424.071515835,350288.03801,2026-12-31T00:00:00Z
2026-07-13 07:00:08+00:00,0.0025,616912,Will 10 Fed rate cuts happen in 2026?,4733424.071515835,350288.03801,2026-12-31T00:00:00Z
2026-07-13 08:00:08+00:00,0.0025,616912,Will 10 Fed rate cuts happen in 2026?,4733424.071515835,350288.03801,2026-12-31T00:00:00Z
2026-07-13 09:00:07+00:00,0.0025,616912,Will 10 Fed rate cuts happen in 2026?,4733424.071515835,350288.03801,2026-12-31T00:00:00Z
2026-07-13 10:00:05+00:00,0.0025,616912,Will 10 Fed rate cuts happen in 2026?,4733424.071515835,350288.03801,2026-12-31T00:00:00Z
2026-07-13 11:00:05+00:00,0.0025,616912,Will 10 Fed rate cuts happen in 2026?,4733424.071515835,350288.03801,2026-12-31T00:00:00Z
2026-07-13 12:00:10+00:00,0.0025,616912,Will 10 Fed rate cuts happen in 2026?,4733424.071515835,350288.03801,2026-12-31T00:00:00Z
2026-07-13 13:00:05+00:00,0.0025,616912,Will 10 Fed rate cuts happen in 2026?,4733424.071515835,350288.03801,2026-12-31T00:00:00Z
2026-07-13 14:00:20+00:00,0.0025,616912,Will 10 Fed rate cuts happen in 2026?,4733424.071515835,350288.03801,2026-12-31T00:00:00Z
2026-07-13 15:00:25+00:00,0.0015,616912,Will 10 Fed rate cuts happen in 2026?,4733424.071515835,350288.03801,2026-12-31T00:00:00Z
2026-07-13 16:00:05+00:00,0.0015,616912,Will 10 Fed rate cuts happen in 2026?,4733424.071515835,350288.03801,2026-12-31T00:00:00Z
2026-07-13 17:00:08+00:00,0.0015,616912,Will 10 Fed rate cuts happen in 2026?,4733424.071515835,350288.03801,2026-12-31T00:00:00Z
2026-07-13 18:00:07+00:00,0.0015,616912,Will 10 Fed rate cuts happen in 2026?,4733424.071515835,350288.03801,2026-12-31T00:00:00Z
2026-07-13 19:00:06+00:00,0.0015,616912,Will 10 Fed rate cuts happen in 2026?,4733424.071515835,350288.03801,2026-12-31T00:00:00Z
2026-07-13 20:00:07+00:00,0.0015,616912,Will 10 Fed rate cuts happen in 2026?,4733424.071515835,350288.03801,2026-12-31T00:00:00Z
2026-07-13 21:00:07+00:00,0.0015,616912,Will 10 Fed rate cuts happen in 2026?,4733424.071515835,350288.03801,2026-12-31T00:00:00Z
2026-07-13 22:00:06+00:00,0.0015,616912,Will 10 Fed rate cuts happen in 2026?,4733424.071515835,350288.03801,2026-12-31T00:00:00Z
2026-07-13 23:00:06+00:00,0.0015,616912,Will 10 Fed rate cuts happen in 2026?,4733424.071515835,350288.03801,2026-12-31T00:00:00Z
2026-07-14 00:00:09+00:00,0.0015,616912,Will 10 Fed rate cuts happen in 2026?,4733424.071515835,350288.03801,2026-12-31T00:00:00Z
2026-07-14 01:00:04+00:00,0.0015,616912,Will 10 Fed rate cuts happen in 2026?,4733424.071515835,350288.03801,2026-12-31T00:00:00Z
2026-07-14 02:00:04+00:00,0.0015,616912,Will 10 Fed rate cuts happen in 2026?,4733424.071515835,350288.03801,2026-12-31T00:00:00Z
2026-07-14 03:00:08+00:00,0.0015,616912,Will 10 Fed rate cuts happen in 2026?,4733424.071515835,350288.03801,2026-12-31T00:00:00Z
2026-07-14 04:00:05+00:00,0.0015,616912,Will 10 Fed rate cuts happen in 2026?,4733424.071515835,350288.03801,2026-12-31T00:00:00Z
2026-07-14 05:00:06+00:00,0.0015,616912,Will 10 Fed rate cuts happen in 2026?,4733424.071515835,350288.03801,2026-12-31T00:00:00Z
2026-07-14 06:00:08+00:00,0.0015,616912,Will 10 Fed rate cuts happen in 2026?,4733424.071515835,350288.03801,2026-12-31T00:00:00Z
2026-07-14 07:00:10+00:00,0.0015,616912,Will 10 Fed rate cuts happen in 2026?,4733424.071515835,350288.03801,2026-12-31T00:00:00Z
2026-07-14 08:00:05+00:00,0.0015,616912,Will 10 Fed rate cuts happen in 2026?,4733424.071515835,350288.03801,2026-12-31T00:00:00Z
2026-07-14 09:00:06+00:00,0.0015,616912,Will 10 Fed rate cuts happen in 2026?,4733424.071515835,350288.03801,2026-12-31T00:00:00Z
2026-07-14 10:00:07+00:00,0.0015,616912,Will 10 Fed rate cuts happen in 2026?,4733424.071515835,350288.03801,2026-12-31T00:00:00Z
2026-07-14 11:00:06+00:00,0.0015,616912,Will 10 Fed rate cuts happen in 2026?,4733424.071515835,350288.03801,2026-12-31T00:00:00Z
2026-07-14 12:00:13+00:00,0.0015,616912,Will 10 Fed rate cuts happen in 2026?,4733424.071515835,350288.03801,2026-12-31T00:00:00Z
2026-07-14 13:00:09+00:00,0.0015,616912,Will 10 Fed rate cuts happen in 2026?,4733424.071515835,350288.03801,2026-12-31T00:00:00Z
2026-07-14 14:00:13+00:00,0.0015,616912,Will 10 Fed rate cuts happen in 2026?,4733424.071515835,350288.03801,2026-12-31T00:00:00Z
2026-07-14 15:00:09+00:00,0.0015,616912,Will 10 Fed rate cuts happen in 2026?,4733424.071515835,350288.03801,2026-12-31T00:00:00Z
2026-07-14 16:00:13+00:00,0.0015,616912,Will 10 Fed rate cuts happen in 2026?,4733424.071515835,350288.03801,2026-12-31T00:00:00Z
2026-07-14 17:00:18+00:00,0.0015,616912,Will 10 Fed rate cuts happen in 2026?,4733424.071515835,350288.03801,2026-12-31T00:00:00Z
2026-07-14 18:00:18+00:00,0.0015,616912,Will 10 Fed rate cuts happen in 2026?,4733424.071515835,350288.03801,2026-12-31T00:00:00Z
2026-07-14 19:00:08+00:00,0.0015,616912,Will 10 Fed rate cuts happen in 2026?,4733424.071515835,350288.03801,2026-12-31T00:00:00Z
2026-07-14 20:00:08+00:00,0.0015,616912,Will 10 Fed rate cuts happen in 2026?,4733424.071515835,350288.03801,2026-12-31T00:00:00Z
2026-07-14 21:00:08+00:00,0.0015,616912,Will 10 Fed rate cuts happen in 2026?,4733424.071515835,350288.03801,2026-12-31T00:00:00Z
2026-07-14 22:00:06+00:00,0.0015,616912,Will 10 Fed rate cuts happen in 2026?,4733424.071515835,350288.03801,2026-12-31T00:00:00Z
2026-07-14 23:00:07+00:00,0.0015,616912,Will 10 Fed rate cuts happen in 2026?,4733424.071515835,350288.03801,2026-12-31T00:00:00Z
2026-07-15 00:00:12+00:00,0.0015,616912,Will 10 Fed rate cuts happen in 2026?,4733424.071515835,350288.03801,2026-12-31T00:00:00Z
2026-07-15 01:00:08+00:00,0.0015,616912,Will 10 Fed rate cuts happen in 2026?,4733424.071515835,350288.03801,2026-12-31T00:00:00Z
2026-07-15 02:00:10+00:00,0.0015,616912,Will 10 Fed rate cuts happen in 2026?,4733424.071515835,350288.03801,2026-12-31T00:00:00Z
2026-07-15 03:00:10+00:00,0.0015,616912,Will 10 Fed rate cuts happen in 2026?,4733424.071515835,350288.03801,2026-12-31T00:00:00Z
2026-07-15 04:00:06+00:00,0.0015,616912,Will 10 Fed rate cuts happen in 2026?,4733424.071515835,350288.03801,2026-12-31T00:00:00Z
2026-07-15 05:00:22+00:00,0.0015,616912,Will 10 Fed rate cuts happen in 2026?,4733424.071515835,350288.03801,2026-12-31T00:00:00Z
2026-07-15 06:00:11+00:00,0.0015,616912,Will 10 Fed rate cuts happen in 2026?,4733424.071515835,350288.03801,2026-12-31T00:00:00Z
2026-07-15 07:00:21+00:00,0.0015,616912,Will 10 Fed rate cuts happen in 2026?,4733424.071515835,350288.03801,2026-12-31T00:00:00Z
2026-07-15 08:00:22+00:00,0.0015,616912,Will 10 Fed rate cuts happen in 2026?,4733424.071515835,350288.03801,2026-12-31T00:00:00Z
2026-07-15 09:00:09+00:00,0.0015,616912,Will 10 Fed rate cuts happen in 2026?,4733424.071515835,350288.03801,2026-12-31T00:00:00Z
2026-07-15 10:00:05+00:00,0.0015,616912,Will 10 Fed rate cuts happen in 2026?,4733424.071515835,350288.03801,2026-12-31T00:00:00Z
2026-07-15 11:00:09+00:00,0.0015,616912,Will 10 Fed rate cuts happen in 2026?,4733424.071515835,350288.03801,2026-12-31T00:00:00Z
2026-07-15 12:00:25+00:00,0.0015,616912,Will 10 Fed rate cuts happen in 2026?,4733424.071515835,350288.03801,2026-12-31T00:00:00Z
2026-07-15 13:00:07+00:00,0.0015,616912,Will 10 Fed rate cuts happen in 2026?,4733424.071515835,350288.03801,2026-12-31T00:00:00Z
2026-07-15 14:00:07+00:00,0.0015,616912,Will 10 Fed rate cuts happen in 2026?,4733424.071515835,350288.03801,2026-12-31T00:00:00Z
2026-07-15 15:00:11+00:00,0.0015,616912,Will 10 Fed rate cuts happen in 2026?,4733424.071515835,350288.03801,2026-12-31T00:00:00Z
2026-07-15 16:00:07+00:00,0.0015,616912,Will 10 Fed rate cuts happen in 2026?,4733424.071515835,350288.03801,2026-12-31T00:00:00Z
2026-07-15 17:00:08+00:00,0.0015,616912,Will 10 Fed rate cuts happen in 2026?,4733424.071515835,350288.03801,2026-12-31T00:00:00Z
2026-07-15 18:00:13+00:00,0.0015,616912,Will 10 Fed rate cuts happen in 2026?,4733424.071515835,350288.03801,2026-12-31T00:00:00Z
2026-07-15 19:00:10+00:00,0.0015,616912,Will 10 Fed rate cuts happen in 2026?,4733424.071515835,350288.03801,2026-12-31T00:00:00Z
2026-07-15 20:00:08+00:00,0.0015,616912,Will 10 Fed rate cuts happen in 2026?,4733424.071515835,350288.03801,2026-12-31T00:00:00Z
2026-07-15 21:00:09+00:00,0.0015,616912,Will 10 Fed rate cuts happen in 2026?,4733424.071515835,350288.03801,2026-12-31T00:00:00Z
2026-07-15 22:00:06+00:00,0.0015,616912,Will 10 Fed rate cuts happen in 2026?,4733424.071515835,350288.03801,2026-12-31T00:00:00Z
2026-07-15 23:00:07+00:00,0.0015,616912,Will 10 Fed rate cuts happen in 2026?,4733424.071515835,350288.03801,2026-12-31T00:00:00Z
2026-07-16 00:00:13+00:00,0.0015,616912,Will 10 Fed rate cuts happen in 2026?,4733424.071515835,350288.03801,2026-12-31T00:00:00Z
2026-07-16 01:00:06+00:00,0.0015,616912,Will 10 Fed rate cuts happen in 2026?,4733424.071515835,350288.03801,2026-12-31T00:00:00Z
2026-07-16 02:00:05+00:00,0.0015,616912,Will 10 Fed rate cuts happen in 2026?,4733424.071515835,350288.03801,2026-12-31T00:00:00Z
2026-07-16 03:00:10+00:00,0.0015,616912,Will 10 Fed rate cuts happen in 2026?,4733424.071515835,350288.03801,2026-12-31T00:00:00Z
2026-07-16 04:00:07+00:00,0.0015,616912,Will 10 Fed rate cuts happen in 2026?,4733424.071515835,350288.03801,2026-12-31T00:00:00Z
2026-07-16 05:00:06+00:00,0.0015,616912,Will 10 Fed rate cuts happen in 2026?,4733424.071515835,350288.03801,2026-12-31T00:00:00Z
2026-07-16 06:00:11+00:00,0.0015,616912,Will 10 Fed rate cuts happen in 2026?,4733424.071515835,350288.03801,2026-12-31T00:00:00Z
2026-07-16 07:00:08+00:00,0.0015,616912,Will 10 Fed rate cuts happen in 2026?,4733424.071515835,350288.03801,2026-12-31T00:00:00Z
2026-07-16 08:00:05+00:00,0.0015,616912,Will 10 Fed rate cuts happen in 2026?,4733424.071515835,350288.03801,2026-12-31T00:00:00Z
2026-07-16 09:00:11+00:00,0.0015,616912,Will 10 Fed rate cuts happen in 2026?,4733424.071515835,350288.03801,2026-12-31T00:00:00Z
2026-07-16 10:00:08+00:00,0.0015,616912,Will 10 Fed rate cuts happen in 2026?,4733424.071515835,350288.03801,2026-12-31T00:00:00Z
2026-07-16 11:00:08+00:00,0.0015,616912,Will 10 Fed rate cuts happen in 2026?,4733424.071515835,350288.03801,2026-12-31T00:00:00Z
2026-07-16 12:00:09+00:00,0.0015,616912,Will 10 Fed rate cuts happen in 2026?,4733424.071515835,350288.03801,2026-12-31T00:00:00Z
2026-07-16 13:00:08+00:00,0.0015,616912,Will 10 Fed rate cuts happen in 2026?,4733424.071515835,350288.03801,2026-12-31T00:00:00Z
2026-07-16 14:00:06+00:00,0.0015,616912,Will 10 Fed rate cuts happen in 2026?,4733424.071515835,350288.03801,2026-12-31T00:00:00Z
2026-07-16 15:00:11+00:00,0.0015,616912,Will 10 Fed rate cuts happen in 2026?,4733424.071515835,350288.03801,2026-12-31T00:00:00Z
2026-07-16 16:00:06+00:00,0.0015,616912,Will 10 Fed rate cuts happen in 2026?,4733424.071515835,350288.03801,2026-12-31T00:00:00Z
2026-07-16 17:00:07+00:00,0.0015,616912,Will 10 Fed rate cuts happen in 2026?,4733424.071515835,350288.03801,2026-12-31T00:00:00Z
2026-07-16 18:00:23+00:00,0.0015,616912,Will 10 Fed rate cuts happen in 2026?,4733424.071515835,350288.03801,2026-12-31T00:00:00Z
2026-07-16 19:00:07+00:00,0.0015,616912,Will 10 Fed rate cuts happen in 2026?,4733424.071515835,350288.03801,2026-12-31T00:00:00Z
2026-07-16 20:00:08+00:00,0.0015,616912,Will 10 Fed rate cuts happen in 2026?,4733424.071515835,350288.03801,2026-12-31T00:00:00Z
2026-07-16 21:00:09+00:00,0.0015,616912,Will 10 Fed rate cuts happen in 2026?,4733424.071515835,350288.03801,2026-12-31T00:00:00Z
2026-07-16 22:00:07+00:00,0.0015,616912,Will 10 Fed rate cuts happen in 2026?,4733424.071515835,350288.03801,2026-12-31T00:00:00Z
2026-07-16 23:00:10+00:00,0.0015,616912,Will 10 Fed rate cuts happen in 2026?,4733424.071515835,350288.03801,2026-12-31T00:00:00Z
2026-07-17 00:00:13+00:00,0.0015,616912,Will 10 Fed rate cuts happen in 2026?,4733424.071515835,350288.03801,2026-12-31T00:00:00Z
2026-07-17 01:00:06+00:00,0.0015,616912,Will 10 Fed rate cuts happen in 2026?,4733424.071515835,350288.03801,2026-12-31T00:00:00Z
2026-07-17 02:00:08+00:00,0.0015,616912,Will 10 Fed rate cuts happen in 2026?,4733424.071515835,350288.03801,2026-12-31T00:00:00Z
2026-07-17 03:00:10+00:00,0.0015,616912,Will 10 Fed rate cuts happen in 2026?,4733424.071515835,350288.03801,2026-12-31T00:00:00Z
2026-07-17 04:00:09+00:00,0.0015,616912,Will 10 Fed rate cuts happen in 2026?,4733424.071515835,350288.03801,2026-12-31T00:00:00Z
2026-07-17 05:00:10+00:00,0.0015,616912,Will 10 Fed rate cuts happen in 2026?,4733424.071515835,350288.03801,2026-12-31T00:00:00Z
2026-07-17 06:00:13+00:00,0.0015,616912,Will 10 Fed rate cuts happen in 2026?,4733424.071515835,350288.03801,2026-12-31T00:00:00Z
2026-07-17 07:00:05+00:00,0.0015,616912,Will 10 Fed rate cuts happen in 2026?,4733424.071515835,350288.03801,2026-12-31T00:00:00Z
2026-07-17 08:00:06+00:00,0.0015,616912,Will 10 Fed rate cuts happen in 2026?,4733424.071515835,350288.03801,2026-12-31T00:00:00Z
2026-07-17 09:00:08+00:00,0.0015,616912,Will 10 Fed rate cuts happen in 2026?,4733424.071515835,350288.03801,2026-12-31T00:00:00Z
2026-07-17 10:00:10+00:00,0.0015,616912,Will 10 Fed rate cuts happen in 2026?,4733424.071515835,350288.03801,2026-12-31T00:00:00Z
2026-07-17 11:00:07+00:00,0.0015,616912,Will 10 Fed rate cuts happen in 2026?,4733424.071515835,350288.03801,2026-12-31T00:00:00Z
2026-07-17 12:00:12+00:00,0.0015,616912,Will 10 Fed rate cuts happen in 2026?,4733424.071515835,350288.03801,2026-12-31T00:00:00Z
2026-07-17 13:00:06+00:00,0.0015,616912,Will 10 Fed rate cuts happen in 2026?,4733424.071515835,350288.03801,2026-12-31T00:00:00Z
2026-07-17 14:00:07+00:00,0.0015,616912,Will 10 Fed rate cuts happen in 2026?,4733424.071515835,350288.03801,2026-12-31T00:00:00Z
2026-07-17 15:00:09+00:00,0.0015,616912,Will 10 Fed rate cuts happen in 2026?,4733424.071515835,350288.03801,2026-12-31T00:00:00Z
2026-07-17 16:00:23+00:00,0.0015,616912,Will 10 Fed rate cuts happen in 2026?,4733424.071515835,350288.03801,2026-12-31T00:00:00Z
2026-07-17 17:00:12+00:00,0.0015,616912,Will 10 Fed rate cuts happen in 2026?,4733424.071515835,350288.03801,2026-12-31T00:00:00Z
2026-07-17 18:00:26+00:00,0.0015,616912,Will 10 Fed rate cuts happen in 2026?,4733424.071515835,350288.03801,2026-12-31T00:00:00Z
2026-07-17 19:00:07+00:00,0.0015,616912,Will 10 Fed rate cuts happen in 2026?,4733424.071515835,350288.03801,2026-12-31T00:00:00Z
2026-07-17 20:00:07+00:00,0.0015,616912,Will 10 Fed rate cuts happen in 2026?,4733424.071515835,350288.03801,2026-12-31T00:00:00Z
2026-07-17 21:00:08+00:00,0.0015,616912,Will 10 Fed rate cuts happen in 2026?,4733424.071515835,350288.03801,2026-12-31T00:00:00Z
2026-07-17 22:00:08+00:00,0.0015,616912,Will 10 Fed rate cuts happen in 2026?,4733424.071515835,350288.03801,2026-12-31T00:00:00Z
2026-07-17 23:00:09+00:00,0.0015,616912,Will 10 Fed rate cuts happen in 2026?,4733424.071515835,350288.03801,2026-12-31T00:00:00Z
2026-07-18 00:00:09+00:00,0.0015,616912,Will 10 Fed rate cuts happen in 2026?,4733424.071515835,350288.03801,2026-12-31T00:00:00Z
2026-07-18 01:00:06+00:00,0.0015,616912,Will 10 Fed rate cuts happen in 2026?,4733424.071515835,350288.03801,2026-12-31T00:00:00Z
2026-07-18 02:00:07+00:00,0.0015,616912,Will 10 Fed rate cuts happen in 2026?,4733424.071515835,350288.03801,2026-12-31T00:00:00Z
2026-07-18 03:00:09+00:00,0.0015,616912,Will 10 Fed rate cuts happen in 2026?,4733424.071515835,350288.03801,2026-12-31T00:00:00Z
2026-07-18 04:00:06+00:00,0.0015,616912,Will 10 Fed rate cuts happen in 2026?,4733424.071515835,350288.03801,2026-12-31T00:00:00Z
2026-07-18 05:00:07+00:00,0.0015,616912,Will 10 Fed rate cuts happen in 2026?,4733424.071515835,350288.03801,2026-12-31T00:00:00Z
2026-07-18 06:00:08+00:00,0.0015,616912,Will 10 Fed rate cuts happen in 2026?,4733424.071515835,350288.03801,2026-12-31T00:00:00Z
2026-07-18 07:00:09+00:00,0.0015,616912,Will 10 Fed rate cuts happen in 2026?,4733424.071515835,350288.03801,2026-12-31T00:00:00Z
2026-07-18 08:00:06+00:00,0.0015,616912,Will 10 Fed rate cuts happen in 2026?,4733424.071515835,350288.03801,2026-12-31T00:00:00Z
2026-07-18 09:00:12+00:00,0.0015,616912,Will 10 Fed rate cuts happen in 2026?,4733424.071515835,350288.03801,2026-12-31T00:00:00Z
2026-07-18 10:00:06+00:00,0.0015,616912,Will 10 Fed rate cuts happen in 2026?,4733424.071515835,350288.03801,2026-12-31T00:00:00Z
2026-07-18 11:00:07+00:00,0.0015,616912,Will 10 Fed rate cuts happen in 2026?,4733424.071515835,350288.03801,2026-12-31T00:00:00Z
2026-07-18 12:00:22+00:00,0.0015,616912,Will 10 Fed rate cuts happen in 2026?,4733424.071515835,350288.03801,2026-12-31T00:00:00Z
2026-07-18 13:00:07+00:00,0.0015,616912,Will 10 Fed rate cuts happen in 2026?,4733424.071515835,350288.03801,2026-12-31T00:00:00Z
2026-07-18 14:00:08+00:00,0.0015,616912,Will 10 Fed rate cuts happen in 2026?,4733424.071515835,350288.03801,2026-12-31T00:00:00Z
2026-07-18 15:00:10+00:00,0.0015,616912,Will 10 Fed rate cuts happen in 2026?,4733424.071515835,350288.03801,2026-12-31T00:00:00Z
2026-07-18 16:00:08+00:00,0.0015,616912,Will 10 Fed rate cuts happen in 2026?,4733424.071515835,350288.03801,2026-12-31T00:00:00Z
2026-07-18 17:00:13+00:00,0.0015,616912,Will 10 Fed rate cuts happen in 2026?,4733424.071515835,350288.03801,2026-12-31T00:00:00Z
2026-07-18 18:00:11+00:00,0.0015,616912,Will 10 Fed rate cuts happen in 2026?,4733424.071515835,350288.03801,2026-12-31T00:00:00Z
2026-07-18 19:00:06+00:00,0.0015,616912,Will 10 Fed rate cuts happen in 2026?,4733424.071515835,350288.03801,2026-12-31T00:00:00Z
2026-07-18 20:00:10+00:00,0.0015,616912,Will 10 Fed rate cuts happen in 2026?,4733424.071515835,350288.03801,2026-12-31T00:00:00Z
2026-07-18 21:00:11+00:00,0.0015,616912,Will 10 Fed rate cuts happen in 2026?,4733424.071515835,350288.03801,2026-12-31T00:00:00Z
2026-07-18 22:00:07+00:00,0.0015,616912,Will 10 Fed rate cuts happen in 2026?,4733424.071515835,350288.03801,2026-12-31T00:00:00Z
2026-07-18 23:00:10+00:00,0.0015,616912,Will 10 Fed rate cuts happen in 2026?,4733424.071515835,350288.03801,2026-12-31T00:00:00Z
2026-07-19 00:00:12+00:00,0.0015,616912,Will 10 Fed rate cuts happen in 2026?,4733424.071515835,350288.03801,2026-12-31T00:00:00Z
2026-07-19 01:00:07+00:00,0.0015,616912,Will 10 Fed rate cuts happen in 2026?,4733424.071515835,350288.03801,2026-12-31T00:00:00Z
2026-07-19 02:00:07+00:00,0.0015,616912,Will 10 Fed rate cuts happen in 2026?,4733424.071515835,350288.03801,2026-12-31T00:00:00Z
2026-07-19 03:00:10+00:00,0.0015,616912,Will 10 Fed rate cuts happen in 2026?,4733424.071515835,350288.03801,2026-12-31T00:00:00Z
2026-07-19 04:00:07+00:00,0.0015,616912,Will 10 Fed rate cuts happen in 2026?,4733424.071515835,350288.03801,2026-12-31T00:00:00Z
2026-07-19 05:00:09+00:00,0.0015,616912,Will 10 Fed rate cuts happen in 2026?,4733424.071515835,350288.03801,2026-12-31T00:00:00Z
2026-07-19 06:00:13+00:00,0.0015,616912,Will 10 Fed rate cuts happen in 2026?,4733424.071515835,350288.03801,2026-12-31T00:00:00Z
2026-07-19 07:00:08+00:00,0.0015,616912,Will 10 Fed rate cuts happen in 2026?,4733424.071515835,350288.03801,2026-12-31T00:00:00Z
2026-07-19 08:00:08+00:00,0.0015,616912,Will 10 Fed rate cuts happen in 2026?,4733424.071515835,350288.03801,2026-12-31T00:00:00Z
2026-07-19 09:00:11+00:00,0.0015,616912,Will 10 Fed rate cuts happen in 2026?,4733424.071515835,350288.03801,2026-12-31T00:00:00Z
2026-07-19 10:00:07+00:00,0.0015,616912,Will 10 Fed rate cuts happen in 2026?,4733424.071515835,350288.03801,2026-12-31T00:00:00Z
2026-07-19 11:00:08+00:00,0.0015,616912,Will 10 Fed rate cuts happen in 2026?,4733424.071515835,350288.03801,2026-12-31T00:00:00Z
2026-07-19 12:00:10+00:00,0.0015,616912,Will 10 Fed rate cuts happen in 2026?,4733424.071515835,350288.03801,2026-12-31T00:00:00Z
2026-07-19 13:00:09+00:00,0.0015,616912,Will 10 Fed rate cuts happen in 2026?,4733424.071515835,350288.03801,2026-12-31T00:00:00Z
2026-07-19 14:00:09+00:00,0.0015,616912,Will 10 Fed rate cuts happen in 2026?,4733424.071515835,350288.03801,2026-12-31T00:00:00Z
2026-07-19 15:00:09+00:00,0.0015,616912,Will 10 Fed rate cuts happen in 2026?,4733424.071515835,350288.03801,2026-12-31T00:00:00Z
2026-07-19 16:00:23+00:00,0.0015,616912,Will 10 Fed rate cuts happen in 2026?,4733424.071515835,350288.03801,2026-12-31T00:00:00Z
2026-07-19 17:00:14+00:00,0.0015,616912,Will 10 Fed rate cuts happen in 2026?,4733424.071515835,350288.03801,2026-12-31T00:00:00Z
2026-07-19 18:00:11+00:00,0.0015,616912,Will 10 Fed rate cuts happen in 2026?,4733424.071515835,350288.03801,2026-12-31T00:00:00Z
2026-07-19 19:00:10+00:00,0.0015,616912,Will 10 Fed rate cuts happen in 2026?,4733424.071515835,350288.03801,2026-12-31T00:00:00Z
2026-07-19 20:00:12+00:00,0.0015,616912,Will 10 Fed rate cuts happen in 2026?,4733424.071515835,350288.03801,2026-12-31T00:00:00Z
2026-07-19 21:00:25+00:00,0.0015,616912,Will 10 Fed rate cuts happen in 2026?,4733424.071515835,350288.03801,2026-12-31T00:00:00Z
2026-07-19 22:00:11+00:00,0.0015,616912,Will 10 Fed rate cuts happen in 2026?,4733424.071515835,350288.03801,2026-12-31T00:00:00Z
2026-07-19 23:00:08+00:00,0.0015,616912,Will 10 Fed rate cuts happen in 2026?,4733424.071515835,350288.03801,2026-12-31T00:00:00Z
2026-07-20 00:00:26+00:00,0.0015,616912,Will 10 Fed rate cuts happen in 2026?,4733424.071515835,350288.03801,2026-12-31T00:00:00Z
2026-07-20 01:00:09+00:00,0.0015,616912,Will 10 Fed rate cuts happen in 2026?,4733424.071515835,350288.03801,2026-12-31T00:00:00Z
2026-07-20 02:00:08+00:00,0.0015,616912,Will 10 Fed rate cuts happen in 2026?,4733424.071515835,350288.03801,2026-12-31T00:00:00Z
2026-07-20 03:00:11+00:00,0.0015,616912,Will 10 Fed rate cuts happen in 2026?,4733424.071515835,350288.03801,2026-12-31T00:00:00Z
2026-07-20 04:00:08+00:00,0.0015,616912,Will 10 Fed rate cuts happen in 2026?,4733424.071515835,350288.03801,2026-12-31T00:00:00Z
2026-07-20 05:00:21+00:00,0.0015,616912,Will 10 Fed rate cuts happen in 2026?,4733424.071515835,350288.03801,2026-12-31T00:00:00Z
2026-07-20 06:00:13+00:00,0.0015,616912,Will 10 Fed rate cuts happen in 2026?,4733424.071515835,350288.03801,2026-12-31T00:00:00Z
2026-07-20 07:00:10+00:00,0.0015,616912,Will 10 Fed rate cuts happen in 2026?,4733424.071515835,350288.03801,2026-12-31T00:00:00Z
2026-07-20 08:00:06+00:00,0.0015,616912,Will 10 Fed rate cuts happen in 2026?,4733424.071515835,350288.03801,2026-12-31T00:00:00Z
2026-07-20 09:00:13+00:00,0.0015,616912,Will 10 Fed rate cuts happen in 2026?,4733424.071515835,350288.03801,2026-12-31T00:00:00Z
2026-07-20 10:00:06+00:00,0.0015,616912,Will 10 Fed rate cuts happen in 2026?,4733424.071515835,350288.03801,2026-12-31T00:00:00Z
2026-07-20 11:00:09+00:00,0.0015,616912,Will 10 Fed rate cuts happen in 2026?,4733424.071515835,350288.03801,2026-12-31T00:00:00Z
2026-07-20 12:00:11+00:00,0.0015,616912,Will 10 Fed rate cuts happen in 2026?,4733424.071515835,350288.03801,2026-12-31T00:00:00Z
2026-07-20 13:00:10+00:00,0.0015,616912,Will 10 Fed rate cuts happen in 2026?,4733424.071515835,350288.03801,2026-12-31T00:00:00Z
2026-07-20 14:00:06+00:00,0.0015,616912,Will 10 Fed rate cuts happen in 2026?,4733424.071515835,350288.03801,2026-12-31T00:00:00Z
2026-07-20 15:00:16+00:00,0.0015,616912,Will 10 Fed rate cuts happen in 2026?,4733424.071515835,350288.03801,2026-12-31T00:00:00Z
2026-07-20 16:00:10+00:00,0.0015,616912,Will 10 Fed rate cuts happen in 2026?,4733424.071515835,350288.03801,2026-12-31T00:00:00Z
2026-07-20 17:00:19+00:00,0.0015,616912,Will 10 Fed rate cuts happen in 2026?,4733424.071515835,350288.03801,2026-12-31T00:00:00Z
2026-07-20 18:00:13+00:00,0.0015,616912,Will 10 Fed rate cuts happen in 2026?,4733424.071515835,350288.03801,2026-12-31T00:00:00Z
2026-07-20 19:00:09+00:00,0.0015,616912,Will 10 Fed rate cuts happen in 2026?,4733424.071515835,350288.03801,2026-12-31T00:00:00Z
2026-07-20 20:00:25+00:00,0.0015,616912,Will 10 Fed rate cuts happen in 2026?,4733424.071515835,350288.03801,2026-12-31T00:00:00Z
2026-07-20 21:00:14+00:00,0.0015,616912,Will 10 Fed rate cuts happen in 2026?,4733424.071515835,350288.03801,2026-12-31T00:00:00Z
2026-07-20 22:00:06+00:00,0.0015,616912,Will 10 Fed rate cuts happen in 2026?,4733424.071515835,350288.03801,2026-12-31T00:00:00Z
2026-07-20 23:00:06+00:00,0.0015,616912,Will 10 Fed rate cuts happen in 2026?,4733424.071515835,350288.03801,2026-12-31T00:00:00Z
2026-07-21 00:00:13+00:00,0.0015,616912,Will 10 Fed rate cuts happen in 2026?,4733424.071515835,350288.03801,2026-12-31T00:00:00Z
2026-07-21 01:00:12+00:00,0.0015,616912,Will 10 Fed rate cuts happen in 2026?,4733424.071515835,350288.03801,2026-12-31T00:00:00Z
2026-07-21 02:00:12+00:00,0.0015,616912,Will 10 Fed rate cuts happen in 2026?,4733424.071515835,350288.03801,2026-12-31T00:00:00Z
2026-07-21 03:00:13+00:00,0.0015,616912,Will 10 Fed rate cuts happen in 2026?,4733424.071515835,350288.03801,2026-12-31T00:00:00Z
2026-07-21 04:00:22+00:00,0.0015,616912,Will 10 Fed rate cuts happen in 2026?,4733424.071515835,350288.03801,2026-12-31T00:00:00Z
2026-07-21 05:00:09+00:00,0.0015,616912,Will 10 Fed rate cuts happen in 2026?,4733424.071515835,350288.03801,2026-12-31T00:00:00Z
2026-07-21 06:00:14+00:00,0.0015,616912,Will 10 Fed rate cuts happen in 2026?,4733424.071515835,350288.03801,2026-12-31T00:00:00Z
2026-07-21 07:00:14+00:00,0.0015,616912,Will 10 Fed rate cuts happen in 2026?,4733424.071515835,350288.03801,2026-12-31T00:00:00Z
2026-07-21 08:00:09+00:00,0.0015,616912,Will 10 Fed rate cuts happen in 2026?,4733424.071515835,350288.03801,2026-12-31T00:00:00Z
2026-07-21 09:00:12+00:00,0.0015,616912,Will 10 Fed rate cuts happen in 2026?,4733424.071515835,350288.03801,2026-12-31T00:00:00Z
2026-07-21 10:00:09+00:00,0.0015,616912,Will 10 Fed rate cuts happen in 2026?,4733424.071515835,350288.03801,2026-12-31T00:00:00Z
2026-07-21 11:00:09+00:00,0.0015,616912,Will 10 Fed rate cuts happen in 2026?,4733424.071515835,350288.03801,2026-12-31T00:00:00Z
2026-07-21 12:00:18+00:00,0.0015,616912,Will 10 Fed rate cuts happen in 2026?,4733424.071515835,350288.03801,2026-12-31T00:00:00Z
2026-07-21 13:00:10+00:00,0.0015,616912,Will 10 Fed rate cuts happen in 2026?,4733424.071515835,350288.03801,2026-12-31T00:00:00Z
2026-07-21 14:00:09+00:00,0.0015,616912,Will 10 Fed rate cuts happen in 2026?,4733424.071515835,350288.03801,2026-12-31T00:00:00Z
2026-07-21 15:00:27+00:00,0.0015,616912,Will 10 Fed rate cuts happen in 2026?,4733424.071515835,350288.03801,2026-12-31T00:00:00Z
2026-07-21 16:00:12+00:00,0.0015,616912,Will 10 Fed rate cuts happen in 2026?,4733424.071515835,350288.03801,2026-12-31T00:00:00Z
2026-07-21 17:00:09+00:00,0.0015,616912,Will 10 Fed rate cuts happen in 2026?,4733424.071515835,350288.03801,2026-12-31T00:00:00Z
2026-07-21 18:00:26+00:00,0.0015,616912,Will 10 Fed rate cuts happen in 2026?,4733424.071515835,350288.03801,2026-12-31T00:00:00Z
2026-07-21 19:00:06+00:00,0.0015,616912,Will 10 Fed rate cuts happen in 2026?,4733424.071515835,350288.03801,2026-12-31T00:00:00Z
2026-07-21 20:00:07+00:00,0.0015,616912,Will 10 Fed rate cuts happen in 2026?,4733424.071515835,350288.03801,2026-12-31T00:00:00Z
2026-07-21 21:00:26+00:00,0.0015,616912,Will 10 Fed rate cuts happen in 2026?,4733424.071515835,350288.03801,2026-12-31T00:00:00Z
2026-07-21 22:00:09+00:00,0.0015,616912,Will 10 Fed rate cuts happen in 2026?,4733424.071515835,350288.03801,2026-12-31T00:00:00Z
2026-07-21 23:00:21+00:00,0.0015,616912,Will 10 Fed rate cuts happen in 2026?,4733424.071515835,350288.03801,2026-12-31T00:00:00Z
2026-07-22 00:00:10+00:00,0.0015,616912,Will 10 Fed rate cuts happen in 2026?,4733424.071515835,350288.03801,2026-12-31T00:00:00Z
2026-07-22 01:00:07+00:00,0.0015,616912,Will 10 Fed rate cuts happen in 2026?,4733424.071515835,350288.03801,2026-12-31T00:00:00Z
2026-07-22 02:00:07+00:00,0.0015,616912,Will 10 Fed rate cuts happen in 2026?,4733424.071515835,350288.03801,2026-12-31T00:00:00Z
2026-07-22 03:00:11+00:00,0.0015,616912,Will 10 Fed rate cuts happen in 2026?,4733424.071515835,350288.03801,2026-12-31T00:00:00Z
2026-07-22 04:00:09+00:00,0.0015,616912,Will 10 Fed rate cuts happen in 2026?,4733424.071515835,350288.03801,2026-12-31T00:00:00Z
2026-07-22 05:00:06+00:00,0.0015,616912,Will 10 Fed rate cuts happen in 2026?,4733424.071515835,350288.03801,2026-12-31T00:00:00Z
2026-07-22 06:00:25+00:00,0.0015,616912,Will 10 Fed rate cuts happen in 2026?,4733424.071515835,350288.03801,2026-12-31T00:00:00Z
2026-07-22 07:00:09+00:00,0.0015,616912,Will 10 Fed rate cuts happen in 2026?,4733424.071515835,350288.03801,2026-12-31T00:00:00Z
2026-07-22 08:00:06+00:00,0.0015,616912,Will 10 Fed rate cuts happen in 2026?,4733424.071515835,350288.03801,2026-12-31T00:00:00Z
2026-07-22 09:00:12+00:00,0.0015,616912,Will 10 Fed rate cuts happen in 2026?,4733424.071515835,350288.03801,2026-12-31T00:00:00Z
2026-07-22 10:00:07+00:00,0.0015,616912,Will 10 Fed rate cuts happen in 2026?,4733424.071515835,350288.03801,2026-12-31T00:00:00Z
2026-07-22 11:00:06+00:00,0.0015,616912,Will 10 Fed rate cuts happen in 2026?,4733424.071515835,350288.03801,2026-12-31T00:00:00Z
2026-07-22 12:00:10+00:00,0.0015,616912,Will 10 Fed rate cuts happen in 2026?,4733424.071515835,350288.03801,2026-12-31T00:00:00Z
2026-07-22 13:00:07+00:00,0.0015,616912,Will 10 Fed rate cuts happen in 2026?,4733424.071515835,350288.03801,2026-12-31T00:00:00Z
2026-07-22 14:00:06+00:00,0.0015,616912,Will 10 Fed rate cuts happen in 2026?,4733424.071515835,350288.03801,2026-12-31T00:00:00Z
2026-07-22 15:00:11+00:00,0.0015,616912,Will 10 Fed rate cuts happen in 2026?,4733424.071515835,350288.03801,2026-12-31T00:00:00Z
2026-07-22 16:00:07+00:00,0.0015,616912,Will 10 Fed rate cuts happen in 2026?,4733424.071515835,350288.03801,2026-12-31T00:00:00Z
2026-07-22 17:00:19+00:00,0.0015,616912,Will 10 Fed rate cuts happen in 2026?,4733424.071515835,350288.03801,2026-12-31T00:00:00Z
2026-07-22 18:00:12+00:00,0.0015,616912,Will 10 Fed rate cuts happen in 2026?,4733424.071515835,350288.03801,2026-12-31T00:00:00Z
2026-07-22 19:00:07+00:00,0.0015,616912,Will 10 Fed rate cuts happen in 2026?,4733424.071515835,350288.03801,2026-12-31T00:00:00Z
2026-07-22 20:00:09+00:00,0.0015,616912,Will 10 Fed rate cuts happen in 2026?,4733424.071515835,350288.03801,2026-12-31T00:00:00Z
2026-07-22 21:00:11+00:00,0.0015,616912,Will 10 Fed rate cuts happen in 2026?,4733424.071515835,350288.03801,2026-12-31T00:00:00Z
2026-07-22 22:00:13+00:00,0.0015,616912,Will 10 Fed rate cuts happen in 2026?,4733424.071515835,350288.03801,2026-12-31T00:00:00Z
2026-07-22 23:00:08+00:00,0.0015,616912,Will 10 Fed rate cuts happen in 2026?,4733424.071515835,350288.03801,2026-12-31T00:00:00Z
2026-07-23 00:00:18+00:00,0.0015,616912,Will 10 Fed rate cuts happen in 2026?,4733424.071515835,350288.03801,2026-12-31T00:00:00Z
2026-07-23 01:00:21+00:00,0.0015,616912,Will 10 Fed rate cuts happen in 2026?,4733424.071515835,350288.03801,2026-12-31T00:00:00Z
2026-07-23 02:00:09+00:00,0.0015,616912,Will 10 Fed rate cuts happen in 2026?,4733424.071515835,350288.03801,2026-12-31T00:00:00Z
2026-07-23 03:00:13+00:00,0.0015,616912,Will 10 Fed rate cuts happen in 2026?,4733424.071515835,350288.03801,2026-12-31T00:00:00Z
2026-07-23 04:00:12+00:00,0.0015,616912,Will 10 Fed rate cuts happen in 2026?,4733424.071515835,350288.03801,2026-12-31T00:00:00Z
2026-07-23 05:00:22+00:00,0.0015,616912,Will 10 Fed rate cuts happen in 2026?,4733424.071515835,350288.03801,2026-12-31T00:00:00Z
2026-07-23 06:00:24+00:00,0.0015,616912,Will 10 Fed rate cuts happen in 2026?,4733424.071515835,350288.03801,2026-12-31T00:00:00Z
2026-07-23 07:00:14+00:00,0.0015,616912,Will 10 Fed rate cuts happen in 2026?,4733424.071515835,350288.03801,2026-12-31T00:00:00Z
2026-07-23 08:00:08+00:00,0.0015,616912,Will 10 Fed rate cuts happen in 2026?,4733424.071515835,350288.03801,2026-12-31T00:00:00Z
2026-07-23 09:00:18+00:00,0.0015,616912,Will 10 Fed rate cuts happen in 2026?,4733424.071515835,350288.03801,2026-12-31T00:00:00Z
2026-07-23 10:00:17+00:00,0.0015,616912,Will 10 Fed rate cuts happen in 2026?,4733424.071515835,350288.03801,2026-12-31T00:00:00Z
2026-07-23 11:00:11+00:00,0.0015,616912,Will 10 Fed rate cuts happen in 2026?,4733424.071515835,350288.03801,2026-12-31T00:00:00Z
2026-07-23 12:00:24+00:00,0.0015,616912,Will 10 Fed rate cuts happen in 2026?,4733424.071515835,350288.03801,2026-12-31T00:00:00Z
2026-07-23 13:00:13+00:00,0.0015,616912,Will 10 Fed rate cuts happen in 2026?,4733424.071515835,350288.03801,2026-12-31T00:00:00Z
2026-07-23 14:00:12+00:00,0.0015,616912,Will 10 Fed rate cuts happen in 2026?,4733424.071515835,350288.03801,2026-12-31T00:00:00Z
2026-07-23 15:00:22+00:00,0.0015,616912,Will 10 Fed rate cuts happen in 2026?,4733424.071515835,350288.03801,2026-12-31T00:00:00Z
2026-07-23 16:00:12+00:00,0.0015,616912,Will 10 Fed rate cuts happen in 2026?,4733424.071515835,350288.03801,2026-12-31T00:00:00Z
2026-07-23 17:00:24+00:00,0.0015,616912,Will 10 Fed rate cuts happen in 2026?,4733424.071515835,350288.03801,2026-12-31T00:00:00Z
2026-07-23 18:00:23+00:00,0.0015,616912,Will 10 Fed rate cuts happen in 2026?,4733424.071515835,350288.03801,2026-12-31T00:00:00Z
2026-07-23 19:00:16+00:00,0.0015,616912,Will 10 Fed rate cuts happen in 2026?,4733424.071515835,350288.03801,2026-12-31T00:00:00Z
2026-07-23 20:00:15+00:00,0.0015,616912,Will 10 Fed rate cuts happen in 2026?,4733424.071515835,350288.03801,2026-12-31T00:00:00Z
2026-07-23 21:00:21+00:00,0.0015,616912,Will 10 Fed rate cuts happen in 2026?,4733424.071515835,350288.03801,2026-12-31T00:00:00Z
2026-07-23 22:00:15+00:00,0.0015,616912,Will 10 Fed rate cuts happen in 2026?,4733424.071515835,350288.03801,2026-12-31T00:00:00Z
2026-07-23 23:00:14+00:00,0.0015,616912,Will 10 Fed rate cuts happen in 2026?,4733424.071515835,350288.03801,2026-12-31T00:00:00Z
2026-07-24 00:00:20+00:00,0.0015,616912,Will 10 Fed rate cuts happen in 2026?,4733424.071515835,350288.03801,2026-12-31T00:00:00Z
2026-07-24 01:00:10+00:00,0.0015,616912,Will 10 Fed rate cuts happen in 2026?,4733424.071515835,350288.03801,2026-12-31T00:00:00Z
2026-07-24 02:00:13+00:00,0.0015,616912,Will 10 Fed rate cuts happen in 2026?,4733424.071515835,350288.03801,2026-12-31T00:00:00Z
2026-07-24 03:00:22+00:00,0.0015,616912,Will 10 Fed rate cuts happen in 2026?,4733424.071515835,350288.03801,2026-12-31T00:00:00Z
2026-07-24 04:00:15+00:00,0.0015,616912,Will 10 Fed rate cuts happen in 2026?,4733424.071515835,350288.03801,2026-12-31T00:00:00Z
2026-07-24 05:00:25+00:00,0.0015,616912,Will 10 Fed rate cuts happen in 2026?,4733424.071515835,350288.03801,2026-12-31T00:00:00Z
2026-07-24 06:00:23+00:00,0.0015,616912,Will 10 Fed rate cuts happen in 2026?,4733424.071515835,350288.03801,2026-12-31T00:00:00Z
2026-07-24 07:00:12+00:00,0.0015,616912,Will 10 Fed rate cuts happen in 2026?,4733424.071515835,350288.03801,2026-12-31T00:00:00Z
2026-07-24 08:00:14+00:00,0.0015,616912,Will 10 Fed rate cuts happen in 2026?,4733424.071515835,350288.03801,2026-12-31T00:00:00Z
2026-07-24 09:00:22+00:00,0.0015,616912,Will 10 Fed rate cuts happen in 2026?,4733424.071515835,350288.03801,2026-12-31T00:00:00Z
2026-07-24 09:38:07+00:00,0.0015,616912,Will 10 Fed rate cuts happen in 2026?,4733424.071515835,350288.03801,2026-12-31T00:00:00Z
2026-07-10 10:00:18+00:00,0.075,653788,OpenAI announces it has achieved AGI before 2027?,89742.41586500005,6147.47,2026-12-31T00:00:00Z
2026-07-10 11:00:06+00:00,0.075,653788,OpenAI announces it has achieved AGI before 2027?,89742.41586500005,6147.47,2026-12-31T00:00:00Z
2026-07-10 12:00:09+00:00,0.075,653788,OpenAI announces it has achieved AGI before 2027?,89742.41586500005,6147.47,2026-12-31T00:00:00Z
2026-07-10 13:00:06+00:00,0.075,653788,OpenAI announces it has achieved AGI before 2027?,89742.41586500005,6147.47,2026-12-31T00:00:00Z
2026-07-10 14:00:06+00:00,0.075,653788,OpenAI announces it has achieved AGI before 2027?,89742.41586500005,6147.47,2026-12-31T00:00:00Z
2026-07-10 15:00:08+00:00,0.075,653788,OpenAI announces it has achieved AGI before 2027?,89742.41586500005,6147.47,2026-12-31T00:00:00Z
2026-07-10 16:00:07+00:00,0.075,653788,OpenAI announces it has achieved AGI before 2027?,89742.41586500005,6147.47,2026-12-31T00:00:00Z
2026-07-10 17:00:06+00:00,0.075,653788,OpenAI announces it has achieved AGI before 2027?,89742.41586500005,6147.47,2026-12-31T00:00:00Z
2026-07-10 18:00:08+00:00,0.075,653788,OpenAI announces it has achieved AGI before 2027?,89742.41586500005,6147.47,2026-12-31T00:00:00Z
2026-07-10 19:00:06+00:00,0.075,653788,OpenAI announces it has achieved AGI before 2027?,89742.41586500005,6147.47,2026-12-31T00:00:00Z
2026-07-10 20:00:07+00:00,0.075,653788,OpenAI announces it has achieved AGI before 2027?,89742.41586500005,6147.47,2026-12-31T00:00:00Z
2026-07-10 21:00:08+00:00,0.075,653788,OpenAI announces it has achieved AGI before 2027?,89742.41586500005,6147.47,2026-12-31T00:00:00Z
2026-07-10 23:00:23+00:00,0.075,653788,OpenAI announces it has achieved AGI before 2027?,89742.41586500005,6147.47,2026-12-31T00:00:00Z
2026-07-11 00:00:10+00:00,0.075,653788,OpenAI announces it has achieved AGI before 2027?,89742.41586500005,6147.47,2026-12-31T00:00:00Z
2026-07-11 01:00:06+00:00,0.075,653788,OpenAI announces it has achieved AGI before 2027?,89742.41586500005,6147.47,2026-12-31T00:00:00Z
2026-07-11 02:00:07+00:00,0.075,653788,OpenAI announces it has achieved AGI before 2027?,89742.41586500005,6147.47,2026-12-31T00:00:00Z
2026-07-11 03:00:07+00:00,0.075,653788,OpenAI announces it has achieved AGI before 2027?,89742.41586500005,6147.47,2026-12-31T00:00:00Z
2026-07-11 04:00:08+00:00,0.075,653788,OpenAI announces it has achieved AGI before 2027?,89742.41586500005,6147.47,2026-12-31T00:00:00Z
2026-07-11 05:00:07+00:00,0.075,653788,OpenAI announces it has achieved AGI before 2027?,89742.41586500005,6147.47,2026-12-31T00:00:00Z
2026-07-11 06:00:14+00:00,0.075,653788,OpenAI announces it has achieved AGI before 2027?,89742.41586500005,6147.47,2026-12-31T00:00:00Z
2026-07-11 07:00:07+00:00,0.075,653788,OpenAI announces it has achieved AGI before 2027?,89742.41586500005,6147.47,2026-12-31T00:00:00Z
2026-07-11 08:00:07+00:00,0.075,653788,OpenAI announces it has achieved AGI before 2027?,89742.41586500005,6147.47,2026-12-31T00:00:00Z
2026-07-11 09:00:07+00:00,0.075,653788,OpenAI announces it has achieved AGI before 2027?,89742.41586500005,6147.47,2026-12-31T00:00:00Z
2026-07-11 10:00:06+00:00,0.075,653788,OpenAI announces it has achieved AGI before 2027?,89742.41586500005,6147.47,2026-12-31T00:00:00Z
2026-07-11 11:00:06+00:00,0.075,653788,OpenAI announces it has achieved AGI before 2027?,89742.41586500005,6147.47,2026-12-31T00:00:00Z
2026-07-11 12:00:11+00:00,0.075,653788,OpenAI announces it has achieved AGI before 2027?,89742.41586500005,6147.47,2026-12-31T00:00:00Z
2026-07-11 13:00:06+00:00,0.075,653788,OpenAI announces it has achieved AGI before 2027?,89742.41586500005,6147.47,2026-12-31T00:00:00Z
2026-07-11 14:00:07+00:00,0.075,653788,OpenAI announces it has achieved AGI before 2027?,89742.41586500005,6147.47,2026-12-31T00:00:00Z
2026-07-11 15:00:09+00:00,0.075,653788,OpenAI announces it has achieved AGI before 2027?,89742.41586500005,6147.47,2026-12-31T00:00:00Z
2026-07-11 16:00:06+00:00,0.075,653788,OpenAI announces it has achieved AGI before 2027?,89742.41586500005,6147.47,2026-12-31T00:00:00Z
2026-07-11 17:00:12+00:00,0.075,653788,OpenAI announces it has achieved AGI before 2027?,89742.41586500005,6147.47,2026-12-31T00:00:00Z
2026-07-11 18:00:09+00:00,0.075,653788,OpenAI announces it has achieved AGI before 2027?,89742.41586500005,6147.47,2026-12-31T00:00:00Z
2026-07-11 19:00:08+00:00,0.075,653788,OpenAI announces it has achieved AGI before 2027?,89742.41586500005,6147.47,2026-12-31T00:00:00Z
2026-07-11 20:00:09+00:00,0.075,653788,OpenAI announces it has achieved AGI before 2027?,89742.41586500005,6147.47,2026-12-31T00:00:00Z
2026-07-11 21:00:09+00:00,0.075,653788,OpenAI announces it has achieved AGI before 2027?,89742.41586500005,6147.47,2026-12-31T00:00:00Z
2026-07-11 22:00:05+00:00,0.075,653788,OpenAI announces it has achieved AGI before 2027?,89742.41586500005,6147.47,2026-12-31T00:00:00Z
2026-07-11 23:00:06+00:00,0.075,653788,OpenAI announces it has achieved AGI before 2027?,89742.41586500005,6147.47,2026-12-31T00:00:00Z
2026-07-12 00:00:23+00:00,0.075,653788,OpenAI announces it has achieved AGI before 2027?,89742.41586500005,6147.47,2026-12-31T00:00:00Z
2026-07-12 01:00:06+00:00,0.075,653788,OpenAI announces it has achieved AGI before 2027?,89742.41586500005,6147.47,2026-12-31T00:00:00Z
2026-07-12 02:00:07+00:00,0.075,653788,OpenAI announces it has achieved AGI before 2027?,89742.41586500005,6147.47,2026-12-31T00:00:00Z
2026-07-12 03:00:08+00:00,0.075,653788,OpenAI announces it has achieved AGI before 2027?,89742.41586500005,6147.47,2026-12-31T00:00:00Z
2026-07-12 04:00:06+00:00,0.075,653788,OpenAI announces it has achieved AGI before 2027?,89742.41586500005,6147.47,2026-12-31T00:00:00Z
2026-07-12 05:00:05+00:00,0.075,653788,OpenAI announces it has achieved AGI before 2027?,89742.41586500005,6147.47,2026-12-31T00:00:00Z
2026-07-12 06:00:08+00:00,0.075,653788,OpenAI announces it has achieved AGI before 2027?,89742.41586500005,6147.47,2026-12-31T00:00:00Z
2026-07-12 07:00:15+00:00,0.075,653788,OpenAI announces it has achieved AGI before 2027?,89742.41586500005,6147.47,2026-12-31T00:00:00Z
2026-07-12 08:00:05+00:00,0.075,653788,OpenAI announces it has achieved AGI before 2027?,89742.41586500005,6147.47,2026-12-31T00:00:00Z
2026-07-12 09:00:08+00:00,0.075,653788,OpenAI announces it has achieved AGI before 2027?,89742.41586500005,6147.47,2026-12-31T00:00:00Z
2026-07-12 10:00:07+00:00,0.075,653788,OpenAI announces it has achieved AGI before 2027?,89742.41586500005,6147.47,2026-12-31T00:00:00Z
2026-07-12 11:00:20+00:00,0.075,653788,OpenAI announces it has achieved AGI before 2027?,89742.41586500005,6147.47,2026-12-31T00:00:00Z
2026-07-12 12:00:12+00:00,0.075,653788,OpenAI announces it has achieved AGI before 2027?,89742.41586500005,6147.47,2026-12-31T00:00:00Z
2026-07-12 13:00:07+00:00,0.075,653788,OpenAI announces it has achieved AGI before 2027?,89742.41586500005,6147.47,2026-12-31T00:00:00Z
2026-07-12 14:00:08+00:00,0.075,653788,OpenAI announces it has achieved AGI before 2027?,89742.41586500005,6147.47,2026-12-31T00:00:00Z
2026-07-12 15:00:08+00:00,0.075,653788,OpenAI announces it has achieved AGI before 2027?,89742.41586500005,6147.47,2026-12-31T00:00:00Z
2026-07-12 16:00:06+00:00,0.075,653788,OpenAI announces it has achieved AGI before 2027?,89742.41586500005,6147.47,2026-12-31T00:00:00Z
2026-07-12 17:00:08+00:00,0.075,653788,OpenAI announces it has achieved AGI before 2027?,89742.41586500005,6147.47,2026-12-31T00:00:00Z
2026-07-12 18:00:09+00:00,0.075,653788,OpenAI announces it has achieved AGI before 2027?,89742.41586500005,6147.47,2026-12-31T00:00:00Z
2026-07-12 19:00:10+00:00,0.075,653788,OpenAI announces it has achieved AGI before 2027?,89742.41586500005,6147.47,2026-12-31T00:00:00Z
2026-07-12 20:00:07+00:00,0.075,653788,OpenAI announces it has achieved AGI before 2027?,89742.41586500005,6147.47,2026-12-31T00:00:00Z
2026-07-12 21:00:10+00:00,0.075,653788,OpenAI announces it has achieved AGI before 2027?,89742.41586500005,6147.47,2026-12-31T00:00:00Z
2026-07-12 22:00:15+00:00,0.075,653788,OpenAI announces it has achieved AGI before 2027?,89742.41586500005,6147.47,2026-12-31T00:00:00Z
2026-07-12 23:00:07+00:00,0.075,653788,OpenAI announces it has achieved AGI before 2027?,89742.41586500005,6147.47,2026-12-31T00:00:00Z
2026-07-13 00:00:13+00:00,0.075,653788,OpenAI announces it has achieved AGI before 2027?,89742.41586500005,6147.47,2026-12-31T00:00:00Z
2026-07-13 01:00:09+00:00,0.075,653788,OpenAI announces it has achieved AGI before 2027?,89742.41586500005,6147.47,2026-12-31T00:00:00Z
2026-07-13 02:00:06+00:00,0.075,653788,OpenAI announces it has achieved AGI before 2027?,89742.41586500005,6147.47,2026-12-31T00:00:00Z
2026-07-13 03:00:08+00:00,0.095,653788,OpenAI announces it has achieved AGI before 2027?,89742.41586500005,6147.47,2026-12-31T00:00:00Z
2026-07-13 04:00:09+00:00,0.1,653788,OpenAI announces it has achieved AGI before 2027?,89742.41586500005,6147.47,2026-12-31T00:00:00Z
2026-07-13 05:00:10+00:00,0.1,653788,OpenAI announces it has achieved AGI before 2027?,89742.41586500005,6147.47,2026-12-31T00:00:00Z
2026-07-13 06:00:10+00:00,0.1,653788,OpenAI announces it has achieved AGI before 2027?,89742.41586500005,6147.47,2026-12-31T00:00:00Z
2026-07-13 07:00:12+00:00,0.1,653788,OpenAI announces it has achieved AGI before 2027?,89742.41586500005,6147.47,2026-12-31T00:00:00Z
2026-07-13 08:00:09+00:00,0.095,653788,OpenAI announces it has achieved AGI before 2027?,89742.41586500005,6147.47,2026-12-31T00:00:00Z
2026-07-13 09:00:09+00:00,0.095,653788,OpenAI announces it has achieved AGI before 2027?,89742.41586500005,6147.47,2026-12-31T00:00:00Z
2026-07-13 10:00:07+00:00,0.095,653788,OpenAI announces it has achieved AGI before 2027?,89742.41586500005,6147.47,2026-12-31T00:00:00Z
2026-07-13 11:00:07+00:00,0.095,653788,OpenAI announces it has achieved AGI before 2027?,89742.41586500005,6147.47,2026-12-31T00:00:00Z
2026-07-13 12:00:13+00:00,0.095,653788,OpenAI announces it has achieved AGI before 2027?,89742.41586500005,6147.47,2026-12-31T00:00:00Z
2026-07-13 13:00:07+00:00,0.1,653788,OpenAI announces it has achieved AGI before 2027?,89742.41586500005,6147.47,2026-12-31T00:00:00Z
2026-07-13 14:00:21+00:00,0.1,653788,OpenAI announces it has achieved AGI before 2027?,89742.41586500005,6147.47,2026-12-31T00:00:00Z
2026-07-13 15:00:26+00:00,0.1,653788,OpenAI announces it has achieved AGI before 2027?,89742.41586500005,6147.47,2026-12-31T00:00:00Z
2026-07-13 16:00:07+00:00,0.1,653788,OpenAI announces it has achieved AGI before 2027?,89742.41586500005,6147.47,2026-12-31T00:00:00Z
2026-07-13 17:00:15+00:00,0.1,653788,OpenAI announces it has achieved AGI before 2027?,89742.41586500005,6147.47,2026-12-31T00:00:00Z
2026-07-13 18:00:09+00:00,0.1,653788,OpenAI announces it has achieved AGI before 2027?,89742.41586500005,6147.47,2026-12-31T00:00:00Z
2026-07-13 19:00:08+00:00,0.105,653788,OpenAI announces it has achieved AGI before 2027?,89742.41586500005,6147.47,2026-12-31T00:00:00Z
2026-07-13 20:00:09+00:00,0.105,653788,OpenAI announces it has achieved AGI before 2027?,89742.41586500005,6147.47,2026-12-31T00:00:00Z
2026-07-13 21:00:10+00:00,0.105,653788,OpenAI announces it has achieved AGI before 2027?,89742.41586500005,6147.47,2026-12-31T00:00:00Z
2026-07-13 22:00:07+00:00,0.105,653788,OpenAI announces it has achieved AGI before 2027?,89742.41586500005,6147.47,2026-12-31T00:00:00Z
2026-07-13 23:00:08+00:00,0.105,653788,OpenAI announces it has achieved AGI before 2027?,89742.41586500005,6147.47,2026-12-31T00:00:00Z
2026-07-14 00:00:10+00:00,0.105,653788,OpenAI announces it has achieved AGI before 2027?,89742.41586500005,6147.47,2026-12-31T00:00:00Z
2026-07-14 01:00:05+00:00,0.105,653788,OpenAI announces it has achieved AGI before 2027?,89742.41586500005,6147.47,2026-12-31T00:00:00Z
2026-07-14 02:00:05+00:00,0.105,653788,OpenAI announces it has achieved AGI before 2027?,89742.41586500005,6147.47,2026-12-31T00:00:00Z
2026-07-14 03:00:10+00:00,0.105,653788,OpenAI announces it has achieved AGI before 2027?,89742.41586500005,6147.47,2026-12-31T00:00:00Z
2026-07-14 04:00:06+00:00,0.105,653788,OpenAI announces it has achieved AGI before 2027?,89742.41586500005,6147.47,2026-12-31T00:00:00Z
2026-07-14 05:00:06+00:00,0.105,653788,OpenAI announces it has achieved AGI before 2027?,89742.41586500005,6147.47,2026-12-31T00:00:00Z
2026-07-14 06:00:10+00:00,0.105,653788,OpenAI announces it has achieved AGI before 2027?,89742.41586500005,6147.47,2026-12-31T00:00:00Z
2026-07-14 07:00:13+00:00,0.105,653788,OpenAI announces it has achieved AGI before 2027?,89742.41586500005,6147.47,2026-12-31T00:00:00Z
2026-07-14 08:00:06+00:00,0.105,653788,OpenAI announces it has achieved AGI before 2027?,89742.41586500005,6147.47,2026-12-31T00:00:00Z
2026-07-14 09:00:08+00:00,0.105,653788,OpenAI announces it has achieved AGI before 2027?,89742.41586500005,6147.47,2026-12-31T00:00:00Z
2026-07-14 10:00:08+00:00,0.105,653788,OpenAI announces it has achieved AGI before 2027?,89742.41586500005,6147.47,2026-12-31T00:00:00Z
2026-07-14 11:00:07+00:00,0.105,653788,OpenAI announces it has achieved AGI before 2027?,89742.41586500005,6147.47,2026-12-31T00:00:00Z
2026-07-14 12:00:16+00:00,0.105,653788,OpenAI announces it has achieved AGI before 2027?,89742.41586500005,6147.47,2026-12-31T00:00:00Z
2026-07-14 13:00:09+00:00,0.105,653788,OpenAI announces it has achieved AGI before 2027?,89742.41586500005,6147.47,2026-12-31T00:00:00Z
2026-07-14 14:00:13+00:00,0.105,653788,OpenAI announces it has achieved AGI before 2027?,89742.41586500005,6147.47,2026-12-31T00:00:00Z
2026-07-14 15:00:11+00:00,0.105,653788,OpenAI announces it has achieved AGI before 2027?,89742.41586500005,6147.47,2026-12-31T00:00:00Z
2026-07-14 16:00:14+00:00,0.105,653788,OpenAI announces it has achieved AGI before 2027?,89742.41586500005,6147.47,2026-12-31T00:00:00Z
2026-07-14 17:00:37+00:00,0.105,653788,OpenAI announces it has achieved AGI before 2027?,89742.41586500005,6147.47,2026-12-31T00:00:00Z
2026-07-14 18:00:20+00:00,0.105,653788,OpenAI announces it has achieved AGI before 2027?,89742.41586500005,6147.47,2026-12-31T00:00:00Z
2026-07-14 19:00:10+00:00,0.105,653788,OpenAI announces it has achieved AGI before 2027?,89742.41586500005,6147.47,2026-12-31T00:00:00Z
2026-07-14 20:00:09+00:00,0.105,653788,OpenAI announces it has achieved AGI before 2027?,89742.41586500005,6147.47,2026-12-31T00:00:00Z
2026-07-14 21:00:11+00:00,0.105,653788,OpenAI announces it has achieved AGI before 2027?,89742.41586500005,6147.47,2026-12-31T00:00:00Z
2026-07-14 22:00:07+00:00,0.105,653788,OpenAI announces it has achieved AGI before 2027?,89742.41586500005,6147.47,2026-12-31T00:00:00Z
2026-07-14 23:00:08+00:00,0.105,653788,OpenAI announces it has achieved AGI before 2027?,89742.41586500005,6147.47,2026-12-31T00:00:00Z
2026-07-15 00:00:17+00:00,0.105,653788,OpenAI announces it has achieved AGI before 2027?,89742.41586500005,6147.47,2026-12-31T00:00:00Z
2026-07-15 01:00:09+00:00,0.105,653788,OpenAI announces it has achieved AGI before 2027?,89742.41586500005,6147.47,2026-12-31T00:00:00Z
2026-07-15 02:00:12+00:00,0.105,653788,OpenAI announces it has achieved AGI before 2027?,89742.41586500005,6147.47,2026-12-31T00:00:00Z
2026-07-15 03:00:15+00:00,0.105,653788,OpenAI announces it has achieved AGI before 2027?,89742.41586500005,6147.47,2026-12-31T00:00:00Z
2026-07-15 04:00:08+00:00,0.105,653788,OpenAI announces it has achieved AGI before 2027?,89742.41586500005,6147.47,2026-12-31T00:00:00Z
2026-07-15 05:00:23+00:00,0.105,653788,OpenAI announces it has achieved AGI before 2027?,89742.41586500005,6147.47,2026-12-31T00:00:00Z
2026-07-15 06:00:14+00:00,0.105,653788,OpenAI announces it has achieved AGI before 2027?,89742.41586500005,6147.47,2026-12-31T00:00:00Z
2026-07-15 07:00:25+00:00,0.105,653788,OpenAI announces it has achieved AGI before 2027?,89742.41586500005,6147.47,2026-12-31T00:00:00Z
2026-07-15 08:00:24+00:00,0.105,653788,OpenAI announces it has achieved AGI before 2027?,89742.41586500005,6147.47,2026-12-31T00:00:00Z
2026-07-15 09:00:11+00:00,0.105,653788,OpenAI announces it has achieved AGI before 2027?,89742.41586500005,6147.47,2026-12-31T00:00:00Z
2026-07-15 10:00:07+00:00,0.105,653788,OpenAI announces it has achieved AGI before 2027?,89742.41586500005,6147.47,2026-12-31T00:00:00Z
2026-07-15 11:00:10+00:00,0.105,653788,OpenAI announces it has achieved AGI before 2027?,89742.41586500005,6147.47,2026-12-31T00:00:00Z
2026-07-15 12:00:28+00:00,0.105,653788,OpenAI announces it has achieved AGI before 2027?,89742.41586500005,6147.47,2026-12-31T00:00:00Z
2026-07-15 13:00:09+00:00,0.105,653788,OpenAI announces it has achieved AGI before 2027?,89742.41586500005,6147.47,2026-12-31T00:00:00Z
2026-07-15 14:00:09+00:00,0.105,653788,OpenAI announces it has achieved AGI before 2027?,89742.41586500005,6147.47,2026-12-31T00:00:00Z
2026-07-15 15:00:16+00:00,0.105,653788,OpenAI announces it has achieved AGI before 2027?,89742.41586500005,6147.47,2026-12-31T00:00:00Z
2026-07-15 16:00:08+00:00,0.105,653788,OpenAI announces it has achieved AGI before 2027?,89742.41586500005,6147.47,2026-12-31T00:00:00Z
2026-07-15 17:00:18+00:00,0.105,653788,OpenAI announces it has achieved AGI before 2027?,89742.41586500005,6147.47,2026-12-31T00:00:00Z
2026-07-15 18:00:16+00:00,0.105,653788,OpenAI announces it has achieved AGI before 2027?,89742.41586500005,6147.47,2026-12-31T00:00:00Z
2026-07-15 19:00:11+00:00,0.105,653788,OpenAI announces it has achieved AGI before 2027?,89742.41586500005,6147.47,2026-12-31T00:00:00Z
2026-07-15 20:00:10+00:00,0.105,653788,OpenAI announces it has achieved AGI before 2027?,89742.41586500005,6147.47,2026-12-31T00:00:00Z
2026-07-15 21:00:13+00:00,0.105,653788,OpenAI announces it has achieved AGI before 2027?,89742.41586500005,6147.47,2026-12-31T00:00:00Z
2026-07-15 22:00:07+00:00,0.105,653788,OpenAI announces it has achieved AGI before 2027?,89742.41586500005,6147.47,2026-12-31T00:00:00Z
2026-07-15 23:00:08+00:00,0.105,653788,OpenAI announces it has achieved AGI before 2027?,89742.41586500005,6147.47,2026-12-31T00:00:00Z
2026-07-16 00:00:15+00:00,0.105,653788,OpenAI announces it has achieved AGI before 2027?,89742.41586500005,6147.47,2026-12-31T00:00:00Z
2026-07-16 01:00:06+00:00,0.105,653788,OpenAI announces it has achieved AGI before 2027?,89742.41586500005,6147.47,2026-12-31T00:00:00Z
2026-07-16 02:00:06+00:00,0.105,653788,OpenAI announces it has achieved AGI before 2027?,89742.41586500005,6147.47,2026-12-31T00:00:00Z
2026-07-16 03:00:13+00:00,0.105,653788,OpenAI announces it has achieved AGI before 2027?,89742.41586500005,6147.47,2026-12-31T00:00:00Z
2026-07-16 04:00:08+00:00,0.105,653788,OpenAI announces it has achieved AGI before 2027?,89742.41586500005,6147.47,2026-12-31T00:00:00Z
2026-07-16 05:00:09+00:00,0.105,653788,OpenAI announces it has achieved AGI before 2027?,89742.41586500005,6147.47,2026-12-31T00:00:00Z
2026-07-16 06:00:35+00:00,0.105,653788,OpenAI announces it has achieved AGI before 2027?,89742.41586500005,6147.47,2026-12-31T00:00:00Z
2026-07-16 07:00:11+00:00,0.105,653788,OpenAI announces it has achieved AGI before 2027?,89742.41586500005,6147.47,2026-12-31T00:00:00Z
2026-07-16 08:00:06+00:00,0.105,653788,OpenAI announces it has achieved AGI before 2027?,89742.41586500005,6147.47,2026-12-31T00:00:00Z
2026-07-16 09:00:13+00:00,0.105,653788,OpenAI announces it has achieved AGI before 2027?,89742.41586500005,6147.47,2026-12-31T00:00:00Z
2026-07-16 10:00:10+00:00,0.105,653788,OpenAI announces it has achieved AGI before 2027?,89742.41586500005,6147.47,2026-12-31T00:00:00Z
2026-07-16 11:00:09+00:00,0.105,653788,OpenAI announces it has achieved AGI before 2027?,89742.41586500005,6147.47,2026-12-31T00:00:00Z
2026-07-16 12:00:12+00:00,0.105,653788,OpenAI announces it has achieved AGI before 2027?,89742.41586500005,6147.47,2026-12-31T00:00:00Z
2026-07-16 13:00:10+00:00,0.105,653788,OpenAI announces it has achieved AGI before 2027?,89742.41586500005,6147.47,2026-12-31T00:00:00Z
2026-07-16 14:00:08+00:00,0.105,653788,OpenAI announces it has achieved AGI before 2027?,89742.41586500005,6147.47,2026-12-31T00:00:00Z
2026-07-16 15:00:15+00:00,0.105,653788,OpenAI announces it has achieved AGI before 2027?,89742.41586500005,6147.47,2026-12-31T00:00:00Z
2026-07-16 16:00:07+00:00,0.105,653788,OpenAI announces it has achieved AGI before 2027?,89742.41586500005,6147.47,2026-12-31T00:00:00Z
2026-07-16 17:00:09+00:00,0.105,653788,OpenAI announces it has achieved AGI before 2027?,89742.41586500005,6147.47,2026-12-31T00:00:00Z
2026-07-16 18:00:26+00:00,0.105,653788,OpenAI announces it has achieved AGI before 2027?,89742.41586500005,6147.47,2026-12-31T00:00:00Z
2026-07-16 19:00:09+00:00,0.105,653788,OpenAI announces it has achieved AGI before 2027?,89742.41586500005,6147.47,2026-12-31T00:00:00Z
2026-07-16 20:00:10+00:00,0.105,653788,OpenAI announces it has achieved AGI before 2027?,89742.41586500005,6147.47,2026-12-31T00:00:00Z
2026-07-16 21:00:12+00:00,0.105,653788,OpenAI announces it has achieved AGI before 2027?,89742.41586500005,6147.47,2026-12-31T00:00:00Z
2026-07-16 22:00:09+00:00,0.105,653788,OpenAI announces it has achieved AGI before 2027?,89742.41586500005,6147.47,2026-12-31T00:00:00Z
2026-07-16 23:00:11+00:00,0.105,653788,OpenAI announces it has achieved AGI before 2027?,89742.41586500005,6147.47,2026-12-31T00:00:00Z
2026-07-17 00:00:17+00:00,0.105,653788,OpenAI announces it has achieved AGI before 2027?,89742.41586500005,6147.47,2026-12-31T00:00:00Z
2026-07-17 01:00:07+00:00,0.105,653788,OpenAI announces it has achieved AGI before 2027?,89742.41586500005,6147.47,2026-12-31T00:00:00Z
2026-07-17 02:00:11+00:00,0.105,653788,OpenAI announces it has achieved AGI before 2027?,89742.41586500005,6147.47,2026-12-31T00:00:00Z
2026-07-17 03:00:16+00:00,0.105,653788,OpenAI announces it has achieved AGI before 2027?,89742.41586500005,6147.47,2026-12-31T00:00:00Z
2026-07-17 04:00:14+00:00,0.105,653788,OpenAI announces it has achieved AGI before 2027?,89742.41586500005,6147.47,2026-12-31T00:00:00Z
2026-07-17 05:00:14+00:00,0.105,653788,OpenAI announces it has achieved AGI before 2027?,89742.41586500005,6147.47,2026-12-31T00:00:00Z
2026-07-17 06:00:20+00:00,0.105,653788,OpenAI announces it has achieved AGI before 2027?,89742.41586500005,6147.47,2026-12-31T00:00:00Z
2026-07-17 07:00:06+00:00,0.105,653788,OpenAI announces it has achieved AGI before 2027?,89742.41586500005,6147.47,2026-12-31T00:00:00Z
2026-07-17 08:00:07+00:00,0.105,653788,OpenAI announces it has achieved AGI before 2027?,89742.41586500005,6147.47,2026-12-31T00:00:00Z
2026-07-17 09:00:12+00:00,0.105,653788,OpenAI announces it has achieved AGI before 2027?,89742.41586500005,6147.47,2026-12-31T00:00:00Z
2026-07-17 10:00:16+00:00,0.105,653788,OpenAI announces it has achieved AGI before 2027?,89742.41586500005,6147.47,2026-12-31T00:00:00Z
2026-07-17 11:00:10+00:00,0.105,653788,OpenAI announces it has achieved AGI before 2027?,89742.41586500005,6147.47,2026-12-31T00:00:00Z
2026-07-17 12:00:19+00:00,0.105,653788,OpenAI announces it has achieved AGI before 2027?,89742.41586500005,6147.47,2026-12-31T00:00:00Z
2026-07-17 13:00:10+00:00,0.105,653788,OpenAI announces it has achieved AGI before 2027?,89742.41586500005,6147.47,2026-12-31T00:00:00Z
2026-07-17 14:00:11+00:00,0.105,653788,OpenAI announces it has achieved AGI before 2027?,89742.41586500005,6147.47,2026-12-31T00:00:00Z
2026-07-17 15:00:15+00:00,0.105,653788,OpenAI announces it has achieved AGI before 2027?,89742.41586500005,6147.47,2026-12-31T00:00:00Z
2026-07-17 16:00:26+00:00,0.105,653788,OpenAI announces it has achieved AGI before 2027?,89742.41586500005,6147.47,2026-12-31T00:00:00Z
2026-07-17 17:00:19+00:00,0.105,653788,OpenAI announces it has achieved AGI before 2027?,89742.41586500005,6147.47,2026-12-31T00:00:00Z
2026-07-17 18:00:32+00:00,0.105,653788,OpenAI announces it has achieved AGI before 2027?,89742.41586500005,6147.47,2026-12-31T00:00:00Z
2026-07-17 19:00:10+00:00,0.105,653788,OpenAI announces it has achieved AGI before 2027?,89742.41586500005,6147.47,2026-12-31T00:00:00Z
2026-07-17 20:00:11+00:00,0.105,653788,OpenAI announces it has achieved AGI before 2027?,89742.41586500005,6147.47,2026-12-31T00:00:00Z
2026-07-17 21:00:13+00:00,0.105,653788,OpenAI announces it has achieved AGI before 2027?,89742.41586500005,6147.47,2026-12-31T00:00:00Z
2026-07-17 22:00:12+00:00,0.105,653788,OpenAI announces it has achieved AGI before 2027?,89742.41586500005,6147.47,2026-12-31T00:00:00Z
2026-07-17 23:00:11+00:00,0.105,653788,OpenAI announces it has achieved AGI before 2027?,89742.41586500005,6147.47,2026-12-31T00:00:00Z
2026-07-18 00:00:12+00:00,0.105,653788,OpenAI announces it has achieved AGI before 2027?,89742.41586500005,6147.47,2026-12-31T00:00:00Z
2026-07-18 01:00:07+00:00,0.105,653788,OpenAI announces it has achieved AGI before 2027?,89742.41586500005,6147.47,2026-12-31T00:00:00Z
2026-07-18 02:00:08+00:00,0.105,653788,OpenAI announces it has achieved AGI before 2027?,89742.41586500005,6147.47,2026-12-31T00:00:00Z
2026-07-18 03:00:12+00:00,0.105,653788,OpenAI announces it has achieved AGI before 2027?,89742.41586500005,6147.47,2026-12-31T00:00:00Z
2026-07-18 04:00:12+00:00,0.105,653788,OpenAI announces it has achieved AGI before 2027?,89742.41586500005,6147.47,2026-12-31T00:00:00Z
2026-07-18 05:00:09+00:00,0.105,653788,OpenAI announces it has achieved AGI before 2027?,89742.41586500005,6147.47,2026-12-31T00:00:00Z
2026-07-18 06:00:14+00:00,0.105,653788,OpenAI announces it has achieved AGI before 2027?,89742.41586500005,6147.47,2026-12-31T00:00:00Z
2026-07-18 07:00:14+00:00,0.105,653788,OpenAI announces it has achieved AGI before 2027?,89742.41586500005,6147.47,2026-12-31T00:00:00Z
2026-07-18 08:00:08+00:00,0.105,653788,OpenAI announces it has achieved AGI before 2027?,89742.41586500005,6147.47,2026-12-31T00:00:00Z
2026-07-18 09:00:17+00:00,0.105,653788,OpenAI announces it has achieved AGI before 2027?,89742.41586500005,6147.47,2026-12-31T00:00:00Z
2026-07-18 10:00:10+00:00,0.105,653788,OpenAI announces it has achieved AGI before 2027?,89742.41586500005,6147.47,2026-12-31T00:00:00Z
2026-07-18 11:00:14+00:00,0.105,653788,OpenAI announces it has achieved AGI before 2027?,89742.41586500005,6147.47,2026-12-31T00:00:00Z
2026-07-18 12:00:29+00:00,0.105,653788,OpenAI announces it has achieved AGI before 2027?,89742.41586500005,6147.47,2026-12-31T00:00:00Z
2026-07-18 13:00:11+00:00,0.105,653788,OpenAI announces it has achieved AGI before 2027?,89742.41586500005,6147.47,2026-12-31T00:00:00Z
2026-07-18 14:00:12+00:00,0.105,653788,OpenAI announces it has achieved AGI before 2027?,89742.41586500005,6147.47,2026-12-31T00:00:00Z
2026-07-18 15:00:24+00:00,0.105,653788,OpenAI announces it has achieved AGI before 2027?,89742.41586500005,6147.47,2026-12-31T00:00:00Z
2026-07-18 16:00:12+00:00,0.105,653788,OpenAI announces it has achieved AGI before 2027?,89742.41586500005,6147.47,2026-12-31T00:00:00Z
2026-07-18 17:00:21+00:00,0.105,653788,OpenAI announces it has achieved AGI before 2027?,89742.41586500005,6147.47,2026-12-31T00:00:00Z
2026-07-18 18:00:17+00:00,0.105,653788,OpenAI announces it has achieved AGI before 2027?,89742.41586500005,6147.47,2026-12-31T00:00:00Z
2026-07-18 19:00:11+00:00,0.105,653788,OpenAI announces it has achieved AGI before 2027?,89742.41586500005,6147.47,2026-12-31T00:00:00Z
2026-07-18 20:00:18+00:00,0.105,653788,OpenAI announces it has achieved AGI before 2027?,89742.41586500005,6147.47,2026-12-31T00:00:00Z
2026-07-18 21:00:20+00:00,0.105,653788,OpenAI announces it has achieved AGI before 2027?,89742.41586500005,6147.47,2026-12-31T00:00:00Z
2026-07-18 22:00:14+00:00,0.105,653788,OpenAI announces it has achieved AGI before 2027?,89742.41586500005,6147.47,2026-12-31T00:00:00Z
2026-07-18 23:00:14+00:00,0.105,653788,OpenAI announces it has achieved AGI before 2027?,89742.41586500005,6147.47,2026-12-31T00:00:00Z
2026-07-19 00:00:23+00:00,0.105,653788,OpenAI announces it has achieved AGI before 2027?,89742.41586500005,6147.47,2026-12-31T00:00:00Z
2026-07-19 01:00:10+00:00,0.105,653788,OpenAI announces it has achieved AGI before 2027?,89742.41586500005,6147.47,2026-12-31T00:00:00Z
2026-07-19 02:00:09+00:00,0.105,653788,OpenAI announces it has achieved AGI before 2027?,89742.41586500005,6147.47,2026-12-31T00:00:00Z
2026-07-19 03:00:20+00:00,0.105,653788,OpenAI announces it has achieved AGI before 2027?,89742.41586500005,6147.47,2026-12-31T00:00:00Z
2026-07-19 04:00:13+00:00,0.105,653788,OpenAI announces it has achieved AGI before 2027?,89742.41586500005,6147.47,2026-12-31T00:00:00Z
2026-07-19 05:00:12+00:00,0.105,653788,OpenAI announces it has achieved AGI before 2027?,89742.41586500005,6147.47,2026-12-31T00:00:00Z
2026-07-19 06:00:25+00:00,0.105,653788,OpenAI announces it has achieved AGI before 2027?,89742.41586500005,6147.47,2026-12-31T00:00:00Z
2026-07-19 07:00:15+00:00,0.105,653788,OpenAI announces it has achieved AGI before 2027?,89742.41586500005,6147.47,2026-12-31T00:00:00Z
2026-07-19 08:00:14+00:00,0.105,653788,OpenAI announces it has achieved AGI before 2027?,89742.41586500005,6147.47,2026-12-31T00:00:00Z
2026-07-19 09:00:20+00:00,0.105,653788,OpenAI announces it has achieved AGI before 2027?,89742.41586500005,6147.47,2026-12-31T00:00:00Z
2026-07-19 10:00:15+00:00,0.105,653788,OpenAI announces it has achieved AGI before 2027?,89742.41586500005,6147.47,2026-12-31T00:00:00Z
2026-07-19 11:00:12+00:00,0.105,653788,OpenAI announces it has achieved AGI before 2027?,89742.41586500005,6147.47,2026-12-31T00:00:00Z
2026-07-19 12:00:16+00:00,0.105,653788,OpenAI announces it has achieved AGI before 2027?,89742.41586500005,6147.47,2026-12-31T00:00:00Z
2026-07-19 13:00:11+00:00,0.105,653788,OpenAI announces it has achieved AGI before 2027?,89742.41586500005,6147.47,2026-12-31T00:00:00Z
2026-07-19 14:00:15+00:00,0.095,653788,OpenAI announces it has achieved AGI before 2027?,89742.41586500005,6147.47,2026-12-31T00:00:00Z
2026-07-19 15:00:13+00:00,0.095,653788,OpenAI announces it has achieved AGI before 2027?,89742.41586500005,6147.47,2026-12-31T00:00:00Z
2026-07-19 16:00:31+00:00,0.095,653788,OpenAI announces it has achieved AGI before 2027?,89742.41586500005,6147.47,2026-12-31T00:00:00Z
2026-07-19 17:00:22+00:00,0.095,653788,OpenAI announces it has achieved AGI before 2027?,89742.41586500005,6147.47,2026-12-31T00:00:00Z
2026-07-19 18:00:14+00:00,0.095,653788,OpenAI announces it has achieved AGI before 2027?,89742.41586500005,6147.47,2026-12-31T00:00:00Z
2026-07-19 19:00:15+00:00,0.095,653788,OpenAI announces it has achieved AGI before 2027?,89742.41586500005,6147.47,2026-12-31T00:00:00Z
2026-07-19 20:00:14+00:00,0.095,653788,OpenAI announces it has achieved AGI before 2027?,89742.41586500005,6147.47,2026-12-31T00:00:00Z
2026-07-19 21:00:28+00:00,0.095,653788,OpenAI announces it has achieved AGI before 2027?,89742.41586500005,6147.47,2026-12-31T00:00:00Z
2026-07-19 22:00:13+00:00,0.095,653788,OpenAI announces it has achieved AGI before 2027?,89742.41586500005,6147.47,2026-12-31T00:00:00Z
2026-07-19 23:00:10+00:00,0.095,653788,OpenAI announces it has achieved AGI before 2027?,89742.41586500005,6147.47,2026-12-31T00:00:00Z
2026-07-20 00:00:29+00:00,0.095,653788,OpenAI announces it has achieved AGI before 2027?,89742.41586500005,6147.47,2026-12-31T00:00:00Z
2026-07-20 01:00:11+00:00,0.095,653788,OpenAI announces it has achieved AGI before 2027?,89742.41586500005,6147.47,2026-12-31T00:00:00Z
2026-07-20 02:00:11+00:00,0.095,653788,OpenAI announces it has achieved AGI before 2027?,89742.41586500005,6147.47,2026-12-31T00:00:00Z
2026-07-20 03:00:16+00:00,0.095,653788,OpenAI announces it has achieved AGI before 2027?,89742.41586500005,6147.47,2026-12-31T00:00:00Z
2026-07-20 04:00:11+00:00,0.095,653788,OpenAI announces it has achieved AGI before 2027?,89742.41586500005,6147.47,2026-12-31T00:00:00Z
2026-07-20 05:00:24+00:00,0.095,653788,OpenAI announces it has achieved AGI before 2027?,89742.41586500005,6147.47,2026-12-31T00:00:00Z
2026-07-20 06:00:18+00:00,0.095,653788,OpenAI announces it has achieved AGI before 2027?,89742.41586500005,6147.47,2026-12-31T00:00:00Z
2026-07-20 07:00:12+00:00,0.095,653788,OpenAI announces it has achieved AGI before 2027?,89742.41586500005,6147.47,2026-12-31T00:00:00Z
2026-07-20 08:00:07+00:00,0.095,653788,OpenAI announces it has achieved AGI before 2027?,89742.41586500005,6147.47,2026-12-31T00:00:00Z
2026-07-20 09:00:17+00:00,0.095,653788,OpenAI announces it has achieved AGI before 2027?,89742.41586500005,6147.47,2026-12-31T00:00:00Z
2026-07-20 10:00:07+00:00,0.095,653788,OpenAI announces it has achieved AGI before 2027?,89742.41586500005,6147.47,2026-12-31T00:00:00Z
2026-07-20 11:00:10+00:00,0.095,653788,OpenAI announces it has achieved AGI before 2027?,89742.41586500005,6147.47,2026-12-31T00:00:00Z
2026-07-20 12:00:13+00:00,0.095,653788,OpenAI announces it has achieved AGI before 2027?,89742.41586500005,6147.47,2026-12-31T00:00:00Z
2026-07-20 13:00:12+00:00,0.095,653788,OpenAI announces it has achieved AGI before 2027?,89742.41586500005,6147.47,2026-12-31T00:00:00Z
2026-07-20 14:00:08+00:00,0.095,653788,OpenAI announces it has achieved AGI before 2027?,89742.41586500005,6147.47,2026-12-31T00:00:00Z
2026-07-20 15:00:21+00:00,0.095,653788,OpenAI announces it has achieved AGI before 2027?,89742.41586500005,6147.47,2026-12-31T00:00:00Z
2026-07-20 16:00:13+00:00,0.095,653788,OpenAI announces it has achieved AGI before 2027?,89742.41586500005,6147.47,2026-12-31T00:00:00Z
2026-07-20 17:00:26+00:00,0.095,653788,OpenAI announces it has achieved AGI before 2027?,89742.41586500005,6147.47,2026-12-31T00:00:00Z
2026-07-20 18:00:16+00:00,0.095,653788,OpenAI announces it has achieved AGI before 2027?,89742.41586500005,6147.47,2026-12-31T00:00:00Z
2026-07-20 19:00:11+00:00,0.095,653788,OpenAI announces it has achieved AGI before 2027?,89742.41586500005,6147.47,2026-12-31T00:00:00Z
2026-07-20 20:00:28+00:00,0.095,653788,OpenAI announces it has achieved AGI before 2027?,89742.41586500005,6147.47,2026-12-31T00:00:00Z
2026-07-20 21:00:17+00:00,0.095,653788,OpenAI announces it has achieved AGI before 2027?,89742.41586500005,6147.47,2026-12-31T00:00:00Z
2026-07-20 22:00:07+00:00,0.095,653788,OpenAI announces it has achieved AGI before 2027?,89742.41586500005,6147.47,2026-12-31T00:00:00Z
2026-07-20 23:00:08+00:00,0.095,653788,OpenAI announces it has achieved AGI before 2027?,89742.41586500005,6147.47,2026-12-31T00:00:00Z
2026-07-21 00:00:17+00:00,0.095,653788,OpenAI announces it has achieved AGI before 2027?,89742.41586500005,6147.47,2026-12-31T00:00:00Z
2026-07-21 01:00:16+00:00,0.095,653788,OpenAI announces it has achieved AGI before 2027?,89742.41586500005,6147.47,2026-12-31T00:00:00Z
2026-07-21 02:00:18+00:00,0.095,653788,OpenAI announces it has achieved AGI before 2027?,89742.41586500005,6147.47,2026-12-31T00:00:00Z
2026-07-21 03:00:17+00:00,0.075,653788,OpenAI announces it has achieved AGI before 2027?,89742.41586500005,6147.47,2026-12-31T00:00:00Z
2026-07-21 04:00:23+00:00,0.075,653788,OpenAI announces it has achieved AGI before 2027?,89742.41586500005,6147.47,2026-12-31T00:00:00Z
2026-07-21 05:00:12+00:00,0.075,653788,OpenAI announces it has achieved AGI before 2027?,89742.41586500005,6147.47,2026-12-31T00:00:00Z
2026-07-21 06:00:21+00:00,0.075,653788,OpenAI announces it has achieved AGI before 2027?,89742.41586500005,6147.47,2026-12-31T00:00:00Z
2026-07-21 07:00:19+00:00,0.075,653788,OpenAI announces it has achieved AGI before 2027?,89742.41586500005,6147.47,2026-12-31T00:00:00Z
2026-07-21 08:00:13+00:00,0.075,653788,OpenAI announces it has achieved AGI before 2027?,89742.41586500005,6147.47,2026-12-31T00:00:00Z
2026-07-21 09:00:16+00:00,0.075,653788,OpenAI announces it has achieved AGI before 2027?,89742.41586500005,6147.47,2026-12-31T00:00:00Z
2026-07-21 10:00:12+00:00,0.075,653788,OpenAI announces it has achieved AGI before 2027?,89742.41586500005,6147.47,2026-12-31T00:00:00Z
2026-07-21 11:00:12+00:00,0.075,653788,OpenAI announces it has achieved AGI before 2027?,89742.41586500005,6147.47,2026-12-31T00:00:00Z
2026-07-21 12:00:22+00:00,0.075,653788,OpenAI announces it has achieved AGI before 2027?,89742.41586500005,6147.47,2026-12-31T00:00:00Z
2026-07-21 13:00:15+00:00,0.075,653788,OpenAI announces it has achieved AGI before 2027?,89742.41586500005,6147.47,2026-12-31T00:00:00Z
2026-07-21 14:00:12+00:00,0.075,653788,OpenAI announces it has achieved AGI before 2027?,89742.41586500005,6147.47,2026-12-31T00:00:00Z
2026-07-21 15:00:46+00:00,0.075,653788,OpenAI announces it has achieved AGI before 2027?,89742.41586500005,6147.47,2026-12-31T00:00:00Z
2026-07-21 16:00:17+00:00,0.075,653788,OpenAI announces it has achieved AGI before 2027?,89742.41586500005,6147.47,2026-12-31T00:00:00Z
2026-07-21 17:00:12+00:00,0.075,653788,OpenAI announces it has achieved AGI before 2027?,89742.41586500005,6147.47,2026-12-31T00:00:00Z
2026-07-21 18:00:34+00:00,0.075,653788,OpenAI announces it has achieved AGI before 2027?,89742.41586500005,6147.47,2026-12-31T00:00:00Z
2026-07-21 19:00:07+00:00,0.075,653788,OpenAI announces it has achieved AGI before 2027?,89742.41586500005,6147.47,2026-12-31T00:00:00Z
2026-07-21 20:00:08+00:00,0.075,653788,OpenAI announces it has achieved AGI before 2027?,89742.41586500005,6147.47,2026-12-31T00:00:00Z
2026-07-21 21:00:35+00:00,0.075,653788,OpenAI announces it has achieved AGI before 2027?,89742.41586500005,6147.47,2026-12-31T00:00:00Z
2026-07-21 22:00:12+00:00,0.075,653788,OpenAI announces it has achieved AGI before 2027?,89742.41586500005,6147.47,2026-12-31T00:00:00Z
2026-07-21 23:00:23+00:00,0.075,653788,OpenAI announces it has achieved AGI before 2027?,89742.41586500005,6147.47,2026-12-31T00:00:00Z
2026-07-22 00:00:12+00:00,0.075,653788,OpenAI announces it has achieved AGI before 2027?,89742.41586500005,6147.47,2026-12-31T00:00:00Z
2026-07-22 01:00:07+00:00,0.075,653788,OpenAI announces it has achieved AGI before 2027?,89742.41586500005,6147.47,2026-12-31T00:00:00Z
2026-07-22 02:00:08+00:00,0.075,653788,OpenAI announces it has achieved AGI before 2027?,89742.41586500005,6147.47,2026-12-31T00:00:00Z
2026-07-22 03:00:13+00:00,0.075,653788,OpenAI announces it has achieved AGI before 2027?,89742.41586500005,6147.47,2026-12-31T00:00:00Z
2026-07-22 04:00:12+00:00,0.075,653788,OpenAI announces it has achieved AGI before 2027?,89742.41586500005,6147.47,2026-12-31T00:00:00Z
2026-07-22 05:00:07+00:00,0.075,653788,OpenAI announces it has achieved AGI before 2027?,89742.41586500005,6147.47,2026-12-31T00:00:00Z
2026-07-22 06:00:30+00:00,0.075,653788,OpenAI announces it has achieved AGI before 2027?,89742.41586500005,6147.47,2026-12-31T00:00:00Z
2026-07-22 07:00:13+00:00,0.075,653788,OpenAI announces it has achieved AGI before 2027?,89742.41586500005,6147.47,2026-12-31T00:00:00Z
2026-07-22 08:00:07+00:00,0.075,653788,OpenAI announces it has achieved AGI before 2027?,89742.41586500005,6147.47,2026-12-31T00:00:00Z
2026-07-22 09:00:15+00:00,0.075,653788,OpenAI announces it has achieved AGI before 2027?,89742.41586500005,6147.47,2026-12-31T00:00:00Z
2026-07-22 10:00:08+00:00,0.075,653788,OpenAI announces it has achieved AGI before 2027?,89742.41586500005,6147.47,2026-12-31T00:00:00Z
2026-07-22 11:00:07+00:00,0.075,653788,OpenAI announces it has achieved AGI before 2027?,89742.41586500005,6147.47,2026-12-31T00:00:00Z
2026-07-22 12:00:20+00:00,0.075,653788,OpenAI announces it has achieved AGI before 2027?,89742.41586500005,6147.47,2026-12-31T00:00:00Z
2026-07-22 13:00:08+00:00,0.075,653788,OpenAI announces it has achieved AGI before 2027?,89742.41586500005,6147.47,2026-12-31T00:00:00Z
2026-07-22 14:00:06+00:00,0.075,653788,OpenAI announces it has achieved AGI before 2027?,89742.41586500005,6147.47,2026-12-31T00:00:00Z
2026-07-22 15:00:14+00:00,0.065,653788,OpenAI announces it has achieved AGI before 2027?,89742.41586500005,6147.47,2026-12-31T00:00:00Z
2026-07-22 16:00:09+00:00,0.065,653788,OpenAI announces it has achieved AGI before 2027?,89742.41586500005,6147.47,2026-12-31T00:00:00Z
2026-07-22 17:00:29+00:00,0.065,653788,OpenAI announces it has achieved AGI before 2027?,89742.41586500005,6147.47,2026-12-31T00:00:00Z
2026-07-22 18:00:17+00:00,0.065,653788,OpenAI announces it has achieved AGI before 2027?,89742.41586500005,6147.47,2026-12-31T00:00:00Z
2026-07-22 19:00:08+00:00,0.065,653788,OpenAI announces it has achieved AGI before 2027?,89742.41586500005,6147.47,2026-12-31T00:00:00Z
2026-07-22 20:00:11+00:00,0.065,653788,OpenAI announces it has achieved AGI before 2027?,89742.41586500005,6147.47,2026-12-31T00:00:00Z
2026-07-22 21:00:17+00:00,0.065,653788,OpenAI announces it has achieved AGI before 2027?,89742.41586500005,6147.47,2026-12-31T00:00:00Z
2026-07-22 22:00:17+00:00,0.1,653788,OpenAI announces it has achieved AGI before 2027?,89742.41586500005,6147.47,2026-12-31T00:00:00Z
2026-07-22 23:00:09+00:00,0.1,653788,OpenAI announces it has achieved AGI before 2027?,89742.41586500005,6147.47,2026-12-31T00:00:00Z
2026-07-23 00:00:21+00:00,0.1,653788,OpenAI announces it has achieved AGI before 2027?,89742.41586500005,6147.47,2026-12-31T00:00:00Z
2026-07-23 01:00:22+00:00,0.1,653788,OpenAI announces it has achieved AGI before 2027?,89742.41586500005,6147.47,2026-12-31T00:00:00Z
2026-07-23 02:00:10+00:00,0.1,653788,OpenAI announces it has achieved AGI before 2027?,89742.41586500005,6147.47,2026-12-31T00:00:00Z
2026-07-23 03:00:21+00:00,0.1,653788,OpenAI announces it has achieved AGI before 2027?,89742.41586500005,6147.47,2026-12-31T00:00:00Z
2026-07-23 04:00:14+00:00,0.1,653788,OpenAI announces it has achieved AGI before 2027?,89742.41586500005,6147.47,2026-12-31T00:00:00Z
2026-07-23 05:00:29+00:00,0.1,653788,OpenAI announces it has achieved AGI before 2027?,89742.41586500005,6147.47,2026-12-31T00:00:00Z
2026-07-23 06:00:37+00:00,0.1,653788,OpenAI announces it has achieved AGI before 2027?,89742.41586500005,6147.47,2026-12-31T00:00:00Z
2026-07-23 07:00:23+00:00,0.1,653788,OpenAI announces it has achieved AGI before 2027?,89742.41586500005,6147.47,2026-12-31T00:00:00Z
2026-07-23 08:00:10+00:00,0.1,653788,OpenAI announces it has achieved AGI before 2027?,89742.41586500005,6147.47,2026-12-31T00:00:00Z
2026-07-23 09:00:32+00:00,0.1,653788,OpenAI announces it has achieved AGI before 2027?,89742.41586500005,6147.47,2026-12-31T00:00:00Z
2026-07-23 10:00:24+00:00,0.1,653788,OpenAI announces it has achieved AGI before 2027?,89742.41586500005,6147.47,2026-12-31T00:00:00Z
2026-07-23 11:00:14+00:00,0.1,653788,OpenAI announces it has achieved AGI before 2027?,89742.41586500005,6147.47,2026-12-31T00:00:00Z
2026-07-23 12:00:37+00:00,0.1,653788,OpenAI announces it has achieved AGI before 2027?,89742.41586500005,6147.47,2026-12-31T00:00:00Z
2026-07-23 13:00:18+00:00,0.1,653788,OpenAI announces it has achieved AGI before 2027?,89742.41586500005,6147.47,2026-12-31T00:00:00Z
2026-07-23 14:00:18+00:00,0.1,653788,OpenAI announces it has achieved AGI before 2027?,89742.41586500005,6147.47,2026-12-31T00:00:00Z
2026-07-23 15:00:36+00:00,0.1,653788,OpenAI announces it has achieved AGI before 2027?,89742.41586500005,6147.47,2026-12-31T00:00:00Z
2026-07-23 16:00:17+00:00,0.1,653788,OpenAI announces it has achieved AGI before 2027?,89742.41586500005,6147.47,2026-12-31T00:00:00Z
2026-07-23 17:00:38+00:00,0.1,653788,OpenAI announces it has achieved AGI before 2027?,89742.41586500005,6147.47,2026-12-31T00:00:00Z
2026-07-23 18:00:37+00:00,0.1,653788,OpenAI announces it has achieved AGI before 2027?,89742.41586500005,6147.47,2026-12-31T00:00:00Z
2026-07-23 19:00:26+00:00,0.1,653788,OpenAI announces it has achieved AGI before 2027?,89742.41586500005,6147.47,2026-12-31T00:00:00Z
2026-07-23 20:00:24+00:00,0.1,653788,OpenAI announces it has achieved AGI before 2027?,89742.41586500005,6147.47,2026-12-31T00:00:00Z
2026-07-23 21:00:28+00:00,0.1,653788,OpenAI announces it has achieved AGI before 2027?,89742.41586500005,6147.47,2026-12-31T00:00:00Z
2026-07-23 22:00:21+00:00,0.1,653788,OpenAI announces it has achieved AGI before 2027?,89742.41586500005,6147.47,2026-12-31T00:00:00Z
2026-07-23 23:00:20+00:00,0.1,653788,OpenAI announces it has achieved AGI before 2027?,89742.41586500005,6147.47,2026-12-31T00:00:00Z
2026-07-24 00:00:32+00:00,0.1,653788,OpenAI announces it has achieved AGI before 2027?,89742.41586500005,6147.47,2026-12-31T00:00:00Z
2026-07-24 01:00:12+00:00,0.1,653788,OpenAI announces it has achieved AGI before 2027?,89742.41586500005,6147.47,2026-12-31T00:00:00Z
2026-07-24 02:00:16+00:00,0.1,653788,OpenAI announces it has achieved AGI before 2027?,89742.41586500005,6147.47,2026-12-31T00:00:00Z
2026-07-24 03:00:33+00:00,0.1,653788,OpenAI announces it has achieved AGI before 2027?,89742.41586500005,6147.47,2026-12-31T00:00:00Z
2026-07-24 04:00:22+00:00,0.1,653788,OpenAI announces it has achieved AGI before 2027?,89742.41586500005,6147.47,2026-12-31T00:00:00Z
2026-07-24 05:00:43+00:00,0.1,653788,OpenAI announces it has achieved AGI before 2027?,89742.41586500005,6147.47,2026-12-31T00:00:00Z
2026-07-24 06:00:45+00:00,0.1,653788,OpenAI announces it has achieved AGI before 2027?,89742.41586500005,6147.47,2026-12-31T00:00:00Z
2026-07-24 07:00:15+00:00,0.1,653788,OpenAI announces it has achieved AGI before 2027?,89742.41586500005,6147.47,2026-12-31T00:00:00Z
2026-07-24 08:00:19+00:00,0.1,653788,OpenAI announces it has achieved AGI before 2027?,89742.41586500005,6147.47,2026-12-31T00:00:00Z
2026-07-24 09:00:29+00:00,0.1,653788,OpenAI announces it has achieved AGI before 2027?,89742.41586500005,6147.47,2026-12-31T00:00:00Z
2026-07-24 09:38:08+00:00,0.1,653788,OpenAI announces it has achieved AGI before 2027?,89742.41586500005,6147.47,2026-12-31T00:00:00Z
2026-07-10 10:00:18+00:00,0.195,656312,Will OpenAI IPO by December 31 2026?,838449.3048639909,4336.557,
2026-07-10 11:00:06+00:00,0.195,656312,Will OpenAI IPO by December 31 2026?,838449.3048639909,4336.557,
2026-07-10 12:00:09+00:00,0.195,656312,Will OpenAI IPO by December 31 2026?,838449.3048639909,4336.557,
2026-07-10 13:00:06+00:00,0.185,656312,Will OpenAI IPO by December 31 2026?,838449.3048639909,4336.557,
2026-07-10 14:00:06+00:00,0.195,656312,Will OpenAI IPO by December 31 2026?,838449.3048639909,4336.557,
2026-07-10 15:00:08+00:00,0.19,656312,Will OpenAI IPO by December 31 2026?,838449.3048639909,4336.557,
2026-07-10 16:00:06+00:00,0.185,656312,Will OpenAI IPO by December 31 2026?,838449.3048639909,4336.557,
2026-07-10 17:00:05+00:00,0.205,656312,Will OpenAI IPO by December 31 2026?,838449.3048639909,4336.557,
2026-07-10 18:00:08+00:00,0.205,656312,Will OpenAI IPO by December 31 2026?,838449.3048639909,4336.557,
2026-07-10 19:00:06+00:00,0.205,656312,Will OpenAI IPO by December 31 2026?,838449.3048639909,4336.557,
2026-07-10 20:00:07+00:00,0.185,656312,Will OpenAI IPO by December 31 2026?,838449.3048639909,4336.557,
2026-07-10 21:00:08+00:00,0.185,656312,Will OpenAI IPO by December 31 2026?,838449.3048639909,4336.557,
2026-07-10 23:00:23+00:00,0.185,656312,Will OpenAI IPO by December 31 2026?,838449.3048639909,4336.557,
2026-07-11 00:00:10+00:00,0.185,656312,Will OpenAI IPO by December 31 2026?,838449.3048639909,4336.557,
2026-07-11 01:00:06+00:00,0.185,656312,Will OpenAI IPO by December 31 2026?,838449.3048639909,4336.557,
2026-07-11 02:00:07+00:00,0.185,656312,Will OpenAI IPO by December 31 2026?,838449.3048639909,4336.557,
2026-07-11 03:00:07+00:00,0.185,656312,Will OpenAI IPO by December 31 2026?,838449.3048639909,4336.557,
2026-07-11 04:00:08+00:00,0.19,656312,Will OpenAI IPO by December 31 2026?,838449.3048639909,4336.557,
2026-07-11 05:00:07+00:00,0.195,656312,Will OpenAI IPO by December 31 2026?,838449.3048639909,4336.557,
2026-07-11 06:00:13+00:00,0.205,656312,Will OpenAI IPO by December 31 2026?,838449.3048639909,4336.557,
2026-07-11 07:00:07+00:00,0.205,656312,Will OpenAI IPO by December 31 2026?,838449.3048639909,4336.557,
2026-07-11 08:00:07+00:00,0.205,656312,Will OpenAI IPO by December 31 2026?,838449.3048639909,4336.557,
2026-07-11 09:00:07+00:00,0.205,656312,Will OpenAI IPO by December 31 2026?,838449.3048639909,4336.557,
2026-07-11 10:00:06+00:00,0.205,656312,Will OpenAI IPO by December 31 2026?,838449.3048639909,4336.557,
2026-07-11 11:00:06+00:00,0.185,656312,Will OpenAI IPO by December 31 2026?,838449.3048639909,4336.557,
2026-07-11 12:00:10+00:00,0.185,656312,Will OpenAI IPO by December 31 2026?,838449.3048639909,4336.557,
2026-07-11 13:00:06+00:00,0.185,656312,Will OpenAI IPO by December 31 2026?,838449.3048639909,4336.557,
2026-07-11 14:00:07+00:00,0.185,656312,Will OpenAI IPO by December 31 2026?,838449.3048639909,4336.557,
2026-07-11 15:00:08+00:00,0.185,656312,Will OpenAI IPO by December 31 2026?,838449.3048639909,4336.557,
2026-07-11 16:00:06+00:00,0.185,656312,Will OpenAI IPO by December 31 2026?,838449.3048639909,4336.557,
2026-07-11 17:00:09+00:00,0.185,656312,Will OpenAI IPO by December 31 2026?,838449.3048639909,4336.557,
2026-07-11 18:00:09+00:00,0.225,656312,Will OpenAI IPO by December 31 2026?,838449.3048639909,4336.557,
2026-07-11 19:00:08+00:00,0.215,656312,Will OpenAI IPO by December 31 2026?,838449.3048639909,4336.557,
2026-07-11 20:00:09+00:00,0.235,656312,Will OpenAI IPO by December 31 2026?,838449.3048639909,4336.557,
2026-07-11 21:00:08+00:00,0.215,656312,Will OpenAI IPO by December 31 2026?,838449.3048639909,4336.557,
2026-07-11 22:00:05+00:00,0.215,656312,Will OpenAI IPO by December 31 2026?,838449.3048639909,4336.557,
2026-07-11 23:00:06+00:00,0.205,656312,Will OpenAI IPO by December 31 2026?,838449.3048639909,4336.557,
2026-07-12 00:00:23+00:00,0.21,656312,Will OpenAI IPO by December 31 2026?,838449.3048639909,4336.557,
2026-07-12 01:00:06+00:00,0.225,656312,Will OpenAI IPO by December 31 2026?,838449.3048639909,4336.557,
2026-07-12 02:00:07+00:00,0.225,656312,Will OpenAI IPO by December 31 2026?,838449.3048639909,4336.557,
2026-07-12 03:00:08+00:00,0.215,656312,Will OpenAI IPO by December 31 2026?,838449.3048639909,4336.557,
2026-07-12 04:00:06+00:00,0.215,656312,Will OpenAI IPO by December 31 2026?,838449.3048639909,4336.557,
2026-07-12 05:00:05+00:00,0.215,656312,Will OpenAI IPO by December 31 2026?,838449.3048639909,4336.557,
2026-07-12 06:00:07+00:00,0.215,656312,Will OpenAI IPO by December 31 2026?,838449.3048639909,4336.557,
2026-07-12 07:00:15+00:00,0.215,656312,Will OpenAI IPO by December 31 2026?,838449.3048639909,4336.557,
2026-07-12 08:00:05+00:00,0.215,656312,Will OpenAI IPO by December 31 2026?,838449.3048639909,4336.557,
2026-07-12 09:00:07+00:00,0.215,656312,Will OpenAI IPO by December 31 2026?,838449.3048639909,4336.557,
2026-07-12 10:00:07+00:00,0.215,656312,Will OpenAI IPO by December 31 2026?,838449.3048639909,4336.557,
2026-07-12 11:00:20+00:00,0.215,656312,Will OpenAI IPO by December 31 2026?,838449.3048639909,4336.557,
2026-07-12 12:00:12+00:00,0.215,656312,Will OpenAI IPO by December 31 2026?,838449.3048639909,4336.557,
2026-07-12 13:00:06+00:00,0.215,656312,Will OpenAI IPO by December 31 2026?,838449.3048639909,4336.557,
2026-07-12 14:00:08+00:00,0.21,656312,Will OpenAI IPO by December 31 2026?,838449.3048639909,4336.557,
2026-07-12 15:00:08+00:00,0.21,656312,Will OpenAI IPO by December 31 2026?,838449.3048639909,4336.557,
2026-07-12 16:00:06+00:00,0.21,656312,Will OpenAI IPO by December 31 2026?,838449.3048639909,4336.557,
2026-07-12 17:00:07+00:00,0.205,656312,Will OpenAI IPO by December 31 2026?,838449.3048639909,4336.557,
2026-07-12 18:00:09+00:00,0.22,656312,Will OpenAI IPO by December 31 2026?,838449.3048639909,4336.557,
2026-07-12 19:00:09+00:00,0.22,656312,Will OpenAI IPO by December 31 2026?,838449.3048639909,4336.557,
2026-07-12 20:00:07+00:00,0.22,656312,Will OpenAI IPO by December 31 2026?,838449.3048639909,4336.557,
2026-07-12 21:00:08+00:00,0.22,656312,Will OpenAI IPO by December 31 2026?,838449.3048639909,4336.557,
2026-07-12 22:00:15+00:00,0.215,656312,Will OpenAI IPO by December 31 2026?,838449.3048639909,4336.557,
2026-07-12 23:00:05+00:00,0.215,656312,Will OpenAI IPO by December 31 2026?,838449.3048639909,4336.557,
2026-07-13 00:00:12+00:00,0.22,656312,Will OpenAI IPO by December 31 2026?,838449.3048639909,4336.557,
2026-07-13 01:00:08+00:00,0.215,656312,Will OpenAI IPO by December 31 2026?,838449.3048639909,4336.557,
2026-07-13 02:00:05+00:00,0.21,656312,Will OpenAI IPO by December 31 2026?,838449.3048639909,4336.557,
2026-07-13 03:00:07+00:00,0.21,656312,Will OpenAI IPO by December 31 2026?,838449.3048639909,4336.557,
2026-07-13 04:00:08+00:00,0.195,656312,Will OpenAI IPO by December 31 2026?,838449.3048639909,4336.557,
2026-07-13 05:00:10+00:00,0.195,656312,Will OpenAI IPO by December 31 2026?,838449.3048639909,4336.557,
2026-07-13 06:00:10+00:00,0.195,656312,Will OpenAI IPO by December 31 2026?,838449.3048639909,4336.557,
2026-07-13 07:00:10+00:00,0.195,656312,Will OpenAI IPO by December 31 2026?,838449.3048639909,4336.557,
2026-07-13 08:00:08+00:00,0.195,656312,Will OpenAI IPO by December 31 2026?,838449.3048639909,4336.557,
2026-07-13 09:00:08+00:00,0.195,656312,Will OpenAI IPO by December 31 2026?,838449.3048639909,4336.557,
2026-07-13 10:00:06+00:00,0.195,656312,Will OpenAI IPO by December 31 2026?,838449.3048639909,4336.557,
2026-07-13 11:00:07+00:00,0.195,656312,Will OpenAI IPO by December 31 2026?,838449.3048639909,4336.557,
2026-07-13 12:00:12+00:00,0.185,656312,Will OpenAI IPO by December 31 2026?,838449.3048639909,4336.557,
2026-07-13 13:00:06+00:00,0.185,656312,Will OpenAI IPO by December 31 2026?,838449.3048639909,4336.557,
2026-07-13 14:00:20+00:00,0.19,656312,Will OpenAI IPO by December 31 2026?,838449.3048639909,4336.557,
2026-07-13 15:00:26+00:00,0.19,656312,Will OpenAI IPO by December 31 2026?,838449.3048639909,4336.557,
2026-07-13 16:00:06+00:00,0.175,656312,Will OpenAI IPO by December 31 2026?,838449.3048639909,4336.557,
2026-07-13 17:00:13+00:00,0.18,656312,Will OpenAI IPO by December 31 2026?,838449.3048639909,4336.557,
2026-07-13 18:00:08+00:00,0.175,656312,Will OpenAI IPO by December 31 2026?,838449.3048639909,4336.557,
2026-07-13 19:00:07+00:00,0.18,656312,Will OpenAI IPO by December 31 2026?,838449.3048639909,4336.557,
2026-07-13 20:00:08+00:00,0.18,656312,Will OpenAI IPO by December 31 2026?,838449.3048639909,4336.557,
2026-07-13 21:00:09+00:00,0.19,656312,Will OpenAI IPO by December 31 2026?,838449.3048639909,4336.557,
2026-07-13 22:00:06+00:00,0.195,656312,Will OpenAI IPO by December 31 2026?,838449.3048639909,4336.557,
2026-07-13 23:00:07+00:00,0.195,656312,Will OpenAI IPO by December 31 2026?,838449.3048639909,4336.557,
2026-07-14 00:00:10+00:00,0.195,656312,Will OpenAI IPO by December 31 2026?,838449.3048639909,4336.557,
2026-07-14 01:00:05+00:00,0.195,656312,Will OpenAI IPO by December 31 2026?,838449.3048639909,4336.557,
2026-07-14 02:00:05+00:00,0.195,656312,Will OpenAI IPO by December 31 2026?,838449.3048639909,4336.557,
2026-07-14 03:00:09+00:00,0.195,656312,Will OpenAI IPO by December 31 2026?,838449.3048639909,4336.557,
2026-07-14 04:00:06+00:00,0.195,656312,Will OpenAI IPO by December 31 2026?,838449.3048639909,4336.557,
2026-07-14 05:00:06+00:00,0.195,656312,Will OpenAI IPO by December 31 2026?,838449.3048639909,4336.557,
2026-07-14 06:00:09+00:00,0.195,656312,Will OpenAI IPO by December 31 2026?,838449.3048639909,4336.557,
2026-07-14 07:00:11+00:00,0.195,656312,Will OpenAI IPO by December 31 2026?,838449.3048639909,4336.557,
2026-07-14 08:00:05+00:00,0.195,656312,Will OpenAI IPO by December 31 2026?,838449.3048639909,4336.557,
2026-07-14 09:00:07+00:00,0.195,656312,Will OpenAI IPO by December 31 2026?,838449.3048639909,4336.557,
2026-07-14 10:00:08+00:00,0.195,656312,Will OpenAI IPO by December 31 2026?,838449.3048639909,4336.557,
2026-07-14 11:00:06+00:00,0.195,656312,Will OpenAI IPO by December 31 2026?,838449.3048639909,4336.557,
2026-07-14 12:00:15+00:00,0.195,656312,Will OpenAI IPO by December 31 2026?,838449.3048639909,4336.557,
2026-07-14 13:00:09+00:00,0.195,656312,Will OpenAI IPO by December 31 2026?,838449.3048639909,4336.557,
2026-07-14 14:00:13+00:00,0.195,656312,Will OpenAI IPO by December 31 2026?,838449.3048639909,4336.557,
2026-07-14 15:00:10+00:00,0.195,656312,Will OpenAI IPO by December 31 2026?,838449.3048639909,4336.557,
2026-07-14 16:00:13+00:00,0.175,656312,Will OpenAI IPO by December 31 2026?,838449.3048639909,4336.557,
2026-07-14 17:00:30+00:00,0.18,656312,Will OpenAI IPO by December 31 2026?,838449.3048639909,4336.557,
2026-07-14 18:00:19+00:00,0.19,656312,Will OpenAI IPO by December 31 2026?,838449.3048639909,4336.557,
2026-07-14 19:00:09+00:00,0.185,656312,Will OpenAI IPO by December 31 2026?,838449.3048639909,4336.557,
2026-07-14 20:00:09+00:00,0.19,656312,Will OpenAI IPO by December 31 2026?,838449.3048639909,4336.557,
2026-07-14 21:00:10+00:00,0.19,656312,Will OpenAI IPO by December 31 2026?,838449.3048639909,4336.557,
2026-07-14 22:00:06+00:00,0.19,656312,Will OpenAI IPO by December 31 2026?,838449.3048639909,4336.557,
2026-07-14 23:00:08+00:00,0.195,656312,Will OpenAI IPO by December 31 2026?,838449.3048639909,4336.557,
2026-07-15 00:00:14+00:00,0.195,656312,Will OpenAI IPO by December 31 2026?,838449.3048639909,4336.557,
2026-07-15 01:00:09+00:00,0.19,656312,Will OpenAI IPO by December 31 2026?,838449.3048639909,4336.557,
2026-07-15 02:00:11+00:00,0.185,656312,Will OpenAI IPO by December 31 2026?,838449.3048639909,4336.557,
2026-07-15 03:00:13+00:00,0.185,656312,Will OpenAI IPO by December 31 2026?,838449.3048639909,4336.557,
2026-07-15 04:00:08+00:00,0.185,656312,Will OpenAI IPO by December 31 2026?,838449.3048639909,4336.557,
2026-07-15 05:00:23+00:00,0.185,656312,Will OpenAI IPO by December 31 2026?,838449.3048639909,4336.557,
2026-07-15 06:00:13+00:00,0.185,656312,Will OpenAI IPO by December 31 2026?,838449.3048639909,4336.557,
2026-07-15 07:00:25+00:00,0.185,656312,Will OpenAI IPO by December 31 2026?,838449.3048639909,4336.557,
2026-07-15 08:00:24+00:00,0.185,656312,Will OpenAI IPO by December 31 2026?,838449.3048639909,4336.557,
2026-07-15 09:00:10+00:00,0.185,656312,Will OpenAI IPO by December 31 2026?,838449.3048639909,4336.557,
2026-07-15 10:00:06+00:00,0.185,656312,Will OpenAI IPO by December 31 2026?,838449.3048639909,4336.557,
2026-07-15 11:00:10+00:00,0.185,656312,Will OpenAI IPO by December 31 2026?,838449.3048639909,4336.557,
2026-07-15 12:00:27+00:00,0.185,656312,Will OpenAI IPO by December 31 2026?,838449.3048639909,4336.557,
2026-07-15 13:00:08+00:00,0.185,656312,Will OpenAI IPO by December 31 2026?,838449.3048639909,4336.557,
2026-07-15 14:00:09+00:00,0.185,656312,Will OpenAI IPO by December 31 2026?,838449.3048639909,4336.557,
2026-07-15 15:00:14+00:00,0.185,656312,Will OpenAI IPO by December 31 2026?,838449.3048639909,4336.557,
2026-07-15 16:00:07+00:00,0.195,656312,Will OpenAI IPO by December 31 2026?,838449.3048639909,4336.557,
2026-07-15 17:00:11+00:00,0.195,656312,Will OpenAI IPO by December 31 2026?,838449.3048639909,4336.557,
2026-07-15 18:00:15+00:00,0.195,656312,Will OpenAI IPO by December 31 2026?,838449.3048639909,4336.557,
2026-07-15 19:00:10+00:00,0.195,656312,Will OpenAI IPO by December 31 2026?,838449.3048639909,4336.557,
2026-07-15 20:00:09+00:00,0.195,656312,Will OpenAI IPO by December 31 2026?,838449.3048639909,4336.557,
2026-07-15 21:00:11+00:00,0.195,656312,Will OpenAI IPO by December 31 2026?,838449.3048639909,4336.557,
2026-07-15 22:00:07+00:00,0.195,656312,Will OpenAI IPO by December 31 2026?,838449.3048639909,4336.557,
2026-07-15 23:00:07+00:00,0.195,656312,Will OpenAI IPO by December 31 2026?,838449.3048639909,4336.557,
2026-07-16 00:00:14+00:00,0.195,656312,Will OpenAI IPO by December 31 2026?,838449.3048639909,4336.557,
2026-07-16 01:00:06+00:00,0.195,656312,Will OpenAI IPO by December 31 2026?,838449.3048639909,4336.557,
2026-07-16 02:00:05+00:00,0.195,656312,Will OpenAI IPO by December 31 2026?,838449.3048639909,4336.557,
2026-07-16 03:00:12+00:00,0.185,656312,Will OpenAI IPO by December 31 2026?,838449.3048639909,4336.557,
2026-07-16 04:00:08+00:00,0.185,656312,Will OpenAI IPO by December 31 2026?,838449.3048639909,4336.557,
2026-07-16 05:00:07+00:00,0.185,656312,Will OpenAI IPO by December 31 2026?,838449.3048639909,4336.557,
2026-07-16 06:00:26+00:00,0.185,656312,Will OpenAI IPO by December 31 2026?,838449.3048639909,4336.557,
2026-07-16 07:00:10+00:00,0.185,656312,Will OpenAI IPO by December 31 2026?,838449.3048639909,4336.557,
2026-07-16 08:00:05+00:00,0.185,656312,Will OpenAI IPO by December 31 2026?,838449.3048639909,4336.557,
2026-07-16 09:00:12+00:00,0.185,656312,Will OpenAI IPO by December 31 2026?,838449.3048639909,4336.557,
2026-07-16 10:00:09+00:00,0.185,656312,Will OpenAI IPO by December 31 2026?,838449.3048639909,4336.557,
2026-07-16 11:00:08+00:00,0.185,656312,Will OpenAI IPO by December 31 2026?,838449.3048639909,4336.557,
2026-07-16 12:00:11+00:00,0.185,656312,Will OpenAI IPO by December 31 2026?,838449.3048639909,4336.557,
2026-07-16 13:00:09+00:00,0.185,656312,Will OpenAI IPO by December 31 2026?,838449.3048639909,4336.557,
2026-07-16 14:00:07+00:00,0.185,656312,Will OpenAI IPO by December 31 2026?,838449.3048639909,4336.557,
2026-07-16 15:00:13+00:00,0.185,656312,Will OpenAI IPO by December 31 2026?,838449.3048639909,4336.557,
2026-07-16 16:00:07+00:00,0.185,656312,Will OpenAI IPO by December 31 2026?,838449.3048639909,4336.557,
2026-07-16 17:00:09+00:00,0.185,656312,Will OpenAI IPO by December 31 2026?,838449.3048639909,4336.557,
2026-07-16 18:00:24+00:00,0.185,656312,Will OpenAI IPO by December 31 2026?,838449.3048639909,4336.557,
2026-07-16 19:00:08+00:00,0.185,656312,Will OpenAI IPO by December 31 2026?,838449.3048639909,4336.557,
2026-07-16 20:00:09+00:00,0.185,656312,Will OpenAI IPO by December 31 2026?,838449.3048639909,4336.557,
2026-07-16 21:00:11+00:00,0.175,656312,Will OpenAI IPO by December 31 2026?,838449.3048639909,4336.557,
2026-07-16 22:00:09+00:00,0.175,656312,Will OpenAI IPO by December 31 2026?,838449.3048639909,4336.557,
2026-07-16 23:00:11+00:00,0.175,656312,Will OpenAI IPO by December 31 2026?,838449.3048639909,4336.557,
2026-07-17 00:00:15+00:00,0.175,656312,Will OpenAI IPO by December 31 2026?,838449.3048639909,4336.557,
2026-07-17 01:00:07+00:00,0.175,656312,Will OpenAI IPO by December 31 2026?,838449.3048639909,4336.557,
2026-07-17 02:00:09+00:00,0.18,656312,Will OpenAI IPO by December 31 2026?,838449.3048639909,4336.557,
2026-07-17 03:00:12+00:00,0.185,656312,Will OpenAI IPO by December 31 2026?,838449.3048639909,4336.557,
2026-07-17 04:00:11+00:00,0.185,656312,Will OpenAI IPO by December 31 2026?,838449.3048639909,4336.557,
2026-07-17 05:00:12+00:00,0.185,656312,Will OpenAI IPO by December 31 2026?,838449.3048639909,4336.557,
2026-07-17 06:00:16+00:00,0.185,656312,Will OpenAI IPO by December 31 2026?,838449.3048639909,4336.557,
2026-07-17 07:00:05+00:00,0.185,656312,Will OpenAI IPO by December 31 2026?,838449.3048639909,4336.557,
2026-07-17 08:00:06+00:00,0.185,656312,Will OpenAI IPO by December 31 2026?,838449.3048639909,4336.557,
2026-07-17 09:00:10+00:00,0.185,656312,Will OpenAI IPO by December 31 2026?,838449.3048639909,4336.557,
2026-07-17 10:00:13+00:00,0.185,656312,Will OpenAI IPO by December 31 2026?,838449.3048639909,4336.557,
2026-07-17 11:00:09+00:00,0.185,656312,Will OpenAI IPO by December 31 2026?,838449.3048639909,4336.557,
2026-07-17 12:00:16+00:00,0.19,656312,Will OpenAI IPO by December 31 2026?,838449.3048639909,4336.557,
2026-07-17 13:00:08+00:00,0.19,656312,Will OpenAI IPO by December 31 2026?,838449.3048639909,4336.557,
2026-07-17 14:00:09+00:00,0.19,656312,Will OpenAI IPO by December 31 2026?,838449.3048639909,4336.557,
2026-07-17 15:00:12+00:00,0.19,656312,Will OpenAI IPO by December 31 2026?,838449.3048639909,4336.557,
2026-07-17 16:00:24+00:00,0.19,656312,Will OpenAI IPO by December 31 2026?,838449.3048639909,4336.557,
2026-07-17 17:00:16+00:00,0.19,656312,Will OpenAI IPO by December 31 2026?,838449.3048639909,4336.557,
2026-07-17 18:00:29+00:00,0.19,656312,Will OpenAI IPO by December 31 2026?,838449.3048639909,4336.557,
2026-07-17 19:00:09+00:00,0.19,656312,Will OpenAI IPO by December 31 2026?,838449.3048639909,4336.557,
2026-07-17 20:00:09+00:00,0.19,656312,Will OpenAI IPO by December 31 2026?,838449.3048639909,4336.557,
2026-07-17 21:00:10+00:00,0.19,656312,Will OpenAI IPO by December 31 2026?,838449.3048639909,4336.557,
2026-07-17 22:00:10+00:00,0.195,656312,Will OpenAI IPO by December 31 2026?,838449.3048639909,4336.557,
2026-07-17 23:00:10+00:00,0.2,656312,Will OpenAI IPO by December 31 2026?,838449.3048639909,4336.557,
2026-07-18 00:00:11+00:00,0.2,656312,Will OpenAI IPO by December 31 2026?,838449.3048639909,4336.557,
2026-07-18 01:00:07+00:00,0.2,656312,Will OpenAI IPO by December 31 2026?,838449.3048639909,4336.557,
2026-07-18 02:00:07+00:00,0.195,656312,Will OpenAI IPO by December 31 2026?,838449.3048639909,4336.557,
2026-07-18 03:00:11+00:00,0.195,656312,Will OpenAI IPO by December 31 2026?,838449.3048639909,4336.557,
2026-07-18 04:00:07+00:00,0.195,656312,Will OpenAI IPO by December 31 2026?,838449.3048639909,4336.557,
2026-07-18 05:00:08+00:00,0.195,656312,Will OpenAI IPO by December 31 2026?,838449.3048639909,4336.557,
2026-07-18 06:00:11+00:00,0.195,656312,Will OpenAI IPO by December 31 2026?,838449.3048639909,4336.557,
2026-07-18 07:00:11+00:00,0.195,656312,Will OpenAI IPO by December 31 2026?,838449.3048639909,4336.557,
2026-07-18 08:00:07+00:00,0.195,656312,Will OpenAI IPO by December 31 2026?,838449.3048639909,4336.557,
2026-07-18 09:00:14+00:00,0.195,656312,Will OpenAI IPO by December 31 2026?,838449.3048639909,4336.557,
2026-07-18 10:00:08+00:00,0.195,656312,Will OpenAI IPO by December 31 2026?,838449.3048639909,4336.557,
2026-07-18 11:00:11+00:00,0.195,656312,Will OpenAI IPO by December 31 2026?,838449.3048639909,4336.557,
2026-07-18 12:00:25+00:00,0.195,656312,Will OpenAI IPO by December 31 2026?,838449.3048639909,4336.557,
2026-07-18 13:00:09+00:00,0.195,656312,Will OpenAI IPO by December 31 2026?,838449.3048639909,4336.557,
2026-07-18 14:00:09+00:00,0.195,656312,Will OpenAI IPO by December 31 2026?,838449.3048639909,4336.557,
2026-07-18 15:00:18+00:00,0.195,656312,Will OpenAI IPO by December 31 2026?,838449.3048639909,4336.557,
2026-07-18 16:00:09+00:00,0.195,656312,Will OpenAI IPO by December 31 2026?,838449.3048639909,4336.557,
2026-07-18 17:00:17+00:00,0.195,656312,Will OpenAI IPO by December 31 2026?,838449.3048639909,4336.557,
2026-07-18 18:00:13+00:00,0.195,656312,Will OpenAI IPO by December 31 2026?,838449.3048639909,4336.557,
2026-07-18 19:00:09+00:00,0.205,656312,Will OpenAI IPO by December 31 2026?,838449.3048639909,4336.557,
2026-07-18 20:00:14+00:00,0.2,656312,Will OpenAI IPO by December 31 2026?,838449.3048639909,4336.557,
2026-07-18 21:00:16+00:00,0.2,656312,Will OpenAI IPO by December 31 2026?,838449.3048639909,4336.557,
2026-07-18 22:00:11+00:00,0.2,656312,Will OpenAI IPO by December 31 2026?,838449.3048639909,4336.557,
2026-07-18 23:00:12+00:00,0.2,656312,Will OpenAI IPO by December 31 2026?,838449.3048639909,4336.557,
2026-07-19 00:00:17+00:00,0.2,656312,Will OpenAI IPO by December 31 2026?,838449.3048639909,4336.557,
2026-07-19 01:00:09+00:00,0.2,656312,Will OpenAI IPO by December 31 2026?,838449.3048639909,4336.557,
2026-07-19 02:00:08+00:00,0.2,656312,Will OpenAI IPO by December 31 2026?,838449.3048639909,4336.557,
2026-07-19 03:00:14+00:00,0.2,656312,Will OpenAI IPO by December 31 2026?,838449.3048639909,4336.557,
2026-07-19 04:00:11+00:00,0.2,656312,Will OpenAI IPO by December 31 2026?,838449.3048639909,4336.557,
2026-07-19 05:00:11+00:00,0.2,656312,Will OpenAI IPO by December 31 2026?,838449.3048639909,4336.557,
2026-07-19 06:00:22+00:00,0.2,656312,Will OpenAI IPO by December 31 2026?,838449.3048639909,4336.557,
2026-07-19 07:00:11+00:00,0.2,656312,Will OpenAI IPO by December 31 2026?,838449.3048639909,4336.557,
2026-07-19 08:00:12+00:00,0.2,656312,Will OpenAI IPO by December 31 2026?,838449.3048639909,4336.557,
2026-07-19 09:00:16+00:00,0.2,656312,Will OpenAI IPO by December 31 2026?,838449.3048639909,4336.557,
2026-07-19 10:00:13+00:00,0.2,656312,Will OpenAI IPO by December 31 2026?,838449.3048639909,4336.557,
2026-07-19 11:00:10+00:00,0.205,656312,Will OpenAI IPO by December 31 2026?,838449.3048639909,4336.557,
2026-07-19 12:00:13+00:00,0.2,656312,Will OpenAI IPO by December 31 2026?,838449.3048639909,4336.557,
2026-07-19 13:00:11+00:00,0.2,656312,Will OpenAI IPO by December 31 2026?,838449.3048639909,4336.557,
2026-07-19 14:00:13+00:00,0.2,656312,Will OpenAI IPO by December 31 2026?,838449.3048639909,4336.557,
2026-07-19 15:00:12+00:00,0.2,656312,Will OpenAI IPO by December 31 2026?,838449.3048639909,4336.557,
2026-07-19 16:00:30+00:00,0.2,656312,Will OpenAI IPO by December 31 2026?,838449.3048639909,4336.557,
2026-07-19 17:00:17+00:00,0.2,656312,Will OpenAI IPO by December 31 2026?,838449.3048639909,4336.557,
2026-07-19 18:00:13+00:00,0.195,656312,Will OpenAI IPO by December 31 2026?,838449.3048639909,4336.557,
2026-07-19 19:00:13+00:00,0.195,656312,Will OpenAI IPO by December 31 2026?,838449.3048639909,4336.557,
2026-07-19 20:00:13+00:00,0.195,656312,Will OpenAI IPO by December 31 2026?,838449.3048639909,4336.557,
2026-07-19 21:00:27+00:00,0.195,656312,Will OpenAI IPO by December 31 2026?,838449.3048639909,4336.557,
2026-07-19 22:00:13+00:00,0.195,656312,Will OpenAI IPO by December 31 2026?,838449.3048639909,4336.557,
2026-07-19 23:00:10+00:00,0.195,656312,Will OpenAI IPO by December 31 2026?,838449.3048639909,4336.557,
2026-07-20 00:00:27+00:00,0.19,656312,Will OpenAI IPO by December 31 2026?,838449.3048639909,4336.557,
2026-07-20 01:00:10+00:00,0.19,656312,Will OpenAI IPO by December 31 2026?,838449.3048639909,4336.557,
2026-07-20 02:00:09+00:00,0.19,656312,Will OpenAI IPO by December 31 2026?,838449.3048639909,4336.557,
2026-07-20 03:00:13+00:00,0.19,656312,Will OpenAI IPO by December 31 2026?,838449.3048639909,4336.557,
2026-07-20 04:00:09+00:00,0.19,656312,Will OpenAI IPO by December 31 2026?,838449.3048639909,4336.557,
2026-07-20 05:00:23+00:00,0.19,656312,Will OpenAI IPO by December 31 2026?,838449.3048639909,4336.557,
2026-07-20 06:00:16+00:00,0.19,656312,Will OpenAI IPO by December 31 2026?,838449.3048639909,4336.557,
2026-07-20 07:00:12+00:00,0.185,656312,Will OpenAI IPO by December 31 2026?,838449.3048639909,4336.557,
2026-07-20 08:00:07+00:00,0.185,656312,Will OpenAI IPO by December 31 2026?,838449.3048639909,4336.557,
2026-07-20 09:00:15+00:00,0.185,656312,Will OpenAI IPO by December 31 2026?,838449.3048639909,4336.557,
2026-07-20 10:00:07+00:00,0.185,656312,Will OpenAI IPO by December 31 2026?,838449.3048639909,4336.557,
2026-07-20 11:00:10+00:00,0.185,656312,Will OpenAI IPO by December 31 2026?,838449.3048639909,4336.557,
2026-07-20 12:00:12+00:00,0.185,656312,Will OpenAI IPO by December 31 2026?,838449.3048639909,4336.557,
2026-07-20 13:00:11+00:00,0.185,656312,Will OpenAI IPO by December 31 2026?,838449.3048639909,4336.557,
2026-07-20 14:00:07+00:00,0.185,656312,Will OpenAI IPO by December 31 2026?,838449.3048639909,4336.557,
2026-07-20 15:00:19+00:00,0.185,656312,Will OpenAI IPO by December 31 2026?,838449.3048639909,4336.557,
2026-07-20 16:00:12+00:00,0.185,656312,Will OpenAI IPO by December 31 2026?,838449.3048639909,4336.557,
2026-07-20 17:00:23+00:00,0.185,656312,Will OpenAI IPO by December 31 2026?,838449.3048639909,4336.557,
2026-07-20 18:00:15+00:00,0.185,656312,Will OpenAI IPO by December 31 2026?,838449.3048639909,4336.557,
2026-07-20 19:00:10+00:00,0.185,656312,Will OpenAI IPO by December 31 2026?,838449.3048639909,4336.557,
2026-07-20 20:00:26+00:00,0.175,656312,Will OpenAI IPO by December 31 2026?,838449.3048639909,4336.557,
2026-07-20 21:00:15+00:00,0.18,656312,Will OpenAI IPO by December 31 2026?,838449.3048639909,4336.557,
2026-07-20 22:00:07+00:00,0.175,656312,Will OpenAI IPO by December 31 2026?,838449.3048639909,4336.557,
2026-07-20 23:00:07+00:00,0.175,656312,Will OpenAI IPO by December 31 2026?,838449.3048639909,4336.557,
2026-07-21 00:00:15+00:00,0.175,656312,Will OpenAI IPO by December 31 2026?,838449.3048639909,4336.557,
2026-07-21 01:00:15+00:00,0.175,656312,Will OpenAI IPO by December 31 2026?,838449.3048639909,4336.557,
2026-07-21 02:00:15+00:00,0.195,656312,Will OpenAI IPO by December 31 2026?,838449.3048639909,4336.557,
2026-07-21 03:00:16+00:00,0.19,656312,Will OpenAI IPO by December 31 2026?,838449.3048639909,4336.557,
2026-07-21 04:00:23+00:00,0.195,656312,Will OpenAI IPO by December 31 2026?,838449.3048639909,4336.557,
2026-07-21 05:00:11+00:00,0.195,656312,Will OpenAI IPO by December 31 2026?,838449.3048639909,4336.557,
2026-07-21 06:00:16+00:00,0.19,656312,Will OpenAI IPO by December 31 2026?,838449.3048639909,4336.557,
2026-07-21 07:00:17+00:00,0.19,656312,Will OpenAI IPO by December 31 2026?,838449.3048639909,4336.557,
2026-07-21 08:00:11+00:00,0.185,656312,Will OpenAI IPO by December 31 2026?,838449.3048639909,4336.557,
2026-07-21 09:00:14+00:00,0.185,656312,Will OpenAI IPO by December 31 2026?,838449.3048639909,4336.557,
2026-07-21 10:00:11+00:00,0.185,656312,Will OpenAI IPO by December 31 2026?,838449.3048639909,4336.557,
2026-07-21 11:00:11+00:00,0.185,656312,Will OpenAI IPO by December 31 2026?,838449.3048639909,4336.557,
2026-07-21 12:00:20+00:00,0.185,656312,Will OpenAI IPO by December 31 2026?,838449.3048639909,4336.557,
2026-07-21 13:00:12+00:00,0.185,656312,Will OpenAI IPO by December 31 2026?,838449.3048639909,4336.557,
2026-07-21 14:00:11+00:00,0.175,656312,Will OpenAI IPO by December 31 2026?,838449.3048639909,4336.557,
2026-07-21 15:00:35+00:00,0.175,656312,Will OpenAI IPO by December 31 2026?,838449.3048639909,4336.557,
2026-07-21 16:00:15+00:00,0.175,656312,Will OpenAI IPO by December 31 2026?,838449.3048639909,4336.557,
2026-07-21 17:00:10+00:00,0.18,656312,Will OpenAI IPO by December 31 2026?,838449.3048639909,4336.557,
2026-07-21 18:00:31+00:00,0.175,656312,Will OpenAI IPO by December 31 2026?,838449.3048639909,4336.557,
2026-07-21 19:00:07+00:00,0.18,656312,Will OpenAI IPO by December 31 2026?,838449.3048639909,4336.557,
2026-07-21 20:00:08+00:00,0.175,656312,Will OpenAI IPO by December 31 2026?,838449.3048639909,4336.557,
2026-07-21 21:00:32+00:00,0.175,656312,Will OpenAI IPO by December 31 2026?,838449.3048639909,4336.557,
2026-07-21 22:00:11+00:00,0.18,656312,Will OpenAI IPO by December 31 2026?,838449.3048639909,4336.557,
2026-07-21 23:00:22+00:00,0.18,656312,Will OpenAI IPO by December 31 2026?,838449.3048639909,4336.557,
2026-07-22 00:00:11+00:00,0.18,656312,Will OpenAI IPO by December 31 2026?,838449.3048639909,4336.557,
2026-07-22 01:00:07+00:00,0.18,656312,Will OpenAI IPO by December 31 2026?,838449.3048639909,4336.557,
2026-07-22 02:00:07+00:00,0.175,656312,Will OpenAI IPO by December 31 2026?,838449.3048639909,4336.557,
2026-07-22 03:00:12+00:00,0.175,656312,Will OpenAI IPO by December 31 2026?,838449.3048639909,4336.557,
2026-07-22 04:00:10+00:00,0.175,656312,Will OpenAI IPO by December 31 2026?,838449.3048639909,4336.557,
2026-07-22 05:00:07+00:00,0.175,656312,Will OpenAI IPO by December 31 2026?,838449.3048639909,4336.557,
2026-07-22 06:00:27+00:00,0.175,656312,Will OpenAI IPO by December 31 2026?,838449.3048639909,4336.557,
2026-07-22 07:00:11+00:00,0.175,656312,Will OpenAI IPO by December 31 2026?,838449.3048639909,4336.557,
2026-07-22 08:00:07+00:00,0.175,656312,Will OpenAI IPO by December 31 2026?,838449.3048639909,4336.557,
2026-07-22 09:00:14+00:00,0.185,656312,Will OpenAI IPO by December 31 2026?,838449.3048639909,4336.557,
2026-07-22 10:00:07+00:00,0.185,656312,Will OpenAI IPO by December 31 2026?,838449.3048639909,4336.557,
2026-07-22 11:00:07+00:00,0.185,656312,Will OpenAI IPO by December 31 2026?,838449.3048639909,4336.557,
2026-07-22 12:00:14+00:00,0.185,656312,Will OpenAI IPO by December 31 2026?,838449.3048639909,4336.557,
2026-07-22 13:00:07+00:00,0.185,656312,Will OpenAI IPO by December 31 2026?,838449.3048639909,4336.557,
2026-07-22 14:00:06+00:00,0.185,656312,Will OpenAI IPO by December 31 2026?,838449.3048639909,4336.557,
2026-07-22 15:00:13+00:00,0.185,656312,Will OpenAI IPO by December 31 2026?,838449.3048639909,4336.557,
2026-07-22 16:00:08+00:00,0.185,656312,Will OpenAI IPO by December 31 2026?,838449.3048639909,4336.557,
2026-07-22 17:00:23+00:00,0.185,656312,Will OpenAI IPO by December 31 2026?,838449.3048639909,4336.557,
2026-07-22 18:00:16+00:00,0.19,656312,Will OpenAI IPO by December 31 2026?,838449.3048639909,4336.557,
2026-07-22 19:00:07+00:00,0.19,656312,Will OpenAI IPO by December 31 2026?,838449.3048639909,4336.557,
2026-07-22 20:00:10+00:00,0.19,656312,Will OpenAI IPO by December 31 2026?,838449.3048639909,4336.557,
2026-07-22 21:00:15+00:00,0.19,656312,Will OpenAI IPO by December 31 2026?,838449.3048639909,4336.557,
2026-07-22 22:00:15+00:00,0.19,656312,Will OpenAI IPO by December 31 2026?,838449.3048639909,4336.557,
2026-07-22 23:00:09+00:00,0.19,656312,Will OpenAI IPO by December 31 2026?,838449.3048639909,4336.557,
2026-07-23 00:00:20+00:00,0.19,656312,Will OpenAI IPO by December 31 2026?,838449.3048639909,4336.557,
2026-07-23 01:00:21+00:00,0.19,656312,Will OpenAI IPO by December 31 2026?,838449.3048639909,4336.557,
2026-07-23 02:00:10+00:00,0.19,656312,Will OpenAI IPO by December 31 2026?,838449.3048639909,4336.557,
2026-07-23 03:00:16+00:00,0.19,656312,Will OpenAI IPO by December 31 2026?,838449.3048639909,4336.557,
2026-07-23 04:00:13+00:00,0.19,656312,Will OpenAI IPO by December 31 2026?,838449.3048639909,4336.557,
2026-07-23 05:00:26+00:00,0.19,656312,Will OpenAI IPO by December 31 2026?,838449.3048639909,4336.557,
2026-07-23 06:00:30+00:00,0.19,656312,Will OpenAI IPO by December 31 2026?,838449.3048639909,4336.557,
2026-07-23 07:00:20+00:00,0.195,656312,Will OpenAI IPO by December 31 2026?,838449.3048639909,4336.557,
2026-07-23 08:00:09+00:00,0.195,656312,Will OpenAI IPO by December 31 2026?,838449.3048639909,4336.557,
2026-07-23 09:00:25+00:00,0.195,656312,Will OpenAI IPO by December 31 2026?,838449.3048639909,4336.557,
2026-07-23 10:00:21+00:00,0.195,656312,Will OpenAI IPO by December 31 2026?,838449.3048639909,4336.557,
2026-07-23 11:00:12+00:00,0.19,656312,Will OpenAI IPO by December 31 2026?,838449.3048639909,4336.557,
2026-07-23 12:00:34+00:00,0.19,656312,Will OpenAI IPO by December 31 2026?,838449.3048639909,4336.557,
2026-07-23 13:00:16+00:00,0.195,656312,Will OpenAI IPO by December 31 2026?,838449.3048639909,4336.557,
2026-07-23 14:00:16+00:00,0.19,656312,Will OpenAI IPO by December 31 2026?,838449.3048639909,4336.557,
2026-07-23 15:00:33+00:00,0.19,656312,Will OpenAI IPO by December 31 2026?,838449.3048639909,4336.557,
2026-07-23 16:00:15+00:00,0.185,656312,Will OpenAI IPO by December 31 2026?,838449.3048639909,4336.557,
2026-07-23 17:00:32+00:00,0.185,656312,Will OpenAI IPO by December 31 2026?,838449.3048639909,4336.557,
2026-07-23 18:00:33+00:00,0.185,656312,Will OpenAI IPO by December 31 2026?,838449.3048639909,4336.557,
2026-07-23 19:00:23+00:00,0.185,656312,Will OpenAI IPO by December 31 2026?,838449.3048639909,4336.557,
2026-07-23 20:00:20+00:00,0.185,656312,Will OpenAI IPO by December 31 2026?,838449.3048639909,4336.557,
2026-07-23 21:00:24+00:00,0.185,656312,Will OpenAI IPO by December 31 2026?,838449.3048639909,4336.557,
2026-07-23 22:00:18+00:00,0.185,656312,Will OpenAI IPO by December 31 2026?,838449.3048639909,4336.557,
2026-07-23 23:00:18+00:00,0.185,656312,Will OpenAI IPO by December 31 2026?,838449.3048639909,4336.557,
2026-07-24 00:00:27+00:00,0.185,656312,Will OpenAI IPO by December 31 2026?,838449.3048639909,4336.557,
2026-07-24 01:00:11+00:00,0.185,656312,Will OpenAI IPO by December 31 2026?,838449.3048639909,4336.557,
2026-07-24 02:00:14+00:00,0.185,656312,Will OpenAI IPO by December 31 2026?,838449.3048639909,4336.557,
2026-07-24 03:00:25+00:00,0.185,656312,Will OpenAI IPO by December 31 2026?,838449.3048639909,4336.557,
2026-07-24 04:00:18+00:00,0.17,656312,Will OpenAI IPO by December 31 2026?,838449.3048639909,4336.557,
2026-07-24 05:00:30+00:00,0.17,656312,Will OpenAI IPO by December 31 2026?,838449.3048639909,4336.557,
2026-07-24 06:00:28+00:00,0.17,656312,Will OpenAI IPO by December 31 2026?,838449.3048639909,4336.557,
2026-07-24 07:00:13+00:00,0.17,656312,Will OpenAI IPO by December 31 2026?,838449.3048639909,4336.557,
2026-07-24 08:00:17+00:00,0.17,656312,Will OpenAI IPO by December 31 2026?,838449.3048639909,4336.557,
2026-07-24 09:00:26+00:00,0.17,656312,Will OpenAI IPO by December 31 2026?,838449.3048639909,4336.557,
2026-07-24 09:38:07+00:00,0.17,656312,Will OpenAI IPO by December 31 2026?,838449.3048639909,4336.557,
2026-07-10 10:00:17+00:00,0.1,656313,OpenAI $1t+ IPO before 2027?,294578.7384599992,3437.0957,2026-12-31T00:00:00Z
2026-07-10 11:00:05+00:00,0.1,656313,OpenAI $1t+ IPO before 2027?,294578.7384599992,3437.0957,2026-12-31T00:00:00Z
2026-07-10 12:00:07+00:00,0.1,656313,OpenAI $1t+ IPO before 2027?,294578.7384599992,3437.0957,2026-12-31T00:00:00Z
2026-07-10 13:00:05+00:00,0.1,656313,OpenAI $1t+ IPO before 2027?,294578.7384599992,3437.0957,2026-12-31T00:00:00Z
2026-07-10 14:00:05+00:00,0.1,656313,OpenAI $1t+ IPO before 2027?,294578.7384599992,3437.0957,2026-12-31T00:00:00Z
2026-07-10 15:00:06+00:00,0.1,656313,OpenAI $1t+ IPO before 2027?,294578.7384599992,3437.0957,2026-12-31T00:00:00Z
2026-07-10 16:00:05+00:00,0.1,656313,OpenAI $1t+ IPO before 2027?,294578.7384599992,3437.0957,2026-12-31T00:00:00Z
2026-07-10 17:00:04+00:00,0.1,656313,OpenAI $1t+ IPO before 2027?,294578.7384599992,3437.0957,2026-12-31T00:00:00Z
2026-07-10 18:00:05+00:00,0.12,656313,OpenAI $1t+ IPO before 2027?,294578.7384599992,3437.0957,2026-12-31T00:00:00Z
2026-07-10 19:00:05+00:00,0.105,656313,OpenAI $1t+ IPO before 2027?,294578.7384599992,3437.0957,2026-12-31T00:00:00Z
2026-07-10 20:00:05+00:00,0.105,656313,OpenAI $1t+ IPO before 2027?,294578.7384599992,3437.0957,2026-12-31T00:00:00Z
2026-07-10 21:00:06+00:00,0.105,656313,OpenAI $1t+ IPO before 2027?,294578.7384599992,3437.0957,2026-12-31T00:00:00Z
2026-07-10 23:00:21+00:00,0.11,656313,OpenAI $1t+ IPO before 2027?,294578.7384599992,3437.0957,2026-12-31T00:00:00Z
2026-07-11 00:00:08+00:00,0.11,656313,OpenAI $1t+ IPO before 2027?,294578.7384599992,3437.0957,2026-12-31T00:00:00Z
2026-07-11 01:00:05+00:00,0.105,656313,OpenAI $1t+ IPO before 2027?,294578.7384599992,3437.0957,2026-12-31T00:00:00Z
2026-07-11 02:00:05+00:00,0.11,656313,OpenAI $1t+ IPO before 2027?,294578.7384599992,3437.0957,2026-12-31T00:00:00Z
2026-07-11 03:00:05+00:00,0.11,656313,OpenAI $1t+ IPO before 2027?,294578.7384599992,3437.0957,2026-12-31T00:00:00Z
2026-07-11 04:00:07+00:00,0.11,656313,OpenAI $1t+ IPO before 2027?,294578.7384599992,3437.0957,2026-12-31T00:00:00Z
2026-07-11 05:00:06+00:00,0.11,656313,OpenAI $1t+ IPO before 2027?,294578.7384599992,3437.0957,2026-12-31T00:00:00Z
2026-07-11 06:00:08+00:00,0.11,656313,OpenAI $1t+ IPO before 2027?,294578.7384599992,3437.0957,2026-12-31T00:00:00Z
2026-07-11 07:00:05+00:00,0.11,656313,OpenAI $1t+ IPO before 2027?,294578.7384599992,3437.0957,2026-12-31T00:00:00Z
2026-07-11 08:00:05+00:00,0.11,656313,OpenAI $1t+ IPO before 2027?,294578.7384599992,3437.0957,2026-12-31T00:00:00Z
2026-07-11 09:00:05+00:00,0.11,656313,OpenAI $1t+ IPO before 2027?,294578.7384599992,3437.0957,2026-12-31T00:00:00Z
2026-07-11 10:00:05+00:00,0.11,656313,OpenAI $1t+ IPO before 2027?,294578.7384599992,3437.0957,2026-12-31T00:00:00Z
2026-07-11 11:00:05+00:00,0.11,656313,OpenAI $1t+ IPO before 2027?,294578.7384599992,3437.0957,2026-12-31T00:00:00Z
2026-07-11 12:00:08+00:00,0.11,656313,OpenAI $1t+ IPO before 2027?,294578.7384599992,3437.0957,2026-12-31T00:00:00Z
2026-07-11 13:00:05+00:00,0.11,656313,OpenAI $1t+ IPO before 2027?,294578.7384599992,3437.0957,2026-12-31T00:00:00Z
2026-07-11 14:00:05+00:00,0.12,656313,OpenAI $1t+ IPO before 2027?,294578.7384599992,3437.0957,2026-12-31T00:00:00Z
2026-07-11 15:00:06+00:00,0.12,656313,OpenAI $1t+ IPO before 2027?,294578.7384599992,3437.0957,2026-12-31T00:00:00Z
2026-07-11 16:00:04+00:00,0.11,656313,OpenAI $1t+ IPO before 2027?,294578.7384599992,3437.0957,2026-12-31T00:00:00Z
2026-07-11 17:00:06+00:00,0.12,656313,OpenAI $1t+ IPO before 2027?,294578.7384599992,3437.0957,2026-12-31T00:00:00Z
2026-07-11 18:00:07+00:00,0.11,656313,OpenAI $1t+ IPO before 2027?,294578.7384599992,3437.0957,2026-12-31T00:00:00Z
2026-07-11 19:00:05+00:00,0.12,656313,OpenAI $1t+ IPO before 2027?,294578.7384599992,3437.0957,2026-12-31T00:00:00Z
2026-07-11 20:00:06+00:00,0.11,656313,OpenAI $1t+ IPO before 2027?,294578.7384599992,3437.0957,2026-12-31T00:00:00Z
2026-07-11 21:00:06+00:00,0.11,656313,OpenAI $1t+ IPO before 2027?,294578.7384599992,3437.0957,2026-12-31T00:00:00Z
2026-07-11 22:00:04+00:00,0.11,656313,OpenAI $1t+ IPO before 2027?,294578.7384599992,3437.0957,2026-12-31T00:00:00Z
2026-07-11 23:00:04+00:00,0.11,656313,OpenAI $1t+ IPO before 2027?,294578.7384599992,3437.0957,2026-12-31T00:00:00Z
2026-07-12 00:00:20+00:00,0.11,656313,OpenAI $1t+ IPO before 2027?,294578.7384599992,3437.0957,2026-12-31T00:00:00Z
2026-07-12 01:00:05+00:00,0.11,656313,OpenAI $1t+ IPO before 2027?,294578.7384599992,3437.0957,2026-12-31T00:00:00Z
2026-07-12 02:00:06+00:00,0.11,656313,OpenAI $1t+ IPO before 2027?,294578.7384599992,3437.0957,2026-12-31T00:00:00Z
2026-07-12 03:00:06+00:00,0.105,656313,OpenAI $1t+ IPO before 2027?,294578.7384599992,3437.0957,2026-12-31T00:00:00Z
2026-07-12 04:00:05+00:00,0.11,656313,OpenAI $1t+ IPO before 2027?,294578.7384599992,3437.0957,2026-12-31T00:00:00Z
2026-07-12 05:00:04+00:00,0.11,656313,OpenAI $1t+ IPO before 2027?,294578.7384599992,3437.0957,2026-12-31T00:00:00Z
2026-07-12 06:00:05+00:00,0.105,656313,OpenAI $1t+ IPO before 2027?,294578.7384599992,3437.0957,2026-12-31T00:00:00Z
2026-07-12 07:00:09+00:00,0.11,656313,OpenAI $1t+ IPO before 2027?,294578.7384599992,3437.0957,2026-12-31T00:00:00Z
2026-07-12 08:00:04+00:00,0.11,656313,OpenAI $1t+ IPO before 2027?,294578.7384599992,3437.0957,2026-12-31T00:00:00Z
2026-07-12 09:00:05+00:00,0.105,656313,OpenAI $1t+ IPO before 2027?,294578.7384599992,3437.0957,2026-12-31T00:00:00Z
2026-07-12 10:00:05+00:00,0.105,656313,OpenAI $1t+ IPO before 2027?,294578.7384599992,3437.0957,2026-12-31T00:00:00Z
2026-07-12 11:00:19+00:00,0.105,656313,OpenAI $1t+ IPO before 2027?,294578.7384599992,3437.0957,2026-12-31T00:00:00Z
2026-07-12 12:00:09+00:00,0.105,656313,OpenAI $1t+ IPO before 2027?,294578.7384599992,3437.0957,2026-12-31T00:00:00Z
2026-07-12 13:00:05+00:00,0.105,656313,OpenAI $1t+ IPO before 2027?,294578.7384599992,3437.0957,2026-12-31T00:00:00Z
2026-07-12 14:00:05+00:00,0.105,656313,OpenAI $1t+ IPO before 2027?,294578.7384599992,3437.0957,2026-12-31T00:00:00Z
2026-07-12 15:00:05+00:00,0.105,656313,OpenAI $1t+ IPO before 2027?,294578.7384599992,3437.0957,2026-12-31T00:00:00Z
2026-07-12 16:00:04+00:00,0.105,656313,OpenAI $1t+ IPO before 2027?,294578.7384599992,3437.0957,2026-12-31T00:00:00Z
2026-07-12 17:00:05+00:00,0.105,656313,OpenAI $1t+ IPO before 2027?,294578.7384599992,3437.0957,2026-12-31T00:00:00Z
2026-07-12 18:00:07+00:00,0.105,656313,OpenAI $1t+ IPO before 2027?,294578.7384599992,3437.0957,2026-12-31T00:00:00Z
2026-07-12 19:00:06+00:00,0.105,656313,OpenAI $1t+ IPO before 2027?,294578.7384599992,3437.0957,2026-12-31T00:00:00Z
2026-07-12 20:00:06+00:00,0.105,656313,OpenAI $1t+ IPO before 2027?,294578.7384599992,3437.0957,2026-12-31T00:00:00Z
2026-07-12 21:00:06+00:00,0.105,656313,OpenAI $1t+ IPO before 2027?,294578.7384599992,3437.0957,2026-12-31T00:00:00Z
2026-07-12 22:00:10+00:00,0.105,656313,OpenAI $1t+ IPO before 2027?,294578.7384599992,3437.0957,2026-12-31T00:00:00Z
2026-07-12 23:00:04+00:00,0.105,656313,OpenAI $1t+ IPO before 2027?,294578.7384599992,3437.0957,2026-12-31T00:00:00Z
2026-07-13 00:00:08+00:00,0.105,656313,OpenAI $1t+ IPO before 2027?,294578.7384599992,3437.0957,2026-12-31T00:00:00Z
2026-07-13 01:00:05+00:00,0.105,656313,OpenAI $1t+ IPO before 2027?,294578.7384599992,3437.0957,2026-12-31T00:00:00Z
2026-07-13 02:00:04+00:00,0.105,656313,OpenAI $1t+ IPO before 2027?,294578.7384599992,3437.0957,2026-12-31T00:00:00Z
2026-07-13 03:00:05+00:00,0.105,656313,OpenAI $1t+ IPO before 2027?,294578.7384599992,3437.0957,2026-12-31T00:00:00Z
2026-07-13 04:00:05+00:00,0.105,656313,OpenAI $1t+ IPO before 2027?,294578.7384599992,3437.0957,2026-12-31T00:00:00Z
2026-07-13 05:00:07+00:00,0.105,656313,OpenAI $1t+ IPO before 2027?,294578.7384599992,3437.0957,2026-12-31T00:00:00Z
2026-07-13 06:00:07+00:00,0.105,656313,OpenAI $1t+ IPO before 2027?,294578.7384599992,3437.0957,2026-12-31T00:00:00Z
2026-07-13 07:00:06+00:00,0.105,656313,OpenAI $1t+ IPO before 2027?,294578.7384599992,3437.0957,2026-12-31T00:00:00Z
2026-07-13 08:00:07+00:00,0.105,656313,OpenAI $1t+ IPO before 2027?,294578.7384599992,3437.0957,2026-12-31T00:00:00Z
2026-07-13 09:00:06+00:00,0.105,656313,OpenAI $1t+ IPO before 2027?,294578.7384599992,3437.0957,2026-12-31T00:00:00Z
2026-07-13 10:00:05+00:00,0.105,656313,OpenAI $1t+ IPO before 2027?,294578.7384599992,3437.0957,2026-12-31T00:00:00Z
2026-07-13 11:00:04+00:00,0.105,656313,OpenAI $1t+ IPO before 2027?,294578.7384599992,3437.0957,2026-12-31T00:00:00Z
2026-07-13 12:00:08+00:00,0.105,656313,OpenAI $1t+ IPO before 2027?,294578.7384599992,3437.0957,2026-12-31T00:00:00Z
2026-07-13 13:00:04+00:00,0.105,656313,OpenAI $1t+ IPO before 2027?,294578.7384599992,3437.0957,2026-12-31T00:00:00Z
2026-07-13 14:00:19+00:00,0.105,656313,OpenAI $1t+ IPO before 2027?,294578.7384599992,3437.0957,2026-12-31T00:00:00Z
2026-07-13 15:00:23+00:00,0.105,656313,OpenAI $1t+ IPO before 2027?,294578.7384599992,3437.0957,2026-12-31T00:00:00Z
2026-07-13 16:00:05+00:00,0.105,656313,OpenAI $1t+ IPO before 2027?,294578.7384599992,3437.0957,2026-12-31T00:00:00Z
2026-07-13 17:00:06+00:00,0.105,656313,OpenAI $1t+ IPO before 2027?,294578.7384599992,3437.0957,2026-12-31T00:00:00Z
2026-07-13 18:00:05+00:00,0.105,656313,OpenAI $1t+ IPO before 2027?,294578.7384599992,3437.0957,2026-12-31T00:00:00Z
2026-07-13 19:00:06+00:00,0.105,656313,OpenAI $1t+ IPO before 2027?,294578.7384599992,3437.0957,2026-12-31T00:00:00Z
2026-07-13 20:00:06+00:00,0.105,656313,OpenAI $1t+ IPO before 2027?,294578.7384599992,3437.0957,2026-12-31T00:00:00Z
2026-07-13 21:00:06+00:00,0.105,656313,OpenAI $1t+ IPO before 2027?,294578.7384599992,3437.0957,2026-12-31T00:00:00Z
2026-07-13 22:00:05+00:00,0.105,656313,OpenAI $1t+ IPO before 2027?,294578.7384599992,3437.0957,2026-12-31T00:00:00Z
2026-07-13 23:00:06+00:00,0.105,656313,OpenAI $1t+ IPO before 2027?,294578.7384599992,3437.0957,2026-12-31T00:00:00Z
2026-07-14 00:00:08+00:00,0.11,656313,OpenAI $1t+ IPO before 2027?,294578.7384599992,3437.0957,2026-12-31T00:00:00Z
2026-07-14 01:00:04+00:00,0.105,656313,OpenAI $1t+ IPO before 2027?,294578.7384599992,3437.0957,2026-12-31T00:00:00Z
2026-07-14 02:00:04+00:00,0.105,656313,OpenAI $1t+ IPO before 2027?,294578.7384599992,3437.0957,2026-12-31T00:00:00Z
2026-07-14 03:00:08+00:00,0.105,656313,OpenAI $1t+ IPO before 2027?,294578.7384599992,3437.0957,2026-12-31T00:00:00Z
2026-07-14 04:00:05+00:00,0.105,656313,OpenAI $1t+ IPO before 2027?,294578.7384599992,3437.0957,2026-12-31T00:00:00Z
2026-07-14 05:00:06+00:00,0.105,656313,OpenAI $1t+ IPO before 2027?,294578.7384599992,3437.0957,2026-12-31T00:00:00Z
2026-07-14 06:00:07+00:00,0.105,656313,OpenAI $1t+ IPO before 2027?,294578.7384599992,3437.0957,2026-12-31T00:00:00Z
2026-07-14 07:00:09+00:00,0.105,656313,OpenAI $1t+ IPO before 2027?,294578.7384599992,3437.0957,2026-12-31T00:00:00Z
2026-07-14 08:00:05+00:00,0.105,656313,OpenAI $1t+ IPO before 2027?,294578.7384599992,3437.0957,2026-12-31T00:00:00Z
2026-07-14 09:00:06+00:00,0.105,656313,OpenAI $1t+ IPO before 2027?,294578.7384599992,3437.0957,2026-12-31T00:00:00Z
2026-07-14 10:00:07+00:00,0.105,656313,OpenAI $1t+ IPO before 2027?,294578.7384599992,3437.0957,2026-12-31T00:00:00Z
2026-07-14 11:00:06+00:00,0.105,656313,OpenAI $1t+ IPO before 2027?,294578.7384599992,3437.0957,2026-12-31T00:00:00Z
2026-07-14 12:00:13+00:00,0.11,656313,OpenAI $1t+ IPO before 2027?,294578.7384599992,3437.0957,2026-12-31T00:00:00Z
2026-07-14 13:00:08+00:00,0.11,656313,OpenAI $1t+ IPO before 2027?,294578.7384599992,3437.0957,2026-12-31T00:00:00Z
2026-07-14 14:00:12+00:00,0.115,656313,OpenAI $1t+ IPO before 2027?,294578.7384599992,3437.0957,2026-12-31T00:00:00Z
2026-07-14 15:00:09+00:00,0.115,656313,OpenAI $1t+ IPO before 2027?,294578.7384599992,3437.0957,2026-12-31T00:00:00Z
2026-07-14 16:00:12+00:00,0.11,656313,OpenAI $1t+ IPO before 2027?,294578.7384599992,3437.0957,2026-12-31T00:00:00Z
2026-07-14 17:00:16+00:00,0.11,656313,OpenAI $1t+ IPO before 2027?,294578.7384599992,3437.0957,2026-12-31T00:00:00Z
2026-07-14 18:00:17+00:00,0.11,656313,OpenAI $1t+ IPO before 2027?,294578.7384599992,3437.0957,2026-12-31T00:00:00Z
2026-07-14 19:00:08+00:00,0.11,656313,OpenAI $1t+ IPO before 2027?,294578.7384599992,3437.0957,2026-12-31T00:00:00Z
2026-07-14 20:00:07+00:00,0.115,656313,OpenAI $1t+ IPO before 2027?,294578.7384599992,3437.0957,2026-12-31T00:00:00Z
2026-07-14 21:00:08+00:00,0.105,656313,OpenAI $1t+ IPO before 2027?,294578.7384599992,3437.0957,2026-12-31T00:00:00Z
2026-07-14 22:00:05+00:00,0.105,656313,OpenAI $1t+ IPO before 2027?,294578.7384599992,3437.0957,2026-12-31T00:00:00Z
2026-07-14 23:00:06+00:00,0.105,656313,OpenAI $1t+ IPO before 2027?,294578.7384599992,3437.0957,2026-12-31T00:00:00Z
2026-07-15 00:00:11+00:00,0.105,656313,OpenAI $1t+ IPO before 2027?,294578.7384599992,3437.0957,2026-12-31T00:00:00Z
2026-07-15 01:00:08+00:00,0.105,656313,OpenAI $1t+ IPO before 2027?,294578.7384599992,3437.0957,2026-12-31T00:00:00Z
2026-07-15 02:00:10+00:00,0.105,656313,OpenAI $1t+ IPO before 2027?,294578.7384599992,3437.0957,2026-12-31T00:00:00Z
2026-07-15 03:00:10+00:00,0.105,656313,OpenAI $1t+ IPO before 2027?,294578.7384599992,3437.0957,2026-12-31T00:00:00Z
2026-07-15 04:00:06+00:00,0.105,656313,OpenAI $1t+ IPO before 2027?,294578.7384599992,3437.0957,2026-12-31T00:00:00Z
2026-07-15 05:00:21+00:00,0.105,656313,OpenAI $1t+ IPO before 2027?,294578.7384599992,3437.0957,2026-12-31T00:00:00Z
2026-07-15 06:00:10+00:00,0.105,656313,OpenAI $1t+ IPO before 2027?,294578.7384599992,3437.0957,2026-12-31T00:00:00Z
2026-07-15 07:00:21+00:00,0.105,656313,OpenAI $1t+ IPO before 2027?,294578.7384599992,3437.0957,2026-12-31T00:00:00Z
2026-07-15 08:00:22+00:00,0.105,656313,OpenAI $1t+ IPO before 2027?,294578.7384599992,3437.0957,2026-12-31T00:00:00Z
2026-07-15 09:00:08+00:00,0.105,656313,OpenAI $1t+ IPO before 2027?,294578.7384599992,3437.0957,2026-12-31T00:00:00Z
2026-07-15 10:00:05+00:00,0.105,656313,OpenAI $1t+ IPO before 2027?,294578.7384599992,3437.0957,2026-12-31T00:00:00Z
2026-07-15 11:00:09+00:00,0.105,656313,OpenAI $1t+ IPO before 2027?,294578.7384599992,3437.0957,2026-12-31T00:00:00Z
2026-07-15 12:00:23+00:00,0.105,656313,OpenAI $1t+ IPO before 2027?,294578.7384599992,3437.0957,2026-12-31T00:00:00Z
2026-07-15 13:00:07+00:00,0.105,656313,OpenAI $1t+ IPO before 2027?,294578.7384599992,3437.0957,2026-12-31T00:00:00Z
2026-07-15 14:00:07+00:00,0.105,656313,OpenAI $1t+ IPO before 2027?,294578.7384599992,3437.0957,2026-12-31T00:00:00Z
2026-07-15 15:00:10+00:00,0.105,656313,OpenAI $1t+ IPO before 2027?,294578.7384599992,3437.0957,2026-12-31T00:00:00Z
2026-07-15 16:00:06+00:00,0.105,656313,OpenAI $1t+ IPO before 2027?,294578.7384599992,3437.0957,2026-12-31T00:00:00Z
2026-07-15 17:00:07+00:00,0.105,656313,OpenAI $1t+ IPO before 2027?,294578.7384599992,3437.0957,2026-12-31T00:00:00Z
2026-07-15 18:00:10+00:00,0.105,656313,OpenAI $1t+ IPO before 2027?,294578.7384599992,3437.0957,2026-12-31T00:00:00Z
2026-07-15 19:00:09+00:00,0.105,656313,OpenAI $1t+ IPO before 2027?,294578.7384599992,3437.0957,2026-12-31T00:00:00Z
2026-07-15 20:00:06+00:00,0.105,656313,OpenAI $1t+ IPO before 2027?,294578.7384599992,3437.0957,2026-12-31T00:00:00Z
2026-07-15 21:00:07+00:00,0.105,656313,OpenAI $1t+ IPO before 2027?,294578.7384599992,3437.0957,2026-12-31T00:00:00Z
2026-07-15 22:00:05+00:00,0.095,656313,OpenAI $1t+ IPO before 2027?,294578.7384599992,3437.0957,2026-12-31T00:00:00Z
2026-07-15 23:00:06+00:00,0.095,656313,OpenAI $1t+ IPO before 2027?,294578.7384599992,3437.0957,2026-12-31T00:00:00Z
2026-07-16 00:00:11+00:00,0.095,656313,OpenAI $1t+ IPO before 2027?,294578.7384599992,3437.0957,2026-12-31T00:00:00Z
2026-07-16 01:00:05+00:00,0.095,656313,OpenAI $1t+ IPO before 2027?,294578.7384599992,3437.0957,2026-12-31T00:00:00Z
2026-07-16 02:00:05+00:00,0.08,656313,OpenAI $1t+ IPO before 2027?,294578.7384599992,3437.0957,2026-12-31T00:00:00Z
2026-07-16 03:00:09+00:00,0.085,656313,OpenAI $1t+ IPO before 2027?,294578.7384599992,3437.0957,2026-12-31T00:00:00Z
2026-07-16 04:00:06+00:00,0.085,656313,OpenAI $1t+ IPO before 2027?,294578.7384599992,3437.0957,2026-12-31T00:00:00Z
2026-07-16 05:00:05+00:00,0.085,656313,OpenAI $1t+ IPO before 2027?,294578.7384599992,3437.0957,2026-12-31T00:00:00Z
2026-07-16 06:00:08+00:00,0.08,656313,OpenAI $1t+ IPO before 2027?,294578.7384599992,3437.0957,2026-12-31T00:00:00Z
2026-07-16 07:00:07+00:00,0.085,656313,OpenAI $1t+ IPO before 2027?,294578.7384599992,3437.0957,2026-12-31T00:00:00Z
2026-07-16 08:00:04+00:00,0.085,656313,OpenAI $1t+ IPO before 2027?,294578.7384599992,3437.0957,2026-12-31T00:00:00Z
2026-07-16 09:00:10+00:00,0.085,656313,OpenAI $1t+ IPO before 2027?,294578.7384599992,3437.0957,2026-12-31T00:00:00Z
2026-07-16 10:00:07+00:00,0.08,656313,OpenAI $1t+ IPO before 2027?,294578.7384599992,3437.0957,2026-12-31T00:00:00Z
2026-07-16 11:00:06+00:00,0.08,656313,OpenAI $1t+ IPO before 2027?,294578.7384599992,3437.0957,2026-12-31T00:00:00Z
2026-07-16 12:00:07+00:00,0.085,656313,OpenAI $1t+ IPO before 2027?,294578.7384599992,3437.0957,2026-12-31T00:00:00Z
2026-07-16 13:00:07+00:00,0.08,656313,OpenAI $1t+ IPO before 2027?,294578.7384599992,3437.0957,2026-12-31T00:00:00Z
2026-07-16 14:00:05+00:00,0.085,656313,OpenAI $1t+ IPO before 2027?,294578.7384599992,3437.0957,2026-12-31T00:00:00Z
2026-07-16 15:00:08+00:00,0.085,656313,OpenAI $1t+ IPO before 2027?,294578.7384599992,3437.0957,2026-12-31T00:00:00Z
2026-07-16 16:00:05+00:00,0.085,656313,OpenAI $1t+ IPO before 2027?,294578.7384599992,3437.0957,2026-12-31T00:00:00Z
2026-07-16 17:00:06+00:00,0.08,656313,OpenAI $1t+ IPO before 2027?,294578.7384599992,3437.0957,2026-12-31T00:00:00Z
2026-07-16 18:00:21+00:00,0.08,656313,OpenAI $1t+ IPO before 2027?,294578.7384599992,3437.0957,2026-12-31T00:00:00Z
2026-07-16 19:00:06+00:00,0.085,656313,OpenAI $1t+ IPO before 2027?,294578.7384599992,3437.0957,2026-12-31T00:00:00Z
2026-07-16 20:00:07+00:00,0.08,656313,OpenAI $1t+ IPO before 2027?,294578.7384599992,3437.0957,2026-12-31T00:00:00Z
2026-07-16 21:00:07+00:00,0.08,656313,OpenAI $1t+ IPO before 2027?,294578.7384599992,3437.0957,2026-12-31T00:00:00Z
2026-07-16 22:00:06+00:00,0.08,656313,OpenAI $1t+ IPO before 2027?,294578.7384599992,3437.0957,2026-12-31T00:00:00Z
2026-07-16 23:00:08+00:00,0.085,656313,OpenAI $1t+ IPO before 2027?,294578.7384599992,3437.0957,2026-12-31T00:00:00Z
2026-07-17 00:00:10+00:00,0.08,656313,OpenAI $1t+ IPO before 2027?,294578.7384599992,3437.0957,2026-12-31T00:00:00Z
2026-07-17 01:00:05+00:00,0.07,656313,OpenAI $1t+ IPO before 2027?,294578.7384599992,3437.0957,2026-12-31T00:00:00Z
2026-07-17 02:00:06+00:00,0.07,656313,OpenAI $1t+ IPO before 2027?,294578.7384599992,3437.0957,2026-12-31T00:00:00Z
2026-07-17 03:00:08+00:00,0.075,656313,OpenAI $1t+ IPO before 2027?,294578.7384599992,3437.0957,2026-12-31T00:00:00Z
2026-07-17 04:00:06+00:00,0.07,656313,OpenAI $1t+ IPO before 2027?,294578.7384599992,3437.0957,2026-12-31T00:00:00Z
2026-07-17 05:00:07+00:00,0.07,656313,OpenAI $1t+ IPO before 2027?,294578.7384599992,3437.0957,2026-12-31T00:00:00Z
2026-07-17 06:00:08+00:00,0.075,656313,OpenAI $1t+ IPO before 2027?,294578.7384599992,3437.0957,2026-12-31T00:00:00Z
2026-07-17 07:00:04+00:00,0.075,656313,OpenAI $1t+ IPO before 2027?,294578.7384599992,3437.0957,2026-12-31T00:00:00Z
2026-07-17 08:00:05+00:00,0.075,656313,OpenAI $1t+ IPO before 2027?,294578.7384599992,3437.0957,2026-12-31T00:00:00Z
2026-07-17 09:00:06+00:00,0.075,656313,OpenAI $1t+ IPO before 2027?,294578.7384599992,3437.0957,2026-12-31T00:00:00Z
2026-07-17 10:00:08+00:00,0.085,656313,OpenAI $1t+ IPO before 2027?,294578.7384599992,3437.0957,2026-12-31T00:00:00Z
2026-07-17 11:00:05+00:00,0.085,656313,OpenAI $1t+ IPO before 2027?,294578.7384599992,3437.0957,2026-12-31T00:00:00Z
2026-07-17 12:00:09+00:00,0.08,656313,OpenAI $1t+ IPO before 2027?,294578.7384599992,3437.0957,2026-12-31T00:00:00Z
2026-07-17 13:00:06+00:00,0.085,656313,OpenAI $1t+ IPO before 2027?,294578.7384599992,3437.0957,2026-12-31T00:00:00Z
2026-07-17 14:00:06+00:00,0.085,656313,OpenAI $1t+ IPO before 2027?,294578.7384599992,3437.0957,2026-12-31T00:00:00Z
2026-07-17 15:00:08+00:00,0.075,656313,OpenAI $1t+ IPO before 2027?,294578.7384599992,3437.0957,2026-12-31T00:00:00Z
2026-07-17 16:00:22+00:00,0.085,656313,OpenAI $1t+ IPO before 2027?,294578.7384599992,3437.0957,2026-12-31T00:00:00Z
2026-07-17 17:00:09+00:00,0.085,656313,OpenAI $1t+ IPO before 2027?,294578.7384599992,3437.0957,2026-12-31T00:00:00Z
2026-07-17 18:00:24+00:00,0.08,656313,OpenAI $1t+ IPO before 2027?,294578.7384599992,3437.0957,2026-12-31T00:00:00Z
2026-07-17 19:00:06+00:00,0.08,656313,OpenAI $1t+ IPO before 2027?,294578.7384599992,3437.0957,2026-12-31T00:00:00Z
2026-07-17 20:00:05+00:00,0.08,656313,OpenAI $1t+ IPO before 2027?,294578.7384599992,3437.0957,2026-12-31T00:00:00Z
2026-07-17 21:00:06+00:00,0.08,656313,OpenAI $1t+ IPO before 2027?,294578.7384599992,3437.0957,2026-12-31T00:00:00Z
2026-07-17 22:00:07+00:00,0.08,656313,OpenAI $1t+ IPO before 2027?,294578.7384599992,3437.0957,2026-12-31T00:00:00Z
2026-07-17 23:00:08+00:00,0.085,656313,OpenAI $1t+ IPO before 2027?,294578.7384599992,3437.0957,2026-12-31T00:00:00Z
2026-07-18 00:00:07+00:00,0.085,656313,OpenAI $1t+ IPO before 2027?,294578.7384599992,3437.0957,2026-12-31T00:00:00Z
2026-07-18 01:00:06+00:00,0.08,656313,OpenAI $1t+ IPO before 2027?,294578.7384599992,3437.0957,2026-12-31T00:00:00Z
2026-07-18 02:00:06+00:00,0.085,656313,OpenAI $1t+ IPO before 2027?,294578.7384599992,3437.0957,2026-12-31T00:00:00Z
2026-07-18 03:00:08+00:00,0.085,656313,OpenAI $1t+ IPO before 2027?,294578.7384599992,3437.0957,2026-12-31T00:00:00Z
2026-07-18 04:00:05+00:00,0.08,656313,OpenAI $1t+ IPO before 2027?,294578.7384599992,3437.0957,2026-12-31T00:00:00Z
2026-07-18 05:00:06+00:00,0.08,656313,OpenAI $1t+ IPO before 2027?,294578.7384599992,3437.0957,2026-12-31T00:00:00Z
2026-07-18 06:00:06+00:00,0.08,656313,OpenAI $1t+ IPO before 2027?,294578.7384599992,3437.0957,2026-12-31T00:00:00Z
2026-07-18 07:00:06+00:00,0.08,656313,OpenAI $1t+ IPO before 2027?,294578.7384599992,3437.0957,2026-12-31T00:00:00Z
2026-07-18 08:00:05+00:00,0.085,656313,OpenAI $1t+ IPO before 2027?,294578.7384599992,3437.0957,2026-12-31T00:00:00Z
2026-07-18 09:00:10+00:00,0.085,656313,OpenAI $1t+ IPO before 2027?,294578.7384599992,3437.0957,2026-12-31T00:00:00Z
2026-07-18 10:00:05+00:00,0.085,656313,OpenAI $1t+ IPO before 2027?,294578.7384599992,3437.0957,2026-12-31T00:00:00Z
2026-07-18 11:00:06+00:00,0.08,656313,OpenAI $1t+ IPO before 2027?,294578.7384599992,3437.0957,2026-12-31T00:00:00Z
2026-07-18 12:00:20+00:00,0.08,656313,OpenAI $1t+ IPO before 2027?,294578.7384599992,3437.0957,2026-12-31T00:00:00Z
2026-07-18 13:00:06+00:00,0.085,656313,OpenAI $1t+ IPO before 2027?,294578.7384599992,3437.0957,2026-12-31T00:00:00Z
2026-07-18 14:00:07+00:00,0.085,656313,OpenAI $1t+ IPO before 2027?,294578.7384599992,3437.0957,2026-12-31T00:00:00Z
2026-07-18 15:00:07+00:00,0.08,656313,OpenAI $1t+ IPO before 2027?,294578.7384599992,3437.0957,2026-12-31T00:00:00Z
2026-07-18 16:00:07+00:00,0.08,656313,OpenAI $1t+ IPO before 2027?,294578.7384599992,3437.0957,2026-12-31T00:00:00Z
2026-07-18 17:00:07+00:00,0.085,656313,OpenAI $1t+ IPO before 2027?,294578.7384599992,3437.0957,2026-12-31T00:00:00Z
2026-07-18 18:00:08+00:00,0.085,656313,OpenAI $1t+ IPO before 2027?,294578.7384599992,3437.0957,2026-12-31T00:00:00Z
2026-07-18 19:00:05+00:00,0.085,656313,OpenAI $1t+ IPO before 2027?,294578.7384599992,3437.0957,2026-12-31T00:00:00Z
2026-07-18 20:00:09+00:00,0.08,656313,OpenAI $1t+ IPO before 2027?,294578.7384599992,3437.0957,2026-12-31T00:00:00Z
2026-07-18 21:00:11+00:00,0.085,656313,OpenAI $1t+ IPO before 2027?,294578.7384599992,3437.0957,2026-12-31T00:00:00Z
2026-07-18 22:00:07+00:00,0.085,656313,OpenAI $1t+ IPO before 2027?,294578.7384599992,3437.0957,2026-12-31T00:00:00Z
2026-07-18 23:00:08+00:00,0.08,656313,OpenAI $1t+ IPO before 2027?,294578.7384599992,3437.0957,2026-12-31T00:00:00Z
2026-07-19 00:00:08+00:00,0.085,656313,OpenAI $1t+ IPO before 2027?,294578.7384599992,3437.0957,2026-12-31T00:00:00Z
2026-07-19 01:00:06+00:00,0.085,656313,OpenAI $1t+ IPO before 2027?,294578.7384599992,3437.0957,2026-12-31T00:00:00Z
2026-07-19 02:00:06+00:00,0.08,656313,OpenAI $1t+ IPO before 2027?,294578.7384599992,3437.0957,2026-12-31T00:00:00Z
2026-07-19 03:00:07+00:00,0.085,656313,OpenAI $1t+ IPO before 2027?,294578.7384599992,3437.0957,2026-12-31T00:00:00Z
2026-07-19 04:00:05+00:00,0.085,656313,OpenAI $1t+ IPO before 2027?,294578.7384599992,3437.0957,2026-12-31T00:00:00Z
2026-07-19 05:00:07+00:00,0.085,656313,OpenAI $1t+ IPO before 2027?,294578.7384599992,3437.0957,2026-12-31T00:00:00Z
2026-07-19 06:00:12+00:00,0.085,656313,OpenAI $1t+ IPO before 2027?,294578.7384599992,3437.0957,2026-12-31T00:00:00Z
2026-07-19 07:00:07+00:00,0.085,656313,OpenAI $1t+ IPO before 2027?,294578.7384599992,3437.0957,2026-12-31T00:00:00Z
2026-07-19 08:00:08+00:00,0.085,656313,OpenAI $1t+ IPO before 2027?,294578.7384599992,3437.0957,2026-12-31T00:00:00Z
2026-07-19 09:00:10+00:00,0.085,656313,OpenAI $1t+ IPO before 2027?,294578.7384599992,3437.0957,2026-12-31T00:00:00Z
2026-07-19 10:00:06+00:00,0.085,656313,OpenAI $1t+ IPO before 2027?,294578.7384599992,3437.0957,2026-12-31T00:00:00Z
2026-07-19 11:00:07+00:00,0.085,656313,OpenAI $1t+ IPO before 2027?,294578.7384599992,3437.0957,2026-12-31T00:00:00Z
2026-07-19 12:00:10+00:00,0.085,656313,OpenAI $1t+ IPO before 2027?,294578.7384599992,3437.0957,2026-12-31T00:00:00Z
2026-07-19 13:00:09+00:00,0.085,656313,OpenAI $1t+ IPO before 2027?,294578.7384599992,3437.0957,2026-12-31T00:00:00Z
2026-07-19 14:00:08+00:00,0.085,656313,OpenAI $1t+ IPO before 2027?,294578.7384599992,3437.0957,2026-12-31T00:00:00Z
2026-07-19 15:00:09+00:00,0.085,656313,OpenAI $1t+ IPO before 2027?,294578.7384599992,3437.0957,2026-12-31T00:00:00Z
2026-07-19 16:00:23+00:00,0.085,656313,OpenAI $1t+ IPO before 2027?,294578.7384599992,3437.0957,2026-12-31T00:00:00Z
2026-07-19 17:00:12+00:00,0.085,656313,OpenAI $1t+ IPO before 2027?,294578.7384599992,3437.0957,2026-12-31T00:00:00Z
2026-07-19 18:00:09+00:00,0.085,656313,OpenAI $1t+ IPO before 2027?,294578.7384599992,3437.0957,2026-12-31T00:00:00Z
2026-07-19 19:00:09+00:00,0.085,656313,OpenAI $1t+ IPO before 2027?,294578.7384599992,3437.0957,2026-12-31T00:00:00Z
2026-07-19 20:00:11+00:00,0.085,656313,OpenAI $1t+ IPO before 2027?,294578.7384599992,3437.0957,2026-12-31T00:00:00Z
2026-07-19 21:00:23+00:00,0.085,656313,OpenAI $1t+ IPO before 2027?,294578.7384599992,3437.0957,2026-12-31T00:00:00Z
2026-07-19 22:00:09+00:00,0.085,656313,OpenAI $1t+ IPO before 2027?,294578.7384599992,3437.0957,2026-12-31T00:00:00Z
2026-07-19 23:00:07+00:00,0.085,656313,OpenAI $1t+ IPO before 2027?,294578.7384599992,3437.0957,2026-12-31T00:00:00Z
2026-07-20 00:00:24+00:00,0.085,656313,OpenAI $1t+ IPO before 2027?,294578.7384599992,3437.0957,2026-12-31T00:00:00Z
2026-07-20 01:00:08+00:00,0.085,656313,OpenAI $1t+ IPO before 2027?,294578.7384599992,3437.0957,2026-12-31T00:00:00Z
2026-07-20 02:00:07+00:00,0.085,656313,OpenAI $1t+ IPO before 2027?,294578.7384599992,3437.0957,2026-12-31T00:00:00Z
2026-07-20 03:00:09+00:00,0.085,656313,OpenAI $1t+ IPO before 2027?,294578.7384599992,3437.0957,2026-12-31T00:00:00Z
2026-07-20 04:00:06+00:00,0.085,656313,OpenAI $1t+ IPO before 2027?,294578.7384599992,3437.0957,2026-12-31T00:00:00Z
2026-07-20 05:00:20+00:00,0.085,656313,OpenAI $1t+ IPO before 2027?,294578.7384599992,3437.0957,2026-12-31T00:00:00Z
2026-07-20 06:00:11+00:00,0.085,656313,OpenAI $1t+ IPO before 2027?,294578.7384599992,3437.0957,2026-12-31T00:00:00Z
2026-07-20 07:00:08+00:00,0.085,656313,OpenAI $1t+ IPO before 2027?,294578.7384599992,3437.0957,2026-12-31T00:00:00Z
2026-07-20 08:00:05+00:00,0.085,656313,OpenAI $1t+ IPO before 2027?,294578.7384599992,3437.0957,2026-12-31T00:00:00Z
2026-07-20 09:00:10+00:00,0.085,656313,OpenAI $1t+ IPO before 2027?,294578.7384599992,3437.0957,2026-12-31T00:00:00Z
2026-07-20 10:00:05+00:00,0.085,656313,OpenAI $1t+ IPO before 2027?,294578.7384599992,3437.0957,2026-12-31T00:00:00Z
2026-07-20 11:00:08+00:00,0.085,656313,OpenAI $1t+ IPO before 2027?,294578.7384599992,3437.0957,2026-12-31T00:00:00Z
2026-07-20 12:00:09+00:00,0.085,656313,OpenAI $1t+ IPO before 2027?,294578.7384599992,3437.0957,2026-12-31T00:00:00Z
2026-07-20 13:00:09+00:00,0.085,656313,OpenAI $1t+ IPO before 2027?,294578.7384599992,3437.0957,2026-12-31T00:00:00Z
2026-07-20 14:00:06+00:00,0.085,656313,OpenAI $1t+ IPO before 2027?,294578.7384599992,3437.0957,2026-12-31T00:00:00Z
2026-07-20 15:00:13+00:00,0.085,656313,OpenAI $1t+ IPO before 2027?,294578.7384599992,3437.0957,2026-12-31T00:00:00Z
2026-07-20 16:00:09+00:00,0.085,656313,OpenAI $1t+ IPO before 2027?,294578.7384599992,3437.0957,2026-12-31T00:00:00Z
2026-07-20 17:00:17+00:00,0.085,656313,OpenAI $1t+ IPO before 2027?,294578.7384599992,3437.0957,2026-12-31T00:00:00Z
2026-07-20 18:00:11+00:00,0.085,656313,OpenAI $1t+ IPO before 2027?,294578.7384599992,3437.0957,2026-12-31T00:00:00Z
2026-07-20 19:00:08+00:00,0.085,656313,OpenAI $1t+ IPO before 2027?,294578.7384599992,3437.0957,2026-12-31T00:00:00Z
2026-07-20 20:00:23+00:00,0.085,656313,OpenAI $1t+ IPO before 2027?,294578.7384599992,3437.0957,2026-12-31T00:00:00Z
2026-07-20 21:00:12+00:00,0.085,656313,OpenAI $1t+ IPO before 2027?,294578.7384599992,3437.0957,2026-12-31T00:00:00Z
2026-07-20 22:00:05+00:00,0.085,656313,OpenAI $1t+ IPO before 2027?,294578.7384599992,3437.0957,2026-12-31T00:00:00Z
2026-07-20 23:00:05+00:00,0.085,656313,OpenAI $1t+ IPO before 2027?,294578.7384599992,3437.0957,2026-12-31T00:00:00Z
2026-07-21 00:00:11+00:00,0.085,656313,OpenAI $1t+ IPO before 2027?,294578.7384599992,3437.0957,2026-12-31T00:00:00Z
2026-07-21 01:00:10+00:00,0.085,656313,OpenAI $1t+ IPO before 2027?,294578.7384599992,3437.0957,2026-12-31T00:00:00Z
2026-07-21 02:00:10+00:00,0.08,656313,OpenAI $1t+ IPO before 2027?,294578.7384599992,3437.0957,2026-12-31T00:00:00Z
2026-07-21 03:00:11+00:00,0.08,656313,OpenAI $1t+ IPO before 2027?,294578.7384599992,3437.0957,2026-12-31T00:00:00Z
2026-07-21 04:00:22+00:00,0.08,656313,OpenAI $1t+ IPO before 2027?,294578.7384599992,3437.0957,2026-12-31T00:00:00Z
2026-07-21 05:00:08+00:00,0.08,656313,OpenAI $1t+ IPO before 2027?,294578.7384599992,3437.0957,2026-12-31T00:00:00Z
2026-07-21 06:00:11+00:00,0.08,656313,OpenAI $1t+ IPO before 2027?,294578.7384599992,3437.0957,2026-12-31T00:00:00Z
2026-07-21 07:00:11+00:00,0.08,656313,OpenAI $1t+ IPO before 2027?,294578.7384599992,3437.0957,2026-12-31T00:00:00Z
2026-07-21 08:00:08+00:00,0.08,656313,OpenAI $1t+ IPO before 2027?,294578.7384599992,3437.0957,2026-12-31T00:00:00Z
2026-07-21 09:00:10+00:00,0.08,656313,OpenAI $1t+ IPO before 2027?,294578.7384599992,3437.0957,2026-12-31T00:00:00Z
2026-07-21 10:00:08+00:00,0.08,656313,OpenAI $1t+ IPO before 2027?,294578.7384599992,3437.0957,2026-12-31T00:00:00Z
2026-07-21 11:00:08+00:00,0.08,656313,OpenAI $1t+ IPO before 2027?,294578.7384599992,3437.0957,2026-12-31T00:00:00Z
2026-07-21 12:00:12+00:00,0.08,656313,OpenAI $1t+ IPO before 2027?,294578.7384599992,3437.0957,2026-12-31T00:00:00Z
2026-07-21 13:00:09+00:00,0.08,656313,OpenAI $1t+ IPO before 2027?,294578.7384599992,3437.0957,2026-12-31T00:00:00Z
2026-07-21 14:00:08+00:00,0.08,656313,OpenAI $1t+ IPO before 2027?,294578.7384599992,3437.0957,2026-12-31T00:00:00Z
2026-07-21 15:00:23+00:00,0.08,656313,OpenAI $1t+ IPO before 2027?,294578.7384599992,3437.0957,2026-12-31T00:00:00Z
2026-07-21 16:00:10+00:00,0.08,656313,OpenAI $1t+ IPO before 2027?,294578.7384599992,3437.0957,2026-12-31T00:00:00Z
2026-07-21 17:00:07+00:00,0.08,656313,OpenAI $1t+ IPO before 2027?,294578.7384599992,3437.0957,2026-12-31T00:00:00Z
2026-07-21 18:00:21+00:00,0.08,656313,OpenAI $1t+ IPO before 2027?,294578.7384599992,3437.0957,2026-12-31T00:00:00Z
2026-07-21 19:00:05+00:00,0.08,656313,OpenAI $1t+ IPO before 2027?,294578.7384599992,3437.0957,2026-12-31T00:00:00Z
2026-07-21 20:00:06+00:00,0.08,656313,OpenAI $1t+ IPO before 2027?,294578.7384599992,3437.0957,2026-12-31T00:00:00Z
2026-07-21 21:00:18+00:00,0.08,656313,OpenAI $1t+ IPO before 2027?,294578.7384599992,3437.0957,2026-12-31T00:00:00Z
2026-07-21 22:00:07+00:00,0.08,656313,OpenAI $1t+ IPO before 2027?,294578.7384599992,3437.0957,2026-12-31T00:00:00Z
2026-07-21 23:00:20+00:00,0.08,656313,OpenAI $1t+ IPO before 2027?,294578.7384599992,3437.0957,2026-12-31T00:00:00Z
2026-07-22 00:00:09+00:00,0.08,656313,OpenAI $1t+ IPO before 2027?,294578.7384599992,3437.0957,2026-12-31T00:00:00Z
2026-07-22 01:00:06+00:00,0.08,656313,OpenAI $1t+ IPO before 2027?,294578.7384599992,3437.0957,2026-12-31T00:00:00Z
2026-07-22 02:00:07+00:00,0.08,656313,OpenAI $1t+ IPO before 2027?,294578.7384599992,3437.0957,2026-12-31T00:00:00Z
2026-07-22 03:00:09+00:00,0.08,656313,OpenAI $1t+ IPO before 2027?,294578.7384599992,3437.0957,2026-12-31T00:00:00Z
2026-07-22 04:00:07+00:00,0.08,656313,OpenAI $1t+ IPO before 2027?,294578.7384599992,3437.0957,2026-12-31T00:00:00Z
2026-07-22 05:00:06+00:00,0.08,656313,OpenAI $1t+ IPO before 2027?,294578.7384599992,3437.0957,2026-12-31T00:00:00Z
2026-07-22 06:00:24+00:00,0.08,656313,OpenAI $1t+ IPO before 2027?,294578.7384599992,3437.0957,2026-12-31T00:00:00Z
2026-07-22 07:00:08+00:00,0.08,656313,OpenAI $1t+ IPO before 2027?,294578.7384599992,3437.0957,2026-12-31T00:00:00Z
2026-07-22 08:00:06+00:00,0.08,656313,OpenAI $1t+ IPO before 2027?,294578.7384599992,3437.0957,2026-12-31T00:00:00Z
2026-07-22 09:00:09+00:00,0.08,656313,OpenAI $1t+ IPO before 2027?,294578.7384599992,3437.0957,2026-12-31T00:00:00Z
2026-07-22 10:00:06+00:00,0.08,656313,OpenAI $1t+ IPO before 2027?,294578.7384599992,3437.0957,2026-12-31T00:00:00Z
2026-07-22 11:00:06+00:00,0.08,656313,OpenAI $1t+ IPO before 2027?,294578.7384599992,3437.0957,2026-12-31T00:00:00Z
2026-07-22 12:00:09+00:00,0.08,656313,OpenAI $1t+ IPO before 2027?,294578.7384599992,3437.0957,2026-12-31T00:00:00Z
2026-07-22 13:00:07+00:00,0.08,656313,OpenAI $1t+ IPO before 2027?,294578.7384599992,3437.0957,2026-12-31T00:00:00Z
2026-07-22 14:00:05+00:00,0.08,656313,OpenAI $1t+ IPO before 2027?,294578.7384599992,3437.0957,2026-12-31T00:00:00Z
2026-07-22 15:00:10+00:00,0.08,656313,OpenAI $1t+ IPO before 2027?,294578.7384599992,3437.0957,2026-12-31T00:00:00Z
2026-07-22 16:00:07+00:00,0.08,656313,OpenAI $1t+ IPO before 2027?,294578.7384599992,3437.0957,2026-12-31T00:00:00Z
2026-07-22 17:00:13+00:00,0.08,656313,OpenAI $1t+ IPO before 2027?,294578.7384599992,3437.0957,2026-12-31T00:00:00Z
2026-07-22 18:00:09+00:00,0.08,656313,OpenAI $1t+ IPO before 2027?,294578.7384599992,3437.0957,2026-12-31T00:00:00Z
2026-07-22 19:00:06+00:00,0.08,656313,OpenAI $1t+ IPO before 2027?,294578.7384599992,3437.0957,2026-12-31T00:00:00Z
2026-07-22 20:00:09+00:00,0.08,656313,OpenAI $1t+ IPO before 2027?,294578.7384599992,3437.0957,2026-12-31T00:00:00Z
2026-07-22 21:00:10+00:00,0.08,656313,OpenAI $1t+ IPO before 2027?,294578.7384599992,3437.0957,2026-12-31T00:00:00Z
2026-07-22 22:00:11+00:00,0.08,656313,OpenAI $1t+ IPO before 2027?,294578.7384599992,3437.0957,2026-12-31T00:00:00Z
2026-07-22 23:00:08+00:00,0.08,656313,OpenAI $1t+ IPO before 2027?,294578.7384599992,3437.0957,2026-12-31T00:00:00Z
2026-07-23 00:00:17+00:00,0.08,656313,OpenAI $1t+ IPO before 2027?,294578.7384599992,3437.0957,2026-12-31T00:00:00Z
2026-07-23 01:00:21+00:00,0.08,656313,OpenAI $1t+ IPO before 2027?,294578.7384599992,3437.0957,2026-12-31T00:00:00Z
2026-07-23 02:00:08+00:00,0.08,656313,OpenAI $1t+ IPO before 2027?,294578.7384599992,3437.0957,2026-12-31T00:00:00Z
2026-07-23 03:00:11+00:00,0.08,656313,OpenAI $1t+ IPO before 2027?,294578.7384599992,3437.0957,2026-12-31T00:00:00Z
2026-07-23 04:00:11+00:00,0.08,656313,OpenAI $1t+ IPO before 2027?,294578.7384599992,3437.0957,2026-12-31T00:00:00Z
2026-07-23 05:00:19+00:00,0.08,656313,OpenAI $1t+ IPO before 2027?,294578.7384599992,3437.0957,2026-12-31T00:00:00Z
2026-07-23 06:00:20+00:00,0.08,656313,OpenAI $1t+ IPO before 2027?,294578.7384599992,3437.0957,2026-12-31T00:00:00Z
2026-07-23 07:00:12+00:00,0.08,656313,OpenAI $1t+ IPO before 2027?,294578.7384599992,3437.0957,2026-12-31T00:00:00Z
2026-07-23 08:00:06+00:00,0.08,656313,OpenAI $1t+ IPO before 2027?,294578.7384599992,3437.0957,2026-12-31T00:00:00Z
2026-07-23 09:00:14+00:00,0.08,656313,OpenAI $1t+ IPO before 2027?,294578.7384599992,3437.0957,2026-12-31T00:00:00Z
2026-07-23 10:00:13+00:00,0.08,656313,OpenAI $1t+ IPO before 2027?,294578.7384599992,3437.0957,2026-12-31T00:00:00Z
2026-07-23 11:00:08+00:00,0.08,656313,OpenAI $1t+ IPO before 2027?,294578.7384599992,3437.0957,2026-12-31T00:00:00Z
2026-07-23 12:00:20+00:00,0.08,656313,OpenAI $1t+ IPO before 2027?,294578.7384599992,3437.0957,2026-12-31T00:00:00Z
2026-07-23 13:00:11+00:00,0.08,656313,OpenAI $1t+ IPO before 2027?,294578.7384599992,3437.0957,2026-12-31T00:00:00Z
2026-07-23 14:00:10+00:00,0.08,656313,OpenAI $1t+ IPO before 2027?,294578.7384599992,3437.0957,2026-12-31T00:00:00Z
2026-07-23 15:00:17+00:00,0.08,656313,OpenAI $1t+ IPO before 2027?,294578.7384599992,3437.0957,2026-12-31T00:00:00Z
2026-07-23 16:00:10+00:00,0.08,656313,OpenAI $1t+ IPO before 2027?,294578.7384599992,3437.0957,2026-12-31T00:00:00Z
2026-07-23 17:00:18+00:00,0.08,656313,OpenAI $1t+ IPO before 2027?,294578.7384599992,3437.0957,2026-12-31T00:00:00Z
2026-07-23 18:00:17+00:00,0.08,656313,OpenAI $1t+ IPO before 2027?,294578.7384599992,3437.0957,2026-12-31T00:00:00Z
2026-07-23 19:00:13+00:00,0.08,656313,OpenAI $1t+ IPO before 2027?,294578.7384599992,3437.0957,2026-12-31T00:00:00Z
2026-07-23 20:00:13+00:00,0.08,656313,OpenAI $1t+ IPO before 2027?,294578.7384599992,3437.0957,2026-12-31T00:00:00Z
2026-07-23 21:00:18+00:00,0.08,656313,OpenAI $1t+ IPO before 2027?,294578.7384599992,3437.0957,2026-12-31T00:00:00Z
2026-07-23 22:00:12+00:00,0.08,656313,OpenAI $1t+ IPO before 2027?,294578.7384599992,3437.0957,2026-12-31T00:00:00Z
2026-07-23 23:00:11+00:00,0.08,656313,OpenAI $1t+ IPO before 2027?,294578.7384599992,3437.0957,2026-12-31T00:00:00Z
2026-07-24 00:00:17+00:00,0.08,656313,OpenAI $1t+ IPO before 2027?,294578.7384599992,3437.0957,2026-12-31T00:00:00Z
2026-07-24 01:00:08+00:00,0.08,656313,OpenAI $1t+ IPO before 2027?,294578.7384599992,3437.0957,2026-12-31T00:00:00Z
2026-07-24 02:00:10+00:00,0.08,656313,OpenAI $1t+ IPO before 2027?,294578.7384599992,3437.0957,2026-12-31T00:00:00Z
2026-07-24 03:00:17+00:00,0.08,656313,OpenAI $1t+ IPO before 2027?,294578.7384599992,3437.0957,2026-12-31T00:00:00Z
2026-07-24 04:00:11+00:00,0.08,656313,OpenAI $1t+ IPO before 2027?,294578.7384599992,3437.0957,2026-12-31T00:00:00Z
2026-07-24 05:00:20+00:00,0.08,656313,OpenAI $1t+ IPO before 2027?,294578.7384599992,3437.0957,2026-12-31T00:00:00Z
2026-07-24 06:00:16+00:00,0.08,656313,OpenAI $1t+ IPO before 2027?,294578.7384599992,3437.0957,2026-12-31T00:00:00Z
2026-07-24 07:00:10+00:00,0.08,656313,OpenAI $1t+ IPO before 2027?,294578.7384599992,3437.0957,2026-12-31T00:00:00Z
2026-07-24 08:00:11+00:00,0.08,656313,OpenAI $1t+ IPO before 2027?,294578.7384599992,3437.0957,2026-12-31T00:00:00Z
2026-07-24 09:00:18+00:00,0.08,656313,OpenAI $1t+ IPO before 2027?,294578.7384599992,3437.0957,2026-12-31T00:00:00Z
2026-07-24 09:38:07+00:00,0.08,656313,OpenAI $1t+ IPO before 2027?,294578.7384599992,3437.0957,2026-12-31T00:00:00Z
