market_id,market_name,timestamp,price,volume,liquidity,close_time
mil-iran-strike,Will the US conduct a military strike on Iran before August 2026?,2026-06-06T00:00:00Z,0.149,250000,40000,2026-06-21T00:00:00Z
mil-iran-strike,Will the US conduct a military strike on Iran before August 2026?,2026-06-06T01:00:00Z,0.1538,250000,40000,2026-06-21T00:00:00Z
mil-iran-strike,Will the US conduct a military strike on Iran before August 2026?,2026-06-06T02:00:00Z,0.145,250000,40000,2026-06-21T00:00:00Z
mil-iran-strike,Will the US conduct a military strike on Iran before August 2026?,2026-06-06T03:00:00Z,0.1384,250000,40000,2026-06-21T00:00:00Z
mil-iran-strike,Will the US conduct a military strike on Iran before August 2026?,2026-06-06T04:00:00Z,0.1411,250000,40000,2026-06-21T00:00:00Z
mil-iran-strike,Will the US conduct a military strike on Iran before August 2026?,2026-06-06T05:00:00Z,0.149,250000,40000,2026-06-21T00:00:00Z
mil-iran-strike,Will the US conduct a military strike on Iran before August 2026?,2026-06-06T06:00:00Z,0.1579,250000,40000,2026-06-21T00:00:00Z
mil-iran-strike,Will the US conduct a military strike on Iran before August 2026?,2026-06-06T07:00:00Z,0.1596,250000,40000,2026-06-21T00:00:00Z
mil-iran-strike,Will the US conduct a military strike on Iran before August 2026?,2026-06-06T08:00:00Z,0.1622,250000,40000,2026-06-21T00:00:00Z
mil-iran-strike,Will the US conduct a military strike on Iran before August 2026?,2026-06-06T09:00:00Z,0.1681,250000,40000,2026-06-21T00:00:00Z
mil-iran-strike,Will the US conduct a military strike on Iran before August 2026?,2026-06-06T10:00:00Z,0.1691,250000,40000,2026-06-21T00:00:00Z
mil-iran-strike,Will the US conduct a military strike on Iran before August 2026?,2026-06-06T11:00:00Z,0.1586,250000,40000,2026-06-21T00:00:00Z
mil-iran-strike,Will the US conduct a military strike on Iran before August 2026?,2026-06-06T12:00:00Z,0.1676,250000,40000,2026-06-21T00:00:00Z
mil-iran-strike,Will the US conduct a military strike on Iran before August 2026?,2026-06-06T13:00:00Z,0.1551,250000,40000,2026-06-21T00:00:00Z
mil-iran-strike,Will the US conduct a military strike on Iran before August 2026?,2026-06-06T14:00:00Z,0.1557,250000,40000,2026-06-21T00:00:00Z
mil-iran-strike,Will the US conduct a military strike on Iran before August 2026?,2026-06-06T15:00:00Z,0.1723,250000,40000,2026-06-21T00:00:00Z
mil-iran-strike,Will the US conduct a military strike on Iran before August 2026?,2026-06-06T16:00:00Z,0.181,250000,40000,2026-06-21T00:00:00Z
mil-iran-strike,Will the US conduct a military strike on Iran before August 2026?,2026-06-06T17:00:00Z,0.1871,250000,40000,2026-06-21T00:00:00Z
mil-iran-strike,Will the US conduct a military strike on Iran before August 2026?,2026-06-06T18:00:00Z,0.1949,250000,40000,2026-06-21T00:00:00Z
mil-iran-strike,Will the US conduct a military strike on Iran before August 2026?,2026-06-06T19:00:00Z,0.2046,250000,40000,2026-06-21T00:00:00Z
mil-iran-strike,Will the US conduct a military strike on Iran before August 2026?,2026-06-06T20:00:00Z,0.2112,250000,40000,2026-06-21T00:00:00Z
mil-iran-strike,Will the US conduct a military strike on Iran before August 2026?,2026-06-06T21:00:00Z,0.2175,250000,40000,2026-06-21T00:00:00Z
mil-iran-strike,Will the US conduct a military strike on Iran before August 2026?,2026-06-06T22:00:00Z,0.2246,250000,40000,2026-06-21T00:00:00Z
mil-iran-strike,Will the US conduct a military strike on Iran before August 2026?,2026-06-06T23:00:00Z,0.2316,250000,40000,2026-06-21T00:00:00Z
mil-iran-strike,Will the US conduct a military strike on Iran before August 2026?,2026-06-07T00:00:00Z,0.2283,250000,40000,2026-06-21T00:00:00Z
mil-iran-strike,Will the US conduct a military strike on Iran before August 2026?,2026-06-07T01:00:00Z,0.2386,250000,40000,2026-06-21T00:00:00Z
mil-iran-strike,Will the US conduct a military strike on Iran before August 2026?,2026-06-07T02:00:00Z,0.2494,250000,40000,2026-06-21T00:00:00Z
mil-iran-strike,Will the US conduct a military strike on Iran before August 2026?,2026-06-07T03:00:00Z,0.2428,250000,40000,2026-06-21T00:00:00Z
mil-iran-strike,Will the US conduct a military strike on Iran before August 2026?,2026-06-07T04:00:00Z,0.2541,250000,40000,2026-06-21T00:00:00Z
mil-iran-strike,Will the US conduct a military strike on Iran before August 2026?,2026-06-07T05:00:00Z,0.2436,250000,40000,2026-06-21T00:00:00Z
mil-iran-strike,Will the US conduct a military strike on Iran before August 2026?,2026-06-07T06:00:00Z,0.2319,250000,40000,2026-06-21T00:00:00Z
mil-iran-strike,Will the US conduct a military strike on Iran before August 2026?,2026-06-07T07:00:00Z,0.2267,250000,40000,2026-06-21T00:00:00Z
mil-iran-strike,Will the US conduct a military strike on Iran before August 2026?,2026-06-07T08:00:00Z,0.2144,250000,40000,2026-06-21T00:00:00Z
mil-iran-strike,Will the US conduct a military strike on Iran before August 2026?,2026-06-07T09:00:00Z,0.2113,250000,40000,2026-06-21T00:00:00Z
mil-iran-strike,Will the US conduct a military strike on Iran before August 2026?,2026-06-07T10:00:00Z,0.2158,250000,40000,2026-06-21T00:00:00Z
mil-iran-strike,Will the US conduct a military strike on Iran before August 2026?,2026-06-07T11:00:00Z,0.2176,250000,40000,2026-06-21T00:00:00Z
mil-iran-strike,Will the US conduct a military strike on Iran before August 2026?,2026-06-07T12:00:00Z,0.2235,250000,40000,2026-06-21T00:00:00Z
mil-iran-strike,Will the US conduct a military strike on Iran before August 2026?,2026-06-07T13:00:00Z,0.2236,250000,40000,2026-06-21T00:00:00Z
mil-iran-strike,Will the US conduct a military strike on Iran before August 2026?,2026-06-07T14:00:00Z,0.2379,250000,40000,2026-06-21T00:00:00Z
mil-iran-strike,Will the US conduct a military strike on Iran before August 2026?,2026-06-07T15:00:00Z,0.2349,250000,40000,2026-06-21T00:00:00Z
mil-iran-strike,Will the US conduct a military strike on Iran before August 2026?,2026-06-07T16:00:00Z,0.2421,250000,40000,2026-06-21T00:00:00Z
mil-iran-strike,Will the US conduct a military strike on Iran before August 2026?,2026-06-07T17:00:00Z,0.2399,250000,40000,2026-06-21T00:00:00Z
mil-iran-strike,Will the US conduct a military strike on Iran before August 2026?,2026-06-07T18:00:00Z,0.2397,250000,40000,2026-06-21T00:00:00Z
mil-iran-strike,Will the US conduct a military strike on Iran before August 2026?,2026-06-07T19:00:00Z,0.2338,250000,40000,2026-06-21T00:00:00Z
mil-iran-strike,Will the US conduct a military strike on Iran before August 2026?,2026-06-07T20:00:00Z,0.255,250000,40000,2026-06-21T00:00:00Z
mil-iran-strike,Will the US conduct a military strike on Iran before August 2026?,2026-06-07T21:00:00Z,0.2466,250000,40000,2026-06-21T00:00:00Z
mil-iran-strike,Will the US conduct a military strike on Iran before August 2026?,2026-06-07T22:00:00Z,0.2357,250000,40000,2026-06-21T00:00:00Z
mil-iran-strike,Will the US conduct a military strike on Iran before August 2026?,2026-06-07T23:00:00Z,0.2331,250000,40000,2026-06-21T00:00:00Z
mil-iran-strike,Will the US conduct a military strike on Iran before August 2026?,2026-06-08T00:00:00Z,0.2291,250000,40000,2026-06-21T00:00:00Z
mil-iran-strike,Will the US conduct a military strike on Iran before August 2026?,2026-06-08T01:00:00Z,0.225,250000,40000,2026-06-21T00:00:00Z
mil-iran-strike,Will the US conduct a military strike on Iran before August 2026?,2026-06-08T02:00:00Z,0.23,250000,40000,2026-06-21T00:00:00Z
mil-iran-strike,Will the US conduct a military strike on Iran before August 2026?,2026-06-08T03:00:00Z,0.2277,250000,40000,2026-06-21T00:00:00Z
mil-iran-strike,Will the US conduct a military strike on Iran before August 2026?,2026-06-08T04:00:00Z,0.2278,250000,40000,2026-06-21T00:00:00Z
mil-iran-strike,Will the US conduct a military strike on Iran before August 2026?,2026-06-08T05:00:00Z,0.2348,250000,40000,2026-06-21T00:00:00Z
mil-iran-strike,Will the US conduct a military strike on Iran before August 2026?,2026-06-08T06:00:00Z,0.2325,250000,40000,2026-06-21T00:00:00Z
mil-iran-strike,Will the US conduct a military strike on Iran before August 2026?,2026-06-08T07:00:00Z,0.2293,250000,40000,2026-06-21T00:00:00Z
mil-iran-strike,Will the US conduct a military strike on Iran before August 2026?,2026-06-08T08:00:00Z,0.2282,250000,40000,2026-06-21T00:00:00Z
mil-iran-strike,Will the US conduct a military strike on Iran before August 2026?,2026-06-08T09:00:00Z,0.2167,250000,40000,2026-06-21T00:00:00Z
mil-iran-strike,Will the US conduct a military strike on Iran before August 2026?,2026-06-08T10:00:00Z,0.2178,250000,40000,2026-06-21T00:00:00Z
mil-iran-strike,Will the US conduct a military strike on Iran before August 2026?,2026-06-08T11:00:00Z,0.2243,250000,40000,2026-06-21T00:00:00Z
mil-iran-strike,Will the US conduct a military strike on Iran before August 2026?,2026-06-08T12:00:00Z,0.221,250000,40000,2026-06-21T00:00:00Z
mil-iran-strike,Will the US conduct a military strike on Iran before August 2026?,2026-06-08T13:00:00Z,0.2191,250000,40000,2026-06-21T00:00:00Z
mil-iran-strike,Will the US conduct a military strike on Iran before August 2026?,2026-06-08T14:00:00Z,0.2169,250000,40000,2026-06-21T00:00:00Z
mil-iran-strike,Will the US conduct a military strike on Iran before August 2026?,2026-06-08T15:00:00Z,0.2181,250000,40000,2026-06-21T00:00:00Z
mil-iran-strike,Will the US conduct a military strike on Iran before August 2026?,2026-06-08T16:00:00Z,0.2199,250000,40000,2026-06-21T00:00:00Z
mil-iran-strike,Will the US conduct a military strike on Iran before August 2026?,2026-06-08T17:00:00Z,0.2136,250000,40000,2026-06-21T00:00:00Z
mil-iran-strike,Will the US conduct a military strike on Iran before August 2026?,2026-06-08T18:00:00Z,0.2088,250000,40000,2026-06-21T00:00:00Z
mil-iran-strike,Will the US conduct a military strike on Iran before August 2026?,2026-06-08T19:00:00Z,0.2085,250000,40000,2026-06-21T00:00:00Z
mil-iran-strike,Will the US conduct a military strike on Iran before August 2026?,2026-06-08T20:00:00Z,0.2128,250000,40000,2026-06-21T00:00:00Z
mil-iran-strike,Will the US conduct a military strike on Iran before August 2026?,2026-06-08T21:00:00Z,0.2306,250000,40000,2026-06-21T00:00:00Z
mil-iran-strike,Will the US conduct a military strike on Iran before August 2026?,2026-06-08T22:00:00Z,0.2279,250000,40000,2026-06-21T00:00:00Z
mil-iran-strike,Will the US conduct a military strike on Iran before August 2026?,2026-06-08T23:00:00Z,0.2309,250000,40000,2026-06-21T00:00:00Z
mil-iran-strike,Will the US conduct a military strike on Iran before August 2026?,2026-06-09T00:00:00Z,0.2448,250000,40000,2026-06-21T00:00:00Z
mil-iran-strike,Will the US conduct a military strike on Iran before August 2026?,2026-06-09T01:00:00Z,0.2399,250000,40000,2026-06-21T00:00:00Z
mil-iran-strike,Will the US conduct a military strike on Iran before August 2026?,2026-06-09T02:00:00Z,0.2453,250000,40000,2026-06-21T00:00:00Z
mil-iran-strike,Will the US conduct a military strike on Iran before August 2026?,2026-06-09T03:00:00Z,0.2295,250000,40000,2026-06-21T00:00:00Z
mil-iran-strike,Will the US conduct a military strike on Iran before August 2026?,2026-06-09T04:00:00Z,0.228,250000,40000,2026-06-21T00:00:00Z
mil-iran-strike,Will the US conduct a military strike on Iran before August 2026?,2026-06-09T05:00:00Z,0.2252,250000,40000,2026-06-21T00:00:00Z
mil-iran-strike,Will the US conduct a military strike on Iran before August 2026?,2026-06-09T06:00:00Z,0.2284,250000,40000,2026-06-21T00:00:00Z
mil-iran-strike,Will the US conduct a military strike on Iran before August 2026?,2026-06-09T07:00:00Z,0.2321,250000,40000,2026-06-21T00:00:00Z
mil-iran-strike,Will the US conduct a military strike on Iran before August 2026?,2026-06-09T08:00:00Z,0.2293,250000,40000,2026-06-21T00:00:00Z
mil-iran-strike,Will the US conduct a military strike on Iran before August 2026?,2026-06-09T09:00:00Z,0.2298,250000,40000,2026-06-21T00:00:00Z
mil-iran-strike,Will the US conduct a military strike on Iran before August 2026?,2026-06-09T10:00:00Z,0.2211,250000,40000,2026-06-21T00:00:00Z
mil-iran-strike,Will the US conduct a military strike on Iran before August 2026?,2026-06-09T11:00:00Z,0.2176,250000,40000,2026-06-21T00:00:00Z
mil-iran-strike,Will the US conduct a military strike on Iran before August 2026?,2026-06-09T12:00:00Z,0.2187,250000,40000,2026-06-21T00:00:00Z
mil-iran-strike,Will the US conduct a military strike on Iran before August 2026?,2026-06-09T13:00:00Z,0.2187,250000,40000,2026-06-21T00:00:00Z
mil-iran-strike,Will the US conduct a military strike on Iran before August 2026?,2026-06-09T14:00:00Z,0.216,250000,40000,2026-06-21T00:00:00Z
mil-iran-strike,Will the US conduct a military strike on Iran before August 2026?,2026-06-09T15:00:00Z,0.2148,250000,40000,2026-06-21T00:00:00Z
mil-iran-strike,Will the US conduct a military strike on Iran before August 2026?,2026-06-09T16:00:00Z,0.2091,250000,40000,2026-06-21T00:00:00Z
mil-iran-strike,Will the US conduct a military strike on Iran before August 2026?,2026-06-09T17:00:00Z,0.2118,250000,40000,2026-06-21T00:00:00Z
mil-iran-strike,Will the US conduct a military strike on Iran before August 2026?,2026-06-09T18:00:00Z,0.2101,250000,40000,2026-06-21T00:00:00Z
mil-iran-strike,Will the US conduct a military strike on Iran before August 2026?,2026-06-09T19:00:00Z,0.2081,250000,40000,2026-06-21T00:00:00Z
mil-iran-strike,Will the US conduct a military strike on Iran before August 2026?,2026-06-09T20:00:00Z,0.2057,250000,40000,2026-06-21T00:00:00Z
mil-iran-strike,Will the US conduct a military strike on Iran before August 2026?,2026-06-09T21:00:00Z,0.2141,250000,40000,2026-06-21T00:00:00Z
mil-iran-strike,Will the US conduct a military strike on Iran before August 2026?,2026-06-09T22:00:00Z,0.2193,250000,40000,2026-06-21T00:00:00Z
mil-iran-strike,Will the US conduct a military strike on Iran before August 2026?,2026-06-09T23:00:00Z,0.2107,250000,40000,2026-06-21T00:00:00Z
mil-iran-strike,Will the US conduct a military strike on Iran before August 2026?,2026-06-10T00:00:00Z,0.2097,250000,40000,2026-06-21T00:00:00Z
mil-iran-strike,Will the US conduct a military strike on Iran before August 2026?,2026-06-10T01:00:00Z,0.2074,250000,40000,2026-06-21T00:00:00Z
mil-iran-strike,Will the US conduct a military strike on Iran before August 2026?,2026-06-10T02:00:00Z,0.1975,250000,40000,2026-06-21T00:00:00Z
mil-iran-strike,Will the US conduct a military strike on Iran before August 2026?,2026-06-10T03:00:00Z,0.1987,250000,40000,2026-06-21T00:00:00Z
mil-iran-strike,Will the US conduct a military strike on Iran before August 2026?,2026-06-10T04:00:00Z,0.1878,250000,40000,2026-06-21T00:00:00Z
mil-iran-strike,Will the US conduct a military strike on Iran before August 2026?,2026-06-10T05:00:00Z,0.1905,250000,40000,2026-06-21T00:00:00Z
mil-iran-strike,Will the US conduct a military strike on Iran before August 2026?,2026-06-10T06:00:00Z,0.1866,250000,40000,2026-06-21T00:00:00Z
mil-iran-strike,Will the US conduct a military strike on Iran before August 2026?,2026-06-10T07:00:00Z,0.1811,250000,40000,2026-06-21T00:00:00Z
mil-iran-strike,Will the US conduct a military strike on Iran before August 2026?,2026-06-10T08:00:00Z,0.1812,250000,40000,2026-06-21T00:00:00Z
mil-iran-strike,Will the US conduct a military strike on Iran before August 2026?,2026-06-10T09:00:00Z,0.1798,250000,40000,2026-06-21T00:00:00Z
mil-iran-strike,Will the US conduct a military strike on Iran before August 2026?,2026-06-10T10:00:00Z,0.1853,250000,40000,2026-06-21T00:00:00Z
mil-iran-strike,Will the US conduct a military strike on Iran before August 2026?,2026-06-10T11:00:00Z,0.193,250000,40000,2026-06-21T00:00:00Z
mil-iran-strike,Will the US conduct a military strike on Iran before August 2026?,2026-06-10T12:00:00Z,0.183,250000,40000,2026-06-21T00:00:00Z
mil-iran-strike,Will the US conduct a military strike on Iran before August 2026?,2026-06-10T13:00:00Z,0.1888,250000,40000,2026-06-21T00:00:00Z
mil-iran-strike,Will the US conduct a military strike on Iran before August 2026?,2026-06-10T14:00:00Z,0.1868,250000,40000,2026-06-21T00:00:00Z
mil-iran-strike,Will the US conduct a military strike on Iran before August 2026?,2026-06-10T15:00:00Z,0.1842,250000,40000,2026-06-21T00:00:00Z
mil-iran-strike,Will the US conduct a military strike on Iran before August 2026?,2026-06-10T16:00:00Z,0.1813,250000,40000,2026-06-21T00:00:00Z
mil-iran-strike,Will the US conduct a military strike on Iran before August 2026?,2026-06-10T17:00:00Z,0.1824,250000,40000,2026-06-21T00:00:00Z
mil-iran-strike,Will the US conduct a military strike on Iran before August 2026?,2026-06-10T18:00:00Z,0.181,250000,40000,2026-06-21T00:00:00Z
mil-iran-strike,Will the US conduct a military strike on Iran before August 2026?,2026-06-10T19:00:00Z,0.1785,250000,40000,2026-06-21T00:00:00Z
mil-iran-strike,Will the US conduct a military strike on Iran before August 2026?,2026-06-10T20:00:00Z,0.1774,250000,40000,2026-06-21T00:00:00Z
mil-iran-strike,Will the US conduct a military strike on Iran before August 2026?,2026-06-10T21:00:00Z,0.1812,250000,40000,2026-06-21T00:00:00Z
mil-iran-strike,Will the US conduct a military strike on Iran before August 2026?,2026-06-10T22:00:00Z,0.1806,250000,40000,2026-06-21T00:00:00Z
mil-iran-strike,Will the US conduct a military strike on Iran before August 2026?,2026-06-10T23:00:00Z,0.1843,250000,40000,2026-06-21T00:00:00Z
mil-iran-strike,Will the US conduct a military strike on Iran before August 2026?,2026-06-11T00:00:00Z,0.1861,250000,40000,2026-06-21T00:00:00Z
mil-iran-strike,Will the US conduct a military strike on Iran before August 2026?,2026-06-11T01:00:00Z,0.1844,250000,40000,2026-06-21T00:00:00Z
mil-iran-strike,Will the US conduct a military strike on Iran before August 2026?,2026-06-11T02:00:00Z,0.1808,250000,40000,2026-06-21T00:00:00Z
mil-iran-strike,Will the US conduct a military strike on Iran before August 2026?,2026-06-11T03:00:00Z,0.1864,250000,40000,2026-06-21T00:00:00Z
mil-iran-strike,Will the US conduct a military strike on Iran before August 2026?,2026-06-11T04:00:00Z,0.1852,250000,40000,2026-06-21T00:00:00Z
mil-iran-strike,Will the US conduct a military strike on Iran before August 2026?,2026-06-11T05:00:00Z,0.18,250000,40000,2026-06-21T00:00:00Z
mil-iran-strike,Will the US conduct a military strike on Iran before August 2026?,2026-06-11T06:00:00Z,0.1777,250000,40000,2026-06-21T00:00:00Z
mil-iran-strike,Will the US conduct a military strike on Iran before August 2026?,2026-06-11T07:00:00Z,0.1738,250000,40000,2026-06-21T00:00:00Z
mil-iran-strike,Will the US conduct a military strike on Iran before August 2026?,2026-06-11T08:00:00Z,0.1776,250000,40000,2026-06-21T00:00:00Z
mil-iran-strike,Will the US conduct a military strike on Iran before August 2026?,2026-06-11T09:00:00Z,0.1811,250000,40000,2026-06-21T00:00:00Z
mil-iran-strike,Will the US conduct a military strike on Iran before August 2026?,2026-06-11T10:00:00Z,0.1882,250000,40000,2026-06-21T00:00:00Z
mil-iran-strike,Will the US conduct a military strike on Iran before August 2026?,2026-06-11T11:00:00Z,0.19,250000,40000,2026-06-21T00:00:00Z
mil-iran-strike,Will the US conduct a military strike on Iran before August 2026?,2026-06-11T12:00:00Z,0.1932,250000,40000,2026-06-21T00:00:00Z
mil-iran-strike,Will the US conduct a military strike on Iran before August 2026?,2026-06-11T13:00:00Z,0.1941,250000,40000,2026-06-21T00:00:00Z
mil-iran-strike,Will the US conduct a military strike on Iran before August 2026?,2026-06-11T14:00:00Z,0.1919,250000,40000,2026-06-21T00:00:00Z
mil-iran-strike,Will the US conduct a military strike on Iran before August 2026?,2026-06-11T15:00:00Z,0.1874,250000,40000,2026-06-21T00:00:00Z
mil-iran-strike,Will the US conduct a military strike on Iran before August 2026?,2026-06-11T16:00:00Z,0.1941,250000,40000,2026-06-21T00:00:00Z
mil-iran-strike,Will the US conduct a military strike on Iran before August 2026?,2026-06-11T17:00:00Z,0.1989,250000,40000,2026-06-21T00:00:00Z
mil-iran-strike,Will the US conduct a military strike on Iran before August 2026?,2026-06-11T18:00:00Z,0.1994,250000,40000,2026-06-21T00:00:00Z
mil-iran-strike,Will the US conduct a military strike on Iran before August 2026?,2026-06-11T19:00:00Z,0.1936,250000,40000,2026-06-21T00:00:00Z
mil-iran-strike,Will the US conduct a military strike on Iran before August 2026?,2026-06-11T20:00:00Z,0.1903,250000,40000,2026-06-21T00:00:00Z
mil-iran-strike,Will the US conduct a military strike on Iran before August 2026?,2026-06-11T21:00:00Z,0.1911,250000,40000,2026-06-21T00:00:00Z
mil-iran-strike,Will the US conduct a military strike on Iran before August 2026?,2026-06-11T22:00:00Z,0.1954,250000,40000,2026-06-21T00:00:00Z
mil-iran-strike,Will the US conduct a military strike on Iran before August 2026?,2026-06-11T23:00:00Z,0.1919,250000,40000,2026-06-21T00:00:00Z
mil-iran-strike,Will the US conduct a military strike on Iran before August 2026?,2026-06-12T00:00:00Z,0.1893,250000,40000,2026-06-21T00:00:00Z
mil-iran-strike,Will the US conduct a military strike on Iran before August 2026?,2026-06-12T01:00:00Z,0.1867,250000,40000,2026-06-21T00:00:00Z
mil-iran-strike,Will the US conduct a military strike on Iran before August 2026?,2026-06-12T02:00:00Z,0.1868,250000,40000,2026-06-21T00:00:00Z
mil-iran-strike,Will the US conduct a military strike on Iran before August 2026?,2026-06-12T03:00:00Z,0.1826,250000,40000,2026-06-21T00:00:00Z
mil-iran-strike,Will the US conduct a military strike on Iran before August 2026?,2026-06-12T04:00:00Z,0.1847,250000,40000,2026-06-21T00:00:00Z
mil-iran-strike,Will the US conduct a military strike on Iran before August 2026?,2026-06-12T05:00:00Z,0.1874,250000,40000,2026-06-21T00:00:00Z
mil-iran-strike,Will the US conduct a military strike on Iran before August 2026?,2026-06-12T06:00:00Z,0.1819,250000,40000,2026-06-21T00:00:00Z
mil-iran-strike,Will the US conduct a military strike on Iran before August 2026?,2026-06-12T07:00:00Z,0.1764,250000,40000,2026-06-21T00:00:00Z
mil-iran-strike,Will the US conduct a military strike on Iran before August 2026?,2026-06-12T08:00:00Z,0.1779,250000,40000,2026-06-21T00:00:00Z
mil-iran-strike,Will the US conduct a military strike on Iran before August 2026?,2026-06-12T09:00:00Z,0.175,250000,40000,2026-06-21T00:00:00Z
mil-iran-strike,Will the US conduct a military strike on Iran before August 2026?,2026-06-12T10:00:00Z,0.1766,250000,40000,2026-06-21T00:00:00Z
mil-iran-strike,Will the US conduct a military strike on Iran before August 2026?,2026-06-12T11:00:00Z,0.1698,250000,40000,2026-06-21T00:00:00Z
mil-iran-strike,Will the US conduct a military strike on Iran before August 2026?,2026-06-12T12:00:00Z,0.1651,250000,40000,2026-06-21T00:00:00Z
mil-iran-strike,Will the US conduct a military strike on Iran before August 2026?,2026-06-12T13:00:00Z,0.1659,250000,40000,2026-06-21T00:00:00Z
mil-iran-strike,Will the US conduct a military strike on Iran before August 2026?,2026-06-12T14:00:00Z,0.1674,250000,40000,2026-06-21T00:00:00Z
mil-iran-strike,Will the US conduct a military strike on Iran before August 2026?,2026-06-12T15:00:00Z,0.1705,250000,40000,2026-06-21T00:00:00Z
mil-iran-strike,Will the US conduct a military strike on Iran before August 2026?,2026-06-12T16:00:00Z,0.1643,250000,40000,2026-06-21T00:00:00Z
mil-iran-strike,Will the US conduct a military strike on Iran before August 2026?,2026-06-12T17:00:00Z,0.1671,250000,40000,2026-06-21T00:00:00Z
mil-iran-strike,Will the US conduct a military strike on Iran before August 2026?,2026-06-12T18:00:00Z,0.1645,250000,40000,2026-06-21T00:00:00Z
mil-iran-strike,Will the US conduct a military strike on Iran before August 2026?,2026-06-12T19:00:00Z,0.1627,250000,40000,2026-06-21T00:00:00Z
mil-iran-strike,Will the US conduct a military strike on Iran before August 2026?,2026-06-12T20:00:00Z,0.1644,250000,40000,2026-06-21T00:00:00Z
mil-iran-strike,Will the US conduct a military strike on Iran before August 2026?,2026-06-12T21:00:00Z,0.1657,250000,40000,2026-06-21T00:00:00Z
mil-iran-strike,Will the US conduct a military strike on Iran before August 2026?,2026-06-12T22:00:00Z,0.1611,250000,40000,2026-06-21T00:00:00Z
mil-iran-strike,Will the US conduct a military strike on Iran before August 2026?,2026-06-12T23:00:00Z,0.1563,250000,40000,2026-06-21T00:00:00Z
mil-iran-strike,Will the US conduct a military strike on Iran before August 2026?,2026-06-13T00:00:00Z,0.1586,250000,40000,2026-06-21T00:00:00Z
mil-iran-strike,Will the US conduct a military strike on Iran before August 2026?,2026-06-13T01:00:00Z,0.1617,250000,40000,2026-06-21T00:00:00Z
mil-iran-strike,Will the US conduct a military strike on Iran before August 2026?,2026-06-13T02:00:00Z,0.1578,250000,40000,2026-06-21T00:00:00Z
mil-iran-strike,Will the US conduct a military strike on Iran before August 2026?,2026-06-13T03:00:00Z,0.1656,250000,40000,2026-06-21T00:00:00Z
mil-iran-strike,Will the US conduct a military strike on Iran before August 2026?,2026-06-13T04:00:00Z,0.1658,250000,40000,2026-06-21T00:00:00Z
mil-iran-strike,Will the US conduct a military strike on Iran before August 2026?,2026-06-13T05:00:00Z,0.1664,250000,40000,2026-06-21T00:00:00Z
mil-iran-strike,Will the US conduct a military strike on Iran before August 2026?,2026-06-13T06:00:00Z,0.1762,250000,40000,2026-06-21T00:00:00Z
mil-iran-strike,Will the US conduct a military strike on Iran before August 2026?,2026-06-13T07:00:00Z,0.1764,250000,40000,2026-06-21T00:00:00Z
mil-iran-strike,Will the US conduct a military strike on Iran before August 2026?,2026-06-13T08:00:00Z,0.1809,250000,40000,2026-06-21T00:00:00Z
mil-iran-strike,Will the US conduct a military strike on Iran before August 2026?,2026-06-13T09:00:00Z,0.175,250000,40000,2026-06-21T00:00:00Z
mil-iran-strike,Will the US conduct a military strike on Iran before August 2026?,2026-06-13T10:00:00Z,0.1784,250000,40000,2026-06-21T00:00:00Z
mil-iran-strike,Will the US conduct a military strike on Iran before August 2026?,2026-06-13T11:00:00Z,0.1811,250000,40000,2026-06-21T00:00:00Z
mil-iran-strike,Will the US conduct a military strike on Iran before August 2026?,2026-06-13T12:00:00Z,0.1816,250000,40000,2026-06-21T00:00:00Z
mil-iran-strike,Will the US conduct a military strike on Iran before August 2026?,2026-06-13T13:00:00Z,0.1802,250000,40000,2026-06-21T00:00:00Z
mil-iran-strike,Will the US conduct a military strike on Iran before August 2026?,2026-06-13T14:00:00Z,0.1836,250000,40000,2026-06-21T00:00:00Z
mil-iran-strike,Will the US conduct a military strike on Iran before August 2026?,2026-06-13T15:00:00Z,0.1844,250000,40000,2026-06-21T00:00:00Z
mil-iran-strike,Will the US conduct a military strike on Iran before August 2026?,2026-06-13T16:00:00Z,0.1891,250000,40000,2026-06-21T00:00:00Z
mil-iran-strike,Will the US conduct a military strike on Iran before August 2026?,2026-06-13T17:00:00Z,0.1912,250000,40000,2026-06-21T00:00:00Z
mil-iran-strike,Will the US conduct a military strike on Iran before August 2026?,2026-06-13T18:00:00Z,0.1899,250000,40000,2026-06-21T00:00:00Z
mil-iran-strike,Will the US conduct a military strike on Iran before August 2026?,2026-06-13T19:00:00Z,0.1909,250000,40000,2026-06-21T00:00:00Z
mil-iran-strike,Will the US conduct a military strike on Iran before August 2026?,2026-06-13T20:00:00Z,0.1899,250000,40000,2026-06-21T00:00:00Z
mil-iran-strike,Will the US conduct a military strike on Iran before August 2026?,2026-06-13T21:00:00Z,0.1906,250000,40000,2026-06-21T00:00:00Z
mil-iran-strike,Will the US conduct a military strike on Iran before August 2026?,2026-06-13T22:00:00Z,0.1879,250000,40000,2026-06-21T00:00:00Z
mil-iran-strike,Will the US conduct a military strike on Iran before August 2026?,2026-06-13T23:00:00Z,0.1935,250000,40000,2026-06-21T00:00:00Z
mil-iran-strike,Will the US conduct a military strike on Iran before August 2026?,2026-06-14T00:00:00Z,0.1929,250000,40000,2026-06-21T00:00:00Z
mil-iran-strike,Will the US conduct a military strike on Iran before August 2026?,2026-06-14T01:00:00Z,0.1889,250000,40000,2026-06-21T00:00:00Z
mil-iran-strike,Will the US conduct a military strike on Iran before August 2026?,2026-06-14T02:00:00Z,0.1901,250000,40000,2026-06-21T00:00:00Z
mil-iran-strike,Will the US conduct a military strike on Iran before August 2026?,2026-06-14T03:00:00Z,0.1868,250000,40000,2026-06-21T00:00:00Z
mil-iran-strike,Will the US conduct a military strike on Iran before August 2026?,2026-06-14T04:00:00Z,0.1884,250000,40000,2026-06-21T00:00:00Z
mil-iran-strike,Will the US conduct a military strike on Iran before August 2026?,2026-06-14T05:00:00Z,0.1873,250000,40000,2026-06-21T00:00:00Z
mil-iran-strike,Will the US conduct a military strike on Iran before August 2026?,2026-06-14T06:00:00Z,0.1796,250000,40000,2026-06-21T00:00:00Z
mil-iran-strike,Will the US conduct a military strike on Iran before August 2026?,2026-06-14T07:00:00Z,0.1793,250000,40000,2026-06-21T00:00:00Z
mil-iran-strike,Will the US conduct a military strike on Iran before August 2026?,2026-06-14T08:00:00Z,0.1859,250000,40000,2026-06-21T00:00:00Z
mil-iran-strike,Will the US conduct a military strike on Iran before August 2026?,2026-06-14T09:00:00Z,0.1851,250000,40000,2026-06-21T00:00:00Z
mil-iran-strike,Will the US conduct a military strike on Iran before August 2026?,2026-06-14T10:00:00Z,0.1836,250000,40000,2026-06-21T00:00:00Z
mil-iran-strike,Will the US conduct a military strike on Iran before August 2026?,2026-06-14T11:00:00Z,0.1835,250000,40000,2026-06-21T00:00:00Z
mil-iran-strike,Will the US conduct a military strike on Iran before August 2026?,2026-06-14T12:00:00Z,0.1824,250000,40000,2026-06-21T00:00:00Z
mil-iran-strike,Will the US conduct a military strike on Iran before August 2026?,2026-06-14T13:00:00Z,0.1799,250000,40000,2026-06-21T00:00:00Z
mil-iran-strike,Will the US conduct a military strike on Iran before August 2026?,2026-06-14T14:00:00Z,0.183,250000,40000,2026-06-21T00:00:00Z
mil-iran-strike,Will the US conduct a military strike on Iran before August 2026?,2026-06-14T15:00:00Z,0.1811,250000,40000,2026-06-21T00:00:00Z
mil-iran-strike,Will the US conduct a military strike on Iran before August 2026?,2026-06-14T16:00:00Z,0.1831,250000,40000,2026-06-21T00:00:00Z
mil-iran-strike,Will the US conduct a military strike on Iran before August 2026?,2026-06-14T17:00:00Z,0.182,250000,40000,2026-06-21T00:00:00Z
mil-iran-strike,Will the US conduct a military strike on Iran before August 2026?,2026-06-14T18:00:00Z,0.1795,250000,40000,2026-06-21T00:00:00Z
mil-iran-strike,Will the US conduct a military strike on Iran before August 2026?,2026-06-14T19:00:00Z,0.1787,250000,40000,2026-06-21T00:00:00Z
mil-iran-strike,Will the US conduct a military strike on Iran before August 2026?,2026-06-14T20:00:00Z,0.1805,250000,40000,2026-06-21T00:00:00Z
mil-iran-strike,Will the US conduct a military strike on Iran before August 2026?,2026-06-14T21:00:00Z,0.1807,250000,40000,2026-06-21T00:00:00Z
mil-iran-strike,Will the US conduct a military strike on Iran before August 2026?,2026-06-14T22:00:00Z,0.1804,250000,40000,2026-06-21T00:00:00Z
mil-iran-strike,Will the US conduct a military strike on Iran before August 2026?,2026-06-14T23:00:00Z,0.1779,250000,40000,2026-06-21T00:00:00Z
mil-iran-strike,Will the US conduct a military strike on Iran before August 2026?,2026-06-15T00:00:00Z,0.1771,250000,40000,2026-06-21T00:00:00Z
mil-iran-strike,Will the US conduct a military strike on Iran before August 2026?,2026-06-15T01:00:00Z,0.1785,250000,40000,2026-06-21T00:00:00Z
mil-iran-strike,Will the US conduct a military strike on Iran before August 2026?,2026-06-15T02:00:00Z,0.1834,250000,40000,2026-06-21T00:00:00Z
mil-iran-strike,Will the US conduct a military strike on Iran before August 2026?,2026-06-15T03:00:00Z,0.1814,250000,40000,2026-06-21T00:00:00Z
mil-iran-strike,Will the US conduct a military strike on Iran before August 2026?,2026-06-15T04:00:00Z,0.1765,250000,40000,2026-06-21T00:00:00Z
mil-iran-strike,Will the US conduct a military strike on Iran before August 2026?,2026-06-15T05:00:00Z,0.1739,250000,40000,2026-06-21T00:00:00Z
mil-iran-strike,Will the US conduct a military strike on Iran before August 2026?,2026-06-15T06:00:00Z,0.1733,250000,40000,2026-06-21T00:00:00Z
mil-iran-strike,Will the US conduct a military strike on Iran before August 2026?,2026-06-15T07:00:00Z,0.1723,250000,40000,2026-06-21T00:00:00Z
mil-iran-strike,Will the US conduct a military strike on Iran before August 2026?,2026-06-15T08:00:00Z,0.171,250000,40000,2026-06-21T00:00:00Z
mil-iran-strike,Will the US conduct a military strike on Iran before August 2026?,2026-06-15T09:00:00Z,0.1669,250000,40000,2026-06-21T00:00:00Z
mil-iran-strike,Will the US conduct a military strike on Iran before August 2026?,2026-06-15T10:00:00Z,0.1689,250000,40000,2026-06-21T00:00:00Z
mil-iran-strike,Will the US conduct a military strike on Iran before August 2026?,2026-06-15T11:00:00Z,0.1658,250000,40000,2026-06-21T00:00:00Z
mil-iran-strike,Will the US conduct a military strike on Iran before August 2026?,2026-06-15T12:00:00Z,0.1686,250000,40000,2026-06-21T00:00:00Z
mil-iran-strike,Will the US conduct a military strike on Iran before August 2026?,2026-06-15T13:00:00Z,0.166,250000,40000,2026-06-21T00:00:00Z
mil-iran-strike,Will the US conduct a military strike on Iran before August 2026?,2026-06-15T14:00:00Z,0.1685,250000,40000,2026-06-21T00:00:00Z
mil-iran-strike,Will the US conduct a military strike on Iran before August 2026?,2026-06-15T15:00:00Z,0.1668,250000,40000,2026-06-21T00:00:00Z
mil-iran-strike,Will the US conduct a military strike on Iran before August 2026?,2026-06-15T16:00:00Z,0.1684,250000,40000,2026-06-21T00:00:00Z
mil-iran-strike,Will the US conduct a military strike on Iran before August 2026?,2026-06-15T17:00:00Z,0.1658,250000,40000,2026-06-21T00:00:00Z
mil-iran-strike,Will the US conduct a military strike on Iran before August 2026?,2026-06-15T18:00:00Z,0.1665,250000,40000,2026-06-21T00:00:00Z
mil-iran-strike,Will the US conduct a military strike on Iran before August 2026?,2026-06-15T19:00:00Z,0.1654,250000,40000,2026-06-21T00:00:00Z
mil-iran-strike,Will the US conduct a military strike on Iran before August 2026?,2026-06-15T20:00:00Z,0.1669,250000,40000,2026-06-21T00:00:00Z
mil-iran-strike,Will the US conduct a military strike on Iran before August 2026?,2026-06-15T21:00:00Z,0.1676,250000,40000,2026-06-21T00:00:00Z
mil-iran-strike,Will the US conduct a military strike on Iran before August 2026?,2026-06-15T22:00:00Z,0.1677,250000,40000,2026-06-21T00:00:00Z
mil-iran-strike,Will the US conduct a military strike on Iran before August 2026?,2026-06-15T23:00:00Z,0.1674,250000,40000,2026-06-21T00:00:00Z
mil-iran-strike,Will the US conduct a military strike on Iran before August 2026?,2026-06-16T00:00:00Z,0.1713,250000,40000,2026-06-21T00:00:00Z
mil-iran-strike,Will the US conduct a military strike on Iran before August 2026?,2026-06-16T01:00:00Z,0.1678,250000,40000,2026-06-21T00:00:00Z
mil-iran-strike,Will the US conduct a military strike on Iran before August 2026?,2026-06-16T02:00:00Z,0.1648,250000,40000,2026-06-21T00:00:00Z
mil-iran-strike,Will the US conduct a military strike on Iran before August 2026?,2026-06-16T03:00:00Z,0.1639,250000,40000,2026-06-21T00:00:00Z
mil-iran-strike,Will the US conduct a military strike on Iran before August 2026?,2026-06-16T04:00:00Z,0.1592,250000,40000,2026-06-21T00:00:00Z
mil-iran-strike,Will the US conduct a military strike on Iran before August 2026?,2026-06-16T05:00:00Z,0.1581,250000,40000,2026-06-21T00:00:00Z
mil-iran-strike,Will the US conduct a military strike on Iran before August 2026?,2026-06-16T06:00:00Z,0.1587,250000,40000,2026-06-21T00:00:00Z
mil-iran-strike,Will the US conduct a military strike on Iran before August 2026?,2026-06-16T07:00:00Z,0.1557,250000,40000,2026-06-21T00:00:00Z
mil-iran-strike,Will the US conduct a military strike on Iran before August 2026?,2026-06-16T08:00:00Z,0.1567,250000,40000,2026-06-21T00:00:00Z
mil-iran-strike,Will the US conduct a military strike on Iran before August 2026?,2026-06-16T09:00:00Z,0.1545,250000,40000,2026-06-21T00:00:00Z
mil-iran-strike,Will the US conduct a military strike on Iran before August 2026?,2026-06-16T10:00:00Z,0.1568,250000,40000,2026-06-21T00:00:00Z
mil-iran-strike,Will the US conduct a military strike on Iran before August 2026?,2026-06-16T11:00:00Z,0.1582,250000,40000,2026-06-21T00:00:00Z
mil-iran-strike,Will the US conduct a military strike on Iran before August 2026?,2026-06-16T12:00:00Z,0.1599,250000,40000,2026-06-21T00:00:00Z
mil-iran-strike,Will the US conduct a military strike on Iran before August 2026?,2026-06-16T13:00:00Z,0.1662,250000,40000,2026-06-21T00:00:00Z
mil-iran-strike,Will the US conduct a military strike on Iran before August 2026?,2026-06-16T14:00:00Z,0.1618,250000,40000,2026-06-21T00:00:00Z
mil-iran-strike,Will the US conduct a military strike on Iran before August 2026?,2026-06-16T15:00:00Z,0.1656,250000,40000,2026-06-21T00:00:00Z
mil-iran-strike,Will the US conduct a military strike on Iran before August 2026?,2026-06-16T16:00:00Z,0.1647,250000,40000,2026-06-21T00:00:00Z
mil-iran-strike,Will the US conduct a military strike on Iran before August 2026?,2026-06-16T17:00:00Z,0.1656,250000,40000,2026-06-21T00:00:00Z
mil-iran-strike,Will the US conduct a military strike on Iran before August 2026?,2026-06-16T18:00:00Z,0.1642,250000,40000,2026-06-21T00:00:00Z
mil-iran-strike,Will the US conduct a military strike on Iran before August 2026?,2026-06-16T19:00:00Z,0.1624,250000,40000,2026-06-21T00:00:00Z
mil-iran-strike,Will the US conduct a military strike on Iran before August 2026?,2026-06-16T20:00:00Z,0.1646,250000,40000,2026-06-21T00:00:00Z
mil-iran-strike,Will the US conduct a military strike on Iran before August 2026?,2026-06-16T21:00:00Z,0.1654,250000,40000,2026-06-21T00:00:00Z
mil-iran-strike,Will the US conduct a military strike on Iran before August 2026?,2026-06-16T22:00:00Z,0.165,250000,40000,2026-06-21T00:00:00Z
mil-iran-strike,Will the US conduct a military strike on Iran before August 2026?,2026-06-16T23:00:00Z,0.1647,250000,40000,2026-06-21T00:00:00Z
mil-iran-strike,Will the US conduct a military strike on Iran before August 2026?,2026-06-17T00:00:00Z,0.1659,250000,40000,2026-06-21T00:00:00Z
mil-iran-strike,Will the US conduct a military strike on Iran before August 2026?,2026-06-17T01:00:00Z,0.1646,250000,40000,2026-06-21T00:00:00Z
mil-iran-strike,Will the US conduct a military strike on Iran before August 2026?,2026-06-17T02:00:00Z,0.1616,250000,40000,2026-06-21T00:00:00Z
mil-iran-strike,Will the US conduct a military strike on Iran before August 2026?,2026-06-17T03:00:00Z,0.1635,250000,40000,2026-06-21T00:00:00Z
mil-iran-strike,Will the US conduct a military strike on Iran before August 2026?,2026-06-17T04:00:00Z,0.1613,250000,40000,2026-06-21T00:00:00Z
mil-iran-strike,Will the US conduct a military strike on Iran before August 2026?,2026-06-17T05:00:00Z,0.167,250000,40000,2026-06-21T00:00:00Z
mil-iran-strike,Will the US conduct a military strike on Iran before August 2026?,2026-06-17T06:00:00Z,0.168,250000,40000,2026-06-21T00:00:00Z
mil-iran-strike,Will the US conduct a military strike on Iran before August 2026?,2026-06-17T07:00:00Z,0.1659,250000,40000,2026-06-21T00:00:00Z
mil-iran-strike,Will the US conduct a military strike on Iran before August 2026?,2026-06-17T08:00:00Z,0.1656,250000,40000,2026-06-21T00:00:00Z
mil-iran-strike,Will the US conduct a military strike on Iran before August 2026?,2026-06-17T09:00:00Z,0.1605,250000,40000,2026-06-21T00:00:00Z
mil-iran-strike,Will the US conduct a military strike on Iran before August 2026?,2026-06-17T10:00:00Z,0.157,250000,40000,2026-06-21T00:00:00Z
mil-iran-strike,Will the US conduct a military strike on Iran before August 2026?,2026-06-17T11:00:00Z,0.1578,250000,40000,2026-06-21T00:00:00Z
mil-iran-strike,Will the US conduct a military strike on Iran before August 2026?,2026-06-17T12:00:00Z,0.1597,250000,40000,2026-06-21T00:00:00Z
mil-iran-strike,Will the US conduct a military strike on Iran before August 2026?,2026-06-17T13:00:00Z,0.1599,250000,40000,2026-06-21T00:00:00Z
mil-iran-strike,Will the US conduct a military strike on Iran before August 2026?,2026-06-17T14:00:00Z,0.1605,250000,40000,2026-06-21T00:00:00Z
mil-iran-strike,Will the US conduct a military strike on Iran before August 2026?,2026-06-17T15:00:00Z,0.1641,250000,40000,2026-06-21T00:00:00Z
mil-iran-strike,Will the US conduct a military strike on Iran before August 2026?,2026-06-17T16:00:00Z,0.1661,250000,40000,2026-06-21T00:00:00Z
mil-iran-strike,Will the US conduct a military strike on Iran before August 2026?,2026-06-17T17:00:00Z,0.1667,250000,40000,2026-06-21T00:00:00Z
mil-iran-strike,Will the US conduct a military strike on Iran before August 2026?,2026-06-17T18:00:00Z,0.1644,250000,40000,2026-06-21T00:00:00Z
mil-iran-strike,Will the US conduct a military strike on Iran before August 2026?,2026-06-17T19:00:00Z,0.1686,250000,40000,2026-06-21T00:00:00Z
mil-iran-strike,Will the US conduct a military strike on Iran before August 2026?,2026-06-17T20:00:00Z,0.1696,250000,40000,2026-06-21T00:00:00Z
mil-iran-strike,Will the US conduct a military strike on Iran before August 2026?,2026-06-17T21:00:00Z,0.1698,250000,40000,2026-06-21T00:00:00Z
mil-iran-strike,Will the US conduct a military strike on Iran before August 2026?,2026-06-17T22:00:00Z,0.1686,250000,40000,2026-06-21T00:00:00Z
mil-iran-strike,Will the US conduct a military strike on Iran before August 2026?,2026-06-17T23:00:00Z,0.1666,250000,40000,2026-06-21T00:00:00Z
mil-iran-strike,Will the US conduct a military strike on Iran before August 2026?,2026-06-18T00:00:00Z,0.1707,250000,40000,2026-06-21T00:00:00Z
mil-iran-strike,Will the US conduct a military strike on Iran before August 2026?,2026-06-18T01:00:00Z,0.1715,250000,40000,2026-06-21T00:00:00Z
mil-iran-strike,Will the US conduct a military strike on Iran before August 2026?,2026-06-18T02:00:00Z,0.1701,250000,40000,2026-06-21T00:00:00Z
mil-iran-strike,Will the US conduct a military strike on Iran before August 2026?,2026-06-18T03:00:00Z,0.1681,250000,40000,2026-06-21T00:00:00Z
mil-iran-strike,Will the US conduct a military strike on Iran before August 2026?,2026-06-18T04:00:00Z,0.1685,250000,40000,2026-06-21T00:00:00Z
mil-iran-strike,Will the US conduct a military strike on Iran before August 2026?,2026-06-18T05:00:00Z,0.1674,250000,40000,2026-06-21T00:00:00Z
mil-iran-strike,Will the US conduct a military strike on Iran before August 2026?,2026-06-18T06:00:00Z,0.1677,250000,40000,2026-06-21T00:00:00Z
mil-iran-strike,Will the US conduct a military strike on Iran before August 2026?,2026-06-18T07:00:00Z,0.1615,250000,40000,2026-06-21T00:00:00Z
mil-iran-strike,Will the US conduct a military strike on Iran before August 2026?,2026-06-18T08:00:00Z,0.1595,250000,40000,2026-06-21T00:00:00Z
mil-iran-strike,Will the US conduct a military strike on Iran before August 2026?,2026-06-18T09:00:00Z,0.157,250000,40000,2026-06-21T00:00:00Z
mil-iran-strike,Will the US conduct a military strike on Iran before August 2026?,2026-06-18T10:00:00Z,0.159,250000,40000,2026-06-21T00:00:00Z
mil-iran-strike,Will the US conduct a military strike on Iran before August 2026?,2026-06-18T11:00:00Z,0.1581,250000,40000,2026-06-21T00:00:00Z
mil-iran-strike,Will the US conduct a military strike on Iran before August 2026?,2026-06-18T12:00:00Z,0.1586,250000,40000,2026-06-21T00:00:00Z
mil-iran-strike,Will the US conduct a military strike on Iran before August 2026?,2026-06-18T13:00:00Z,0.1573,250000,40000,2026-06-21T00:00:00Z
mil-iran-strike,Will the US conduct a military strike on Iran before August 2026?,2026-06-18T14:00:00Z,0.1584,250000,40000,2026-06-21T00:00:00Z
mil-iran-strike,Will the US conduct a military strike on Iran before August 2026?,2026-06-18T15:00:00Z,0.1561,250000,40000,2026-06-21T00:00:00Z
mil-iran-strike,Will the US conduct a military strike on Iran before August 2026?,2026-06-18T16:00:00Z,0.1583,250000,40000,2026-06-21T00:00:00Z
mil-iran-strike,Will the US conduct a military strike on Iran before August 2026?,2026-06-18T17:00:00Z,0.1612,250000,40000,2026-06-21T00:00:00Z
mil-iran-strike,Will the US conduct a military strike on Iran before August 2026?,2026-06-18T18:00:00Z,0.1614,250000,40000,2026-06-21T00:00:00Z
mil-iran-strike,Will the US conduct a military strike on Iran before August 2026?,2026-06-18T19:00:00Z,0.1588,250000,40000,2026-06-21T00:00:00Z
mil-iran-strike,Will the US conduct a military strike on Iran before August 2026?,2026-06-18T20:00:00Z,0.3665,250000,40000,2026-06-21T00:00:00Z
mil-iran-strike,Will the US conduct a military strike on Iran before August 2026?,2026-06-18T21:00:00Z,0.5762,250000,40000,2026-06-21T00:00:00Z
mil-iran-strike,Will the US conduct a military strike on Iran before August 2026?,2026-06-18T22:00:00Z,0.5746,250000,40000,2026-06-21T00:00:00Z
mil-iran-strike,Will the US conduct a military strike on Iran before August 2026?,2026-06-18T23:00:00Z,0.5727,250000,40000,2026-06-21T00:00:00Z
mil-iran-strike,Will the US conduct a military strike on Iran before August 2026?,2026-06-19T00:00:00Z,0.5728,250000,40000,2026-06-21T00:00:00Z
mil-iran-strike,Will the US conduct a military strike on Iran before August 2026?,2026-06-19T01:00:00Z,0.5703,250000,40000,2026-06-21T00:00:00Z
mil-iran-strike,Will the US conduct a military strike on Iran before August 2026?,2026-06-19T02:00:00Z,0.569,250000,40000,2026-06-21T00:00:00Z
mil-iran-strike,Will the US conduct a military strike on Iran before August 2026?,2026-06-19T03:00:00Z,0.5687,250000,40000,2026-06-21T00:00:00Z
mil-iran-strike,Will the US conduct a military strike on Iran before August 2026?,2026-06-19T04:00:00Z,0.5684,250000,40000,2026-06-21T00:00:00Z
mil-iran-strike,Will the US conduct a military strike on Iran before August 2026?,2026-06-19T05:00:00Z,0.5698,250000,40000,2026-06-21T00:00:00Z
mil-iran-strike,Will the US conduct a military strike on Iran before August 2026?,2026-06-19T06:00:00Z,0.5706,250000,40000,2026-06-21T00:00:00Z
mil-iran-strike,Will the US conduct a military strike on Iran before August 2026?,2026-06-19T07:00:00Z,0.5703,250000,40000,2026-06-21T00:00:00Z
mil-iran-strike,Will the US conduct a military strike on Iran before August 2026?,2026-06-19T08:00:00Z,0.5709,250000,40000,2026-06-21T00:00:00Z
mil-iran-strike,Will the US conduct a military strike on Iran before August 2026?,2026-06-19T09:00:00Z,0.5694,250000,40000,2026-06-21T00:00:00Z
mil-iran-strike,Will the US conduct a military strike on Iran before August 2026?,2026-06-19T10:00:00Z,0.568,250000,40000,2026-06-21T00:00:00Z
mil-iran-strike,Will the US conduct a military strike on Iran before August 2026?,2026-06-19T11:00:00Z,0.5686,250000,40000,2026-06-21T00:00:00Z
mil-iran-strike,Will the US conduct a military strike on Iran before August 2026?,2026-06-19T12:00:00Z,0.5726,250000,40000,2026-06-21T00:00:00Z
mil-iran-strike,Will the US conduct a military strike on Iran before August 2026?,2026-06-19T13:00:00Z,0.5746,250000,40000,2026-06-21T00:00:00Z
mil-iran-strike,Will the US conduct a military strike on Iran before August 2026?,2026-06-19T14:00:00Z,0.5712,250000,40000,2026-06-21T00:00:00Z
mil-iran-strike,Will the US conduct a military strike on Iran before August 2026?,2026-06-19T15:00:00Z,0.5718,250000,40000,2026-06-21T00:00:00Z
mil-iran-strike,Will the US conduct a military strike on Iran before August 2026?,2026-06-19T16:00:00Z,0.5699,250000,40000,2026-06-21T00:00:00Z
mil-iran-strike,Will the US conduct a military strike on Iran before August 2026?,2026-06-19T17:00:00Z,0.569,250000,40000,2026-06-21T00:00:00Z
mil-iran-strike,Will the US conduct a military strike on Iran before August 2026?,2026-06-19T18:00:00Z,0.5671,250000,40000,2026-06-21T00:00:00Z
mil-iran-strike,Will the US conduct a military strike on Iran before August 2026?,2026-06-19T19:00:00Z,0.5644,250000,40000,2026-06-21T00:00:00Z
mil-iran-strike,Will the US conduct a military strike on Iran before August 2026?,2026-06-19T20:00:00Z,0.5627,250000,40000,2026-06-21T00:00:00Z
mil-iran-strike,Will the US conduct a military strike on Iran before August 2026?,2026-06-19T21:00:00Z,0.5633,250000,40000,2026-06-21T00:00:00Z
mil-iran-strike,Will the US conduct a military strike on Iran before August 2026?,2026-06-19T22:00:00Z,0.5612,250000,40000,2026-06-21T00:00:00Z
mil-iran-strike,Will the US conduct a military strike on Iran before August 2026?,2026-06-19T23:00:00Z,0.561,250000,40000,2026-06-21T00:00:00Z
mil-iran-strike,Will the US conduct a military strike on Iran before August 2026?,2026-06-20T00:00:00Z,0.5595,250000,40000,2026-06-21T00:00:00Z
taiwan-blockade,Will China impose a naval blockade on Taiwan before 2027?,2026-06-06T00:00:00Z,0.1948,180000,30000,2026-06-21T00:00:00Z
taiwan-blockade,Will China impose a naval blockade on Taiwan before 2027?,2026-06-06T01:00:00Z,0.1897,180000,30000,2026-06-21T00:00:00Z
taiwan-blockade,Will China impose a naval blockade on Taiwan before 2027?,2026-06-06T02:00:00Z,0.1832,180000,30000,2026-06-21T00:00:00Z
taiwan-blockade,Will China impose a naval blockade on Taiwan before 2027?,2026-06-06T03:00:00Z,0.1814,180000,30000,2026-06-21T00:00:00Z
taiwan-blockade,Will China impose a naval blockade on Taiwan before 2027?,2026-06-06T04:00:00Z,0.1741,180000,30000,2026-06-21T00:00:00Z
taiwan-blockade,Will China impose a naval blockade on Taiwan before 2027?,2026-06-06T05:00:00Z,0.1761,180000,30000,2026-06-21T00:00:00Z
taiwan-blockade,Will China impose a naval blockade on Taiwan before 2027?,2026-06-06T06:00:00Z,0.1778,180000,30000,2026-06-21T00:00:00Z
taiwan-blockade,Will China impose a naval blockade on Taiwan before 2027?,2026-06-06T07:00:00Z,0.1874,180000,30000,2026-06-21T00:00:00Z
taiwan-blockade,Will China impose a naval blockade on Taiwan before 2027?,2026-06-06T08:00:00Z,0.2009,180000,30000,2026-06-21T00:00:00Z
taiwan-blockade,Will China impose a naval blockade on Taiwan before 2027?,2026-06-06T09:00:00Z,0.1974,180000,30000,2026-06-21T00:00:00Z
taiwan-blockade,Will China impose a naval blockade on Taiwan before 2027?,2026-06-06T10:00:00Z,0.2021,180000,30000,2026-06-21T00:00:00Z
taiwan-blockade,Will China impose a naval blockade on Taiwan before 2027?,2026-06-06T11:00:00Z,0.2056,180000,30000,2026-06-21T00:00:00Z
taiwan-blockade,Will China impose a naval blockade on Taiwan before 2027?,2026-06-06T12:00:00Z,0.2166,180000,30000,2026-06-21T00:00:00Z
taiwan-blockade,Will China impose a naval blockade on Taiwan before 2027?,2026-06-06T13:00:00Z,0.2201,180000,30000,2026-06-21T00:00:00Z
taiwan-blockade,Will China impose a naval blockade on Taiwan before 2027?,2026-06-06T14:00:00Z,0.2298,180000,30000,2026-06-21T00:00:00Z
taiwan-blockade,Will China impose a naval blockade on Taiwan before 2027?,2026-06-06T15:00:00Z,0.2266,180000,30000,2026-06-21T00:00:00Z
taiwan-blockade,Will China impose a naval blockade on Taiwan before 2027?,2026-06-06T16:00:00Z,0.2258,180000,30000,2026-06-21T00:00:00Z
taiwan-blockade,Will China impose a naval blockade on Taiwan before 2027?,2026-06-06T17:00:00Z,0.2138,180000,30000,2026-06-21T00:00:00Z
taiwan-blockade,Will China impose a naval blockade on Taiwan before 2027?,2026-06-06T18:00:00Z,0.223,180000,30000,2026-06-21T00:00:00Z
taiwan-blockade,Will China impose a naval blockade on Taiwan before 2027?,2026-06-06T19:00:00Z,0.2085,180000,30000,2026-06-21T00:00:00Z
taiwan-blockade,Will China impose a naval blockade on Taiwan before 2027?,2026-06-06T20:00:00Z,0.2176,180000,30000,2026-06-21T00:00:00Z
taiwan-blockade,Will China impose a naval blockade on Taiwan before 2027?,2026-06-06T21:00:00Z,0.2123,180000,30000,2026-06-21T00:00:00Z
taiwan-blockade,Will China impose a naval blockade on Taiwan before 2027?,2026-06-06T22:00:00Z,0.2192,180000,30000,2026-06-21T00:00:00Z
taiwan-blockade,Will China impose a naval blockade on Taiwan before 2027?,2026-06-06T23:00:00Z,0.2135,180000,30000,2026-06-21T00:00:00Z
taiwan-blockade,Will China impose a naval blockade on Taiwan before 2027?,2026-06-07T00:00:00Z,0.208,180000,30000,2026-06-21T00:00:00Z
taiwan-blockade,Will China impose a naval blockade on Taiwan before 2027?,2026-06-07T01:00:00Z,0.1999,180000,30000,2026-06-21T00:00:00Z
taiwan-blockade,Will China impose a naval blockade on Taiwan before 2027?,2026-06-07T02:00:00Z,0.2018,180000,30000,2026-06-21T00:00:00Z
taiwan-blockade,Will China impose a naval blockade on Taiwan before 2027?,2026-06-07T03:00:00Z,0.2177,180000,30000,2026-06-21T00:00:00Z
taiwan-blockade,Will China impose a naval blockade on Taiwan before 2027?,2026-06-07T04:00:00Z,0.2225,180000,30000,2026-06-21T00:00:00Z
taiwan-blockade,Will China impose a naval blockade on Taiwan before 2027?,2026-06-07T05:00:00Z,0.217,180000,30000,2026-06-21T00:00:00Z
taiwan-blockade,Will China impose a naval blockade on Taiwan before 2027?,2026-06-07T06:00:00Z,0.2257,180000,30000,2026-06-21T00:00:00Z
taiwan-blockade,Will China impose a naval blockade on Taiwan before 2027?,2026-06-07T07:00:00Z,0.2333,180000,30000,2026-06-21T00:00:00Z
taiwan-blockade,Will China impose a naval blockade on Taiwan before 2027?,2026-06-07T08:00:00Z,0.2352,180000,30000,2026-06-21T00:00:00Z
taiwan-blockade,Will China impose a naval blockade on Taiwan before 2027?,2026-06-07T09:00:00Z,0.2462,180000,30000,2026-06-21T00:00:00Z
taiwan-blockade,Will China impose a naval blockade on Taiwan before 2027?,2026-06-07T10:00:00Z,0.2526,180000,30000,2026-06-21T00:00:00Z
taiwan-blockade,Will China impose a naval blockade on Taiwan before 2027?,2026-06-07T11:00:00Z,0.2461,180000,30000,2026-06-21T00:00:00Z
taiwan-blockade,Will China impose a naval blockade on Taiwan before 2027?,2026-06-07T12:00:00Z,0.246,180000,30000,2026-06-21T00:00:00Z
taiwan-blockade,Will China impose a naval blockade on Taiwan before 2027?,2026-06-07T13:00:00Z,0.2424,180000,30000,2026-06-21T00:00:00Z
taiwan-blockade,Will China impose a naval blockade on Taiwan before 2027?,2026-06-07T14:00:00Z,0.2395,180000,30000,2026-06-21T00:00:00Z
taiwan-blockade,Will China impose a naval blockade on Taiwan before 2027?,2026-06-07T15:00:00Z,0.2404,180000,30000,2026-06-21T00:00:00Z
taiwan-blockade,Will China impose a naval blockade on Taiwan before 2027?,2026-06-07T16:00:00Z,0.2404,180000,30000,2026-06-21T00:00:00Z
taiwan-blockade,Will China impose a naval blockade on Taiwan before 2027?,2026-06-07T17:00:00Z,0.2374,180000,30000,2026-06-21T00:00:00Z
taiwan-blockade,Will China impose a naval blockade on Taiwan before 2027?,2026-06-07T18:00:00Z,0.2389,180000,30000,2026-06-21T00:00:00Z
taiwan-blockade,Will China impose a naval blockade on Taiwan before 2027?,2026-06-07T19:00:00Z,0.2449,180000,30000,2026-06-21T00:00:00Z
taiwan-blockade,Will China impose a naval blockade on Taiwan before 2027?,2026-06-07T20:00:00Z,0.2449,180000,30000,2026-06-21T00:00:00Z
taiwan-blockade,Will China impose a naval blockade on Taiwan before 2027?,2026-06-07T21:00:00Z,0.252,180000,30000,2026-06-21T00:00:00Z
taiwan-blockade,Will China impose a naval blockade on Taiwan before 2027?,2026-06-07T22:00:00Z,0.2554,180000,30000,2026-06-21T00:00:00Z
taiwan-blockade,Will China impose a naval blockade on Taiwan before 2027?,2026-06-07T23:00:00Z,0.2558,180000,30000,2026-06-21T00:00:00Z
taiwan-blockade,Will China impose a naval blockade on Taiwan before 2027?,2026-06-08T00:00:00Z,0.2447,180000,30000,2026-06-21T00:00:00Z
taiwan-blockade,Will China impose a naval blockade on Taiwan before 2027?,2026-06-08T01:00:00Z,0.2414,180000,30000,2026-06-21T00:00:00Z
taiwan-blockade,Will China impose a naval blockade on Taiwan before 2027?,2026-06-08T02:00:00Z,0.2412,180000,30000,2026-06-21T00:00:00Z
taiwan-blockade,Will China impose a naval blockade on Taiwan before 2027?,2026-06-08T03:00:00Z,0.2437,180000,30000,2026-06-21T00:00:00Z
taiwan-blockade,Will China impose a naval blockade on Taiwan before 2027?,2026-06-08T04:00:00Z,0.2368,180000,30000,2026-06-21T00:00:00Z
taiwan-blockade,Will China impose a naval blockade on Taiwan before 2027?,2026-06-08T05:00:00Z,0.2421,180000,30000,2026-06-21T00:00:00Z
taiwan-blockade,Will China impose a naval blockade on Taiwan before 2027?,2026-06-08T06:00:00Z,0.2423,180000,30000,2026-06-21T00:00:00Z
taiwan-blockade,Will China impose a naval blockade on Taiwan before 2027?,2026-06-08T07:00:00Z,0.2543,180000,30000,2026-06-21T00:00:00Z
taiwan-blockade,Will China impose a naval blockade on Taiwan before 2027?,2026-06-08T08:00:00Z,0.2563,180000,30000,2026-06-21T00:00:00Z
taiwan-blockade,Will China impose a naval blockade on Taiwan before 2027?,2026-06-08T09:00:00Z,0.2585,180000,30000,2026-06-21T00:00:00Z
taiwan-blockade,Will China impose a naval blockade on Taiwan before 2027?,2026-06-08T10:00:00Z,0.2633,180000,30000,2026-06-21T00:00:00Z
taiwan-blockade,Will China impose a naval blockade on Taiwan before 2027?,2026-06-08T11:00:00Z,0.2582,180000,30000,2026-06-21T00:00:00Z
taiwan-blockade,Will China impose a naval blockade on Taiwan before 2027?,2026-06-08T12:00:00Z,0.2649,180000,30000,2026-06-21T00:00:00Z
taiwan-blockade,Will China impose a naval blockade on Taiwan before 2027?,2026-06-08T13:00:00Z,0.2647,180000,30000,2026-06-21T00:00:00Z
taiwan-blockade,Will China impose a naval blockade on Taiwan before 2027?,2026-06-08T14:00:00Z,0.264,180000,30000,2026-06-21T00:00:00Z
taiwan-blockade,Will China impose a naval blockade on Taiwan before 2027?,2026-06-08T15:00:00Z,0.2621,180000,30000,2026-06-21T00:00:00Z
taiwan-blockade,Will China impose a naval blockade on Taiwan before 2027?,2026-06-08T16:00:00Z,0.2582,180000,30000,2026-06-21T00:00:00Z
taiwan-blockade,Will China impose a naval blockade on Taiwan before 2027?,2026-06-08T17:00:00Z,0.2691,180000,30000,2026-06-21T00:00:00Z
taiwan-blockade,Will China impose a naval blockade on Taiwan before 2027?,2026-06-08T18:00:00Z,0.2751,180000,30000,2026-06-21T00:00:00Z
taiwan-blockade,Will China impose a naval blockade on Taiwan before 2027?,2026-06-08T19:00:00Z,0.28,180000,30000,2026-06-21T00:00:00Z
taiwan-blockade,Will China impose a naval blockade on Taiwan before 2027?,2026-06-08T20:00:00Z,0.2834,180000,30000,2026-06-21T00:00:00Z
taiwan-blockade,Will China impose a naval blockade on Taiwan before 2027?,2026-06-08T21:00:00Z,0.2775,180000,30000,2026-06-21T00:00:00Z
taiwan-blockade,Will China impose a naval blockade on Taiwan before 2027?,2026-06-08T22:00:00Z,0.2832,180000,30000,2026-06-21T00:00:00Z
taiwan-blockade,Will China impose a naval blockade on Taiwan before 2027?,2026-06-08T23:00:00Z,0.2808,180000,30000,2026-06-21T00:00:00Z
taiwan-blockade,Will China impose a naval blockade on Taiwan before 2027?,2026-06-09T00:00:00Z,0.2793,180000,30000,2026-06-21T00:00:00Z
taiwan-blockade,Will China impose a naval blockade on Taiwan before 2027?,2026-06-09T01:00:00Z,0.2802,180000,30000,2026-06-21T00:00:00Z
taiwan-blockade,Will China impose a naval blockade on Taiwan before 2027?,2026-06-09T02:00:00Z,0.2801,180000,30000,2026-06-21T00:00:00Z
taiwan-blockade,Will China impose a naval blockade on Taiwan before 2027?,2026-06-09T03:00:00Z,0.2738,180000,30000,2026-06-21T00:00:00Z
taiwan-blockade,Will China impose a naval blockade on Taiwan before 2027?,2026-06-09T04:00:00Z,0.2672,180000,30000,2026-06-21T00:00:00Z
taiwan-blockade,Will China impose a naval blockade on Taiwan before 2027?,2026-06-09T05:00:00Z,0.2715,180000,30000,2026-06-21T00:00:00Z
taiwan-blockade,Will China impose a naval blockade on Taiwan before 2027?,2026-06-09T06:00:00Z,0.2788,180000,30000,2026-06-21T00:00:00Z
taiwan-blockade,Will China impose a naval blockade on Taiwan before 2027?,2026-06-09T07:00:00Z,0.277,180000,30000,2026-06-21T00:00:00Z
taiwan-blockade,Will China impose a naval blockade on Taiwan before 2027?,2026-06-09T08:00:00Z,0.2811,180000,30000,2026-06-21T00:00:00Z
taiwan-blockade,Will China impose a naval blockade on Taiwan before 2027?,2026-06-09T09:00:00Z,0.2817,180000,30000,2026-06-21T00:00:00Z
taiwan-blockade,Will China impose a naval blockade on Taiwan before 2027?,2026-06-09T10:00:00Z,0.2879,180000,30000,2026-06-21T00:00:00Z
taiwan-blockade,Will China impose a naval blockade on Taiwan before 2027?,2026-06-09T11:00:00Z,0.2919,180000,30000,2026-06-21T00:00:00Z
taiwan-blockade,Will China impose a naval blockade on Taiwan before 2027?,2026-06-09T12:00:00Z,0.285,180000,30000,2026-06-21T00:00:00Z
taiwan-blockade,Will China impose a naval blockade on Taiwan before 2027?,2026-06-09T13:00:00Z,0.291,180000,30000,2026-06-21T00:00:00Z
taiwan-blockade,Will China impose a naval blockade on Taiwan before 2027?,2026-06-09T14:00:00Z,0.2965,180000,30000,2026-06-21T00:00:00Z
taiwan-blockade,Will China impose a naval blockade on Taiwan before 2027?,2026-06-09T15:00:00Z,0.2959,180000,30000,2026-06-21T00:00:00Z
taiwan-blockade,Will China impose a naval blockade on Taiwan before 2027?,2026-06-09T16:00:00Z,0.2997,180000,30000,2026-06-21T00:00:00Z
taiwan-blockade,Will China impose a naval blockade on Taiwan before 2027?,2026-06-09T17:00:00Z,0.312,180000,30000,2026-06-21T00:00:00Z
taiwan-blockade,Will China impose a naval blockade on Taiwan before 2027?,2026-06-09T18:00:00Z,0.3184,180000,30000,2026-06-21T00:00:00Z
taiwan-blockade,Will China impose a naval blockade on Taiwan before 2027?,2026-06-09T19:00:00Z,0.3183,180000,30000,2026-06-21T00:00:00Z
taiwan-blockade,Will China impose a naval blockade on Taiwan before 2027?,2026-06-09T20:00:00Z,0.3273,180000,30000,2026-06-21T00:00:00Z
taiwan-blockade,Will China impose a naval blockade on Taiwan before 2027?,2026-06-09T21:00:00Z,0.3168,180000,30000,2026-06-21T00:00:00Z
taiwan-blockade,Will China impose a naval blockade on Taiwan before 2027?,2026-06-09T22:00:00Z,0.3154,180000,30000,2026-06-21T00:00:00Z
taiwan-blockade,Will China impose a naval blockade on Taiwan before 2027?,2026-06-09T23:00:00Z,0.3183,180000,30000,2026-06-21T00:00:00Z
taiwan-blockade,Will China impose a naval blockade on Taiwan before 2027?,2026-06-10T00:00:00Z,0.3189,180000,30000,2026-06-21T00:00:00Z
taiwan-blockade,Will China impose a naval blockade on Taiwan before 2027?,2026-06-10T01:00:00Z,0.3174,180000,30000,2026-06-21T00:00:00Z
taiwan-blockade,Will China impose a naval blockade on Taiwan before 2027?,2026-06-10T02:00:00Z,0.3204,180000,30000,2026-06-21T00:00:00Z
taiwan-blockade,Will China impose a naval blockade on Taiwan before 2027?,2026-06-10T03:00:00Z,0.3182,180000,30000,2026-06-21T00:00:00Z
taiwan-blockade,Will China impose a naval blockade on Taiwan before 2027?,2026-06-10T04:00:00Z,0.3203,180000,30000,2026-06-21T00:00:00Z
taiwan-blockade,Will China impose a naval blockade on Taiwan before 2027?,2026-06-10T05:00:00Z,0.3172,180000,30000,2026-06-21T00:00:00Z
taiwan-blockade,Will China impose a naval blockade on Taiwan before 2027?,2026-06-10T06:00:00Z,0.3269,180000,30000,2026-06-21T00:00:00Z
taiwan-blockade,Will China impose a naval blockade on Taiwan before 2027?,2026-06-10T07:00:00Z,0.3187,180000,30000,2026-06-21T00:00:00Z
taiwan-blockade,Will China impose a naval blockade on Taiwan before 2027?,2026-06-10T08:00:00Z,0.3196,180000,30000,2026-06-21T00:00:00Z
taiwan-blockade,Will China impose a naval blockade on Taiwan before 2027?,2026-06-10T09:00:00Z,0.3135,180000,30000,2026-06-21T00:00:00Z
taiwan-blockade,Will China impose a naval blockade on Taiwan before 2027?,2026-06-10T10:00:00Z,0.3126,180000,30000,2026-06-21T00:00:00Z
taiwan-blockade,Will China impose a naval blockade on Taiwan before 2027?,2026-06-10T11:00:00Z,0.3163,180000,30000,2026-06-21T00:00:00Z
taiwan-blockade,Will China impose a naval blockade on Taiwan before 2027?,2026-06-10T12:00:00Z,0.3187,180000,30000,2026-06-21T00:00:00Z
taiwan-blockade,Will China impose a naval blockade on Taiwan before 2027?,2026-06-10T13:00:00Z,0.3176,180000,30000,2026-06-21T00:00:00Z
taiwan-blockade,Will China impose a naval blockade on Taiwan before 2027?,2026-06-10T14:00:00Z,0.3086,180000,30000,2026-06-21T00:00:00Z
taiwan-blockade,Will China impose a naval blockade on Taiwan before 2027?,2026-06-10T15:00:00Z,0.3014,180000,30000,2026-06-21T00:00:00Z
taiwan-blockade,Will China impose a naval blockade on Taiwan before 2027?,2026-06-10T16:00:00Z,0.3033,180000,30000,2026-06-21T00:00:00Z
taiwan-blockade,Will China impose a naval blockade on Taiwan before 2027?,2026-06-10T17:00:00Z,0.2995,180000,30000,2026-06-21T00:00:00Z
taiwan-blockade,Will China impose a naval blockade on Taiwan before 2027?,2026-06-10T18:00:00Z,0.2899,180000,30000,2026-06-21T00:00:00Z
taiwan-blockade,Will China impose a naval blockade on Taiwan before 2027?,2026-06-10T19:00:00Z,0.2937,180000,30000,2026-06-21T00:00:00Z
taiwan-blockade,Will China impose a naval blockade on Taiwan before 2027?,2026-06-10T20:00:00Z,0.2859,180000,30000,2026-06-21T00:00:00Z
taiwan-blockade,Will China impose a naval blockade on Taiwan before 2027?,2026-06-10T21:00:00Z,0.2922,180000,30000,2026-06-21T00:00:00Z
taiwan-blockade,Will China impose a naval blockade on Taiwan before 2027?,2026-06-10T22:00:00Z,0.2944,180000,30000,2026-06-21T00:00:00Z
taiwan-blockade,Will China impose a naval blockade on Taiwan before 2027?,2026-06-10T23:00:00Z,0.288,180000,30000,2026-06-21T00:00:00Z
taiwan-blockade,Will China impose a naval blockade on Taiwan before 2027?,2026-06-11T00:00:00Z,0.2904,180000,30000,2026-06-21T00:00:00Z
taiwan-blockade,Will China impose a naval blockade on Taiwan before 2027?,2026-06-11T01:00:00Z,0.293,180000,30000,2026-06-21T00:00:00Z
taiwan-blockade,Will China impose a naval blockade on Taiwan before 2027?,2026-06-11T02:00:00Z,0.2948,180000,30000,2026-06-21T00:00:00Z
taiwan-blockade,Will China impose a naval blockade on Taiwan before 2027?,2026-06-11T03:00:00Z,0.2919,180000,30000,2026-06-21T00:00:00Z
taiwan-blockade,Will China impose a naval blockade on Taiwan before 2027?,2026-06-11T04:00:00Z,0.291,180000,30000,2026-06-21T00:00:00Z
taiwan-blockade,Will China impose a naval blockade on Taiwan before 2027?,2026-06-11T05:00:00Z,0.3002,180000,30000,2026-06-21T00:00:00Z
taiwan-blockade,Will China impose a naval blockade on Taiwan before 2027?,2026-06-11T06:00:00Z,0.2979,180000,30000,2026-06-21T00:00:00Z
taiwan-blockade,Will China impose a naval blockade on Taiwan before 2027?,2026-06-11T07:00:00Z,0.3012,180000,30000,2026-06-21T00:00:00Z
taiwan-blockade,Will China impose a naval blockade on Taiwan before 2027?,2026-06-11T08:00:00Z,0.2952,180000,30000,2026-06-21T00:00:00Z
taiwan-blockade,Will China impose a naval blockade on Taiwan before 2027?,2026-06-11T09:00:00Z,0.3026,180000,30000,2026-06-21T00:00:00Z
taiwan-blockade,Will China impose a naval blockade on Taiwan before 2027?,2026-06-11T10:00:00Z,0.3003,180000,30000,2026-06-21T00:00:00Z
taiwan-blockade,Will China impose a naval blockade on Taiwan before 2027?,2026-06-11T11:00:00Z,0.2969,180000,30000,2026-06-21T00:00:00Z
taiwan-blockade,Will China impose a naval blockade on Taiwan before 2027?,2026-06-11T12:00:00Z,0.3001,180000,30000,2026-06-21T00:00:00Z
taiwan-blockade,Will China impose a naval blockade on Taiwan before 2027?,2026-06-11T13:00:00Z,0.3019,180000,30000,2026-06-21T00:00:00Z
taiwan-blockade,Will China impose a naval blockade on Taiwan before 2027?,2026-06-11T14:00:00Z,0.3016,180000,30000,2026-06-21T00:00:00Z
taiwan-blockade,Will China impose a naval blockade on Taiwan before 2027?,2026-06-11T15:00:00Z,0.3008,180000,30000,2026-06-21T00:00:00Z
taiwan-blockade,Will China impose a naval blockade on Taiwan before 2027?,2026-06-11T16:00:00Z,0.3023,180000,30000,2026-06-21T00:00:00Z
taiwan-blockade,Will China impose a naval blockade on Taiwan before 2027?,2026-06-11T17:00:00Z,0.2969,180000,30000,2026-06-21T00:00:00Z
taiwan-blockade,Will China impose a naval blockade on Taiwan before 2027?,2026-06-11T18:00:00Z,0.29,180000,30000,2026-06-21T00:00:00Z
taiwan-blockade,Will China impose a naval blockade on Taiwan before 2027?,2026-06-11T19:00:00Z,0.2845,180000,30000,2026-06-21T00:00:00Z
taiwan-blockade,Will China impose a naval blockade on Taiwan before 2027?,2026-06-11T20:00:00Z,0.2844,180000,30000,2026-06-21T00:00:00Z
taiwan-blockade,Will China impose a naval blockade on Taiwan before 2027?,2026-06-11T21:00:00Z,0.2901,180000,30000,2026-06-21T00:00:00Z
taiwan-blockade,Will China impose a naval blockade on Taiwan before 2027?,2026-06-11T22:00:00Z,0.2924,180000,30000,2026-06-21T00:00:00Z
taiwan-blockade,Will China impose a naval blockade on Taiwan before 2027?,2026-06-11T23:00:00Z,0.2876,180000,30000,2026-06-21T00:00:00Z
taiwan-blockade,Will China impose a naval blockade on Taiwan before 2027?,2026-06-12T00:00:00Z,0.2818,180000,30000,2026-06-21T00:00:00Z
taiwan-blockade,Will China impose a naval blockade on Taiwan before 2027?,2026-06-12T01:00:00Z,0.2904,180000,30000,2026-06-21T00:00:00Z
taiwan-blockade,Will China impose a naval blockade on Taiwan before 2027?,2026-06-12T02:00:00Z,0.2856,180000,30000,2026-06-21T00:00:00Z
taiwan-blockade,Will China impose a naval blockade on Taiwan before 2027?,2026-06-12T03:00:00Z,0.2819,180000,30000,2026-06-21T00:00:00Z
taiwan-blockade,Will China impose a naval blockade on Taiwan before 2027?,2026-06-12T04:00:00Z,0.2777,180000,30000,2026-06-21T00:00:00Z
taiwan-blockade,Will China impose a naval blockade on Taiwan before 2027?,2026-06-12T05:00:00Z,0.2791,180000,30000,2026-06-21T00:00:00Z
taiwan-blockade,Will China impose a naval blockade on Taiwan before 2027?,2026-06-12T06:00:00Z,0.2806,180000,30000,2026-06-21T00:00:00Z
taiwan-blockade,Will China impose a naval blockade on Taiwan before 2027?,2026-06-12T07:00:00Z,0.2719,180000,30000,2026-06-21T00:00:00Z
taiwan-blockade,Will China impose a naval blockade on Taiwan before 2027?,2026-06-12T08:00:00Z,0.2665,180000,30000,2026-06-21T00:00:00Z
taiwan-blockade,Will China impose a naval blockade on Taiwan before 2027?,2026-06-12T09:00:00Z,0.264,180000,30000,2026-06-21T00:00:00Z
taiwan-blockade,Will China impose a naval blockade on Taiwan before 2027?,2026-06-12T10:00:00Z,0.2674,180000,30000,2026-06-21T00:00:00Z
taiwan-blockade,Will China impose a naval blockade on Taiwan before 2027?,2026-06-12T11:00:00Z,0.2669,180000,30000,2026-06-21T00:00:00Z
taiwan-blockade,Will China impose a naval blockade on Taiwan before 2027?,2026-06-12T12:00:00Z,0.2678,180000,30000,2026-06-21T00:00:00Z
taiwan-blockade,Will China impose a naval blockade on Taiwan before 2027?,2026-06-12T13:00:00Z,0.2674,180000,30000,2026-06-21T00:00:00Z
taiwan-blockade,Will China impose a naval blockade on Taiwan before 2027?,2026-06-12T14:00:00Z,0.2726,180000,30000,2026-06-21T00:00:00Z
taiwan-blockade,Will China impose a naval blockade on Taiwan before 2027?,2026-06-12T15:00:00Z,0.2804,180000,30000,2026-06-21T00:00:00Z
taiwan-blockade,Will China impose a naval blockade on Taiwan before 2027?,2026-06-12T16:00:00Z,0.2778,180000,30000,2026-06-21T00:00:00Z
taiwan-blockade,Will China impose a naval blockade on Taiwan before 2027?,2026-06-12T17:00:00Z,0.2771,180000,30000,2026-06-21T00:00:00Z
taiwan-blockade,Will China impose a naval blockade on Taiwan before 2027?,2026-06-12T18:00:00Z,0.2746,180000,30000,2026-06-21T00:00:00Z
taiwan-blockade,Will China impose a naval blockade on Taiwan before 2027?,2026-06-12T19:00:00Z,0.2761,180000,30000,2026-06-21T00:00:00Z
taiwan-blockade,Will China impose a naval blockade on Taiwan before 2027?,2026-06-12T20:00:00Z,0.272,180000,30000,2026-06-21T00:00:00Z
taiwan-blockade,Will China impose a naval blockade on Taiwan before 2027?,2026-06-12T21:00:00Z,0.2705,180000,30000,2026-06-21T00:00:00Z
taiwan-blockade,Will China impose a naval blockade on Taiwan before 2027?,2026-06-12T22:00:00Z,0.2753,180000,30000,2026-06-21T00:00:00Z
taiwan-blockade,Will China impose a naval blockade on Taiwan before 2027?,2026-06-12T23:00:00Z,0.275,180000,30000,2026-06-21T00:00:00Z
taiwan-blockade,Will China impose a naval blockade on Taiwan before 2027?,2026-06-13T00:00:00Z,0.2727,180000,30000,2026-06-21T00:00:00Z
taiwan-blockade,Will China impose a naval blockade on Taiwan before 2027?,2026-06-13T01:00:00Z,0.2732,180000,30000,2026-06-21T00:00:00Z
taiwan-blockade,Will China impose a naval blockade on Taiwan before 2027?,2026-06-13T02:00:00Z,0.2676,180000,30000,2026-06-21T00:00:00Z
taiwan-blockade,Will China impose a naval blockade on Taiwan before 2027?,2026-06-13T03:00:00Z,0.2666,180000,30000,2026-06-21T00:00:00Z
taiwan-blockade,Will China impose a naval blockade on Taiwan before 2027?,2026-06-13T04:00:00Z,0.2678,180000,30000,2026-06-21T00:00:00Z
taiwan-blockade,Will China impose a naval blockade on Taiwan before 2027?,2026-06-13T05:00:00Z,0.267,180000,30000,2026-06-21T00:00:00Z
taiwan-blockade,Will China impose a naval blockade on Taiwan before 2027?,2026-06-13T06:00:00Z,0.2659,180000,30000,2026-06-21T00:00:00Z
taiwan-blockade,Will China impose a naval blockade on Taiwan before 2027?,2026-06-13T07:00:00Z,0.2681,180000,30000,2026-06-21T00:00:00Z
taiwan-blockade,Will China impose a naval blockade on Taiwan before 2027?,2026-06-13T08:00:00Z,0.2671,180000,30000,2026-06-21T00:00:00Z
taiwan-blockade,Will China impose a naval blockade on Taiwan before 2027?,2026-06-13T09:00:00Z,0.2671,180000,30000,2026-06-21T00:00:00Z
taiwan-blockade,Will China impose a naval blockade on Taiwan before 2027?,2026-06-13T10:00:00Z,0.2729,180000,30000,2026-06-21T00:00:00Z
taiwan-blockade,Will China impose a naval blockade on Taiwan before 2027?,2026-06-13T11:00:00Z,0.2727,180000,30000,2026-06-21T00:00:00Z
taiwan-blockade,Will China impose a naval blockade on Taiwan before 2027?,2026-06-13T12:00:00Z,0.2779,180000,30000,2026-06-21T00:00:00Z
taiwan-blockade,Will China impose a naval blockade on Taiwan before 2027?,2026-06-13T13:00:00Z,0.2823,180000,30000,2026-06-21T00:00:00Z
taiwan-blockade,Will China impose a naval blockade on Taiwan before 2027?,2026-06-13T14:00:00Z,0.2762,180000,30000,2026-06-21T00:00:00Z
taiwan-blockade,Will China impose a naval blockade on Taiwan before 2027?,2026-06-13T15:00:00Z,0.271,180000,30000,2026-06-21T00:00:00Z
taiwan-blockade,Will China impose a naval blockade on Taiwan before 2027?,2026-06-13T16:00:00Z,0.273,180000,30000,2026-06-21T00:00:00Z
taiwan-blockade,Will China impose a naval blockade on Taiwan before 2027?,2026-06-13T17:00:00Z,0.2781,180000,30000,2026-06-21T00:00:00Z
taiwan-blockade,Will China impose a naval blockade on Taiwan before 2027?,2026-06-13T18:00:00Z,0.283,180000,30000,2026-06-21T00:00:00Z
taiwan-blockade,Will China impose a naval blockade on Taiwan before 2027?,2026-06-13T19:00:00Z,0.2882,180000,30000,2026-06-21T00:00:00Z
taiwan-blockade,Will China impose a naval blockade on Taiwan before 2027?,2026-06-13T20:00:00Z,0.28,180000,30000,2026-06-21T00:00:00Z
taiwan-blockade,Will China impose a naval blockade on Taiwan before 2027?,2026-06-13T21:00:00Z,0.2842,180000,30000,2026-06-21T00:00:00Z
taiwan-blockade,Will China impose a naval blockade on Taiwan before 2027?,2026-06-13T22:00:00Z,0.2798,180000,30000,2026-06-21T00:00:00Z
taiwan-blockade,Will China impose a naval blockade on Taiwan before 2027?,2026-06-13T23:00:00Z,0.2795,180000,30000,2026-06-21T00:00:00Z
taiwan-blockade,Will China impose a naval blockade on Taiwan before 2027?,2026-06-14T00:00:00Z,0.2762,180000,30000,2026-06-21T00:00:00Z
taiwan-blockade,Will China impose a naval blockade on Taiwan before 2027?,2026-06-14T01:00:00Z,0.2769,180000,30000,2026-06-21T00:00:00Z
taiwan-blockade,Will China impose a naval blockade on Taiwan before 2027?,2026-06-14T02:00:00Z,0.2786,180000,30000,2026-06-21T00:00:00Z
taiwan-blockade,Will China impose a naval blockade on Taiwan before 2027?,2026-06-14T03:00:00Z,0.2802,180000,30000,2026-06-21T00:00:00Z
taiwan-blockade,Will China impose a naval blockade on Taiwan before 2027?,2026-06-14T04:00:00Z,0.2837,180000,30000,2026-06-21T00:00:00Z
taiwan-blockade,Will China impose a naval blockade on Taiwan before 2027?,2026-06-14T05:00:00Z,0.2892,180000,30000,2026-06-21T00:00:00Z
taiwan-blockade,Will China impose a naval blockade on Taiwan before 2027?,2026-06-14T06:00:00Z,0.2891,180000,30000,2026-06-21T00:00:00Z
taiwan-blockade,Will China impose a naval blockade on Taiwan before 2027?,2026-06-14T07:00:00Z,0.2879,180000,30000,2026-06-21T00:00:00Z
taiwan-blockade,Will China impose a naval blockade on Taiwan before 2027?,2026-06-14T08:00:00Z,0.2865,180000,30000,2026-06-21T00:00:00Z
taiwan-blockade,Will China impose a naval blockade on Taiwan before 2027?,2026-06-14T09:00:00Z,0.2853,180000,30000,2026-06-21T00:00:00Z
taiwan-blockade,Will China impose a naval blockade on Taiwan before 2027?,2026-06-14T10:00:00Z,0.2824,180000,30000,2026-06-21T00:00:00Z
taiwan-blockade,Will China impose a naval blockade on Taiwan before 2027?,2026-06-14T11:00:00Z,0.2826,180000,30000,2026-06-21T00:00:00Z
taiwan-blockade,Will China impose a naval blockade on Taiwan before 2027?,2026-06-14T12:00:00Z,0.2812,180000,30000,2026-06-21T00:00:00Z
taiwan-blockade,Will China impose a naval blockade on Taiwan before 2027?,2026-06-14T13:00:00Z,0.278,180000,30000,2026-06-21T00:00:00Z
taiwan-blockade,Will China impose a naval blockade on Taiwan before 2027?,2026-06-14T14:00:00Z,0.2828,180000,30000,2026-06-21T00:00:00Z
taiwan-blockade,Will China impose a naval blockade on Taiwan before 2027?,2026-06-14T15:00:00Z,0.2801,180000,30000,2026-06-21T00:00:00Z
taiwan-blockade,Will China impose a naval blockade on Taiwan before 2027?,2026-06-14T16:00:00Z,0.2842,180000,30000,2026-06-21T00:00:00Z
taiwan-blockade,Will China impose a naval blockade on Taiwan before 2027?,2026-06-14T17:00:00Z,0.281,180000,30000,2026-06-21T00:00:00Z
taiwan-blockade,Will China impose a naval blockade on Taiwan before 2027?,2026-06-14T18:00:00Z,0.2807,180000,30000,2026-06-21T00:00:00Z
taiwan-blockade,Will China impose a naval blockade on Taiwan before 2027?,2026-06-14T19:00:00Z,0.2793,180000,30000,2026-06-21T00:00:00Z
taiwan-blockade,Will China impose a naval blockade on Taiwan before 2027?,2026-06-14T20:00:00Z,0.2751,180000,30000,2026-06-21T00:00:00Z
taiwan-blockade,Will China impose a naval blockade on Taiwan before 2027?,2026-06-14T21:00:00Z,0.2753,180000,30000,2026-06-21T00:00:00Z
taiwan-blockade,Will China impose a naval blockade on Taiwan before 2027?,2026-06-14T22:00:00Z,0.2795,180000,30000,2026-06-21T00:00:00Z
taiwan-blockade,Will China impose a naval blockade on Taiwan before 2027?,2026-06-14T23:00:00Z,0.2819,180000,30000,2026-06-21T00:00:00Z
taiwan-blockade,Will China impose a naval blockade on Taiwan before 2027?,2026-06-15T00:00:00Z,0.2804,180000,30000,2026-06-21T00:00:00Z
taiwan-blockade,Will China impose a naval blockade on Taiwan before 2027?,2026-06-15T01:00:00Z,0.2871,180000,30000,2026-06-21T00:00:00Z
taiwan-blockade,Will China impose a naval blockade on Taiwan before 2027?,2026-06-15T02:00:00Z,0.2827,180000,30000,2026-06-21T00:00:00Z
taiwan-blockade,Will China impose a naval blockade on Taiwan before 2027?,2026-06-15T03:00:00Z,0.2816,180000,30000,2026-06-21T00:00:00Z
taiwan-blockade,Will China impose a naval blockade on Taiwan before 2027?,2026-06-15T04:00:00Z,0.2768,180000,30000,2026-06-21T00:00:00Z
taiwan-blockade,Will China impose a naval blockade on Taiwan before 2027?,2026-06-15T05:00:00Z,0.2706,180000,30000,2026-06-21T00:00:00Z
taiwan-blockade,Will China impose a naval blockade on Taiwan before 2027?,2026-06-15T06:00:00Z,0.2736,180000,30000,2026-06-21T00:00:00Z
taiwan-blockade,Will China impose a naval blockade on Taiwan before 2027?,2026-06-15T07:00:00Z,0.2752,180000,30000,2026-06-21T00:00:00Z
taiwan-blockade,Will China impose a naval blockade on Taiwan before 2027?,2026-06-15T08:00:00Z,0.2737,180000,30000,2026-06-21T00:00:00Z
taiwan-blockade,Will China impose a naval blockade on Taiwan before 2027?,2026-06-15T09:00:00Z,0.2758,180000,30000,2026-06-21T00:00:00Z
taiwan-blockade,Will China impose a naval blockade on Taiwan before 2027?,2026-06-15T10:00:00Z,0.2759,180000,30000,2026-06-21T00:00:00Z
taiwan-blockade,Will China impose a naval blockade on Taiwan before 2027?,2026-06-15T11:00:00Z,0.2769,180000,30000,2026-06-21T00:00:00Z
taiwan-blockade,Will China impose a naval blockade on Taiwan before 2027?,2026-06-15T12:00:00Z,0.2752,180000,30000,2026-06-21T00:00:00Z
taiwan-blockade,Will China impose a naval blockade on Taiwan before 2027?,2026-06-15T13:00:00Z,0.2819,180000,30000,2026-06-21T00:00:00Z
taiwan-blockade,Will China impose a naval blockade on Taiwan before 2027?,2026-06-15T14:00:00Z,0.2819,180000,30000,2026-06-21T00:00:00Z
taiwan-blockade,Will China impose a naval blockade on Taiwan before 2027?,2026-06-15T15:00:00Z,0.2839,180000,30000,2026-06-21T00:00:00Z
taiwan-blockade,Will China impose a naval blockade on Taiwan before 2027?,2026-06-15T16:00:00Z,0.2864,180000,30000,2026-06-21T00:00:00Z
taiwan-blockade,Will China impose a naval blockade on Taiwan before 2027?,2026-06-15T17:00:00Z,0.2861,180000,30000,2026-06-21T00:00:00Z
taiwan-blockade,Will China impose a naval blockade on Taiwan before 2027?,2026-06-15T18:00:00Z,0.2857,180000,30000,2026-06-21T00:00:00Z
taiwan-blockade,Will China impose a naval blockade on Taiwan before 2027?,2026-06-15T19:00:00Z,0.285,180000,30000,2026-06-21T00:00:00Z
taiwan-blockade,Will China impose a naval blockade on Taiwan before 2027?,2026-06-15T20:00:00Z,0.2835,180000,30000,2026-06-21T00:00:00Z
taiwan-blockade,Will China impose a naval blockade on Taiwan before 2027?,2026-06-15T21:00:00Z,0.2866,180000,30000,2026-06-21T00:00:00Z
taiwan-blockade,Will China impose a naval blockade on Taiwan before 2027?,2026-06-15T22:00:00Z,0.2878,180000,30000,2026-06-21T00:00:00Z
taiwan-blockade,Will China impose a naval blockade on Taiwan before 2027?,2026-06-15T23:00:00Z,0.2912,180000,30000,2026-06-21T00:00:00Z
taiwan-blockade,Will China impose a naval blockade on Taiwan before 2027?,2026-06-16T00:00:00Z,0.2838,180000,30000,2026-06-21T00:00:00Z
taiwan-blockade,Will China impose a naval blockade on Taiwan before 2027?,2026-06-16T01:00:00Z,0.2853,180000,30000,2026-06-21T00:00:00Z
taiwan-blockade,Will China impose a naval blockade on Taiwan before 2027?,2026-06-16T02:00:00Z,0.2855,180000,30000,2026-06-21T00:00:00Z
taiwan-blockade,Will China impose a naval blockade on Taiwan before 2027?,2026-06-16T03:00:00Z,0.2854,180000,30000,2026-06-21T00:00:00Z
taiwan-blockade,Will China impose a naval blockade on Taiwan before 2027?,2026-06-16T04:00:00Z,0.287,180000,30000,2026-06-21T00:00:00Z
taiwan-blockade,Will China impose a naval blockade on Taiwan before 2027?,2026-06-16T05:00:00Z,0.2955,180000,30000,2026-06-21T00:00:00Z
taiwan-blockade,Will China impose a naval blockade on Taiwan before 2027?,2026-06-16T06:00:00Z,0.295,180000,30000,2026-06-21T00:00:00Z
taiwan-blockade,Will China impose a naval blockade on Taiwan before 2027?,2026-06-16T07:00:00Z,0.2966,180000,30000,2026-06-21T00:00:00Z
taiwan-blockade,Will China impose a naval blockade on Taiwan before 2027?,2026-06-16T08:00:00Z,0.2973,180000,30000,2026-06-21T00:00:00Z
taiwan-blockade,Will China impose a naval blockade on Taiwan before 2027?,2026-06-16T09:00:00Z,0.2953,180000,30000,2026-06-21T00:00:00Z
taiwan-blockade,Will China impose a naval blockade on Taiwan before 2027?,2026-06-16T10:00:00Z,0.2948,180000,30000,2026-06-21T00:00:00Z
taiwan-blockade,Will China impose a naval blockade on Taiwan before 2027?,2026-06-16T11:00:00Z,0.2939,180000,30000,2026-06-21T00:00:00Z
taiwan-blockade,Will China impose a naval blockade on Taiwan before 2027?,2026-06-16T12:00:00Z,0.2923,180000,30000,2026-06-21T00:00:00Z
taiwan-blockade,Will China impose a naval blockade on Taiwan before 2027?,2026-06-16T13:00:00Z,0.2939,180000,30000,2026-06-21T00:00:00Z
taiwan-blockade,Will China impose a naval blockade on Taiwan before 2027?,2026-06-16T14:00:00Z,0.2917,180000,30000,2026-06-21T00:00:00Z
taiwan-blockade,Will China impose a naval blockade on Taiwan before 2027?,2026-06-16T15:00:00Z,0.2862,180000,30000,2026-06-21T00:00:00Z
taiwan-blockade,Will China impose a naval blockade on Taiwan before 2027?,2026-06-16T16:00:00Z,0.284,180000,30000,2026-06-21T00:00:00Z
taiwan-blockade,Will China impose a naval blockade on Taiwan before 2027?,2026-06-16T17:00:00Z,0.2846,180000,30000,2026-06-21T00:00:00Z
taiwan-blockade,Will China impose a naval blockade on Taiwan before 2027?,2026-06-16T18:00:00Z,0.2837,180000,30000,2026-06-21T00:00:00Z
taiwan-blockade,Will China impose a naval blockade on Taiwan before 2027?,2026-06-16T19:00:00Z,0.282,180000,30000,2026-06-21T00:00:00Z
taiwan-blockade,Will China impose a naval blockade on Taiwan before 2027?,2026-06-16T20:00:00Z,0.2862,180000,30000,2026-06-21T00:00:00Z
taiwan-blockade,Will China impose a naval blockade on Taiwan before 2027?,2026-06-16T21:00:00Z,0.2845,180000,30000,2026-06-21T00:00:00Z
taiwan-blockade,Will China impose a naval blockade on Taiwan before 2027?,2026-06-16T22:00:00Z,0.2853,180000,30000,2026-06-21T00:00:00Z
taiwan-blockade,Will China impose a naval blockade on Taiwan before 2027?,2026-06-16T23:00:00Z,0.2865,180000,30000,2026-06-21T00:00:00Z
taiwan-blockade,Will China impose a naval blockade on Taiwan before 2027?,2026-06-17T00:00:00Z,0.2838,180000,30000,2026-06-21T00:00:00Z
taiwan-blockade,Will China impose a naval blockade on Taiwan before 2027?,2026-06-17T01:00:00Z,0.2826,180000,30000,2026-06-21T00:00:00Z
taiwan-blockade,Will China impose a naval blockade on Taiwan before 2027?,2026-06-17T02:00:00Z,0.2846,180000,30000,2026-06-21T00:00:00Z
taiwan-blockade,Will China impose a naval blockade on Taiwan before 2027?,2026-06-17T03:00:00Z,0.2845,180000,30000,2026-06-21T00:00:00Z
taiwan-blockade,Will China impose a naval blockade on Taiwan before 2027?,2026-06-17T04:00:00Z,0.283,180000,30000,2026-06-21T00:00:00Z
taiwan-blockade,Will China impose a naval blockade on Taiwan before 2027?,2026-06-17T05:00:00Z,0.284,180000,30000,2026-06-21T00:00:00Z
taiwan-blockade,Will China impose a naval blockade on Taiwan before 2027?,2026-06-17T06:00:00Z,0.2846,180000,30000,2026-06-21T00:00:00Z
taiwan-blockade,Will China impose a naval blockade on Taiwan before 2027?,2026-06-17T07:00:00Z,0.2829,180000,30000,2026-06-21T00:00:00Z
taiwan-blockade,Will China impose a naval blockade on Taiwan before 2027?,2026-06-17T08:00:00Z,0.2814,180000,30000,2026-06-21T00:00:00Z
taiwan-blockade,Will China impose a naval blockade on Taiwan before 2027?,2026-06-17T09:00:00Z,0.2809,180000,30000,2026-06-21T00:00:00Z
taiwan-blockade,Will China impose a naval blockade on Taiwan before 2027?,2026-06-17T10:00:00Z,0.287,180000,30000,2026-06-21T00:00:00Z
taiwan-blockade,Will China impose a naval blockade on Taiwan before 2027?,2026-06-17T11:00:00Z,0.2868,180000,30000,2026-06-21T00:00:00Z
taiwan-blockade,Will China impose a naval blockade on Taiwan before 2027?,2026-06-17T12:00:00Z,0.2846,180000,30000,2026-06-21T00:00:00Z
taiwan-blockade,Will China impose a naval blockade on Taiwan before 2027?,2026-06-17T13:00:00Z,0.2848,180000,30000,2026-06-21T00:00:00Z
taiwan-blockade,Will China impose a naval blockade on Taiwan before 2027?,2026-06-17T14:00:00Z,0.2832,180000,30000,2026-06-21T00:00:00Z
taiwan-blockade,Will China impose a naval blockade on Taiwan before 2027?,2026-06-17T15:00:00Z,0.2831,180000,30000,2026-06-21T00:00:00Z
taiwan-blockade,Will China impose a naval blockade on Taiwan before 2027?,2026-06-17T16:00:00Z,0.2823,180000,30000,2026-06-21T00:00:00Z
taiwan-blockade,Will China impose a naval blockade on Taiwan before 2027?,2026-06-17T17:00:00Z,0.2829,180000,30000,2026-06-21T00:00:00Z
taiwan-blockade,Will China impose a naval blockade on Taiwan before 2027?,2026-06-17T18:00:00Z,0.2784,180000,30000,2026-06-21T00:00:00Z
taiwan-blockade,Will China impose a naval blockade on Taiwan before 2027?,2026-06-17T19:00:00Z,0.2754,180000,30000,2026-06-21T00:00:00Z
taiwan-blockade,Will China impose a naval blockade on Taiwan before 2027?,2026-06-17T20:00:00Z,0.2724,180000,30000,2026-06-21T00:00:00Z
taiwan-blockade,Will China impose a naval blockade on Taiwan before 2027?,2026-06-17T21:00:00Z,0.2745,180000,30000,2026-06-21T00:00:00Z
taiwan-blockade,Will China impose a naval blockade on Taiwan before 2027?,2026-06-17T22:00:00Z,0.2733,180000,30000,2026-06-21T00:00:00Z
taiwan-blockade,Will China impose a naval blockade on Taiwan before 2027?,2026-06-17T23:00:00Z,0.2704,180000,30000,2026-06-21T00:00:00Z
taiwan-blockade,Will China impose a naval blockade on Taiwan before 2027?,2026-06-18T00:00:00Z,0.2651,180000,30000,2026-06-21T00:00:00Z
taiwan-blockade,Will China impose a naval blockade on Taiwan before 2027?,2026-06-18T01:00:00Z,0.2646,180000,30000,2026-06-21T00:00:00Z
taiwan-blockade,Will China impose a naval blockade on Taiwan before 2027?,2026-06-18T02:00:00Z,0.264,180000,30000,2026-06-21T00:00:00Z
taiwan-blockade,Will China impose a naval blockade on Taiwan before 2027?,2026-06-18T03:00:00Z,0.2654,180000,30000,2026-06-21T00:00:00Z
taiwan-blockade,Will China impose a naval blockade on Taiwan before 2027?,2026-06-18T04:00:00Z,0.4248,180000,30000,2026-06-21T00:00:00Z
taiwan-blockade,Will China impose a naval blockade on Taiwan before 2027?,2026-06-18T05:00:00Z,0.5853,180000,30000,2026-06-21T00:00:00Z
taiwan-blockade,Will China impose a naval blockade on Taiwan before 2027?,2026-06-18T06:00:00Z,0.5877,180000,30000,2026-06-21T00:00:00Z
taiwan-blockade,Will China impose a naval blockade on Taiwan before 2027?,2026-06-18T07:00:00Z,0.5864,180000,30000,2026-06-21T00:00:00Z
taiwan-blockade,Will China impose a naval blockade on Taiwan before 2027?,2026-06-18T08:00:00Z,0.5857,180000,30000,2026-06-21T00:00:00Z
taiwan-blockade,Will China impose a naval blockade on Taiwan before 2027?,2026-06-18T09:00:00Z,0.5816,180000,30000,2026-06-21T00:00:00Z
taiwan-blockade,Will China impose a naval blockade on Taiwan before 2027?,2026-06-18T10:00:00Z,0.583,180000,30000,2026-06-21T00:00:00Z
taiwan-blockade,Will China impose a naval blockade on Taiwan before 2027?,2026-06-18T11:00:00Z,0.5842,180000,30000,2026-06-21T00:00:00Z
taiwan-blockade,Will China impose a naval blockade on Taiwan before 2027?,2026-06-18T12:00:00Z,0.5847,180000,30000,2026-06-21T00:00:00Z
taiwan-blockade,Will China impose a naval blockade on Taiwan before 2027?,2026-06-18T13:00:00Z,0.5807,180000,30000,2026-06-21T00:00:00Z
taiwan-blockade,Will China impose a naval blockade on Taiwan before 2027?,2026-06-18T14:00:00Z,0.5849,180000,30000,2026-06-21T00:00:00Z
taiwan-blockade,Will China impose a naval blockade on Taiwan before 2027?,2026-06-18T15:00:00Z,0.5857,180000,30000,2026-06-21T00:00:00Z
taiwan-blockade,Will China impose a naval blockade on Taiwan before 2027?,2026-06-18T16:00:00Z,0.5858,180000,30000,2026-06-21T00:00:00Z
taiwan-blockade,Will China impose a naval blockade on Taiwan before 2027?,2026-06-18T17:00:00Z,0.5857,180000,30000,2026-06-21T00:00:00Z
taiwan-blockade,Will China impose a naval blockade on Taiwan before 2027?,2026-06-18T18:00:00Z,0.586,180000,30000,2026-06-21T00:00:00Z
taiwan-blockade,Will China impose a naval blockade on Taiwan before 2027?,2026-06-18T19:00:00Z,0.5876,180000,30000,2026-06-21T00:00:00Z
taiwan-blockade,Will China impose a naval blockade on Taiwan before 2027?,2026-06-18T20:00:00Z,0.5878,180000,30000,2026-06-21T00:00:00Z
taiwan-blockade,Will China impose a naval blockade on Taiwan before 2027?,2026-06-18T21:00:00Z,0.5881,180000,30000,2026-06-21T00:00:00Z
taiwan-blockade,Will China impose a naval blockade on Taiwan before 2027?,2026-06-18T22:00:00Z,0.5888,180000,30000,2026-06-21T00:00:00Z
taiwan-blockade,Will China impose a naval blockade on Taiwan before 2027?,2026-06-18T23:00:00Z,0.5851,180000,30000,2026-06-21T00:00:00Z
taiwan-blockade,Will China impose a naval blockade on Taiwan before 2027?,2026-06-19T00:00:00Z,0.5853,180000,30000,2026-06-21T00:00:00Z
taiwan-blockade,Will China impose a naval blockade on Taiwan before 2027?,2026-06-19T01:00:00Z,0.5884,180000,30000,2026-06-21T00:00:00Z
taiwan-blockade,Will China impose a naval blockade on Taiwan before 2027?,2026-06-19T02:00:00Z,0.588,180000,30000,2026-06-21T00:00:00Z
taiwan-blockade,Will China impose a naval blockade on Taiwan before 2027?,2026-06-19T03:00:00Z,0.5884,180000,30000,2026-06-21T00:00:00Z
taiwan-blockade,Will China impose a naval blockade on Taiwan before 2027?,2026-06-19T04:00:00Z,0.5889,180000,30000,2026-06-21T00:00:00Z
taiwan-blockade,Will China impose a naval blockade on Taiwan before 2027?,2026-06-19T05:00:00Z,0.5864,180000,30000,2026-06-21T00:00:00Z
taiwan-blockade,Will China impose a naval blockade on Taiwan before 2027?,2026-06-19T06:00:00Z,0.5876,180000,30000,2026-06-21T00:00:00Z
taiwan-blockade,Will China impose a naval blockade on Taiwan before 2027?,2026-06-19T07:00:00Z,0.5883,180000,30000,2026-06-21T00:00:00Z
taiwan-blockade,Will China impose a naval blockade on Taiwan before 2027?,2026-06-19T08:00:00Z,0.5917,180000,30000,2026-06-21T00:00:00Z
taiwan-blockade,Will China impose a naval blockade on Taiwan before 2027?,2026-06-19T09:00:00Z,0.5916,180000,30000,2026-06-21T00:00:00Z
taiwan-blockade,Will China impose a naval blockade on Taiwan before 2027?,2026-06-19T10:00:00Z,0.5953,180000,30000,2026-06-21T00:00:00Z
taiwan-blockade,Will China impose a naval blockade on Taiwan before 2027?,2026-06-19T11:00:00Z,0.5934,180000,30000,2026-06-21T00:00:00Z
taiwan-blockade,Will China impose a naval blockade on Taiwan before 2027?,2026-06-19T12:00:00Z,0.5945,180000,30000,2026-06-21T00:00:00Z
taiwan-blockade,Will China impose a naval blockade on Taiwan before 2027?,2026-06-19T13:00:00Z,0.5917,180000,30000,2026-06-21T00:00:00Z
taiwan-blockade,Will China impose a naval blockade on Taiwan before 2027?,2026-06-19T14:00:00Z,0.5916,180000,30000,2026-06-21T00:00:00Z
taiwan-blockade,Will China impose a naval blockade on Taiwan before 2027?,2026-06-19T15:00:00Z,0.5926,180000,30000,2026-06-21T00:00:00Z
taiwan-blockade,Will China impose a naval blockade on Taiwan before 2027?,2026-06-19T16:00:00Z,0.5937,180000,30000,2026-06-21T00:00:00Z
taiwan-blockade,Will China impose a naval blockade on Taiwan before 2027?,2026-06-19T17:00:00Z,0.5943,180000,30000,2026-06-21T00:00:00Z
taiwan-blockade,Will China impose a naval blockade on Taiwan before 2027?,2026-06-19T18:00:00Z,0.5942,180000,30000,2026-06-21T00:00:00Z
taiwan-blockade,Will China impose a naval blockade on Taiwan before 2027?,2026-06-19T19:00:00Z,0.5963,180000,30000,2026-06-21T00:00:00Z
taiwan-blockade,Will China impose a naval blockade on Taiwan before 2027?,2026-06-19T20:00:00Z,0.5952,180000,30000,2026-06-21T00:00:00Z
taiwan-blockade,Will China impose a naval blockade on Taiwan before 2027?,2026-06-19T21:00:00Z,0.5955,180000,30000,2026-06-21T00:00:00Z
taiwan-blockade,Will China impose a naval blockade on Taiwan before 2027?,2026-06-19T22:00:00Z,0.5945,180000,30000,2026-06-21T00:00:00Z
taiwan-blockade,Will China impose a naval blockade on Taiwan before 2027?,2026-06-19T23:00:00Z,0.5951,180000,30000,2026-06-21T00:00:00Z
taiwan-blockade,Will China impose a naval blockade on Taiwan before 2027?,2026-06-20T00:00:00Z,0.5934,180000,30000,2026-06-21T00:00:00Z
sanc-russia-q3,Will the EU impose new sanctions on Russia by Q3 2026?,2026-06-06T00:00:00Z,0.3019,130000,25000,2026-06-21T00:00:00Z
sanc-russia-q3,Will the EU impose new sanctions on Russia by Q3 2026?,2026-06-06T01:00:00Z,0.297,130000,25000,2026-06-21T00:00:00Z
sanc-russia-q3,Will the EU impose new sanctions on Russia by Q3 2026?,2026-06-06T02:00:00Z,0.2947,130000,25000,2026-06-21T00:00:00Z
sanc-russia-q3,Will the EU impose new sanctions on Russia by Q3 2026?,2026-06-06T03:00:00Z,0.298,130000,25000,2026-06-21T00:00:00Z
sanc-russia-q3,Will the EU impose new sanctions on Russia by Q3 2026?,2026-06-06T04:00:00Z,0.3001,130000,25000,2026-06-21T00:00:00Z
sanc-russia-q3,Will the EU impose new sanctions on Russia by Q3 2026?,2026-06-06T05:00:00Z,0.3117,130000,25000,2026-06-21T00:00:00Z
sanc-russia-q3,Will the EU impose new sanctions on Russia by Q3 2026?,2026-06-06T06:00:00Z,0.3044,130000,25000,2026-06-21T00:00:00Z
sanc-russia-q3,Will the EU impose new sanctions on Russia by Q3 2026?,2026-06-06T07:00:00Z,0.2923,130000,25000,2026-06-21T00:00:00Z
sanc-russia-q3,Will the EU impose new sanctions on Russia by Q3 2026?,2026-06-06T08:00:00Z,0.2886,130000,25000,2026-06-21T00:00:00Z
sanc-russia-q3,Will the EU impose new sanctions on Russia by Q3 2026?,2026-06-06T09:00:00Z,0.2835,130000,25000,2026-06-21T00:00:00Z
sanc-russia-q3,Will the EU impose new sanctions on Russia by Q3 2026?,2026-06-06T10:00:00Z,0.2911,130000,25000,2026-06-21T00:00:00Z
sanc-russia-q3,Will the EU impose new sanctions on Russia by Q3 2026?,2026-06-06T11:00:00Z,0.2948,130000,25000,2026-06-21T00:00:00Z
sanc-russia-q3,Will the EU impose new sanctions on Russia by Q3 2026?,2026-06-06T12:00:00Z,0.2997,130000,25000,2026-06-21T00:00:00Z
sanc-russia-q3,Will the EU impose new sanctions on Russia by Q3 2026?,2026-06-06T13:00:00Z,0.3046,130000,25000,2026-06-21T00:00:00Z
sanc-russia-q3,Will the EU impose new sanctions on Russia by Q3 2026?,2026-06-06T14:00:00Z,0.3057,130000,25000,2026-06-21T00:00:00Z
sanc-russia-q3,Will the EU impose new sanctions on Russia by Q3 2026?,2026-06-06T15:00:00Z,0.3049,130000,25000,2026-06-21T00:00:00Z
sanc-russia-q3,Will the EU impose new sanctions on Russia by Q3 2026?,2026-06-06T16:00:00Z,0.2974,130000,25000,2026-06-21T00:00:00Z
sanc-russia-q3,Will the EU impose new sanctions on Russia by Q3 2026?,2026-06-06T17:00:00Z,0.3019,130000,25000,2026-06-21T00:00:00Z
sanc-russia-q3,Will the EU impose new sanctions on Russia by Q3 2026?,2026-06-06T18:00:00Z,0.2982,130000,25000,2026-06-21T00:00:00Z
sanc-russia-q3,Will the EU impose new sanctions on Russia by Q3 2026?,2026-06-06T19:00:00Z,0.2938,130000,25000,2026-06-21T00:00:00Z
sanc-russia-q3,Will the EU impose new sanctions on Russia by Q3 2026?,2026-06-06T20:00:00Z,0.3007,130000,25000,2026-06-21T00:00:00Z
sanc-russia-q3,Will the EU impose new sanctions on Russia by Q3 2026?,2026-06-06T21:00:00Z,0.2967,130000,25000,2026-06-21T00:00:00Z
sanc-russia-q3,Will the EU impose new sanctions on Russia by Q3 2026?,2026-06-06T22:00:00Z,0.2954,130000,25000,2026-06-21T00:00:00Z
sanc-russia-q3,Will the EU impose new sanctions on Russia by Q3 2026?,2026-06-06T23:00:00Z,0.3022,130000,25000,2026-06-21T00:00:00Z
sanc-russia-q3,Will the EU impose new sanctions on Russia by Q3 2026?,2026-06-07T00:00:00Z,0.304,130000,25000,2026-06-21T00:00:00Z
sanc-russia-q3,Will the EU impose new sanctions on Russia by Q3 2026?,2026-06-07T01:00:00Z,0.297,130000,25000,2026-06-21T00:00:00Z
sanc-russia-q3,Will the EU impose new sanctions on Russia by Q3 2026?,2026-06-07T02:00:00Z,0.307,130000,25000,2026-06-21T00:00:00Z
sanc-russia-q3,Will the EU impose new sanctions on Russia by Q3 2026?,2026-06-07T03:00:00Z,0.3066,130000,25000,2026-06-21T00:00:00Z
sanc-russia-q3,Will the EU impose new sanctions on Russia by Q3 2026?,2026-06-07T04:00:00Z,0.3136,130000,25000,2026-06-21T00:00:00Z
sanc-russia-q3,Will the EU impose new sanctions on Russia by Q3 2026?,2026-06-07T05:00:00Z,0.3104,130000,25000,2026-06-21T00:00:00Z
sanc-russia-q3,Will the EU impose new sanctions on Russia by Q3 2026?,2026-06-07T06:00:00Z,0.316,130000,25000,2026-06-21T00:00:00Z
sanc-russia-q3,Will the EU impose new sanctions on Russia by Q3 2026?,2026-06-07T07:00:00Z,0.3153,130000,25000,2026-06-21T00:00:00Z
sanc-russia-q3,Will the EU impose new sanctions on Russia by Q3 2026?,2026-06-07T08:00:00Z,0.3133,130000,25000,2026-06-21T00:00:00Z
sanc-russia-q3,Will the EU impose new sanctions on Russia by Q3 2026?,2026-06-07T09:00:00Z,0.3041,130000,25000,2026-06-21T00:00:00Z
sanc-russia-q3,Will the EU impose new sanctions on Russia by Q3 2026?,2026-06-07T10:00:00Z,0.299,130000,25000,2026-06-21T00:00:00Z
sanc-russia-q3,Will the EU impose new sanctions on Russia by Q3 2026?,2026-06-07T11:00:00Z,0.3074,130000,25000,2026-06-21T00:00:00Z
sanc-russia-q3,Will the EU impose new sanctions on Russia by Q3 2026?,2026-06-07T12:00:00Z,0.3073,130000,25000,2026-06-21T00:00:00Z
sanc-russia-q3,Will the EU impose new sanctions on Russia by Q3 2026?,2026-06-07T13:00:00Z,0.2897,130000,25000,2026-06-21T00:00:00Z
sanc-russia-q3,Will the EU impose new sanctions on Russia by Q3 2026?,2026-06-07T14:00:00Z,0.2977,130000,25000,2026-06-21T00:00:00Z
sanc-russia-q3,Will the EU impose new sanctions on Russia by Q3 2026?,2026-06-07T15:00:00Z,0.3034,130000,25000,2026-06-21T00:00:00Z
sanc-russia-q3,Will the EU impose new sanctions on Russia by Q3 2026?,2026-06-07T16:00:00Z,0.2946,130000,25000,2026-06-21T00:00:00Z
sanc-russia-q3,Will the EU impose new sanctions on Russia by Q3 2026?,2026-06-07T17:00:00Z,0.2996,130000,25000,2026-06-21T00:00:00Z
sanc-russia-q3,Will the EU impose new sanctions on Russia by Q3 2026?,2026-06-07T18:00:00Z,0.288,130000,25000,2026-06-21T00:00:00Z
sanc-russia-q3,Will the EU impose new sanctions on Russia by Q3 2026?,2026-06-07T19:00:00Z,0.2883,130000,25000,2026-06-21T00:00:00Z
sanc-russia-q3,Will the EU impose new sanctions on Russia by Q3 2026?,2026-06-07T20:00:00Z,0.2899,130000,25000,2026-06-21T00:00:00Z
sanc-russia-q3,Will the EU impose new sanctions on Russia by Q3 2026?,2026-06-07T21:00:00Z,0.2908,130000,25000,2026-06-21T00:00:00Z
sanc-russia-q3,Will the EU impose new sanctions on Russia by Q3 2026?,2026-06-07T22:00:00Z,0.2945,130000,25000,2026-06-21T00:00:00Z
sanc-russia-q3,Will the EU impose new sanctions on Russia by Q3 2026?,2026-06-07T23:00:00Z,0.3003,130000,25000,2026-06-21T00:00:00Z
sanc-russia-q3,Will the EU impose new sanctions on Russia by Q3 2026?,2026-06-08T00:00:00Z,0.303,130000,25000,2026-06-21T00:00:00Z
sanc-russia-q3,Will the EU impose new sanctions on Russia by Q3 2026?,2026-06-08T01:00:00Z,0.3057,130000,25000,2026-06-21T00:00:00Z
sanc-russia-q3,Will the EU impose new sanctions on Russia by Q3 2026?,2026-06-08T02:00:00Z,0.3053,130000,25000,2026-06-21T00:00:00Z
sanc-russia-q3,Will the EU impose new sanctions on Russia by Q3 2026?,2026-06-08T03:00:00Z,0.3081,130000,25000,2026-06-21T00:00:00Z
sanc-russia-q3,Will the EU impose new sanctions on Russia by Q3 2026?,2026-06-08T04:00:00Z,0.3008,130000,25000,2026-06-21T00:00:00Z
sanc-russia-q3,Will the EU impose new sanctions on Russia by Q3 2026?,2026-06-08T05:00:00Z,0.3008,130000,25000,2026-06-21T00:00:00Z
sanc-russia-q3,Will the EU impose new sanctions on Russia by Q3 2026?,2026-06-08T06:00:00Z,0.3003,130000,25000,2026-06-21T00:00:00Z
sanc-russia-q3,Will the EU impose new sanctions on Russia by Q3 2026?,2026-06-08T07:00:00Z,0.2992,130000,25000,2026-06-21T00:00:00Z
sanc-russia-q3,Will the EU impose new sanctions on Russia by Q3 2026?,2026-06-08T08:00:00Z,0.2937,130000,25000,2026-06-21T00:00:00Z
sanc-russia-q3,Will the EU impose new sanctions on Russia by Q3 2026?,2026-06-08T09:00:00Z,0.2946,130000,25000,2026-06-21T00:00:00Z
sanc-russia-q3,Will the EU impose new sanctions on Russia by Q3 2026?,2026-06-08T10:00:00Z,0.2924,130000,25000,2026-06-21T00:00:00Z
sanc-russia-q3,Will the EU impose new sanctions on Russia by Q3 2026?,2026-06-08T11:00:00Z,0.2921,130000,25000,2026-06-21T00:00:00Z
sanc-russia-q3,Will the EU impose new sanctions on Russia by Q3 2026?,2026-06-08T12:00:00Z,0.2991,130000,25000,2026-06-21T00:00:00Z
sanc-russia-q3,Will the EU impose new sanctions on Russia by Q3 2026?,2026-06-08T13:00:00Z,0.3014,130000,25000,2026-06-21T00:00:00Z
sanc-russia-q3,Will the EU impose new sanctions on Russia by Q3 2026?,2026-06-08T14:00:00Z,0.3045,130000,25000,2026-06-21T00:00:00Z
sanc-russia-q3,Will the EU impose new sanctions on Russia by Q3 2026?,2026-06-08T15:00:00Z,0.3116,130000,25000,2026-06-21T00:00:00Z
sanc-russia-q3,Will the EU impose new sanctions on Russia by Q3 2026?,2026-06-08T16:00:00Z,0.3141,130000,25000,2026-06-21T00:00:00Z
sanc-russia-q3,Will the EU impose new sanctions on Russia by Q3 2026?,2026-06-08T17:00:00Z,0.3161,130000,25000,2026-06-21T00:00:00Z
sanc-russia-q3,Will the EU impose new sanctions on Russia by Q3 2026?,2026-06-08T18:00:00Z,0.325,130000,25000,2026-06-21T00:00:00Z
sanc-russia-q3,Will the EU impose new sanctions on Russia by Q3 2026?,2026-06-08T19:00:00Z,0.3275,130000,25000,2026-06-21T00:00:00Z
sanc-russia-q3,Will the EU impose new sanctions on Russia by Q3 2026?,2026-06-08T20:00:00Z,0.3192,130000,25000,2026-06-21T00:00:00Z
sanc-russia-q3,Will the EU impose new sanctions on Russia by Q3 2026?,2026-06-08T21:00:00Z,0.3233,130000,25000,2026-06-21T00:00:00Z
sanc-russia-q3,Will the EU impose new sanctions on Russia by Q3 2026?,2026-06-08T22:00:00Z,0.3325,130000,25000,2026-06-21T00:00:00Z
sanc-russia-q3,Will the EU impose new sanctions on Russia by Q3 2026?,2026-06-08T23:00:00Z,0.3299,130000,25000,2026-06-21T00:00:00Z
sanc-russia-q3,Will the EU impose new sanctions on Russia by Q3 2026?,2026-06-09T00:00:00Z,0.3323,130000,25000,2026-06-21T00:00:00Z
sanc-russia-q3,Will the EU impose new sanctions on Russia by Q3 2026?,2026-06-09T01:00:00Z,0.3434,130000,25000,2026-06-21T00:00:00Z
sanc-russia-q3,Will the EU impose new sanctions on Russia by Q3 2026?,2026-06-09T02:00:00Z,0.3427,130000,25000,2026-06-21T00:00:00Z
sanc-russia-q3,Will the EU impose new sanctions on Russia by Q3 2026?,2026-06-09T03:00:00Z,0.3474,130000,25000,2026-06-21T00:00:00Z
sanc-russia-q3,Will the EU impose new sanctions on Russia by Q3 2026?,2026-06-09T04:00:00Z,0.3496,130000,25000,2026-06-21T00:00:00Z
sanc-russia-q3,Will the EU impose new sanctions on Russia by Q3 2026?,2026-06-09T05:00:00Z,0.3576,130000,25000,2026-06-21T00:00:00Z
sanc-russia-q3,Will the EU impose new sanctions on Russia by Q3 2026?,2026-06-09T06:00:00Z,0.3643,130000,25000,2026-06-21T00:00:00Z
sanc-russia-q3,Will the EU impose new sanctions on Russia by Q3 2026?,2026-06-09T07:00:00Z,0.3702,130000,25000,2026-06-21T00:00:00Z
sanc-russia-q3,Will the EU impose new sanctions on Russia by Q3 2026?,2026-06-09T08:00:00Z,0.3649,130000,25000,2026-06-21T00:00:00Z
sanc-russia-q3,Will the EU impose new sanctions on Russia by Q3 2026?,2026-06-09T09:00:00Z,0.3701,130000,25000,2026-06-21T00:00:00Z
sanc-russia-q3,Will the EU impose new sanctions on Russia by Q3 2026?,2026-06-09T10:00:00Z,0.3666,130000,25000,2026-06-21T00:00:00Z
sanc-russia-q3,Will the EU impose new sanctions on Russia by Q3 2026?,2026-06-09T11:00:00Z,0.3704,130000,25000,2026-06-21T00:00:00Z
sanc-russia-q3,Will the EU impose new sanctions on Russia by Q3 2026?,2026-06-09T12:00:00Z,0.3694,130000,25000,2026-06-21T00:00:00Z
sanc-russia-q3,Will the EU impose new sanctions on Russia by Q3 2026?,2026-06-09T13:00:00Z,0.3687,130000,25000,2026-06-21T00:00:00Z
sanc-russia-q3,Will the EU impose new sanctions on Russia by Q3 2026?,2026-06-09T14:00:00Z,0.3734,130000,25000,2026-06-21T00:00:00Z
sanc-russia-q3,Will the EU impose new sanctions on Russia by Q3 2026?,2026-06-09T15:00:00Z,0.363,130000,25000,2026-06-21T00:00:00Z
sanc-russia-q3,Will the EU impose new sanctions on Russia by Q3 2026?,2026-06-09T16:00:00Z,0.3556,130000,25000,2026-06-21T00:00:00Z
sanc-russia-q3,Will the EU impose new sanctions on Russia by Q3 2026?,2026-06-09T17:00:00Z,0.3636,130000,25000,2026-06-21T00:00:00Z
sanc-russia-q3,Will the EU impose new sanctions on Russia by Q3 2026?,2026-06-09T18:00:00Z,0.3544,130000,25000,2026-06-21T00:00:00Z
sanc-russia-q3,Will the EU impose new sanctions on Russia by Q3 2026?,2026-06-09T19:00:00Z,0.3544,130000,25000,2026-06-21T00:00:00Z
sanc-russia-q3,Will the EU impose new sanctions on Russia by Q3 2026?,2026-06-09T20:00:00Z,0.3584,130000,25000,2026-06-21T00:00:00Z
sanc-russia-q3,Will the EU impose new sanctions on Russia by Q3 2026?,2026-06-09T21:00:00Z,0.3629,130000,25000,2026-06-21T00:00:00Z
sanc-russia-q3,Will the EU impose new sanctions on Russia by Q3 2026?,2026-06-09T22:00:00Z,0.3643,130000,25000,2026-06-21T00:00:00Z
sanc-russia-q3,Will the EU impose new sanctions on Russia by Q3 2026?,2026-06-09T23:00:00Z,0.3572,130000,25000,2026-06-21T00:00:00Z
sanc-russia-q3,Will the EU impose new sanctions on Russia by Q3 2026?,2026-06-10T00:00:00Z,0.3628,130000,25000,2026-06-21T00:00:00Z
sanc-russia-q3,Will the EU impose new sanctions on Russia by Q3 2026?,2026-06-10T01:00:00Z,0.3685,130000,25000,2026-06-21T00:00:00Z
sanc-russia-q3,Will the EU impose new sanctions on Russia by Q3 2026?,2026-06-10T02:00:00Z,0.3568,130000,25000,2026-06-21T00:00:00Z
sanc-russia-q3,Will the EU impose new sanctions on Russia by Q3 2026?,2026-06-10T03:00:00Z,0.3628,130000,25000,2026-06-21T00:00:00Z
sanc-russia-q3,Will the EU impose new sanctions on Russia by Q3 2026?,2026-06-10T04:00:00Z,0.3673,130000,25000,2026-06-21T00:00:00Z
sanc-russia-q3,Will the EU impose new sanctions on Russia by Q3 2026?,2026-06-10T05:00:00Z,0.3661,130000,25000,2026-06-21T00:00:00Z
sanc-russia-q3,Will the EU impose new sanctions on Russia by Q3 2026?,2026-06-10T06:00:00Z,0.362,130000,25000,2026-06-21T00:00:00Z
sanc-russia-q3,Will the EU impose new sanctions on Russia by Q3 2026?,2026-06-10T07:00:00Z,0.3606,130000,25000,2026-06-21T00:00:00Z
sanc-russia-q3,Will the EU impose new sanctions on Russia by Q3 2026?,2026-06-10T08:00:00Z,0.3569,130000,25000,2026-06-21T00:00:00Z
sanc-russia-q3,Will the EU impose new sanctions on Russia by Q3 2026?,2026-06-10T09:00:00Z,0.3518,130000,25000,2026-06-21T00:00:00Z
sanc-russia-q3,Will the EU impose new sanctions on Russia by Q3 2026?,2026-06-10T10:00:00Z,0.3614,130000,25000,2026-06-21T00:00:00Z
sanc-russia-q3,Will the EU impose new sanctions on Russia by Q3 2026?,2026-06-10T11:00:00Z,0.3653,130000,25000,2026-06-21T00:00:00Z
sanc-russia-q3,Will the EU impose new sanctions on Russia by Q3 2026?,2026-06-10T12:00:00Z,0.3753,130000,25000,2026-06-21T00:00:00Z
sanc-russia-q3,Will the EU impose new sanctions on Russia by Q3 2026?,2026-06-10T13:00:00Z,0.3807,130000,25000,2026-06-21T00:00:00Z
sanc-russia-q3,Will the EU impose new sanctions on Russia by Q3 2026?,2026-06-10T14:00:00Z,0.3764,130000,25000,2026-06-21T00:00:00Z
sanc-russia-q3,Will the EU impose new sanctions on Russia by Q3 2026?,2026-06-10T15:00:00Z,0.3789,130000,25000,2026-06-21T00:00:00Z
sanc-russia-q3,Will the EU impose new sanctions on Russia by Q3 2026?,2026-06-10T16:00:00Z,0.3763,130000,25000,2026-06-21T00:00:00Z
sanc-russia-q3,Will the EU impose new sanctions on Russia by Q3 2026?,2026-06-10T17:00:00Z,0.3724,130000,25000,2026-06-21T00:00:00Z
sanc-russia-q3,Will the EU impose new sanctions on Russia by Q3 2026?,2026-06-10T18:00:00Z,0.373,130000,25000,2026-06-21T00:00:00Z
sanc-russia-q3,Will the EU impose new sanctions on Russia by Q3 2026?,2026-06-10T19:00:00Z,0.3712,130000,25000,2026-06-21T00:00:00Z
sanc-russia-q3,Will the EU impose new sanctions on Russia by Q3 2026?,2026-06-10T20:00:00Z,0.3776,130000,25000,2026-06-21T00:00:00Z
sanc-russia-q3,Will the EU impose new sanctions on Russia by Q3 2026?,2026-06-10T21:00:00Z,0.3782,130000,25000,2026-06-21T00:00:00Z
sanc-russia-q3,Will the EU impose new sanctions on Russia by Q3 2026?,2026-06-10T22:00:00Z,0.3706,130000,25000,2026-06-21T00:00:00Z
sanc-russia-q3,Will the EU impose new sanctions on Russia by Q3 2026?,2026-06-10T23:00:00Z,0.3702,130000,25000,2026-06-21T00:00:00Z
sanc-russia-q3,Will the EU impose new sanctions on Russia by Q3 2026?,2026-06-11T00:00:00Z,0.3551,130000,25000,2026-06-21T00:00:00Z
sanc-russia-q3,Will the EU impose new sanctions on Russia by Q3 2026?,2026-06-11T01:00:00Z,0.3531,130000,25000,2026-06-21T00:00:00Z
sanc-russia-q3,Will the EU impose new sanctions on Russia by Q3 2026?,2026-06-11T02:00:00Z,0.3527,130000,25000,2026-06-21T00:00:00Z
sanc-russia-q3,Will the EU impose new sanctions on Russia by Q3 2026?,2026-06-11T03:00:00Z,0.357,130000,25000,2026-06-21T00:00:00Z
sanc-russia-q3,Will the EU impose new sanctions on Russia by Q3 2026?,2026-06-11T04:00:00Z,0.3509,130000,25000,2026-06-21T00:00:00Z
sanc-russia-q3,Will the EU impose new sanctions on Russia by Q3 2026?,2026-06-11T05:00:00Z,0.3538,130000,25000,2026-06-21T00:00:00Z
sanc-russia-q3,Will the EU impose new sanctions on Russia by Q3 2026?,2026-06-11T06:00:00Z,0.3553,130000,25000,2026-06-21T00:00:00Z
sanc-russia-q3,Will the EU impose new sanctions on Russia by Q3 2026?,2026-06-11T07:00:00Z,0.3604,130000,25000,2026-06-21T00:00:00Z
sanc-russia-q3,Will the EU impose new sanctions on Russia by Q3 2026?,2026-06-11T08:00:00Z,0.3684,130000,25000,2026-06-21T00:00:00Z
sanc-russia-q3,Will the EU impose new sanctions on Russia by Q3 2026?,2026-06-11T09:00:00Z,0.3657,130000,25000,2026-06-21T00:00:00Z
sanc-russia-q3,Will the EU impose new sanctions on Russia by Q3 2026?,2026-06-11T10:00:00Z,0.3735,130000,25000,2026-06-21T00:00:00Z
sanc-russia-q3,Will the EU impose new sanctions on Russia by Q3 2026?,2026-06-11T11:00:00Z,0.3672,130000,25000,2026-06-21T00:00:00Z
sanc-russia-q3,Will the EU impose new sanctions on Russia by Q3 2026?,2026-06-11T12:00:00Z,0.3693,130000,25000,2026-06-21T00:00:00Z
sanc-russia-q3,Will the EU impose new sanctions on Russia by Q3 2026?,2026-06-11T13:00:00Z,0.3756,130000,25000,2026-06-21T00:00:00Z
sanc-russia-q3,Will the EU impose new sanctions on Russia by Q3 2026?,2026-06-11T14:00:00Z,0.3857,130000,25000,2026-06-21T00:00:00Z
sanc-russia-q3,Will the EU impose new sanctions on Russia by Q3 2026?,2026-06-11T15:00:00Z,0.3787,130000,25000,2026-06-21T00:00:00Z
sanc-russia-q3,Will the EU impose new sanctions on Russia by Q3 2026?,2026-06-11T16:00:00Z,0.3774,130000,25000,2026-06-21T00:00:00Z
sanc-russia-q3,Will the EU impose new sanctions on Russia by Q3 2026?,2026-06-11T17:00:00Z,0.3769,130000,25000,2026-06-21T00:00:00Z
sanc-russia-q3,Will the EU impose new sanctions on Russia by Q3 2026?,2026-06-11T18:00:00Z,0.3752,130000,25000,2026-06-21T00:00:00Z
sanc-russia-q3,Will the EU impose new sanctions on Russia by Q3 2026?,2026-06-11T19:00:00Z,0.3686,130000,25000,2026-06-21T00:00:00Z
sanc-russia-q3,Will the EU impose new sanctions on Russia by Q3 2026?,2026-06-11T20:00:00Z,0.3722,130000,25000,2026-06-21T00:00:00Z
sanc-russia-q3,Will the EU impose new sanctions on Russia by Q3 2026?,2026-06-11T21:00:00Z,0.3742,130000,25000,2026-06-21T00:00:00Z
sanc-russia-q3,Will the EU impose new sanctions on Russia by Q3 2026?,2026-06-11T22:00:00Z,0.3722,130000,25000,2026-06-21T00:00:00Z
sanc-russia-q3,Will the EU impose new sanctions on Russia by Q3 2026?,2026-06-11T23:00:00Z,0.3675,130000,25000,2026-06-21T00:00:00Z
sanc-russia-q3,Will the EU impose new sanctions on Russia by Q3 2026?,2026-06-12T00:00:00Z,0.3627,130000,25000,2026-06-21T00:00:00Z
sanc-russia-q3,Will the EU impose new sanctions on Russia by Q3 2026?,2026-06-12T01:00:00Z,0.3706,130000,25000,2026-06-21T00:00:00Z
sanc-russia-q3,Will the EU impose new sanctions on Russia by Q3 2026?,2026-06-12T02:00:00Z,0.3614,130000,25000,2026-06-21T00:00:00Z
sanc-russia-q3,Will the EU impose new sanctions on Russia by Q3 2026?,2026-06-12T03:00:00Z,0.3534,130000,25000,2026-06-21T00:00:00Z
sanc-russia-q3,Will the EU impose new sanctions on Russia by Q3 2026?,2026-06-12T04:00:00Z,0.3528,130000,25000,2026-06-21T00:00:00Z
sanc-russia-q3,Will the EU impose new sanctions on Russia by Q3 2026?,2026-06-12T05:00:00Z,0.3558,130000,25000,2026-06-21T00:00:00Z
sanc-russia-q3,Will the EU impose new sanctions on Russia by Q3 2026?,2026-06-12T06:00:00Z,0.3603,130000,25000,2026-06-21T00:00:00Z
sanc-russia-q3,Will the EU impose new sanctions on Russia by Q3 2026?,2026-06-12T07:00:00Z,0.3682,130000,25000,2026-06-21T00:00:00Z
sanc-russia-q3,Will the EU impose new sanctions on Russia by Q3 2026?,2026-06-12T08:00:00Z,0.3675,130000,25000,2026-06-21T00:00:00Z
sanc-russia-q3,Will the EU impose new sanctions on Russia by Q3 2026?,2026-06-12T09:00:00Z,0.3632,130000,25000,2026-06-21T00:00:00Z
sanc-russia-q3,Will the EU impose new sanctions on Russia by Q3 2026?,2026-06-12T10:00:00Z,0.4139,130000,25000,2026-06-21T00:00:00Z
sanc-russia-q3,Will the EU impose new sanctions on Russia by Q3 2026?,2026-06-12T11:00:00Z,0.4553,130000,25000,2026-06-21T00:00:00Z
sanc-russia-q3,Will the EU impose new sanctions on Russia by Q3 2026?,2026-06-12T12:00:00Z,0.5146,130000,25000,2026-06-21T00:00:00Z
sanc-russia-q3,Will the EU impose new sanctions on Russia by Q3 2026?,2026-06-12T13:00:00Z,0.5648,130000,25000,2026-06-21T00:00:00Z
sanc-russia-q3,Will the EU impose new sanctions on Russia by Q3 2026?,2026-06-12T14:00:00Z,0.5646,130000,25000,2026-06-21T00:00:00Z
sanc-russia-q3,Will the EU impose new sanctions on Russia by Q3 2026?,2026-06-12T15:00:00Z,0.5514,130000,25000,2026-06-21T00:00:00Z
sanc-russia-q3,Will the EU impose new sanctions on Russia by Q3 2026?,2026-06-12T16:00:00Z,0.5554,130000,25000,2026-06-21T00:00:00Z
sanc-russia-q3,Will the EU impose new sanctions on Russia by Q3 2026?,2026-06-12T17:00:00Z,0.5586,130000,25000,2026-06-21T00:00:00Z
sanc-russia-q3,Will the EU impose new sanctions on Russia by Q3 2026?,2026-06-12T18:00:00Z,0.5581,130000,25000,2026-06-21T00:00:00Z
sanc-russia-q3,Will the EU impose new sanctions on Russia by Q3 2026?,2026-06-12T19:00:00Z,0.5601,130000,25000,2026-06-21T00:00:00Z
sanc-russia-q3,Will the EU impose new sanctions on Russia by Q3 2026?,2026-06-12T20:00:00Z,0.559,130000,25000,2026-06-21T00:00:00Z
sanc-russia-q3,Will the EU impose new sanctions on Russia by Q3 2026?,2026-06-12T21:00:00Z,0.5601,130000,25000,2026-06-21T00:00:00Z
sanc-russia-q3,Will the EU impose new sanctions on Russia by Q3 2026?,2026-06-12T22:00:00Z,0.5566,130000,25000,2026-06-21T00:00:00Z
sanc-russia-q3,Will the EU impose new sanctions on Russia by Q3 2026?,2026-06-12T23:00:00Z,0.5558,130000,25000,2026-06-21T00:00:00Z
sanc-russia-q3,Will the EU impose new sanctions on Russia by Q3 2026?,2026-06-13T00:00:00Z,0.5539,130000,25000,2026-06-21T00:00:00Z
sanc-russia-q3,Will the EU impose new sanctions on Russia by Q3 2026?,2026-06-13T01:00:00Z,0.555,130000,25000,2026-06-21T00:00:00Z
sanc-russia-q3,Will the EU impose new sanctions on Russia by Q3 2026?,2026-06-13T02:00:00Z,0.5582,130000,25000,2026-06-21T00:00:00Z
sanc-russia-q3,Will the EU impose new sanctions on Russia by Q3 2026?,2026-06-13T03:00:00Z,0.5538,130000,25000,2026-06-21T00:00:00Z
sanc-russia-q3,Will the EU impose new sanctions on Russia by Q3 2026?,2026-06-13T04:00:00Z,0.5546,130000,25000,2026-06-21T00:00:00Z
sanc-russia-q3,Will the EU impose new sanctions on Russia by Q3 2026?,2026-06-13T05:00:00Z,0.5479,130000,25000,2026-06-21T00:00:00Z
sanc-russia-q3,Will the EU impose new sanctions on Russia by Q3 2026?,2026-06-13T06:00:00Z,0.5459,130000,25000,2026-06-21T00:00:00Z
sanc-russia-q3,Will the EU impose new sanctions on Russia by Q3 2026?,2026-06-13T07:00:00Z,0.5473,130000,25000,2026-06-21T00:00:00Z
sanc-russia-q3,Will the EU impose new sanctions on Russia by Q3 2026?,2026-06-13T08:00:00Z,0.5479,130000,25000,2026-06-21T00:00:00Z
sanc-russia-q3,Will the EU impose new sanctions on Russia by Q3 2026?,2026-06-13T09:00:00Z,0.5526,130000,25000,2026-06-21T00:00:00Z
sanc-russia-q3,Will the EU impose new sanctions on Russia by Q3 2026?,2026-06-13T10:00:00Z,0.5537,130000,25000,2026-06-21T00:00:00Z
sanc-russia-q3,Will the EU impose new sanctions on Russia by Q3 2026?,2026-06-13T11:00:00Z,0.56,130000,25000,2026-06-21T00:00:00Z
sanc-russia-q3,Will the EU impose new sanctions on Russia by Q3 2026?,2026-06-13T12:00:00Z,0.5645,130000,25000,2026-06-21T00:00:00Z
sanc-russia-q3,Will the EU impose new sanctions on Russia by Q3 2026?,2026-06-13T13:00:00Z,0.5666,130000,25000,2026-06-21T00:00:00Z
sanc-russia-q3,Will the EU impose new sanctions on Russia by Q3 2026?,2026-06-13T14:00:00Z,0.5623,130000,25000,2026-06-21T00:00:00Z
sanc-russia-q3,Will the EU impose new sanctions on Russia by Q3 2026?,2026-06-13T15:00:00Z,0.5636,130000,25000,2026-06-21T00:00:00Z
sanc-russia-q3,Will the EU impose new sanctions on Russia by Q3 2026?,2026-06-13T16:00:00Z,0.5618,130000,25000,2026-06-21T00:00:00Z
sanc-russia-q3,Will the EU impose new sanctions on Russia by Q3 2026?,2026-06-13T17:00:00Z,0.5648,130000,25000,2026-06-21T00:00:00Z
sanc-russia-q3,Will the EU impose new sanctions on Russia by Q3 2026?,2026-06-13T18:00:00Z,0.5622,130000,25000,2026-06-21T00:00:00Z
sanc-russia-q3,Will the EU impose new sanctions on Russia by Q3 2026?,2026-06-13T19:00:00Z,0.5614,130000,25000,2026-06-21T00:00:00Z
sanc-russia-q3,Will the EU impose new sanctions on Russia by Q3 2026?,2026-06-13T20:00:00Z,0.5719,130000,25000,2026-06-21T00:00:00Z
sanc-russia-q3,Will the EU impose new sanctions on Russia by Q3 2026?,2026-06-13T21:00:00Z,0.5716,130000,25000,2026-06-21T00:00:00Z
sanc-russia-q3,Will the EU impose new sanctions on Russia by Q3 2026?,2026-06-13T22:00:00Z,0.5739,130000,25000,2026-06-21T00:00:00Z
sanc-russia-q3,Will the EU impose new sanctions on Russia by Q3 2026?,2026-06-13T23:00:00Z,0.5815,130000,25000,2026-06-21T00:00:00Z
sanc-russia-q3,Will the EU impose new sanctions on Russia by Q3 2026?,2026-06-14T00:00:00Z,0.5839,130000,25000,2026-06-21T00:00:00Z
sanc-russia-q3,Will the EU impose new sanctions on Russia by Q3 2026?,2026-06-14T01:00:00Z,0.5861,130000,25000,2026-06-21T00:00:00Z
sanc-russia-q3,Will the EU impose new sanctions on Russia by Q3 2026?,2026-06-14T02:00:00Z,0.5845,130000,25000,2026-06-21T00:00:00Z
sanc-russia-q3,Will the EU impose new sanctions on Russia by Q3 2026?,2026-06-14T03:00:00Z,0.581,130000,25000,2026-06-21T00:00:00Z
sanc-russia-q3,Will the EU impose new sanctions on Russia by Q3 2026?,2026-06-14T04:00:00Z,0.5756,130000,25000,2026-06-21T00:00:00Z
sanc-russia-q3,Will the EU impose new sanctions on Russia by Q3 2026?,2026-06-14T05:00:00Z,0.5779,130000,25000,2026-06-21T00:00:00Z
sanc-russia-q3,Will the EU impose new sanctions on Russia by Q3 2026?,2026-06-14T06:00:00Z,0.5754,130000,25000,2026-06-21T00:00:00Z
sanc-russia-q3,Will the EU impose new sanctions on Russia by Q3 2026?,2026-06-14T07:00:00Z,0.5737,130000,25000,2026-06-21T00:00:00Z
sanc-russia-q3,Will the EU impose new sanctions on Russia by Q3 2026?,2026-06-14T08:00:00Z,0.5754,130000,25000,2026-06-21T00:00:00Z
sanc-russia-q3,Will the EU impose new sanctions on Russia by Q3 2026?,2026-06-14T09:00:00Z,0.5732,130000,25000,2026-06-21T00:00:00Z
sanc-russia-q3,Will the EU impose new sanctions on Russia by Q3 2026?,2026-06-14T10:00:00Z,0.5718,130000,25000,2026-06-21T00:00:00Z
sanc-russia-q3,Will the EU impose new sanctions on Russia by Q3 2026?,2026-06-14T11:00:00Z,0.5728,130000,25000,2026-06-21T00:00:00Z
sanc-russia-q3,Will the EU impose new sanctions on Russia by Q3 2026?,2026-06-14T12:00:00Z,0.5713,130000,25000,2026-06-21T00:00:00Z
sanc-russia-q3,Will the EU impose new sanctions on Russia by Q3 2026?,2026-06-14T13:00:00Z,0.5706,130000,25000,2026-06-21T00:00:00Z
sanc-russia-q3,Will the EU impose new sanctions on Russia by Q3 2026?,2026-06-14T14:00:00Z,0.5653,130000,25000,2026-06-21T00:00:00Z
sanc-russia-q3,Will the EU impose new sanctions on Russia by Q3 2026?,2026-06-14T15:00:00Z,0.5612,130000,25000,2026-06-21T00:00:00Z
sanc-russia-q3,Will the EU impose new sanctions on Russia by Q3 2026?,2026-06-14T16:00:00Z,0.5612,130000,25000,2026-06-21T00:00:00Z
sanc-russia-q3,Will the EU impose new sanctions on Russia by Q3 2026?,2026-06-14T17:00:00Z,0.5552,130000,25000,2026-06-21T00:00:00Z
sanc-russia-q3,Will the EU impose new sanctions on Russia by Q3 2026?,2026-06-14T18:00:00Z,0.5565,130000,25000,2026-06-21T00:00:00Z
sanc-russia-q3,Will the EU impose new sanctions on Russia by Q3 2026?,2026-06-14T19:00:00Z,0.5542,130000,25000,2026-06-21T00:00:00Z
sanc-russia-q3,Will the EU impose new sanctions on Russia by Q3 2026?,2026-06-14T20:00:00Z,0.5516,130000,25000,2026-06-21T00:00:00Z
sanc-russia-q3,Will the EU impose new sanctions on Russia by Q3 2026?,2026-06-14T21:00:00Z,0.5514,130000,25000,2026-06-21T00:00:00Z
sanc-russia-q3,Will the EU impose new sanctions on Russia by Q3 2026?,2026-06-14T22:00:00Z,0.5542,130000,25000,2026-06-21T00:00:00Z
sanc-russia-q3,Will the EU impose new sanctions on Russia by Q3 2026?,2026-06-14T23:00:00Z,0.5576,130000,25000,2026-06-21T00:00:00Z
sanc-russia-q3,Will the EU impose new sanctions on Russia by Q3 2026?,2026-06-15T00:00:00Z,0.5597,130000,25000,2026-06-21T00:00:00Z
sanc-russia-q3,Will the EU impose new sanctions on Russia by Q3 2026?,2026-06-15T01:00:00Z,0.5613,130000,25000,2026-06-21T00:00:00Z
sanc-russia-q3,Will the EU impose new sanctions on Russia by Q3 2026?,2026-06-15T02:00:00Z,0.5612,130000,25000,2026-06-21T00:00:00Z
sanc-russia-q3,Will the EU impose new sanctions on Russia by Q3 2026?,2026-06-15T03:00:00Z,0.5593,130000,25000,2026-06-21T00:00:00Z
sanc-russia-q3,Will the EU impose new sanctions on Russia by Q3 2026?,2026-06-15T04:00:00Z,0.5575,130000,25000,2026-06-21T00:00:00Z
sanc-russia-q3,Will the EU impose new sanctions on Russia by Q3 2026?,2026-06-15T05:00:00Z,0.56,130000,25000,2026-06-21T00:00:00Z
sanc-russia-q3,Will the EU impose new sanctions on Russia by Q3 2026?,2026-06-15T06:00:00Z,0.557,130000,25000,2026-06-21T00:00:00Z
sanc-russia-q3,Will the EU impose new sanctions on Russia by Q3 2026?,2026-06-15T07:00:00Z,0.5557,130000,25000,2026-06-21T00:00:00Z
sanc-russia-q3,Will the EU impose new sanctions on Russia by Q3 2026?,2026-06-15T08:00:00Z,0.5549,130000,25000,2026-06-21T00:00:00Z
sanc-russia-q3,Will the EU impose new sanctions on Russia by Q3 2026?,2026-06-15T09:00:00Z,0.5562,130000,25000,2026-06-21T00:00:00Z
sanc-russia-q3,Will the EU impose new sanctions on Russia by Q3 2026?,2026-06-15T10:00:00Z,0.5563,130000,25000,2026-06-21T00:00:00Z
sanc-russia-q3,Will the EU impose new sanctions on Russia by Q3 2026?,2026-06-15T11:00:00Z,0.5515,130000,25000,2026-06-21T00:00:00Z
sanc-russia-q3,Will the EU impose new sanctions on Russia by Q3 2026?,2026-06-15T12:00:00Z,0.5509,130000,25000,2026-06-21T00:00:00Z
sanc-russia-q3,Will the EU impose new sanctions on Russia by Q3 2026?,2026-06-15T13:00:00Z,0.5507,130000,25000,2026-06-21T00:00:00Z
sanc-russia-q3,Will the EU impose new sanctions on Russia by Q3 2026?,2026-06-15T14:00:00Z,0.5449,130000,25000,2026-06-21T00:00:00Z
sanc-russia-q3,Will the EU impose new sanctions on Russia by Q3 2026?,2026-06-15T15:00:00Z,0.5424,130000,25000,2026-06-21T00:00:00Z
sanc-russia-q3,Will the EU impose new sanctions on Russia by Q3 2026?,2026-06-15T16:00:00Z,0.5448,130000,25000,2026-06-21T00:00:00Z
sanc-russia-q3,Will the EU impose new sanctions on Russia by Q3 2026?,2026-06-15T17:00:00Z,0.5477,130000,25000,2026-06-21T00:00:00Z
sanc-russia-q3,Will the EU impose new sanctions on Russia by Q3 2026?,2026-06-15T18:00:00Z,0.5503,130000,25000,2026-06-21T00:00:00Z
sanc-russia-q3,Will the EU impose new sanctions on Russia by Q3 2026?,2026-06-15T19:00:00Z,0.5484,130000,25000,2026-06-21T00:00:00Z
sanc-russia-q3,Will the EU impose new sanctions on Russia by Q3 2026?,2026-06-15T20:00:00Z,0.5491,130000,25000,2026-06-21T00:00:00Z
sanc-russia-q3,Will the EU impose new sanctions on Russia by Q3 2026?,2026-06-15T21:00:00Z,0.5464,130000,25000,2026-06-21T00:00:00Z
sanc-russia-q3,Will the EU impose new sanctions on Russia by Q3 2026?,2026-06-15T22:00:00Z,0.5491,130000,25000,2026-06-21T00:00:00Z
sanc-russia-q3,Will the EU impose new sanctions on Russia by Q3 2026?,2026-06-15T23:00:00Z,0.5485,130000,25000,2026-06-21T00:00:00Z
sanc-russia-q3,Will the EU impose new sanctions on Russia by Q3 2026?,2026-06-16T00:00:00Z,0.5478,130000,25000,2026-06-21T00:00:00Z
sanc-russia-q3,Will the EU impose new sanctions on Russia by Q3 2026?,2026-06-16T01:00:00Z,0.5458,130000,25000,2026-06-21T00:00:00Z
sanc-russia-q3,Will the EU impose new sanctions on Russia by Q3 2026?,2026-06-16T02:00:00Z,0.5425,130000,25000,2026-06-21T00:00:00Z
sanc-russia-q3,Will the EU impose new sanctions on Russia by Q3 2026?,2026-06-16T03:00:00Z,0.5447,130000,25000,2026-06-21T00:00:00Z
sanc-russia-q3,Will the EU impose new sanctions on Russia by Q3 2026?,2026-06-16T04:00:00Z,0.5485,130000,25000,2026-06-21T00:00:00Z
sanc-russia-q3,Will the EU impose new sanctions on Russia by Q3 2026?,2026-06-16T05:00:00Z,0.5471,130000,25000,2026-06-21T00:00:00Z
sanc-russia-q3,Will the EU impose new sanctions on Russia by Q3 2026?,2026-06-16T06:00:00Z,0.5432,130000,25000,2026-06-21T00:00:00Z
sanc-russia-q3,Will the EU impose new sanctions on Russia by Q3 2026?,2026-06-16T07:00:00Z,0.5448,130000,25000,2026-06-21T00:00:00Z
sanc-russia-q3,Will the EU impose new sanctions on Russia by Q3 2026?,2026-06-16T08:00:00Z,0.5438,130000,25000,2026-06-21T00:00:00Z
sanc-russia-q3,Will the EU impose new sanctions on Russia by Q3 2026?,2026-06-16T09:00:00Z,0.5427,130000,25000,2026-06-21T00:00:00Z
sanc-russia-q3,Will the EU impose new sanctions on Russia by Q3 2026?,2026-06-16T10:00:00Z,0.5434,130000,25000,2026-06-21T00:00:00Z
sanc-russia-q3,Will the EU impose new sanctions on Russia by Q3 2026?,2026-06-16T11:00:00Z,0.5403,130000,25000,2026-06-21T00:00:00Z
sanc-russia-q3,Will the EU impose new sanctions on Russia by Q3 2026?,2026-06-16T12:00:00Z,0.5427,130000,25000,2026-06-21T00:00:00Z
sanc-russia-q3,Will the EU impose new sanctions on Russia by Q3 2026?,2026-06-16T13:00:00Z,0.5456,130000,25000,2026-06-21T00:00:00Z
sanc-russia-q3,Will the EU impose new sanctions on Russia by Q3 2026?,2026-06-16T14:00:00Z,0.5437,130000,25000,2026-06-21T00:00:00Z
sanc-russia-q3,Will the EU impose new sanctions on Russia by Q3 2026?,2026-06-16T15:00:00Z,0.5434,130000,25000,2026-06-21T00:00:00Z
sanc-russia-q3,Will the EU impose new sanctions on Russia by Q3 2026?,2026-06-16T16:00:00Z,0.5397,130000,25000,2026-06-21T00:00:00Z
sanc-russia-q3,Will the EU impose new sanctions on Russia by Q3 2026?,2026-06-16T17:00:00Z,0.5401,130000,25000,2026-06-21T00:00:00Z
sanc-russia-q3,Will the EU impose new sanctions on Russia by Q3 2026?,2026-06-16T18:00:00Z,0.5363,130000,25000,2026-06-21T00:00:00Z
sanc-russia-q3,Will the EU impose new sanctions on Russia by Q3 2026?,2026-06-16T19:00:00Z,0.5325,130000,25000,2026-06-21T00:00:00Z
sanc-russia-q3,Will the EU impose new sanctions on Russia by Q3 2026?,2026-06-16T20:00:00Z,0.5359,130000,25000,2026-06-21T00:00:00Z
sanc-russia-q3,Will the EU impose new sanctions on Russia by Q3 2026?,2026-06-16T21:00:00Z,0.5373,130000,25000,2026-06-21T00:00:00Z
sanc-russia-q3,Will the EU impose new sanctions on Russia by Q3 2026?,2026-06-16T22:00:00Z,0.5375,130000,25000,2026-06-21T00:00:00Z
sanc-russia-q3,Will the EU impose new sanctions on Russia by Q3 2026?,2026-06-16T23:00:00Z,0.5381,130000,25000,2026-06-21T00:00:00Z
sanc-russia-q3,Will the EU impose new sanctions on Russia by Q3 2026?,2026-06-17T00:00:00Z,0.537,130000,25000,2026-06-21T00:00:00Z
sanc-russia-q3,Will the EU impose new sanctions on Russia by Q3 2026?,2026-06-17T01:00:00Z,0.5337,130000,25000,2026-06-21T00:00:00Z
sanc-russia-q3,Will the EU impose new sanctions on Russia by Q3 2026?,2026-06-17T02:00:00Z,0.5347,130000,25000,2026-06-21T00:00:00Z
sanc-russia-q3,Will the EU impose new sanctions on Russia by Q3 2026?,2026-06-17T03:00:00Z,0.534,130000,25000,2026-06-21T00:00:00Z
sanc-russia-q3,Will the EU impose new sanctions on Russia by Q3 2026?,2026-06-17T04:00:00Z,0.5352,130000,25000,2026-06-21T00:00:00Z
sanc-russia-q3,Will the EU impose new sanctions on Russia by Q3 2026?,2026-06-17T05:00:00Z,0.5385,130000,25000,2026-06-21T00:00:00Z
sanc-russia-q3,Will the EU impose new sanctions on Russia by Q3 2026?,2026-06-17T06:00:00Z,0.5394,130000,25000,2026-06-21T00:00:00Z
sanc-russia-q3,Will the EU impose new sanctions on Russia by Q3 2026?,2026-06-17T07:00:00Z,0.5397,130000,25000,2026-06-21T00:00:00Z
sanc-russia-q3,Will the EU impose new sanctions on Russia by Q3 2026?,2026-06-17T08:00:00Z,0.5381,130000,25000,2026-06-21T00:00:00Z
sanc-russia-q3,Will the EU impose new sanctions on Russia by Q3 2026?,2026-06-17T09:00:00Z,0.5372,130000,25000,2026-06-21T00:00:00Z
sanc-russia-q3,Will the EU impose new sanctions on Russia by Q3 2026?,2026-06-17T10:00:00Z,0.5347,130000,25000,2026-06-21T00:00:00Z
sanc-russia-q3,Will the EU impose new sanctions on Russia by Q3 2026?,2026-06-17T11:00:00Z,0.5339,130000,25000,2026-06-21T00:00:00Z
sanc-russia-q3,Will the EU impose new sanctions on Russia by Q3 2026?,2026-06-17T12:00:00Z,0.5387,130000,25000,2026-06-21T00:00:00Z
sanc-russia-q3,Will the EU impose new sanctions on Russia by Q3 2026?,2026-06-17T13:00:00Z,0.5354,130000,25000,2026-06-21T00:00:00Z
sanc-russia-q3,Will the EU impose new sanctions on Russia by Q3 2026?,2026-06-17T14:00:00Z,0.5354,130000,25000,2026-06-21T00:00:00Z
sanc-russia-q3,Will the EU impose new sanctions on Russia by Q3 2026?,2026-06-17T15:00:00Z,0.5345,130000,25000,2026-06-21T00:00:00Z
sanc-russia-q3,Will the EU impose new sanctions on Russia by Q3 2026?,2026-06-17T16:00:00Z,0.535,130000,25000,2026-06-21T00:00:00Z
sanc-russia-q3,Will the EU impose new sanctions on Russia by Q3 2026?,2026-06-17T17:00:00Z,0.5354,130000,25000,2026-06-21T00:00:00Z
sanc-russia-q3,Will the EU impose new sanctions on Russia by Q3 2026?,2026-06-17T18:00:00Z,0.5405,130000,25000,2026-06-21T00:00:00Z
sanc-russia-q3,Will the EU impose new sanctions on Russia by Q3 2026?,2026-06-17T19:00:00Z,0.5419,130000,25000,2026-06-21T00:00:00Z
sanc-russia-q3,Will the EU impose new sanctions on Russia by Q3 2026?,2026-06-17T20:00:00Z,0.5459,130000,25000,2026-06-21T00:00:00Z
sanc-russia-q3,Will the EU impose new sanctions on Russia by Q3 2026?,2026-06-17T21:00:00Z,0.5497,130000,25000,2026-06-21T00:00:00Z
sanc-russia-q3,Will the EU impose new sanctions on Russia by Q3 2026?,2026-06-17T22:00:00Z,0.5441,130000,25000,2026-06-21T00:00:00Z
sanc-russia-q3,Will the EU impose new sanctions on Russia by Q3 2026?,2026-06-17T23:00:00Z,0.5444,130000,25000,2026-06-21T00:00:00Z
sanc-russia-q3,Will the EU impose new sanctions on Russia by Q3 2026?,2026-06-18T00:00:00Z,0.5458,130000,25000,2026-06-21T00:00:00Z
sanc-russia-q3,Will the EU impose new sanctions on Russia by Q3 2026?,2026-06-18T01:00:00Z,0.543,130000,25000,2026-06-21T00:00:00Z
sanc-russia-q3,Will the EU impose new sanctions on Russia by Q3 2026?,2026-06-18T02:00:00Z,0.5419,130000,25000,2026-06-21T00:00:00Z
sanc-russia-q3,Will the EU impose new sanctions on Russia by Q3 2026?,2026-06-18T03:00:00Z,0.5418,130000,25000,2026-06-21T00:00:00Z
sanc-russia-q3,Will the EU impose new sanctions on Russia by Q3 2026?,2026-06-18T04:00:00Z,0.5395,130000,25000,2026-06-21T00:00:00Z
sanc-russia-q3,Will the EU impose new sanctions on Russia by Q3 2026?,2026-06-18T05:00:00Z,0.5376,130000,25000,2026-06-21T00:00:00Z
sanc-russia-q3,Will the EU impose new sanctions on Russia by Q3 2026?,2026-06-18T06:00:00Z,0.5387,130000,25000,2026-06-21T00:00:00Z
sanc-russia-q3,Will the EU impose new sanctions on Russia by Q3 2026?,2026-06-18T07:00:00Z,0.5404,130000,25000,2026-06-21T00:00:00Z
sanc-russia-q3,Will the EU impose new sanctions on Russia by Q3 2026?,2026-06-18T08:00:00Z,0.5402,130000,25000,2026-06-21T00:00:00Z
sanc-russia-q3,Will the EU impose new sanctions on Russia by Q3 2026?,2026-06-18T09:00:00Z,0.5414,130000,25000,2026-06-21T00:00:00Z
sanc-russia-q3,Will the EU impose new sanctions on Russia by Q3 2026?,2026-06-18T10:00:00Z,0.5373,130000,25000,2026-06-21T00:00:00Z
sanc-russia-q3,Will the EU impose new sanctions on Russia by Q3 2026?,2026-06-18T11:00:00Z,0.5377,130000,25000,2026-06-21T00:00:00Z
sanc-russia-q3,Will the EU impose new sanctions on Russia by Q3 2026?,2026-06-18T12:00:00Z,0.5365,130000,25000,2026-06-21T00:00:00Z
sanc-russia-q3,Will the EU impose new sanctions on Russia by Q3 2026?,2026-06-18T13:00:00Z,0.5372,130000,25000,2026-06-21T00:00:00Z
sanc-russia-q3,Will the EU impose new sanctions on Russia by Q3 2026?,2026-06-18T14:00:00Z,0.5377,130000,25000,2026-06-21T00:00:00Z
sanc-russia-q3,Will the EU impose new sanctions on Russia by Q3 2026?,2026-06-18T15:00:00Z,0.5379,130000,25000,2026-06-21T00:00:00Z
sanc-russia-q3,Will the EU impose new sanctions on Russia by Q3 2026?,2026-06-18T16:00:00Z,0.5378,130000,25000,2026-06-21T00:00:00Z
sanc-russia-q3,Will the EU impose new sanctions on Russia by Q3 2026?,2026-06-18T17:00:00Z,0.5374,130000,25000,2026-06-21T00:00:00Z
sanc-russia-q3,Will the EU impose new sanctions on Russia by Q3 2026?,2026-06-18T18:00:00Z,0.5376,130000,25000,2026-06-21T00:00:00Z
sanc-russia-q3,Will the EU impose new sanctions on Russia by Q3 2026?,2026-06-18T19:00:00Z,0.5358,130000,25000,2026-06-21T00:00:00Z
sanc-russia-q3,Will the EU impose new sanctions on Russia by Q3 2026?,2026-06-18T20:00:00Z,0.5342,130000,25000,2026-06-21T00:00:00Z
sanc-russia-q3,Will the EU impose new sanctions on Russia by Q3 2026?,2026-06-18T21:00:00Z,0.5309,130000,25000,2026-06-21T00:00:00Z
sanc-russia-q3,Will the EU impose new sanctions on Russia by Q3 2026?,2026-06-18T22:00:00Z,0.5323,130000,25000,2026-06-21T00:00:00Z
sanc-russia-q3,Will the EU impose new sanctions on Russia by Q3 2026?,2026-06-18T23:00:00Z,0.5347,130000,25000,2026-06-21T00:00:00Z
sanc-russia-q3,Will the EU impose new sanctions on Russia by Q3 2026?,2026-06-19T00:00:00Z,0.5354,130000,25000,2026-06-21T00:00:00Z
sanc-russia-q3,Will the EU impose new sanctions on Russia by Q3 2026?,2026-06-19T01:00:00Z,0.5355,130000,25000,2026-06-21T00:00:00Z
sanc-russia-q3,Will the EU impose new sanctions on Russia by Q3 2026?,2026-06-19T02:00:00Z,0.5339,130000,25000,2026-06-21T00:00:00Z
sanc-russia-q3,Will the EU impose new sanctions on Russia by Q3 2026?,2026-06-19T03:00:00Z,0.5341,130000,25000,2026-06-21T00:00:00Z
sanc-russia-q3,Will the EU impose new sanctions on Russia by Q3 2026?,2026-06-19T04:00:00Z,0.5316,130000,25000,2026-06-21T00:00:00Z
sanc-russia-q3,Will the EU impose new sanctions on Russia by Q3 2026?,2026-06-19T05:00:00Z,0.533,130000,25000,2026-06-21T00:00:00Z
sanc-russia-q3,Will the EU impose new sanctions on Russia by Q3 2026?,2026-06-19T06:00:00Z,0.5356,130000,25000,2026-06-21T00:00:00Z
sanc-russia-q3,Will the EU impose new sanctions on Russia by Q3 2026?,2026-06-19T07:00:00Z,0.536,130000,25000,2026-06-21T00:00:00Z
sanc-russia-q3,Will the EU impose new sanctions on Russia by Q3 2026?,2026-06-19T08:00:00Z,0.536,130000,25000,2026-06-21T00:00:00Z
sanc-russia-q3,Will the EU impose new sanctions on Russia by Q3 2026?,2026-06-19T09:00:00Z,0.535,130000,25000,2026-06-21T00:00:00Z
sanc-russia-q3,Will the EU impose new sanctions on Russia by Q3 2026?,2026-06-19T10:00:00Z,0.5348,130000,25000,2026-06-21T00:00:00Z
sanc-russia-q3,Will the EU impose new sanctions on Russia by Q3 2026?,2026-06-19T11:00:00Z,0.5336,130000,25000,2026-06-21T00:00:00Z
sanc-russia-q3,Will the EU impose new sanctions on Russia by Q3 2026?,2026-06-19T12:00:00Z,0.5356,130000,25000,2026-06-21T00:00:00Z
sanc-russia-q3,Will the EU impose new sanctions on Russia by Q3 2026?,2026-06-19T13:00:00Z,0.5365,130000,25000,2026-06-21T00:00:00Z
sanc-russia-q3,Will the EU impose new sanctions on Russia by Q3 2026?,2026-06-19T14:00:00Z,0.535,130000,25000,2026-06-21T00:00:00Z
sanc-russia-q3,Will the EU impose new sanctions on Russia by Q3 2026?,2026-06-19T15:00:00Z,0.5377,130000,25000,2026-06-21T00:00:00Z
sanc-russia-q3,Will the EU impose new sanctions on Russia by Q3 2026?,2026-06-19T16:00:00Z,0.5379,130000,25000,2026-06-21T00:00:00Z
sanc-russia-q3,Will the EU impose new sanctions on Russia by Q3 2026?,2026-06-19T17:00:00Z,0.5353,130000,25000,2026-06-21T00:00:00Z
sanc-russia-q3,Will the EU impose new sanctions on Russia by Q3 2026?,2026-06-19T18:00:00Z,0.5346,130000,25000,2026-06-21T00:00:00Z
sanc-russia-q3,Will the EU impose new sanctions on Russia by Q3 2026?,2026-06-19T19:00:00Z,0.5371,130000,25000,2026-06-21T00:00:00Z
sanc-russia-q3,Will the EU impose new sanctions on Russia by Q3 2026?,2026-06-19T20:00:00Z,0.5357,130000,25000,2026-06-21T00:00:00Z
sanc-russia-q3,Will the EU impose new sanctions on Russia by Q3 2026?,2026-06-19T21:00:00Z,0.5349,130000,25000,2026-06-21T00:00:00Z
sanc-russia-q3,Will the EU impose new sanctions on Russia by Q3 2026?,2026-06-19T22:00:00Z,0.5344,130000,25000,2026-06-21T00:00:00Z
sanc-russia-q3,Will the EU impose new sanctions on Russia by Q3 2026?,2026-06-19T23:00:00Z,0.532,130000,25000,2026-06-21T00:00:00Z
sanc-russia-q3,Will the EU impose new sanctions on Russia by Q3 2026?,2026-06-20T00:00:00Z,0.5337,130000,25000,2026-06-21T00:00:00Z
trade-china-evs,Will the US raise tariffs on Chinese EVs above 100% in 2026?,2026-06-06T00:00:00Z,0.4997,120000,20000,2026-06-21T00:00:00Z
trade-china-evs,Will the US raise tariffs on Chinese EVs above 100% in 2026?,2026-06-06T01:00:00Z,0.4957,120000,20000,2026-06-21T00:00:00Z
trade-china-evs,Will the US raise tariffs on Chinese EVs above 100% in 2026?,2026-06-06T02:00:00Z,0.5098,120000,20000,2026-06-21T00:00:00Z
trade-china-evs,Will the US raise tariffs on Chinese EVs above 100% in 2026?,2026-06-06T03:00:00Z,0.4997,120000,20000,2026-06-21T00:00:00Z
trade-china-evs,Will the US raise tariffs on Chinese EVs above 100% in 2026?,2026-06-06T04:00:00Z,0.4951,120000,20000,2026-06-21T00:00:00Z
trade-china-evs,Will the US raise tariffs on Chinese EVs above 100% in 2026?,2026-06-06T05:00:00Z,0.5008,120000,20000,2026-06-21T00:00:00Z
trade-china-evs,Will the US raise tariffs on Chinese EVs above 100% in 2026?,2026-06-06T06:00:00Z,0.5056,120000,20000,2026-06-21T00:00:00Z
trade-china-evs,Will the US raise tariffs on Chinese EVs above 100% in 2026?,2026-06-06T07:00:00Z,0.5137,120000,20000,2026-06-21T00:00:00Z
trade-china-evs,Will the US raise tariffs on Chinese EVs above 100% in 2026?,2026-06-06T08:00:00Z,0.5237,120000,20000,2026-06-21T00:00:00Z
trade-china-evs,Will the US raise tariffs on Chinese EVs above 100% in 2026?,2026-06-06T09:00:00Z,0.5177,120000,20000,2026-06-21T00:00:00Z
trade-china-evs,Will the US raise tariffs on Chinese EVs above 100% in 2026?,2026-06-06T10:00:00Z,0.5083,120000,20000,2026-06-21T00:00:00Z
trade-china-evs,Will the US raise tariffs on Chinese EVs above 100% in 2026?,2026-06-06T11:00:00Z,0.5059,120000,20000,2026-06-21T00:00:00Z
trade-china-evs,Will the US raise tariffs on Chinese EVs above 100% in 2026?,2026-06-06T12:00:00Z,0.5071,120000,20000,2026-06-21T00:00:00Z
trade-china-evs,Will the US raise tariffs on Chinese EVs above 100% in 2026?,2026-06-06T13:00:00Z,0.5081,120000,20000,2026-06-21T00:00:00Z
trade-china-evs,Will the US raise tariffs on Chinese EVs above 100% in 2026?,2026-06-06T14:00:00Z,0.5111,120000,20000,2026-06-21T00:00:00Z
trade-china-evs,Will the US raise tariffs on Chinese EVs above 100% in 2026?,2026-06-06T15:00:00Z,0.5142,120000,20000,2026-06-21T00:00:00Z
trade-china-evs,Will the US raise tariffs on Chinese EVs above 100% in 2026?,2026-06-06T16:00:00Z,0.5253,120000,20000,2026-06-21T00:00:00Z
trade-china-evs,Will the US raise tariffs on Chinese EVs above 100% in 2026?,2026-06-06T17:00:00Z,0.5175,120000,20000,2026-06-21T00:00:00Z
trade-china-evs,Will the US raise tariffs on Chinese EVs above 100% in 2026?,2026-06-06T18:00:00Z,0.5124,120000,20000,2026-06-21T00:00:00Z
trade-china-evs,Will the US raise tariffs on Chinese EVs above 100% in 2026?,2026-06-06T19:00:00Z,0.512,120000,20000,2026-06-21T00:00:00Z
trade-china-evs,Will the US raise tariffs on Chinese EVs above 100% in 2026?,2026-06-06T20:00:00Z,0.5209,120000,20000,2026-06-21T00:00:00Z
trade-china-evs,Will the US raise tariffs on Chinese EVs above 100% in 2026?,2026-06-06T21:00:00Z,0.5323,120000,20000,2026-06-21T00:00:00Z
trade-china-evs,Will the US raise tariffs on Chinese EVs above 100% in 2026?,2026-06-06T22:00:00Z,0.524,120000,20000,2026-06-21T00:00:00Z
trade-china-evs,Will the US raise tariffs on Chinese EVs above 100% in 2026?,2026-06-06T23:00:00Z,0.5223,120000,20000,2026-06-21T00:00:00Z
trade-china-evs,Will the US raise tariffs on Chinese EVs above 100% in 2026?,2026-06-07T00:00:00Z,0.5099,120000,20000,2026-06-21T00:00:00Z
trade-china-evs,Will the US raise tariffs on Chinese EVs above 100% in 2026?,2026-06-07T01:00:00Z,0.5163,120000,20000,2026-06-21T00:00:00Z
trade-china-evs,Will the US raise tariffs on Chinese EVs above 100% in 2026?,2026-06-07T02:00:00Z,0.5141,120000,20000,2026-06-21T00:00:00Z
trade-china-evs,Will the US raise tariffs on Chinese EVs above 100% in 2026?,2026-06-07T03:00:00Z,0.5027,120000,20000,2026-06-21T00:00:00Z
trade-china-evs,Will the US raise tariffs on Chinese EVs above 100% in 2026?,2026-06-07T04:00:00Z,0.497,120000,20000,2026-06-21T00:00:00Z
trade-china-evs,Will the US raise tariffs on Chinese EVs above 100% in 2026?,2026-06-07T05:00:00Z,0.4938,120000,20000,2026-06-21T00:00:00Z
trade-china-evs,Will the US raise tariffs on Chinese EVs above 100% in 2026?,2026-06-07T06:00:00Z,0.4992,120000,20000,2026-06-21T00:00:00Z
trade-china-evs,Will the US raise tariffs on Chinese EVs above 100% in 2026?,2026-06-07T07:00:00Z,0.5116,120000,20000,2026-06-21T00:00:00Z
trade-china-evs,Will the US raise tariffs on Chinese EVs above 100% in 2026?,2026-06-07T08:00:00Z,0.5239,120000,20000,2026-06-21T00:00:00Z
trade-china-evs,Will the US raise tariffs on Chinese EVs above 100% in 2026?,2026-06-07T09:00:00Z,0.5207,120000,20000,2026-06-21T00:00:00Z
trade-china-evs,Will the US raise tariffs on Chinese EVs above 100% in 2026?,2026-06-07T10:00:00Z,0.5346,120000,20000,2026-06-21T00:00:00Z
trade-china-evs,Will the US raise tariffs on Chinese EVs above 100% in 2026?,2026-06-07T11:00:00Z,0.5222,120000,20000,2026-06-21T00:00:00Z
trade-china-evs,Will the US raise tariffs on Chinese EVs above 100% in 2026?,2026-06-07T12:00:00Z,0.5169,120000,20000,2026-06-21T00:00:00Z
trade-china-evs,Will the US raise tariffs on Chinese EVs above 100% in 2026?,2026-06-07T13:00:00Z,0.518,120000,20000,2026-06-21T00:00:00Z
trade-china-evs,Will the US raise tariffs on Chinese EVs above 100% in 2026?,2026-06-07T14:00:00Z,0.5146,120000,20000,2026-06-21T00:00:00Z
trade-china-evs,Will the US raise tariffs on Chinese EVs above 100% in 2026?,2026-06-07T15:00:00Z,0.5161,120000,20000,2026-06-21T00:00:00Z
trade-china-evs,Will the US raise tariffs on Chinese EVs above 100% in 2026?,2026-06-07T16:00:00Z,0.5049,120000,20000,2026-06-21T00:00:00Z
trade-china-evs,Will the US raise tariffs on Chinese EVs above 100% in 2026?,2026-06-07T17:00:00Z,0.5005,120000,20000,2026-06-21T00:00:00Z
trade-china-evs,Will the US raise tariffs on Chinese EVs above 100% in 2026?,2026-06-07T18:00:00Z,0.5122,120000,20000,2026-06-21T00:00:00Z
trade-china-evs,Will the US raise tariffs on Chinese EVs above 100% in 2026?,2026-06-07T19:00:00Z,0.5038,120000,20000,2026-06-21T00:00:00Z
trade-china-evs,Will the US raise tariffs on Chinese EVs above 100% in 2026?,2026-06-07T20:00:00Z,0.496,120000,20000,2026-06-21T00:00:00Z
trade-china-evs,Will the US raise tariffs on Chinese EVs above 100% in 2026?,2026-06-07T21:00:00Z,0.4997,120000,20000,2026-06-21T00:00:00Z
trade-china-evs,Will the US raise tariffs on Chinese EVs above 100% in 2026?,2026-06-07T22:00:00Z,0.5001,120000,20000,2026-06-21T00:00:00Z
trade-china-evs,Will the US raise tariffs on Chinese EVs above 100% in 2026?,2026-06-07T23:00:00Z,0.5039,120000,20000,2026-06-21T00:00:00Z
trade-china-evs,Will the US raise tariffs on Chinese EVs above 100% in 2026?,2026-06-08T00:00:00Z,0.5064,120000,20000,2026-06-21T00:00:00Z
trade-china-evs,Will the US raise tariffs on Chinese EVs above 100% in 2026?,2026-06-08T01:00:00Z,0.5075,120000,20000,2026-06-21T00:00:00Z
trade-china-evs,Will the US raise tariffs on Chinese EVs above 100% in 2026?,2026-06-08T02:00:00Z,0.5065,120000,20000,2026-06-21T00:00:00Z
trade-china-evs,Will the US raise tariffs on Chinese EVs above 100% in 2026?,2026-06-08T03:00:00Z,0.5015,120000,20000,2026-06-21T00:00:00Z
trade-china-evs,Will the US raise tariffs on Chinese EVs above 100% in 2026?,2026-06-08T04:00:00Z,0.5112,120000,20000,2026-06-21T00:00:00Z
trade-china-evs,Will the US raise tariffs on Chinese EVs above 100% in 2026?,2026-06-08T05:00:00Z,0.5101,120000,20000,2026-06-21T00:00:00Z
trade-china-evs,Will the US raise tariffs on Chinese EVs above 100% in 2026?,2026-06-08T06:00:00Z,0.5019,120000,20000,2026-06-21T00:00:00Z
trade-china-evs,Will the US raise tariffs on Chinese EVs above 100% in 2026?,2026-06-08T07:00:00Z,0.5081,120000,20000,2026-06-21T00:00:00Z
trade-china-evs,Will the US raise tariffs on Chinese EVs above 100% in 2026?,2026-06-08T08:00:00Z,0.5079,120000,20000,2026-06-21T00:00:00Z
trade-china-evs,Will the US raise tariffs on Chinese EVs above 100% in 2026?,2026-06-08T09:00:00Z,0.5176,120000,20000,2026-06-21T00:00:00Z
trade-china-evs,Will the US raise tariffs on Chinese EVs above 100% in 2026?,2026-06-08T10:00:00Z,0.5006,120000,20000,2026-06-21T00:00:00Z
trade-china-evs,Will the US raise tariffs on Chinese EVs above 100% in 2026?,2026-06-08T11:00:00Z,0.487,120000,20000,2026-06-21T00:00:00Z
trade-china-evs,Will the US raise tariffs on Chinese EVs above 100% in 2026?,2026-06-08T12:00:00Z,0.4835,120000,20000,2026-06-21T00:00:00Z
trade-china-evs,Will the US raise tariffs on Chinese EVs above 100% in 2026?,2026-06-08T13:00:00Z,0.4842,120000,20000,2026-06-21T00:00:00Z
trade-china-evs,Will the US raise tariffs on Chinese EVs above 100% in 2026?,2026-06-08T14:00:00Z,0.4866,120000,20000,2026-06-21T00:00:00Z
trade-china-evs,Will the US raise tariffs on Chinese EVs above 100% in 2026?,2026-06-08T15:00:00Z,0.4809,120000,20000,2026-06-21T00:00:00Z
trade-china-evs,Will the US raise tariffs on Chinese EVs above 100% in 2026?,2026-06-08T16:00:00Z,0.4816,120000,20000,2026-06-21T00:00:00Z
trade-china-evs,Will the US raise tariffs on Chinese EVs above 100% in 2026?,2026-06-08T17:00:00Z,0.4895,120000,20000,2026-06-21T00:00:00Z
trade-china-evs,Will the US raise tariffs on Chinese EVs above 100% in 2026?,2026-06-08T18:00:00Z,0.4855,120000,20000,2026-06-21T00:00:00Z
trade-china-evs,Will the US raise tariffs on Chinese EVs above 100% in 2026?,2026-06-08T19:00:00Z,0.4918,120000,20000,2026-06-21T00:00:00Z
trade-china-evs,Will the US raise tariffs on Chinese EVs above 100% in 2026?,2026-06-08T20:00:00Z,0.4959,120000,20000,2026-06-21T00:00:00Z
trade-china-evs,Will the US raise tariffs on Chinese EVs above 100% in 2026?,2026-06-08T21:00:00Z,0.5028,120000,20000,2026-06-21T00:00:00Z
trade-china-evs,Will the US raise tariffs on Chinese EVs above 100% in 2026?,2026-06-08T22:00:00Z,0.511,120000,20000,2026-06-21T00:00:00Z
trade-china-evs,Will the US raise tariffs on Chinese EVs above 100% in 2026?,2026-06-08T23:00:00Z,0.5119,120000,20000,2026-06-21T00:00:00Z
trade-china-evs,Will the US raise tariffs on Chinese EVs above 100% in 2026?,2026-06-09T00:00:00Z,0.5138,120000,20000,2026-06-21T00:00:00Z
trade-china-evs,Will the US raise tariffs on Chinese EVs above 100% in 2026?,2026-06-09T01:00:00Z,0.5102,120000,20000,2026-06-21T00:00:00Z
trade-china-evs,Will the US raise tariffs on Chinese EVs above 100% in 2026?,2026-06-09T02:00:00Z,0.5047,120000,20000,2026-06-21T00:00:00Z
trade-china-evs,Will the US raise tariffs on Chinese EVs above 100% in 2026?,2026-06-09T03:00:00Z,0.5014,120000,20000,2026-06-21T00:00:00Z
trade-china-evs,Will the US raise tariffs on Chinese EVs above 100% in 2026?,2026-06-09T04:00:00Z,0.5058,120000,20000,2026-06-21T00:00:00Z
trade-china-evs,Will the US raise tariffs on Chinese EVs above 100% in 2026?,2026-06-09T05:00:00Z,0.4926,120000,20000,2026-06-21T00:00:00Z
trade-china-evs,Will the US raise tariffs on Chinese EVs above 100% in 2026?,2026-06-09T06:00:00Z,0.5,120000,20000,2026-06-21T00:00:00Z
trade-china-evs,Will the US raise tariffs on Chinese EVs above 100% in 2026?,2026-06-09T07:00:00Z,0.4919,120000,20000,2026-06-21T00:00:00Z
trade-china-evs,Will the US raise tariffs on Chinese EVs above 100% in 2026?,2026-06-09T08:00:00Z,0.4931,120000,20000,2026-06-21T00:00:00Z
trade-china-evs,Will the US raise tariffs on Chinese EVs above 100% in 2026?,2026-06-09T09:00:00Z,0.4916,120000,20000,2026-06-21T00:00:00Z
trade-china-evs,Will the US raise tariffs on Chinese EVs above 100% in 2026?,2026-06-09T10:00:00Z,0.487,120000,20000,2026-06-21T00:00:00Z
trade-china-evs,Will the US raise tariffs on Chinese EVs above 100% in 2026?,2026-06-09T11:00:00Z,0.4761,120000,20000,2026-06-21T00:00:00Z
trade-china-evs,Will the US raise tariffs on Chinese EVs above 100% in 2026?,2026-06-09T12:00:00Z,0.4765,120000,20000,2026-06-21T00:00:00Z
trade-china-evs,Will the US raise tariffs on Chinese EVs above 100% in 2026?,2026-06-09T13:00:00Z,0.4734,120000,20000,2026-06-21T00:00:00Z
trade-china-evs,Will the US raise tariffs on Chinese EVs above 100% in 2026?,2026-06-09T14:00:00Z,0.4719,120000,20000,2026-06-21T00:00:00Z
trade-china-evs,Will the US raise tariffs on Chinese EVs above 100% in 2026?,2026-06-09T15:00:00Z,0.4693,120000,20000,2026-06-21T00:00:00Z
trade-china-evs,Will the US raise tariffs on Chinese EVs above 100% in 2026?,2026-06-09T16:00:00Z,0.4686,120000,20000,2026-06-21T00:00:00Z
trade-china-evs,Will the US raise tariffs on Chinese EVs above 100% in 2026?,2026-06-09T17:00:00Z,0.4623,120000,20000,2026-06-21T00:00:00Z
trade-china-evs,Will the US raise tariffs on Chinese EVs above 100% in 2026?,2026-06-09T18:00:00Z,0.4596,120000,20000,2026-06-21T00:00:00Z
trade-china-evs,Will the US raise tariffs on Chinese EVs above 100% in 2026?,2026-06-09T19:00:00Z,0.4573,120000,20000,2026-06-21T00:00:00Z
trade-china-evs,Will the US raise tariffs on Chinese EVs above 100% in 2026?,2026-06-09T20:00:00Z,0.4582,120000,20000,2026-06-21T00:00:00Z
trade-china-evs,Will the US raise tariffs on Chinese EVs above 100% in 2026?,2026-06-09T21:00:00Z,0.4615,120000,20000,2026-06-21T00:00:00Z
trade-china-evs,Will the US raise tariffs on Chinese EVs above 100% in 2026?,2026-06-09T22:00:00Z,0.4603,120000,20000,2026-06-21T00:00:00Z
trade-china-evs,Will the US raise tariffs on Chinese EVs above 100% in 2026?,2026-06-09T23:00:00Z,0.4624,120000,20000,2026-06-21T00:00:00Z
trade-china-evs,Will the US raise tariffs on Chinese EVs above 100% in 2026?,2026-06-10T00:00:00Z,0.4582,120000,20000,2026-06-21T00:00:00Z
trade-china-evs,Will the US raise tariffs on Chinese EVs above 100% in 2026?,2026-06-10T01:00:00Z,0.4543,120000,20000,2026-06-21T00:00:00Z
trade-china-evs,Will the US raise tariffs on Chinese EVs above 100% in 2026?,2026-06-10T02:00:00Z,0.4531,120000,20000,2026-06-21T00:00:00Z
trade-china-evs,Will the US raise tariffs on Chinese EVs above 100% in 2026?,2026-06-10T03:00:00Z,0.4538,120000,20000,2026-06-21T00:00:00Z
trade-china-evs,Will the US raise tariffs on Chinese EVs above 100% in 2026?,2026-06-10T04:00:00Z,0.451,120000,20000,2026-06-21T00:00:00Z
trade-china-evs,Will the US raise tariffs on Chinese EVs above 100% in 2026?,2026-06-10T05:00:00Z,0.4475,120000,20000,2026-06-21T00:00:00Z
trade-china-evs,Will the US raise tariffs on Chinese EVs above 100% in 2026?,2026-06-10T06:00:00Z,0.4459,120000,20000,2026-06-21T00:00:00Z
trade-china-evs,Will the US raise tariffs on Chinese EVs above 100% in 2026?,2026-06-10T07:00:00Z,0.4487,120000,20000,2026-06-21T00:00:00Z
trade-china-evs,Will the US raise tariffs on Chinese EVs above 100% in 2026?,2026-06-10T08:00:00Z,0.459,120000,20000,2026-06-21T00:00:00Z
trade-china-evs,Will the US raise tariffs on Chinese EVs above 100% in 2026?,2026-06-10T09:00:00Z,0.465,120000,20000,2026-06-21T00:00:00Z
trade-china-evs,Will the US raise tariffs on Chinese EVs above 100% in 2026?,2026-06-10T10:00:00Z,0.4685,120000,20000,2026-06-21T00:00:00Z
trade-china-evs,Will the US raise tariffs on Chinese EVs above 100% in 2026?,2026-06-10T11:00:00Z,0.471,120000,20000,2026-06-21T00:00:00Z
trade-china-evs,Will the US raise tariffs on Chinese EVs above 100% in 2026?,2026-06-10T12:00:00Z,0.4638,120000,20000,2026-06-21T00:00:00Z
trade-china-evs,Will the US raise tariffs on Chinese EVs above 100% in 2026?,2026-06-10T13:00:00Z,0.4653,120000,20000,2026-06-21T00:00:00Z
trade-china-evs,Will the US raise tariffs on Chinese EVs above 100% in 2026?,2026-06-10T14:00:00Z,0.4651,120000,20000,2026-06-21T00:00:00Z
trade-china-evs,Will the US raise tariffs on Chinese EVs above 100% in 2026?,2026-06-10T15:00:00Z,0.4663,120000,20000,2026-06-21T00:00:00Z
trade-china-evs,Will the US raise tariffs on Chinese EVs above 100% in 2026?,2026-06-10T16:00:00Z,0.4649,120000,20000,2026-06-21T00:00:00Z
trade-china-evs,Will the US raise tariffs on Chinese EVs above 100% in 2026?,2026-06-10T17:00:00Z,0.4638,120000,20000,2026-06-21T00:00:00Z
trade-china-evs,Will the US raise tariffs on Chinese EVs above 100% in 2026?,2026-06-10T18:00:00Z,0.4718,120000,20000,2026-06-21T00:00:00Z
trade-china-evs,Will the US raise tariffs on Chinese EVs above 100% in 2026?,2026-06-10T19:00:00Z,0.4701,120000,20000,2026-06-21T00:00:00Z
trade-china-evs,Will the US raise tariffs on Chinese EVs above 100% in 2026?,2026-06-10T20:00:00Z,0.4722,120000,20000,2026-06-21T00:00:00Z
trade-china-evs,Will the US raise tariffs on Chinese EVs above 100% in 2026?,2026-06-10T21:00:00Z,0.4751,120000,20000,2026-06-21T00:00:00Z
trade-china-evs,Will the US raise tariffs on Chinese EVs above 100% in 2026?,2026-06-10T22:00:00Z,0.4738,120000,20000,2026-06-21T00:00:00Z
trade-china-evs,Will the US raise tariffs on Chinese EVs above 100% in 2026?,2026-06-10T23:00:00Z,0.4716,120000,20000,2026-06-21T00:00:00Z
trade-china-evs,Will the US raise tariffs on Chinese EVs above 100% in 2026?,2026-06-11T00:00:00Z,0.4747,120000,20000,2026-06-21T00:00:00Z
trade-china-evs,Will the US raise tariffs on Chinese EVs above 100% in 2026?,2026-06-11T01:00:00Z,0.4888,120000,20000,2026-06-21T00:00:00Z
trade-china-evs,Will the US raise tariffs on Chinese EVs above 100% in 2026?,2026-06-11T02:00:00Z,0.4921,120000,20000,2026-06-21T00:00:00Z
trade-china-evs,Will the US raise tariffs on Chinese EVs above 100% in 2026?,2026-06-11T03:00:00Z,0.4888,120000,20000,2026-06-21T00:00:00Z
trade-china-evs,Will the US raise tariffs on Chinese EVs above 100% in 2026?,2026-06-11T04:00:00Z,0.4918,120000,20000,2026-06-21T00:00:00Z
trade-china-evs,Will the US raise tariffs on Chinese EVs above 100% in 2026?,2026-06-11T05:00:00Z,0.4948,120000,20000,2026-06-21T00:00:00Z
trade-china-evs,Will the US raise tariffs on Chinese EVs above 100% in 2026?,2026-06-11T06:00:00Z,0.4981,120000,20000,2026-06-21T00:00:00Z
trade-china-evs,Will the US raise tariffs on Chinese EVs above 100% in 2026?,2026-06-11T07:00:00Z,0.5,120000,20000,2026-06-21T00:00:00Z
trade-china-evs,Will the US raise tariffs on Chinese EVs above 100% in 2026?,2026-06-11T08:00:00Z,0.4987,120000,20000,2026-06-21T00:00:00Z
trade-china-evs,Will the US raise tariffs on Chinese EVs above 100% in 2026?,2026-06-11T09:00:00Z,0.496,120000,20000,2026-06-21T00:00:00Z
trade-china-evs,Will the US raise tariffs on Chinese EVs above 100% in 2026?,2026-06-11T10:00:00Z,0.494,120000,20000,2026-06-21T00:00:00Z
trade-china-evs,Will the US raise tariffs on Chinese EVs above 100% in 2026?,2026-06-11T11:00:00Z,0.4921,120000,20000,2026-06-21T00:00:00Z
trade-china-evs,Will the US raise tariffs on Chinese EVs above 100% in 2026?,2026-06-11T12:00:00Z,0.4988,120000,20000,2026-06-21T00:00:00Z
trade-china-evs,Will the US raise tariffs on Chinese EVs above 100% in 2026?,2026-06-11T13:00:00Z,0.4968,120000,20000,2026-06-21T00:00:00Z
trade-china-evs,Will the US raise tariffs on Chinese EVs above 100% in 2026?,2026-06-11T14:00:00Z,0.5063,120000,20000,2026-06-21T00:00:00Z
trade-china-evs,Will the US raise tariffs on Chinese EVs above 100% in 2026?,2026-06-11T15:00:00Z,0.513,120000,20000,2026-06-21T00:00:00Z
trade-china-evs,Will the US raise tariffs on Chinese EVs above 100% in 2026?,2026-06-11T16:00:00Z,0.5185,120000,20000,2026-06-21T00:00:00Z
trade-china-evs,Will the US raise tariffs on Chinese EVs above 100% in 2026?,2026-06-11T17:00:00Z,0.5221,120000,20000,2026-06-21T00:00:00Z
trade-china-evs,Will the US raise tariffs on Chinese EVs above 100% in 2026?,2026-06-11T18:00:00Z,0.5271,120000,20000,2026-06-21T00:00:00Z
trade-china-evs,Will the US raise tariffs on Chinese EVs above 100% in 2026?,2026-06-11T19:00:00Z,0.524,120000,20000,2026-06-21T00:00:00Z
trade-china-evs,Will the US raise tariffs on Chinese EVs above 100% in 2026?,2026-06-11T20:00:00Z,0.5198,120000,20000,2026-06-21T00:00:00Z
trade-china-evs,Will the US raise tariffs on Chinese EVs above 100% in 2026?,2026-06-11T21:00:00Z,0.5143,120000,20000,2026-06-21T00:00:00Z
trade-china-evs,Will the US raise tariffs on Chinese EVs above 100% in 2026?,2026-06-11T22:00:00Z,0.5123,120000,20000,2026-06-21T00:00:00Z
trade-china-evs,Will the US raise tariffs on Chinese EVs above 100% in 2026?,2026-06-11T23:00:00Z,0.5112,120000,20000,2026-06-21T00:00:00Z
trade-china-evs,Will the US raise tariffs on Chinese EVs above 100% in 2026?,2026-06-12T00:00:00Z,0.5095,120000,20000,2026-06-21T00:00:00Z
trade-china-evs,Will the US raise tariffs on Chinese EVs above 100% in 2026?,2026-06-12T01:00:00Z,0.5022,120000,20000,2026-06-21T00:00:00Z
trade-china-evs,Will the US raise tariffs on Chinese EVs above 100% in 2026?,2026-06-12T02:00:00Z,0.5037,120000,20000,2026-06-21T00:00:00Z
trade-china-evs,Will the US raise tariffs on Chinese EVs above 100% in 2026?,2026-06-12T03:00:00Z,0.5022,120000,20000,2026-06-21T00:00:00Z
trade-china-evs,Will the US raise tariffs on Chinese EVs above 100% in 2026?,2026-06-12T04:00:00Z,0.5019,120000,20000,2026-06-21T00:00:00Z
trade-china-evs,Will the US raise tariffs on Chinese EVs above 100% in 2026?,2026-06-12T05:00:00Z,0.5057,120000,20000,2026-06-21T00:00:00Z
trade-china-evs,Will the US raise tariffs on Chinese EVs above 100% in 2026?,2026-06-12T06:00:00Z,0.508,120000,20000,2026-06-21T00:00:00Z
trade-china-evs,Will the US raise tariffs on Chinese EVs above 100% in 2026?,2026-06-12T07:00:00Z,0.5114,120000,20000,2026-06-21T00:00:00Z
trade-china-evs,Will the US raise tariffs on Chinese EVs above 100% in 2026?,2026-06-12T08:00:00Z,0.509,120000,20000,2026-06-21T00:00:00Z
trade-china-evs,Will the US raise tariffs on Chinese EVs above 100% in 2026?,2026-06-12T09:00:00Z,0.5156,120000,20000,2026-06-21T00:00:00Z
trade-china-evs,Will the US raise tariffs on Chinese EVs above 100% in 2026?,2026-06-12T10:00:00Z,0.5241,120000,20000,2026-06-21T00:00:00Z
trade-china-evs,Will the US raise tariffs on Chinese EVs above 100% in 2026?,2026-06-12T11:00:00Z,0.5276,120000,20000,2026-06-21T00:00:00Z
trade-china-evs,Will the US raise tariffs on Chinese EVs above 100% in 2026?,2026-06-12T12:00:00Z,0.5316,120000,20000,2026-06-21T00:00:00Z
trade-china-evs,Will the US raise tariffs on Chinese EVs above 100% in 2026?,2026-06-12T13:00:00Z,0.5318,120000,20000,2026-06-21T00:00:00Z
trade-china-evs,Will the US raise tariffs on Chinese EVs above 100% in 2026?,2026-06-12T14:00:00Z,0.5331,120000,20000,2026-06-21T00:00:00Z
trade-china-evs,Will the US raise tariffs on Chinese EVs above 100% in 2026?,2026-06-12T15:00:00Z,0.531,120000,20000,2026-06-21T00:00:00Z
trade-china-evs,Will the US raise tariffs on Chinese EVs above 100% in 2026?,2026-06-12T16:00:00Z,0.5328,120000,20000,2026-06-21T00:00:00Z
trade-china-evs,Will the US raise tariffs on Chinese EVs above 100% in 2026?,2026-06-12T17:00:00Z,0.526,120000,20000,2026-06-21T00:00:00Z
trade-china-evs,Will the US raise tariffs on Chinese EVs above 100% in 2026?,2026-06-12T18:00:00Z,0.5257,120000,20000,2026-06-21T00:00:00Z
trade-china-evs,Will the US raise tariffs on Chinese EVs above 100% in 2026?,2026-06-12T19:00:00Z,0.5218,120000,20000,2026-06-21T00:00:00Z
trade-china-evs,Will the US raise tariffs on Chinese EVs above 100% in 2026?,2026-06-12T20:00:00Z,0.518,120000,20000,2026-06-21T00:00:00Z
trade-china-evs,Will the US raise tariffs on Chinese EVs above 100% in 2026?,2026-06-12T21:00:00Z,0.5229,120000,20000,2026-06-21T00:00:00Z
trade-china-evs,Will the US raise tariffs on Chinese EVs above 100% in 2026?,2026-06-12T22:00:00Z,0.5223,120000,20000,2026-06-21T00:00:00Z
trade-china-evs,Will the US raise tariffs on Chinese EVs above 100% in 2026?,2026-06-12T23:00:00Z,0.5274,120000,20000,2026-06-21T00:00:00Z
trade-china-evs,Will the US raise tariffs on Chinese EVs above 100% in 2026?,2026-06-13T00:00:00Z,0.5297,120000,20000,2026-06-21T00:00:00Z
trade-china-evs,Will the US raise tariffs on Chinese EVs above 100% in 2026?,2026-06-13T01:00:00Z,0.5337,120000,20000,2026-06-21T00:00:00Z
trade-china-evs,Will the US raise tariffs on Chinese EVs above 100% in 2026?,2026-06-13T02:00:00Z,0.5335,120000,20000,2026-06-21T00:00:00Z
trade-china-evs,Will the US raise tariffs on Chinese EVs above 100% in 2026?,2026-06-13T03:00:00Z,0.5336,120000,20000,2026-06-21T00:00:00Z
trade-china-evs,Will the US raise tariffs on Chinese EVs above 100% in 2026?,2026-06-13T04:00:00Z,0.5339,120000,20000,2026-06-21T00:00:00Z
trade-china-evs,Will the US raise tariffs on Chinese EVs above 100% in 2026?,2026-06-13T05:00:00Z,0.5354,120000,20000,2026-06-21T00:00:00Z
trade-china-evs,Will the US raise tariffs on Chinese EVs above 100% in 2026?,2026-06-13T06:00:00Z,0.5329,120000,20000,2026-06-21T00:00:00Z
trade-china-evs,Will the US raise tariffs on Chinese EVs above 100% in 2026?,2026-06-13T07:00:00Z,0.5373,120000,20000,2026-06-21T00:00:00Z
trade-china-evs,Will the US raise tariffs on Chinese EVs above 100% in 2026?,2026-06-13T08:00:00Z,0.5414,120000,20000,2026-06-21T00:00:00Z
trade-china-evs,Will the US raise tariffs on Chinese EVs above 100% in 2026?,2026-06-13T09:00:00Z,0.5418,120000,20000,2026-06-21T00:00:00Z
trade-china-evs,Will the US raise tariffs on Chinese EVs above 100% in 2026?,2026-06-13T10:00:00Z,0.5464,120000,20000,2026-06-21T00:00:00Z
trade-china-evs,Will the US raise tariffs on Chinese EVs above 100% in 2026?,2026-06-13T11:00:00Z,0.5482,120000,20000,2026-06-21T00:00:00Z
trade-china-evs,Will the US raise tariffs on Chinese EVs above 100% in 2026?,2026-06-13T12:00:00Z,0.5458,120000,20000,2026-06-21T00:00:00Z
trade-china-evs,Will the US raise tariffs on Chinese EVs above 100% in 2026?,2026-06-13T13:00:00Z,0.5429,120000,20000,2026-06-21T00:00:00Z
trade-china-evs,Will the US raise tariffs on Chinese EVs above 100% in 2026?,2026-06-13T14:00:00Z,0.5481,120000,20000,2026-06-21T00:00:00Z
trade-china-evs,Will the US raise tariffs on Chinese EVs above 100% in 2026?,2026-06-13T15:00:00Z,0.5465,120000,20000,2026-06-21T00:00:00Z
trade-china-evs,Will the US raise tariffs on Chinese EVs above 100% in 2026?,2026-06-13T16:00:00Z,0.5508,120000,20000,2026-06-21T00:00:00Z
trade-china-evs,Will the US raise tariffs on Chinese EVs above 100% in 2026?,2026-06-13T17:00:00Z,0.5559,120000,20000,2026-06-21T00:00:00Z
trade-china-evs,Will the US raise tariffs on Chinese EVs above 100% in 2026?,2026-06-13T18:00:00Z,0.5564,120000,20000,2026-06-21T00:00:00Z
trade-china-evs,Will the US raise tariffs on Chinese EVs above 100% in 2026?,2026-06-13T19:00:00Z,0.5548,120000,20000,2026-06-21T00:00:00Z
trade-china-evs,Will the US raise tariffs on Chinese EVs above 100% in 2026?,2026-06-13T20:00:00Z,0.5545,120000,20000,2026-06-21T00:00:00Z
trade-china-evs,Will the US raise tariffs on Chinese EVs above 100% in 2026?,2026-06-13T21:00:00Z,0.5546,120000,20000,2026-06-21T00:00:00Z
trade-china-evs,Will the US raise tariffs on Chinese EVs above 100% in 2026?,2026-06-13T22:00:00Z,0.5526,120000,20000,2026-06-21T00:00:00Z
trade-china-evs,Will the US raise tariffs on Chinese EVs above 100% in 2026?,2026-06-13T23:00:00Z,0.5503,120000,20000,2026-06-21T00:00:00Z
trade-china-evs,Will the US raise tariffs on Chinese EVs above 100% in 2026?,2026-06-14T00:00:00Z,0.5498,120000,20000,2026-06-21T00:00:00Z
trade-china-evs,Will the US raise tariffs on Chinese EVs above 100% in 2026?,2026-06-14T01:00:00Z,0.5509,120000,20000,2026-06-21T00:00:00Z
trade-china-evs,Will the US raise tariffs on Chinese EVs above 100% in 2026?,2026-06-14T02:00:00Z,0.555,120000,20000,2026-06-21T00:00:00Z
trade-china-evs,Will the US raise tariffs on Chinese EVs above 100% in 2026?,2026-06-14T03:00:00Z,0.5614,120000,20000,2026-06-21T00:00:00Z
trade-china-evs,Will the US raise tariffs on Chinese EVs above 100% in 2026?,2026-06-14T04:00:00Z,0.5598,120000,20000,2026-06-21T00:00:00Z
trade-china-evs,Will the US raise tariffs on Chinese EVs above 100% in 2026?,2026-06-14T05:00:00Z,0.5637,120000,20000,2026-06-21T00:00:00Z
trade-china-evs,Will the US raise tariffs on Chinese EVs above 100% in 2026?,2026-06-14T06:00:00Z,0.5627,120000,20000,2026-06-21T00:00:00Z
trade-china-evs,Will the US raise tariffs on Chinese EVs above 100% in 2026?,2026-06-14T07:00:00Z,0.5643,120000,20000,2026-06-21T00:00:00Z
trade-china-evs,Will the US raise tariffs on Chinese EVs above 100% in 2026?,2026-06-14T08:00:00Z,0.5631,120000,20000,2026-06-21T00:00:00Z
trade-china-evs,Will the US raise tariffs on Chinese EVs above 100% in 2026?,2026-06-14T09:00:00Z,0.5616,120000,20000,2026-06-21T00:00:00Z
trade-china-evs,Will the US raise tariffs on Chinese EVs above 100% in 2026?,2026-06-14T10:00:00Z,0.5599,120000,20000,2026-06-21T00:00:00Z
trade-china-evs,Will the US raise tariffs on Chinese EVs above 100% in 2026?,2026-06-14T11:00:00Z,0.5527,120000,20000,2026-06-21T00:00:00Z
trade-china-evs,Will the US raise tariffs on Chinese EVs above 100% in 2026?,2026-06-14T12:00:00Z,0.5518,120000,20000,2026-06-21T00:00:00Z
trade-china-evs,Will the US raise tariffs on Chinese EVs above 100% in 2026?,2026-06-14T13:00:00Z,0.5495,120000,20000,2026-06-21T00:00:00Z
trade-china-evs,Will the US raise tariffs on Chinese EVs above 100% in 2026?,2026-06-14T14:00:00Z,0.5529,120000,20000,2026-06-21T00:00:00Z
trade-china-evs,Will the US raise tariffs on Chinese EVs above 100% in 2026?,2026-06-14T15:00:00Z,0.5538,120000,20000,2026-06-21T00:00:00Z
trade-china-evs,Will the US raise tariffs on Chinese EVs above 100% in 2026?,2026-06-14T16:00:00Z,0.5606,120000,20000,2026-06-21T00:00:00Z
trade-china-evs,Will the US raise tariffs on Chinese EVs above 100% in 2026?,2026-06-14T17:00:00Z,0.5612,120000,20000,2026-06-21T00:00:00Z
trade-china-evs,Will the US raise tariffs on Chinese EVs above 100% in 2026?,2026-06-14T18:00:00Z,0.569,120000,20000,2026-06-21T00:00:00Z
trade-china-evs,Will the US raise tariffs on Chinese EVs above 100% in 2026?,2026-06-14T19:00:00Z,0.5696,120000,20000,2026-06-21T00:00:00Z
trade-china-evs,Will the US raise tariffs on Chinese EVs above 100% in 2026?,2026-06-14T20:00:00Z,0.566,120000,20000,2026-06-21T00:00:00Z
trade-china-evs,Will the US raise tariffs on Chinese EVs above 100% in 2026?,2026-06-14T21:00:00Z,0.5639,120000,20000,2026-06-21T00:00:00Z
trade-china-evs,Will the US raise tariffs on Chinese EVs above 100% in 2026?,2026-06-14T22:00:00Z,0.5594,120000,20000,2026-06-21T00:00:00Z
trade-china-evs,Will the US raise tariffs on Chinese EVs above 100% in 2026?,2026-06-14T23:00:00Z,0.5594,120000,20000,2026-06-21T00:00:00Z
trade-china-evs,Will the US raise tariffs on Chinese EVs above 100% in 2026?,2026-06-15T00:00:00Z,0.56,120000,20000,2026-06-21T00:00:00Z
trade-china-evs,Will the US raise tariffs on Chinese EVs above 100% in 2026?,2026-06-15T01:00:00Z,0.5606,120000,20000,2026-06-21T00:00:00Z
trade-china-evs,Will the US raise tariffs on Chinese EVs above 100% in 2026?,2026-06-15T02:00:00Z,0.5582,120000,20000,2026-06-21T00:00:00Z
trade-china-evs,Will the US raise tariffs on Chinese EVs above 100% in 2026?,2026-06-15T03:00:00Z,0.5569,120000,20000,2026-06-21T00:00:00Z
trade-china-evs,Will the US raise tariffs on Chinese EVs above 100% in 2026?,2026-06-15T04:00:00Z,0.5545,120000,20000,2026-06-21T00:00:00Z
trade-china-evs,Will the US raise tariffs on Chinese EVs above 100% in 2026?,2026-06-15T05:00:00Z,0.5543,120000,20000,2026-06-21T00:00:00Z
trade-china-evs,Will the US raise tariffs on Chinese EVs above 100% in 2026?,2026-06-15T06:00:00Z,0.5504,120000,20000,2026-06-21T00:00:00Z
trade-china-evs,Will the US raise tariffs on Chinese EVs above 100% in 2026?,2026-06-15T07:00:00Z,0.5498,120000,20000,2026-06-21T00:00:00Z
trade-china-evs,Will the US raise tariffs on Chinese EVs above 100% in 2026?,2026-06-15T08:00:00Z,0.5504,120000,20000,2026-06-21T00:00:00Z
trade-china-evs,Will the US raise tariffs on Chinese EVs above 100% in 2026?,2026-06-15T09:00:00Z,0.5459,120000,20000,2026-06-21T00:00:00Z
trade-china-evs,Will the US raise tariffs on Chinese EVs above 100% in 2026?,2026-06-15T10:00:00Z,0.5453,120000,20000,2026-06-21T00:00:00Z
trade-china-evs,Will the US raise tariffs on Chinese EVs above 100% in 2026?,2026-06-15T11:00:00Z,0.5401,120000,20000,2026-06-21T00:00:00Z
trade-china-evs,Will the US raise tariffs on Chinese EVs above 100% in 2026?,2026-06-15T12:00:00Z,0.5358,120000,20000,2026-06-21T00:00:00Z
trade-china-evs,Will the US raise tariffs on Chinese EVs above 100% in 2026?,2026-06-15T13:00:00Z,0.5294,120000,20000,2026-06-21T00:00:00Z
trade-china-evs,Will the US raise tariffs on Chinese EVs above 100% in 2026?,2026-06-15T14:00:00Z,0.5313,120000,20000,2026-06-21T00:00:00Z
trade-china-evs,Will the US raise tariffs on Chinese EVs above 100% in 2026?,2026-06-15T15:00:00Z,0.5291,120000,20000,2026-06-21T00:00:00Z
trade-china-evs,Will the US raise tariffs on Chinese EVs above 100% in 2026?,2026-06-15T16:00:00Z,0.5309,120000,20000,2026-06-21T00:00:00Z
trade-china-evs,Will the US raise tariffs on Chinese EVs above 100% in 2026?,2026-06-15T17:00:00Z,0.5281,120000,20000,2026-06-21T00:00:00Z
trade-china-evs,Will the US raise tariffs on Chinese EVs above 100% in 2026?,2026-06-15T18:00:00Z,0.5276,120000,20000,2026-06-21T00:00:00Z
trade-china-evs,Will the US raise tariffs on Chinese EVs above 100% in 2026?,2026-06-15T19:00:00Z,0.5285,120000,20000,2026-06-21T00:00:00Z
trade-china-evs,Will the US raise tariffs on Chinese EVs above 100% in 2026?,2026-06-15T20:00:00Z,0.525,120000,20000,2026-06-21T00:00:00Z
trade-china-evs,Will the US raise tariffs on Chinese EVs above 100% in 2026?,2026-06-15T21:00:00Z,0.5231,120000,20000,2026-06-21T00:00:00Z
trade-china-evs,Will the US raise tariffs on Chinese EVs above 100% in 2026?,2026-06-15T22:00:00Z,0.5217,120000,20000,2026-06-21T00:00:00Z
trade-china-evs,Will the US raise tariffs on Chinese EVs above 100% in 2026?,2026-06-15T23:00:00Z,0.524,120000,20000,2026-06-21T00:00:00Z
trade-china-evs,Will the US raise tariffs on Chinese EVs above 100% in 2026?,2026-06-16T00:00:00Z,0.527,120000,20000,2026-06-21T00:00:00Z
trade-china-evs,Will the US raise tariffs on Chinese EVs above 100% in 2026?,2026-06-16T01:00:00Z,0.5238,120000,20000,2026-06-21T00:00:00Z
trade-china-evs,Will the US raise tariffs on Chinese EVs above 100% in 2026?,2026-06-16T02:00:00Z,0.5209,120000,20000,2026-06-21T00:00:00Z
trade-china-evs,Will the US raise tariffs on Chinese EVs above 100% in 2026?,2026-06-16T03:00:00Z,0.5209,120000,20000,2026-06-21T00:00:00Z
trade-china-evs,Will the US raise tariffs on Chinese EVs above 100% in 2026?,2026-06-16T04:00:00Z,0.5197,120000,20000,2026-06-21T00:00:00Z
trade-china-evs,Will the US raise tariffs on Chinese EVs above 100% in 2026?,2026-06-16T05:00:00Z,0.5192,120000,20000,2026-06-21T00:00:00Z
trade-china-evs,Will the US raise tariffs on Chinese EVs above 100% in 2026?,2026-06-16T06:00:00Z,0.5135,120000,20000,2026-06-21T00:00:00Z
trade-china-evs,Will the US raise tariffs on Chinese EVs above 100% in 2026?,2026-06-16T07:00:00Z,0.5127,120000,20000,2026-06-21T00:00:00Z
trade-china-evs,Will the US raise tariffs on Chinese EVs above 100% in 2026?,2026-06-16T08:00:00Z,0.518,120000,20000,2026-06-21T00:00:00Z
trade-china-evs,Will the US raise tariffs on Chinese EVs above 100% in 2026?,2026-06-16T09:00:00Z,0.5154,120000,20000,2026-06-21T00:00:00Z
trade-china-evs,Will the US raise tariffs on Chinese EVs above 100% in 2026?,2026-06-16T10:00:00Z,0.5175,120000,20000,2026-06-21T00:00:00Z
trade-china-evs,Will the US raise tariffs on Chinese EVs above 100% in 2026?,2026-06-16T11:00:00Z,0.5141,120000,20000,2026-06-21T00:00:00Z
trade-china-evs,Will the US raise tariffs on Chinese EVs above 100% in 2026?,2026-06-16T12:00:00Z,0.5082,120000,20000,2026-06-21T00:00:00Z
trade-china-evs,Will the US raise tariffs on Chinese EVs above 100% in 2026?,2026-06-16T13:00:00Z,0.5036,120000,20000,2026-06-21T00:00:00Z
trade-china-evs,Will the US raise tariffs on Chinese EVs above 100% in 2026?,2026-06-16T14:00:00Z,0.5085,120000,20000,2026-06-21T00:00:00Z
trade-china-evs,Will the US raise tariffs on Chinese EVs above 100% in 2026?,2026-06-16T15:00:00Z,0.5064,120000,20000,2026-06-21T00:00:00Z
trade-china-evs,Will the US raise tariffs on Chinese EVs above 100% in 2026?,2026-06-16T16:00:00Z,0.5032,120000,20000,2026-06-21T00:00:00Z
trade-china-evs,Will the US raise tariffs on Chinese EVs above 100% in 2026?,2026-06-16T17:00:00Z,0.5023,120000,20000,2026-06-21T00:00:00Z
trade-china-evs,Will the US raise tariffs on Chinese EVs above 100% in 2026?,2026-06-16T18:00:00Z,0.5031,120000,20000,2026-06-21T00:00:00Z
trade-china-evs,Will the US raise tariffs on Chinese EVs above 100% in 2026?,2026-06-16T19:00:00Z,0.5053,120000,20000,2026-06-21T00:00:00Z
trade-china-evs,Will the US raise tariffs on Chinese EVs above 100% in 2026?,2026-06-16T20:00:00Z,0.5039,120000,20000,2026-06-21T00:00:00Z
trade-china-evs,Will the US raise tariffs on Chinese EVs above 100% in 2026?,2026-06-16T21:00:00Z,0.5022,120000,20000,2026-06-21T00:00:00Z
trade-china-evs,Will the US raise tariffs on Chinese EVs above 100% in 2026?,2026-06-16T22:00:00Z,0.4958,120000,20000,2026-06-21T00:00:00Z
trade-china-evs,Will the US raise tariffs on Chinese EVs above 100% in 2026?,2026-06-16T23:00:00Z,0.4993,120000,20000,2026-06-21T00:00:00Z
trade-china-evs,Will the US raise tariffs on Chinese EVs above 100% in 2026?,2026-06-17T00:00:00Z,0.4982,120000,20000,2026-06-21T00:00:00Z
trade-china-evs,Will the US raise tariffs on Chinese EVs above 100% in 2026?,2026-06-17T01:00:00Z,0.4979,120000,20000,2026-06-21T00:00:00Z
trade-china-evs,Will the US raise tariffs on Chinese EVs above 100% in 2026?,2026-06-17T02:00:00Z,0.4951,120000,20000,2026-06-21T00:00:00Z
trade-china-evs,Will the US raise tariffs on Chinese EVs above 100% in 2026?,2026-06-17T03:00:00Z,0.4941,120000,20000,2026-06-21T00:00:00Z
trade-china-evs,Will the US raise tariffs on Chinese EVs above 100% in 2026?,2026-06-17T04:00:00Z,0.4924,120000,20000,2026-06-21T00:00:00Z
trade-china-evs,Will the US raise tariffs on Chinese EVs above 100% in 2026?,2026-06-17T05:00:00Z,0.4907,120000,20000,2026-06-21T00:00:00Z
trade-china-evs,Will the US raise tariffs on Chinese EVs above 100% in 2026?,2026-06-17T06:00:00Z,0.4888,120000,20000,2026-06-21T00:00:00Z
trade-china-evs,Will the US raise tariffs on Chinese EVs above 100% in 2026?,2026-06-17T07:00:00Z,0.4882,120000,20000,2026-06-21T00:00:00Z
trade-china-evs,Will the US raise tariffs on Chinese EVs above 100% in 2026?,2026-06-17T08:00:00Z,0.489,120000,20000,2026-06-21T00:00:00Z
trade-china-evs,Will the US raise tariffs on Chinese EVs above 100% in 2026?,2026-06-17T09:00:00Z,0.4837,120000,20000,2026-06-21T00:00:00Z
trade-china-evs,Will the US raise tariffs on Chinese EVs above 100% in 2026?,2026-06-17T10:00:00Z,0.4818,120000,20000,2026-06-21T00:00:00Z
trade-china-evs,Will the US raise tariffs on Chinese EVs above 100% in 2026?,2026-06-17T11:00:00Z,0.4843,120000,20000,2026-06-21T00:00:00Z
trade-china-evs,Will the US raise tariffs on Chinese EVs above 100% in 2026?,2026-06-17T12:00:00Z,0.4847,120000,20000,2026-06-21T00:00:00Z
trade-china-evs,Will the US raise tariffs on Chinese EVs above 100% in 2026?,2026-06-17T13:00:00Z,0.4814,120000,20000,2026-06-21T00:00:00Z
trade-china-evs,Will the US raise tariffs on Chinese EVs above 100% in 2026?,2026-06-17T14:00:00Z,0.48,120000,20000,2026-06-21T00:00:00Z
trade-china-evs,Will the US raise tariffs on Chinese EVs above 100% in 2026?,2026-06-17T15:00:00Z,0.4806,120000,20000,2026-06-21T00:00:00Z
trade-china-evs,Will the US raise tariffs on Chinese EVs above 100% in 2026?,2026-06-17T16:00:00Z,0.4805,120000,20000,2026-06-21T00:00:00Z
trade-china-evs,Will the US raise tariffs on Chinese EVs above 100% in 2026?,2026-06-17T17:00:00Z,0.4811,120000,20000,2026-06-21T00:00:00Z
trade-china-evs,Will the US raise tariffs on Chinese EVs above 100% in 2026?,2026-06-17T18:00:00Z,0.4792,120000,20000,2026-06-21T00:00:00Z
trade-china-evs,Will the US raise tariffs on Chinese EVs above 100% in 2026?,2026-06-17T19:00:00Z,0.4787,120000,20000,2026-06-21T00:00:00Z
trade-china-evs,Will the US raise tariffs on Chinese EVs above 100% in 2026?,2026-06-17T20:00:00Z,0.4815,120000,20000,2026-06-21T00:00:00Z
trade-china-evs,Will the US raise tariffs on Chinese EVs above 100% in 2026?,2026-06-17T21:00:00Z,0.4826,120000,20000,2026-06-21T00:00:00Z
trade-china-evs,Will the US raise tariffs on Chinese EVs above 100% in 2026?,2026-06-17T22:00:00Z,0.4824,120000,20000,2026-06-21T00:00:00Z
trade-china-evs,Will the US raise tariffs on Chinese EVs above 100% in 2026?,2026-06-17T23:00:00Z,0.4833,120000,20000,2026-06-21T00:00:00Z
trade-china-evs,Will the US raise tariffs on Chinese EVs above 100% in 2026?,2026-06-18T00:00:00Z,0.4844,120000,20000,2026-06-21T00:00:00Z
trade-china-evs,Will the US raise tariffs on Chinese EVs above 100% in 2026?,2026-06-18T01:00:00Z,0.4829,120000,20000,2026-06-21T00:00:00Z
trade-china-evs,Will the US raise tariffs on Chinese EVs above 100% in 2026?,2026-06-18T02:00:00Z,0.4837,120000,20000,2026-06-21T00:00:00Z
trade-china-evs,Will the US raise tariffs on Chinese EVs above 100% in 2026?,2026-06-18T03:00:00Z,0.4843,120000,20000,2026-06-21T00:00:00Z
trade-china-evs,Will the US raise tariffs on Chinese EVs above 100% in 2026?,2026-06-18T04:00:00Z,0.4816,120000,20000,2026-06-21T00:00:00Z
trade-china-evs,Will the US raise tariffs on Chinese EVs above 100% in 2026?,2026-06-18T05:00:00Z,0.4811,120000,20000,2026-06-21T00:00:00Z
trade-china-evs,Will the US raise tariffs on Chinese EVs above 100% in 2026?,2026-06-18T06:00:00Z,0.4808,120000,20000,2026-06-21T00:00:00Z
trade-china-evs,Will the US raise tariffs on Chinese EVs above 100% in 2026?,2026-06-18T07:00:00Z,0.4768,120000,20000,2026-06-21T00:00:00Z
trade-china-evs,Will the US raise tariffs on Chinese EVs above 100% in 2026?,2026-06-18T08:00:00Z,0.4773,120000,20000,2026-06-21T00:00:00Z
trade-china-evs,Will the US raise tariffs on Chinese EVs above 100% in 2026?,2026-06-18T09:00:00Z,0.4745,120000,20000,2026-06-21T00:00:00Z
trade-china-evs,Will the US raise tariffs on Chinese EVs above 100% in 2026?,2026-06-18T10:00:00Z,0.475,120000,20000,2026-06-21T00:00:00Z
trade-china-evs,Will the US raise tariffs on Chinese EVs above 100% in 2026?,2026-06-18T11:00:00Z,0.4754,120000,20000,2026-06-21T00:00:00Z
trade-china-evs,Will the US raise tariffs on Chinese EVs above 100% in 2026?,2026-06-18T12:00:00Z,0.475,120000,20000,2026-06-21T00:00:00Z
trade-china-evs,Will the US raise tariffs on Chinese EVs above 100% in 2026?,2026-06-18T13:00:00Z,0.4749,120000,20000,2026-06-21T00:00:00Z
trade-china-evs,Will the US raise tariffs on Chinese EVs above 100% in 2026?,2026-06-18T14:00:00Z,0.4753,120000,20000,2026-06-21T00:00:00Z
trade-china-evs,Will the US raise tariffs on Chinese EVs above 100% in 2026?,2026-06-18T15:00:00Z,0.4736,120000,20000,2026-06-21T00:00:00Z
trade-china-evs,Will the US raise tariffs on Chinese EVs above 100% in 2026?,2026-06-18T16:00:00Z,0.4759,120000,20000,2026-06-21T00:00:00Z
trade-china-evs,Will the US raise tariffs on Chinese EVs above 100% in 2026?,2026-06-18T17:00:00Z,0.4748,120000,20000,2026-06-21T00:00:00Z
trade-china-evs,Will the US raise tariffs on Chinese EVs above 100% in 2026?,2026-06-18T18:00:00Z,0.4782,120000,20000,2026-06-21T00:00:00Z
trade-china-evs,Will the US raise tariffs on Chinese EVs above 100% in 2026?,2026-06-18T19:00:00Z,0.4778,120000,20000,2026-06-21T00:00:00Z
trade-china-evs,Will the US raise tariffs on Chinese EVs above 100% in 2026?,2026-06-18T20:00:00Z,0.4727,120000,20000,2026-06-21T00:00:00Z
trade-china-evs,Will the US raise tariffs on Chinese EVs above 100% in 2026?,2026-06-18T21:00:00Z,0.4717,120000,20000,2026-06-21T00:00:00Z
trade-china-evs,Will the US raise tariffs on Chinese EVs above 100% in 2026?,2026-06-18T22:00:00Z,0.4749,120000,20000,2026-06-21T00:00:00Z
trade-china-evs,Will the US raise tariffs on Chinese EVs above 100% in 2026?,2026-06-18T23:00:00Z,0.476,120000,20000,2026-06-21T00:00:00Z
trade-china-evs,Will the US raise tariffs on Chinese EVs above 100% in 2026?,2026-06-19T00:00:00Z,0.4768,120000,20000,2026-06-21T00:00:00Z
trade-china-evs,Will the US raise tariffs on Chinese EVs above 100% in 2026?,2026-06-19T01:00:00Z,0.4752,120000,20000,2026-06-21T00:00:00Z
trade-china-evs,Will the US raise tariffs on Chinese EVs above 100% in 2026?,2026-06-19T02:00:00Z,0.4738,120000,20000,2026-06-21T00:00:00Z
trade-china-evs,Will the US raise tariffs on Chinese EVs above 100% in 2026?,2026-06-19T03:00:00Z,0.4729,120000,20000,2026-06-21T00:00:00Z
trade-china-evs,Will the US raise tariffs on Chinese EVs above 100% in 2026?,2026-06-19T04:00:00Z,0.4754,120000,20000,2026-06-21T00:00:00Z
trade-china-evs,Will the US raise tariffs on Chinese EVs above 100% in 2026?,2026-06-19T05:00:00Z,0.4741,120000,20000,2026-06-21T00:00:00Z
trade-china-evs,Will the US raise tariffs on Chinese EVs above 100% in 2026?,2026-06-19T06:00:00Z,0.4729,120000,20000,2026-06-21T00:00:00Z
trade-china-evs,Will the US raise tariffs on Chinese EVs above 100% in 2026?,2026-06-19T07:00:00Z,0.4694,120000,20000,2026-06-21T00:00:00Z
trade-china-evs,Will the US raise tariffs on Chinese EVs above 100% in 2026?,2026-06-19T08:00:00Z,0.4686,120000,20000,2026-06-21T00:00:00Z
trade-china-evs,Will the US raise tariffs on Chinese EVs above 100% in 2026?,2026-06-19T09:00:00Z,0.4691,120000,20000,2026-06-21T00:00:00Z
trade-china-evs,Will the US raise tariffs on Chinese EVs above 100% in 2026?,2026-06-19T10:00:00Z,0.4684,120000,20000,2026-06-21T00:00:00Z
trade-china-evs,Will the US raise tariffs on Chinese EVs above 100% in 2026?,2026-06-19T11:00:00Z,0.4707,120000,20000,2026-06-21T00:00:00Z
trade-china-evs,Will the US raise tariffs on Chinese EVs above 100% in 2026?,2026-06-19T12:00:00Z,0.4684,120000,20000,2026-06-21T00:00:00Z
trade-china-evs,Will the US raise tariffs on Chinese EVs above 100% in 2026?,2026-06-19T13:00:00Z,0.4691,120000,20000,2026-06-21T00:00:00Z
trade-china-evs,Will the US raise tariffs on Chinese EVs above 100% in 2026?,2026-06-19T14:00:00Z,0.471,120000,20000,2026-06-21T00:00:00Z
trade-china-evs,Will the US raise tariffs on Chinese EVs above 100% in 2026?,2026-06-19T15:00:00Z,0.4726,120000,20000,2026-06-21T00:00:00Z
trade-china-evs,Will the US raise tariffs on Chinese EVs above 100% in 2026?,2026-06-19T16:00:00Z,0.4742,120000,20000,2026-06-21T00:00:00Z
trade-china-evs,Will the US raise tariffs on Chinese EVs above 100% in 2026?,2026-06-19T17:00:00Z,0.4731,120000,20000,2026-06-21T00:00:00Z
trade-china-evs,Will the US raise tariffs on Chinese EVs above 100% in 2026?,2026-06-19T18:00:00Z,0.4741,120000,20000,2026-06-21T00:00:00Z
trade-china-evs,Will the US raise tariffs on Chinese EVs above 100% in 2026?,2026-06-19T19:00:00Z,0.4736,120000,20000,2026-06-21T00:00:00Z
trade-china-evs,Will the US raise tariffs on Chinese EVs above 100% in 2026?,2026-06-19T20:00:00Z,0.4744,120000,20000,2026-06-21T00:00:00Z
trade-china-evs,Will the US raise tariffs on Chinese EVs above 100% in 2026?,2026-06-19T21:00:00Z,0.47,120000,20000,2026-06-21T00:00:00Z
trade-china-evs,Will the US raise tariffs on Chinese EVs above 100% in 2026?,2026-06-19T22:00:00Z,0.4697,120000,20000,2026-06-21T00:00:00Z
trade-china-evs,Will the US raise tariffs on Chinese EVs above 100% in 2026?,2026-06-19T23:00:00Z,0.4649,120000,20000,2026-06-21T00:00:00Z
trade-china-evs,Will the US raise tariffs on Chinese EVs above 100% in 2026?,2026-06-20T00:00:00Z,0.4637,120000,20000,2026-06-21T00:00:00Z
opec-cut-jul,Will OPEC+ announce a production cut in July 2026?,2026-06-06T00:00:00Z,0.43,70000,12000,2026-06-21T00:00:00Z
opec-cut-jul,Will OPEC+ announce a production cut in July 2026?,2026-06-06T01:00:00Z,0.4222,70000,12000,2026-06-21T00:00:00Z
opec-cut-jul,Will OPEC+ announce a production cut in July 2026?,2026-06-06T02:00:00Z,0.4287,70000,12000,2026-06-21T00:00:00Z
opec-cut-jul,Will OPEC+ announce a production cut in July 2026?,2026-06-06T03:00:00Z,0.4418,70000,12000,2026-06-21T00:00:00Z
opec-cut-jul,Will OPEC+ announce a production cut in July 2026?,2026-06-06T04:00:00Z,0.4403,70000,12000,2026-06-21T00:00:00Z
opec-cut-jul,Will OPEC+ announce a production cut in July 2026?,2026-06-06T05:00:00Z,0.4328,70000,12000,2026-06-21T00:00:00Z
opec-cut-jul,Will OPEC+ announce a production cut in July 2026?,2026-06-06T06:00:00Z,0.4188,70000,12000,2026-06-21T00:00:00Z
opec-cut-jul,Will OPEC+ announce a production cut in July 2026?,2026-06-06T07:00:00Z,0.418,70000,12000,2026-06-21T00:00:00Z
opec-cut-jul,Will OPEC+ announce a production cut in July 2026?,2026-06-06T08:00:00Z,0.4261,70000,12000,2026-06-21T00:00:00Z
opec-cut-jul,Will OPEC+ announce a production cut in July 2026?,2026-06-06T09:00:00Z,0.4255,70000,12000,2026-06-21T00:00:00Z
opec-cut-jul,Will OPEC+ announce a production cut in July 2026?,2026-06-06T10:00:00Z,0.4158,70000,12000,2026-06-21T00:00:00Z
opec-cut-jul,Will OPEC+ announce a production cut in July 2026?,2026-06-06T11:00:00Z,0.4279,70000,12000,2026-06-21T00:00:00Z
opec-cut-jul,Will OPEC+ announce a production cut in July 2026?,2026-06-06T12:00:00Z,0.4296,70000,12000,2026-06-21T00:00:00Z
opec-cut-jul,Will OPEC+ announce a production cut in July 2026?,2026-06-06T13:00:00Z,0.4236,70000,12000,2026-06-21T00:00:00Z
opec-cut-jul,Will OPEC+ announce a production cut in July 2026?,2026-06-06T14:00:00Z,0.4256,70000,12000,2026-06-21T00:00:00Z
opec-cut-jul,Will OPEC+ announce a production cut in July 2026?,2026-06-06T15:00:00Z,0.4394,70000,12000,2026-06-21T00:00:00Z
opec-cut-jul,Will OPEC+ announce a production cut in July 2026?,2026-06-06T16:00:00Z,0.4378,70000,12000,2026-06-21T00:00:00Z
opec-cut-jul,Will OPEC+ announce a production cut in July 2026?,2026-06-06T17:00:00Z,0.4311,70000,12000,2026-06-21T00:00:00Z
opec-cut-jul,Will OPEC+ announce a production cut in July 2026?,2026-06-06T18:00:00Z,0.4368,70000,12000,2026-06-21T00:00:00Z
opec-cut-jul,Will OPEC+ announce a production cut in July 2026?,2026-06-06T19:00:00Z,0.4413,70000,12000,2026-06-21T00:00:00Z
opec-cut-jul,Will OPEC+ announce a production cut in July 2026?,2026-06-06T20:00:00Z,0.4327,70000,12000,2026-06-21T00:00:00Z
opec-cut-jul,Will OPEC+ announce a production cut in July 2026?,2026-06-06T21:00:00Z,0.4331,70000,12000,2026-06-21T00:00:00Z
opec-cut-jul,Will OPEC+ announce a production cut in July 2026?,2026-06-06T22:00:00Z,0.4394,70000,12000,2026-06-21T00:00:00Z
opec-cut-jul,Will OPEC+ announce a production cut in July 2026?,2026-06-06T23:00:00Z,0.4302,70000,12000,2026-06-21T00:00:00Z
opec-cut-jul,Will OPEC+ announce a production cut in July 2026?,2026-06-07T00:00:00Z,0.4329,70000,12000,2026-06-21T00:00:00Z
opec-cut-jul,Will OPEC+ announce a production cut in July 2026?,2026-06-07T01:00:00Z,0.4422,70000,12000,2026-06-21T00:00:00Z
opec-cut-jul,Will OPEC+ announce a production cut in July 2026?,2026-06-07T02:00:00Z,0.4323,70000,12000,2026-06-21T00:00:00Z
opec-cut-jul,Will OPEC+ announce a production cut in July 2026?,2026-06-07T03:00:00Z,0.4202,70000,12000,2026-06-21T00:00:00Z
opec-cut-jul,Will OPEC+ announce a production cut in July 2026?,2026-06-07T04:00:00Z,0.4385,70000,12000,2026-06-21T00:00:00Z
opec-cut-jul,Will OPEC+ announce a production cut in July 2026?,2026-06-07T05:00:00Z,0.4331,70000,12000,2026-06-21T00:00:00Z
opec-cut-jul,Will OPEC+ announce a production cut in July 2026?,2026-06-07T06:00:00Z,0.4263,70000,12000,2026-06-21T00:00:00Z
opec-cut-jul,Will OPEC+ announce a production cut in July 2026?,2026-06-07T07:00:00Z,0.4284,70000,12000,2026-06-21T00:00:00Z
opec-cut-jul,Will OPEC+ announce a production cut in July 2026?,2026-06-07T08:00:00Z,0.438,70000,12000,2026-06-21T00:00:00Z
opec-cut-jul,Will OPEC+ announce a production cut in July 2026?,2026-06-07T09:00:00Z,0.4239,70000,12000,2026-06-21T00:00:00Z
opec-cut-jul,Will OPEC+ announce a production cut in July 2026?,2026-06-07T10:00:00Z,0.422,70000,12000,2026-06-21T00:00:00Z
opec-cut-jul,Will OPEC+ announce a production cut in July 2026?,2026-06-07T11:00:00Z,0.4262,70000,12000,2026-06-21T00:00:00Z
opec-cut-jul,Will OPEC+ announce a production cut in July 2026?,2026-06-07T12:00:00Z,0.4394,70000,12000,2026-06-21T00:00:00Z
opec-cut-jul,Will OPEC+ announce a production cut in July 2026?,2026-06-07T13:00:00Z,0.4447,70000,12000,2026-06-21T00:00:00Z
opec-cut-jul,Will OPEC+ announce a production cut in July 2026?,2026-06-07T14:00:00Z,0.4527,70000,12000,2026-06-21T00:00:00Z
opec-cut-jul,Will OPEC+ announce a production cut in July 2026?,2026-06-07T15:00:00Z,0.4522,70000,12000,2026-06-21T00:00:00Z
opec-cut-jul,Will OPEC+ announce a production cut in July 2026?,2026-06-07T16:00:00Z,0.4496,70000,12000,2026-06-21T00:00:00Z
opec-cut-jul,Will OPEC+ announce a production cut in July 2026?,2026-06-07T17:00:00Z,0.4529,70000,12000,2026-06-21T00:00:00Z
opec-cut-jul,Will OPEC+ announce a production cut in July 2026?,2026-06-07T18:00:00Z,0.4545,70000,12000,2026-06-21T00:00:00Z
opec-cut-jul,Will OPEC+ announce a production cut in July 2026?,2026-06-07T19:00:00Z,0.4678,70000,12000,2026-06-21T00:00:00Z
opec-cut-jul,Will OPEC+ announce a production cut in July 2026?,2026-06-07T20:00:00Z,0.467,70000,12000,2026-06-21T00:00:00Z
opec-cut-jul,Will OPEC+ announce a production cut in July 2026?,2026-06-07T21:00:00Z,0.4692,70000,12000,2026-06-21T00:00:00Z
opec-cut-jul,Will OPEC+ announce a production cut in July 2026?,2026-06-07T22:00:00Z,0.4584,70000,12000,2026-06-21T00:00:00Z
opec-cut-jul,Will OPEC+ announce a production cut in July 2026?,2026-06-07T23:00:00Z,0.4621,70000,12000,2026-06-21T00:00:00Z
opec-cut-jul,Will OPEC+ announce a production cut in July 2026?,2026-06-08T00:00:00Z,0.4718,70000,12000,2026-06-21T00:00:00Z
opec-cut-jul,Will OPEC+ announce a production cut in July 2026?,2026-06-08T01:00:00Z,0.4724,70000,12000,2026-06-21T00:00:00Z
opec-cut-jul,Will OPEC+ announce a production cut in July 2026?,2026-06-08T02:00:00Z,0.4742,70000,12000,2026-06-21T00:00:00Z
opec-cut-jul,Will OPEC+ announce a production cut in July 2026?,2026-06-08T03:00:00Z,0.4739,70000,12000,2026-06-21T00:00:00Z
opec-cut-jul,Will OPEC+ announce a production cut in July 2026?,2026-06-08T04:00:00Z,0.4738,70000,12000,2026-06-21T00:00:00Z
opec-cut-jul,Will OPEC+ announce a production cut in July 2026?,2026-06-08T05:00:00Z,0.4784,70000,12000,2026-06-21T00:00:00Z
opec-cut-jul,Will OPEC+ announce a production cut in July 2026?,2026-06-08T06:00:00Z,0.4903,70000,12000,2026-06-21T00:00:00Z
opec-cut-jul,Will OPEC+ announce a production cut in July 2026?,2026-06-08T07:00:00Z,0.4927,70000,12000,2026-06-21T00:00:00Z
opec-cut-jul,Will OPEC+ announce a production cut in July 2026?,2026-06-08T08:00:00Z,0.495,70000,12000,2026-06-21T00:00:00Z
opec-cut-jul,Will OPEC+ announce a production cut in July 2026?,2026-06-08T09:00:00Z,0.5001,70000,12000,2026-06-21T00:00:00Z
opec-cut-jul,Will OPEC+ announce a production cut in July 2026?,2026-06-08T10:00:00Z,0.5038,70000,12000,2026-06-21T00:00:00Z
opec-cut-jul,Will OPEC+ announce a production cut in July 2026?,2026-06-08T11:00:00Z,0.5009,70000,12000,2026-06-21T00:00:00Z
opec-cut-jul,Will OPEC+ announce a production cut in July 2026?,2026-06-08T12:00:00Z,0.5031,70000,12000,2026-06-21T00:00:00Z
opec-cut-jul,Will OPEC+ announce a production cut in July 2026?,2026-06-08T13:00:00Z,0.5037,70000,12000,2026-06-21T00:00:00Z
opec-cut-jul,Will OPEC+ announce a production cut in July 2026?,2026-06-08T14:00:00Z,0.4992,70000,12000,2026-06-21T00:00:00Z
opec-cut-jul,Will OPEC+ announce a production cut in July 2026?,2026-06-08T15:00:00Z,0.4943,70000,12000,2026-06-21T00:00:00Z
opec-cut-jul,Will OPEC+ announce a production cut in July 2026?,2026-06-08T16:00:00Z,0.5013,70000,12000,2026-06-21T00:00:00Z
opec-cut-jul,Will OPEC+ announce a production cut in July 2026?,2026-06-08T17:00:00Z,0.4921,70000,12000,2026-06-21T00:00:00Z
opec-cut-jul,Will OPEC+ announce a production cut in July 2026?,2026-06-08T18:00:00Z,0.4953,70000,12000,2026-06-21T00:00:00Z
opec-cut-jul,Will OPEC+ announce a production cut in July 2026?,2026-06-08T19:00:00Z,0.5089,70000,12000,2026-06-21T00:00:00Z
opec-cut-jul,Will OPEC+ announce a production cut in July 2026?,2026-06-08T20:00:00Z,0.5082,70000,12000,2026-06-21T00:00:00Z
opec-cut-jul,Will OPEC+ announce a production cut in July 2026?,2026-06-08T21:00:00Z,0.5077,70000,12000,2026-06-21T00:00:00Z
opec-cut-jul,Will OPEC+ announce a production cut in July 2026?,2026-06-08T22:00:00Z,0.5146,70000,12000,2026-06-21T00:00:00Z
opec-cut-jul,Will OPEC+ announce a production cut in July 2026?,2026-06-08T23:00:00Z,0.5099,70000,12000,2026-06-21T00:00:00Z
opec-cut-jul,Will OPEC+ announce a production cut in July 2026?,2026-06-09T00:00:00Z,0.5131,70000,12000,2026-06-21T00:00:00Z
opec-cut-jul,Will OPEC+ announce a production cut in July 2026?,2026-06-09T01:00:00Z,0.5133,70000,12000,2026-06-21T00:00:00Z
opec-cut-jul,Will OPEC+ announce a production cut in July 2026?,2026-06-09T02:00:00Z,0.5107,70000,12000,2026-06-21T00:00:00Z
opec-cut-jul,Will OPEC+ announce a production cut in July 2026?,2026-06-09T03:00:00Z,0.511,70000,12000,2026-06-21T00:00:00Z
opec-cut-jul,Will OPEC+ announce a production cut in July 2026?,2026-06-09T04:00:00Z,0.5109,70000,12000,2026-06-21T00:00:00Z
opec-cut-jul,Will OPEC+ announce a production cut in July 2026?,2026-06-09T05:00:00Z,0.5093,70000,12000,2026-06-21T00:00:00Z
opec-cut-jul,Will OPEC+ announce a production cut in July 2026?,2026-06-09T06:00:00Z,0.513,70000,12000,2026-06-21T00:00:00Z
opec-cut-jul,Will OPEC+ announce a production cut in July 2026?,2026-06-09T07:00:00Z,0.5167,70000,12000,2026-06-21T00:00:00Z
opec-cut-jul,Will OPEC+ announce a production cut in July 2026?,2026-06-09T08:00:00Z,0.5129,70000,12000,2026-06-21T00:00:00Z
opec-cut-jul,Will OPEC+ announce a production cut in July 2026?,2026-06-09T09:00:00Z,0.512,70000,12000,2026-06-21T00:00:00Z
opec-cut-jul,Will OPEC+ announce a production cut in July 2026?,2026-06-09T10:00:00Z,0.5243,70000,12000,2026-06-21T00:00:00Z
opec-cut-jul,Will OPEC+ announce a production cut in July 2026?,2026-06-09T11:00:00Z,0.5349,70000,12000,2026-06-21T00:00:00Z
opec-cut-jul,Will OPEC+ announce a production cut in July 2026?,2026-06-09T12:00:00Z,0.5431,70000,12000,2026-06-21T00:00:00Z
opec-cut-jul,Will OPEC+ announce a production cut in July 2026?,2026-06-09T13:00:00Z,0.5392,70000,12000,2026-06-21T00:00:00Z
opec-cut-jul,Will OPEC+ announce a production cut in July 2026?,2026-06-09T14:00:00Z,0.538,70000,12000,2026-06-21T00:00:00Z
opec-cut-jul,Will OPEC+ announce a production cut in July 2026?,2026-06-09T15:00:00Z,0.5426,70000,12000,2026-06-21T00:00:00Z
opec-cut-jul,Will OPEC+ announce a production cut in July 2026?,2026-06-09T16:00:00Z,0.5492,70000,12000,2026-06-21T00:00:00Z
opec-cut-jul,Will OPEC+ announce a production cut in July 2026?,2026-06-09T17:00:00Z,0.5484,70000,12000,2026-06-21T00:00:00Z
opec-cut-jul,Will OPEC+ announce a production cut in July 2026?,2026-06-09T18:00:00Z,0.5514,70000,12000,2026-06-21T00:00:00Z
opec-cut-jul,Will OPEC+ announce a production cut in July 2026?,2026-06-09T19:00:00Z,0.5501,70000,12000,2026-06-21T00:00:00Z
opec-cut-jul,Will OPEC+ announce a production cut in July 2026?,2026-06-09T20:00:00Z,0.5531,70000,12000,2026-06-21T00:00:00Z
opec-cut-jul,Will OPEC+ announce a production cut in July 2026?,2026-06-09T21:00:00Z,0.547,70000,12000,2026-06-21T00:00:00Z
opec-cut-jul,Will OPEC+ announce a production cut in July 2026?,2026-06-09T22:00:00Z,0.5384,70000,12000,2026-06-21T00:00:00Z
opec-cut-jul,Will OPEC+ announce a production cut in July 2026?,2026-06-09T23:00:00Z,0.5342,70000,12000,2026-06-21T00:00:00Z
opec-cut-jul,Will OPEC+ announce a production cut in July 2026?,2026-06-10T00:00:00Z,0.5373,70000,12000,2026-06-21T00:00:00Z
opec-cut-jul,Will OPEC+ announce a production cut in July 2026?,2026-06-10T01:00:00Z,0.541,70000,12000,2026-06-21T00:00:00Z
opec-cut-jul,Will OPEC+ announce a production cut in July 2026?,2026-06-10T02:00:00Z,0.5376,70000,12000,2026-06-21T00:00:00Z
opec-cut-jul,Will OPEC+ announce a production cut in July 2026?,2026-06-10T03:00:00Z,0.5337,70000,12000,2026-06-21T00:00:00Z
opec-cut-jul,Will OPEC+ announce a production cut in July 2026?,2026-06-10T04:00:00Z,0.5338,70000,12000,2026-06-21T00:00:00Z
opec-cut-jul,Will OPEC+ announce a production cut in July 2026?,2026-06-10T05:00:00Z,0.5343,70000,12000,2026-06-21T00:00:00Z
opec-cut-jul,Will OPEC+ announce a production cut in July 2026?,2026-06-10T06:00:00Z,0.5336,70000,12000,2026-06-21T00:00:00Z
opec-cut-jul,Will OPEC+ announce a production cut in July 2026?,2026-06-10T07:00:00Z,0.5345,70000,12000,2026-06-21T00:00:00Z
opec-cut-jul,Will OPEC+ announce a production cut in July 2026?,2026-06-10T08:00:00Z,0.5345,70000,12000,2026-06-21T00:00:00Z
opec-cut-jul,Will OPEC+ announce a production cut in July 2026?,2026-06-10T09:00:00Z,0.5246,70000,12000,2026-06-21T00:00:00Z
opec-cut-jul,Will OPEC+ announce a production cut in July 2026?,2026-06-10T10:00:00Z,0.5249,70000,12000,2026-06-21T00:00:00Z
opec-cut-jul,Will OPEC+ announce a production cut in July 2026?,2026-06-10T11:00:00Z,0.5239,70000,12000,2026-06-21T00:00:00Z
opec-cut-jul,Will OPEC+ announce a production cut in July 2026?,2026-06-10T12:00:00Z,0.5242,70000,12000,2026-06-21T00:00:00Z
opec-cut-jul,Will OPEC+ announce a production cut in July 2026?,2026-06-10T13:00:00Z,0.5259,70000,12000,2026-06-21T00:00:00Z
opec-cut-jul,Will OPEC+ announce a production cut in July 2026?,2026-06-10T14:00:00Z,0.5277,70000,12000,2026-06-21T00:00:00Z
opec-cut-jul,Will OPEC+ announce a production cut in July 2026?,2026-06-10T15:00:00Z,0.5218,70000,12000,2026-06-21T00:00:00Z
opec-cut-jul,Will OPEC+ announce a production cut in July 2026?,2026-06-10T16:00:00Z,0.5187,70000,12000,2026-06-21T00:00:00Z
opec-cut-jul,Will OPEC+ announce a production cut in July 2026?,2026-06-10T17:00:00Z,0.5173,70000,12000,2026-06-21T00:00:00Z
opec-cut-jul,Will OPEC+ announce a production cut in July 2026?,2026-06-10T18:00:00Z,0.5171,70000,12000,2026-06-21T00:00:00Z
opec-cut-jul,Will OPEC+ announce a production cut in July 2026?,2026-06-10T19:00:00Z,0.5321,70000,12000,2026-06-21T00:00:00Z
opec-cut-jul,Will OPEC+ announce a production cut in July 2026?,2026-06-10T20:00:00Z,0.523,70000,12000,2026-06-21T00:00:00Z
opec-cut-jul,Will OPEC+ announce a production cut in July 2026?,2026-06-10T21:00:00Z,0.5201,70000,12000,2026-06-21T00:00:00Z
opec-cut-jul,Will OPEC+ announce a production cut in July 2026?,2026-06-10T22:00:00Z,0.5112,70000,12000,2026-06-21T00:00:00Z
opec-cut-jul,Will OPEC+ announce a production cut in July 2026?,2026-06-10T23:00:00Z,0.5143,70000,12000,2026-06-21T00:00:00Z
opec-cut-jul,Will OPEC+ announce a production cut in July 2026?,2026-06-11T00:00:00Z,0.5144,70000,12000,2026-06-21T00:00:00Z
opec-cut-jul,Will OPEC+ announce a production cut in July 2026?,2026-06-11T01:00:00Z,0.5072,70000,12000,2026-06-21T00:00:00Z
opec-cut-jul,Will OPEC+ announce a production cut in July 2026?,2026-06-11T02:00:00Z,0.5048,70000,12000,2026-06-21T00:00:00Z
opec-cut-jul,Will OPEC+ announce a production cut in July 2026?,2026-06-11T03:00:00Z,0.5057,70000,12000,2026-06-21T00:00:00Z
opec-cut-jul,Will OPEC+ announce a production cut in July 2026?,2026-06-11T04:00:00Z,0.5037,70000,12000,2026-06-21T00:00:00Z
opec-cut-jul,Will OPEC+ announce a production cut in July 2026?,2026-06-11T05:00:00Z,0.5093,70000,12000,2026-06-21T00:00:00Z
opec-cut-jul,Will OPEC+ announce a production cut in July 2026?,2026-06-11T06:00:00Z,0.504,70000,12000,2026-06-21T00:00:00Z
opec-cut-jul,Will OPEC+ announce a production cut in July 2026?,2026-06-11T07:00:00Z,0.505,70000,12000,2026-06-21T00:00:00Z
opec-cut-jul,Will OPEC+ announce a production cut in July 2026?,2026-06-11T08:00:00Z,0.4936,70000,12000,2026-06-21T00:00:00Z
opec-cut-jul,Will OPEC+ announce a production cut in July 2026?,2026-06-11T09:00:00Z,0.4956,70000,12000,2026-06-21T00:00:00Z
opec-cut-jul,Will OPEC+ announce a production cut in July 2026?,2026-06-11T10:00:00Z,0.4948,70000,12000,2026-06-21T00:00:00Z
opec-cut-jul,Will OPEC+ announce a production cut in July 2026?,2026-06-11T11:00:00Z,0.4936,70000,12000,2026-06-21T00:00:00Z
opec-cut-jul,Will OPEC+ announce a production cut in July 2026?,2026-06-11T12:00:00Z,0.4924,70000,12000,2026-06-21T00:00:00Z
opec-cut-jul,Will OPEC+ announce a production cut in July 2026?,2026-06-11T13:00:00Z,0.4995,70000,12000,2026-06-21T00:00:00Z
opec-cut-jul,Will OPEC+ announce a production cut in July 2026?,2026-06-11T14:00:00Z,0.5019,70000,12000,2026-06-21T00:00:00Z
opec-cut-jul,Will OPEC+ announce a production cut in July 2026?,2026-06-11T15:00:00Z,0.5031,70000,12000,2026-06-21T00:00:00Z
opec-cut-jul,Will OPEC+ announce a production cut in July 2026?,2026-06-11T16:00:00Z,0.4979,70000,12000,2026-06-21T00:00:00Z
opec-cut-jul,Will OPEC+ announce a production cut in July 2026?,2026-06-11T17:00:00Z,0.5025,70000,12000,2026-06-21T00:00:00Z
opec-cut-jul,Will OPEC+ announce a production cut in July 2026?,2026-06-11T18:00:00Z,0.5022,70000,12000,2026-06-21T00:00:00Z
opec-cut-jul,Will OPEC+ announce a production cut in July 2026?,2026-06-11T19:00:00Z,0.4992,70000,12000,2026-06-21T00:00:00Z
opec-cut-jul,Will OPEC+ announce a production cut in July 2026?,2026-06-11T20:00:00Z,0.4901,70000,12000,2026-06-21T00:00:00Z
opec-cut-jul,Will OPEC+ announce a production cut in July 2026?,2026-06-11T21:00:00Z,0.4912,70000,12000,2026-06-21T00:00:00Z
opec-cut-jul,Will OPEC+ announce a production cut in July 2026?,2026-06-11T22:00:00Z,0.4949,70000,12000,2026-06-21T00:00:00Z
opec-cut-jul,Will OPEC+ announce a production cut in July 2026?,2026-06-11T23:00:00Z,0.4921,70000,12000,2026-06-21T00:00:00Z
opec-cut-jul,Will OPEC+ announce a production cut in July 2026?,2026-06-12T00:00:00Z,0.4916,70000,12000,2026-06-21T00:00:00Z
opec-cut-jul,Will OPEC+ announce a production cut in July 2026?,2026-06-12T01:00:00Z,0.4925,70000,12000,2026-06-21T00:00:00Z
opec-cut-jul,Will OPEC+ announce a production cut in July 2026?,2026-06-12T02:00:00Z,0.4878,70000,12000,2026-06-21T00:00:00Z
opec-cut-jul,Will OPEC+ announce a production cut in July 2026?,2026-06-12T03:00:00Z,0.4832,70000,12000,2026-06-21T00:00:00Z
opec-cut-jul,Will OPEC+ announce a production cut in July 2026?,2026-06-12T04:00:00Z,0.482,70000,12000,2026-06-21T00:00:00Z
opec-cut-jul,Will OPEC+ announce a production cut in July 2026?,2026-06-12T05:00:00Z,0.4825,70000,12000,2026-06-21T00:00:00Z
opec-cut-jul,Will OPEC+ announce a production cut in July 2026?,2026-06-12T06:00:00Z,0.4862,70000,12000,2026-06-21T00:00:00Z
opec-cut-jul,Will OPEC+ announce a production cut in July 2026?,2026-06-12T07:00:00Z,0.4884,70000,12000,2026-06-21T00:00:00Z
opec-cut-jul,Will OPEC+ announce a production cut in July 2026?,2026-06-12T08:00:00Z,0.4864,70000,12000,2026-06-21T00:00:00Z
opec-cut-jul,Will OPEC+ announce a production cut in July 2026?,2026-06-12T09:00:00Z,0.4841,70000,12000,2026-06-21T00:00:00Z
opec-cut-jul,Will OPEC+ announce a production cut in July 2026?,2026-06-12T10:00:00Z,0.4934,70000,12000,2026-06-21T00:00:00Z
opec-cut-jul,Will OPEC+ announce a production cut in July 2026?,2026-06-12T11:00:00Z,0.4968,70000,12000,2026-06-21T00:00:00Z
opec-cut-jul,Will OPEC+ announce a production cut in July 2026?,2026-06-12T12:00:00Z,0.4974,70000,12000,2026-06-21T00:00:00Z
opec-cut-jul,Will OPEC+ announce a production cut in July 2026?,2026-06-12T13:00:00Z,0.5008,70000,12000,2026-06-21T00:00:00Z
opec-cut-jul,Will OPEC+ announce a production cut in July 2026?,2026-06-12T14:00:00Z,0.4995,70000,12000,2026-06-21T00:00:00Z
opec-cut-jul,Will OPEC+ announce a production cut in July 2026?,2026-06-12T15:00:00Z,0.496,70000,12000,2026-06-21T00:00:00Z
opec-cut-jul,Will OPEC+ announce a production cut in July 2026?,2026-06-12T16:00:00Z,0.4948,70000,12000,2026-06-21T00:00:00Z
opec-cut-jul,Will OPEC+ announce a production cut in July 2026?,2026-06-12T17:00:00Z,0.4925,70000,12000,2026-06-21T00:00:00Z
opec-cut-jul,Will OPEC+ announce a production cut in July 2026?,2026-06-12T18:00:00Z,0.4931,70000,12000,2026-06-21T00:00:00Z
opec-cut-jul,Will OPEC+ announce a production cut in July 2026?,2026-06-12T19:00:00Z,0.4934,70000,12000,2026-06-21T00:00:00Z
opec-cut-jul,Will OPEC+ announce a production cut in July 2026?,2026-06-12T20:00:00Z,0.4945,70000,12000,2026-06-21T00:00:00Z
opec-cut-jul,Will OPEC+ announce a production cut in July 2026?,2026-06-12T21:00:00Z,0.4959,70000,12000,2026-06-21T00:00:00Z
opec-cut-jul,Will OPEC+ announce a production cut in July 2026?,2026-06-12T22:00:00Z,0.4869,70000,12000,2026-06-21T00:00:00Z
opec-cut-jul,Will OPEC+ announce a production cut in July 2026?,2026-06-12T23:00:00Z,0.4863,70000,12000,2026-06-21T00:00:00Z
opec-cut-jul,Will OPEC+ announce a production cut in July 2026?,2026-06-13T00:00:00Z,0.4861,70000,12000,2026-06-21T00:00:00Z
opec-cut-jul,Will OPEC+ announce a production cut in July 2026?,2026-06-13T01:00:00Z,0.485,70000,12000,2026-06-21T00:00:00Z
opec-cut-jul,Will OPEC+ announce a production cut in July 2026?,2026-06-13T02:00:00Z,0.4866,70000,12000,2026-06-21T00:00:00Z
opec-cut-jul,Will OPEC+ announce a production cut in July 2026?,2026-06-13T03:00:00Z,0.4912,70000,12000,2026-06-21T00:00:00Z
opec-cut-jul,Will OPEC+ announce a production cut in July 2026?,2026-06-13T04:00:00Z,0.4912,70000,12000,2026-06-21T00:00:00Z
opec-cut-jul,Will OPEC+ announce a production cut in July 2026?,2026-06-13T05:00:00Z,0.4891,70000,12000,2026-06-21T00:00:00Z
opec-cut-jul,Will OPEC+ announce a production cut in July 2026?,2026-06-13T06:00:00Z,0.48,70000,12000,2026-06-21T00:00:00Z
opec-cut-jul,Will OPEC+ announce a production cut in July 2026?,2026-06-13T07:00:00Z,0.4862,70000,12000,2026-06-21T00:00:00Z
opec-cut-jul,Will OPEC+ announce a production cut in July 2026?,2026-06-13T08:00:00Z,0.4841,70000,12000,2026-06-21T00:00:00Z
opec-cut-jul,Will OPEC+ announce a production cut in July 2026?,2026-06-13T09:00:00Z,0.4885,70000,12000,2026-06-21T00:00:00Z
opec-cut-jul,Will OPEC+ announce a production cut in July 2026?,2026-06-13T10:00:00Z,0.4929,70000,12000,2026-06-21T00:00:00Z
opec-cut-jul,Will OPEC+ announce a production cut in July 2026?,2026-06-13T11:00:00Z,0.4933,70000,12000,2026-06-21T00:00:00Z
opec-cut-jul,Will OPEC+ announce a production cut in July 2026?,2026-06-13T12:00:00Z,0.493,70000,12000,2026-06-21T00:00:00Z
opec-cut-jul,Will OPEC+ announce a production cut in July 2026?,2026-06-13T13:00:00Z,0.5003,70000,12000,2026-06-21T00:00:00Z
opec-cut-jul,Will OPEC+ announce a production cut in July 2026?,2026-06-13T14:00:00Z,0.5013,70000,12000,2026-06-21T00:00:00Z
opec-cut-jul,Will OPEC+ announce a production cut in July 2026?,2026-06-13T15:00:00Z,0.4968,70000,12000,2026-06-21T00:00:00Z
opec-cut-jul,Will OPEC+ announce a production cut in July 2026?,2026-06-13T16:00:00Z,0.5002,70000,12000,2026-06-21T00:00:00Z
opec-cut-jul,Will OPEC+ announce a production cut in July 2026?,2026-06-13T17:00:00Z,0.4952,70000,12000,2026-06-21T00:00:00Z
opec-cut-jul,Will OPEC+ announce a production cut in July 2026?,2026-06-13T18:00:00Z,0.4944,70000,12000,2026-06-21T00:00:00Z
opec-cut-jul,Will OPEC+ announce a production cut in July 2026?,2026-06-13T19:00:00Z,0.494,70000,12000,2026-06-21T00:00:00Z
opec-cut-jul,Will OPEC+ announce a production cut in July 2026?,2026-06-13T20:00:00Z,0.4919,70000,12000,2026-06-21T00:00:00Z
opec-cut-jul,Will OPEC+ announce a production cut in July 2026?,2026-06-13T21:00:00Z,0.4885,70000,12000,2026-06-21T00:00:00Z
opec-cut-jul,Will OPEC+ announce a production cut in July 2026?,2026-06-13T22:00:00Z,0.4874,70000,12000,2026-06-21T00:00:00Z
opec-cut-jul,Will OPEC+ announce a production cut in July 2026?,2026-06-13T23:00:00Z,0.49,70000,12000,2026-06-21T00:00:00Z
opec-cut-jul,Will OPEC+ announce a production cut in July 2026?,2026-06-14T00:00:00Z,0.4955,70000,12000,2026-06-21T00:00:00Z
opec-cut-jul,Will OPEC+ announce a production cut in July 2026?,2026-06-14T01:00:00Z,0.4923,70000,12000,2026-06-21T00:00:00Z
opec-cut-jul,Will OPEC+ announce a production cut in July 2026?,2026-06-14T02:00:00Z,0.4903,70000,12000,2026-06-21T00:00:00Z
opec-cut-jul,Will OPEC+ announce a production cut in July 2026?,2026-06-14T03:00:00Z,0.4873,70000,12000,2026-06-21T00:00:00Z
opec-cut-jul,Will OPEC+ announce a production cut in July 2026?,2026-06-14T04:00:00Z,0.4933,70000,12000,2026-06-21T00:00:00Z
opec-cut-jul,Will OPEC+ announce a production cut in July 2026?,2026-06-14T05:00:00Z,0.4905,70000,12000,2026-06-21T00:00:00Z
opec-cut-jul,Will OPEC+ announce a production cut in July 2026?,2026-06-14T06:00:00Z,0.493,70000,12000,2026-06-21T00:00:00Z
opec-cut-jul,Will OPEC+ announce a production cut in July 2026?,2026-06-14T07:00:00Z,0.4906,70000,12000,2026-06-21T00:00:00Z
opec-cut-jul,Will OPEC+ announce a production cut in July 2026?,2026-06-14T08:00:00Z,0.4905,70000,12000,2026-06-21T00:00:00Z
opec-cut-jul,Will OPEC+ announce a production cut in July 2026?,2026-06-14T09:00:00Z,0.4892,70000,12000,2026-06-21T00:00:00Z
opec-cut-jul,Will OPEC+ announce a production cut in July 2026?,2026-06-14T10:00:00Z,0.4894,70000,12000,2026-06-21T00:00:00Z
opec-cut-jul,Will OPEC+ announce a production cut in July 2026?,2026-06-14T11:00:00Z,0.4849,70000,12000,2026-06-21T00:00:00Z
opec-cut-jul,Will OPEC+ announce a production cut in July 2026?,2026-06-14T12:00:00Z,0.489,70000,12000,2026-06-21T00:00:00Z
opec-cut-jul,Will OPEC+ announce a production cut in July 2026?,2026-06-14T13:00:00Z,0.4842,70000,12000,2026-06-21T00:00:00Z
opec-cut-jul,Will OPEC+ announce a production cut in July 2026?,2026-06-14T14:00:00Z,0.489,70000,12000,2026-06-21T00:00:00Z
opec-cut-jul,Will OPEC+ announce a production cut in July 2026?,2026-06-14T15:00:00Z,0.494,70000,12000,2026-06-21T00:00:00Z
opec-cut-jul,Will OPEC+ announce a production cut in July 2026?,2026-06-14T16:00:00Z,0.4948,70000,12000,2026-06-21T00:00:00Z
opec-cut-jul,Will OPEC+ announce a production cut in July 2026?,2026-06-14T17:00:00Z,0.4938,70000,12000,2026-06-21T00:00:00Z
opec-cut-jul,Will OPEC+ announce a production cut in July 2026?,2026-06-14T18:00:00Z,0.4934,70000,12000,2026-06-21T00:00:00Z
opec-cut-jul,Will OPEC+ announce a production cut in July 2026?,2026-06-14T19:00:00Z,0.4977,70000,12000,2026-06-21T00:00:00Z
opec-cut-jul,Will OPEC+ announce a production cut in July 2026?,2026-06-14T20:00:00Z,0.4984,70000,12000,2026-06-21T00:00:00Z
opec-cut-jul,Will OPEC+ announce a production cut in July 2026?,2026-06-14T21:00:00Z,0.4969,70000,12000,2026-06-21T00:00:00Z
opec-cut-jul,Will OPEC+ announce a production cut in July 2026?,2026-06-14T22:00:00Z,0.4973,70000,12000,2026-06-21T00:00:00Z
opec-cut-jul,Will OPEC+ announce a production cut in July 2026?,2026-06-14T23:00:00Z,0.4979,70000,12000,2026-06-21T00:00:00Z
opec-cut-jul,Will OPEC+ announce a production cut in July 2026?,2026-06-15T00:00:00Z,0.5007,70000,12000,2026-06-21T00:00:00Z
opec-cut-jul,Will OPEC+ announce a production cut in July 2026?,2026-06-15T01:00:00Z,0.4993,70000,12000,2026-06-21T00:00:00Z
opec-cut-jul,Will OPEC+ announce a production cut in July 2026?,2026-06-15T02:00:00Z,0.4982,70000,12000,2026-06-21T00:00:00Z
opec-cut-jul,Will OPEC+ announce a production cut in July 2026?,2026-06-15T03:00:00Z,0.4997,70000,12000,2026-06-21T00:00:00Z
opec-cut-jul,Will OPEC+ announce a production cut in July 2026?,2026-06-15T04:00:00Z,0.4955,70000,12000,2026-06-21T00:00:00Z
opec-cut-jul,Will OPEC+ announce a production cut in July 2026?,2026-06-15T05:00:00Z,0.4961,70000,12000,2026-06-21T00:00:00Z
opec-cut-jul,Will OPEC+ announce a production cut in July 2026?,2026-06-15T06:00:00Z,0.4961,70000,12000,2026-06-21T00:00:00Z
opec-cut-jul,Will OPEC+ announce a production cut in July 2026?,2026-06-15T07:00:00Z,0.499,70000,12000,2026-06-21T00:00:00Z
opec-cut-jul,Will OPEC+ announce a production cut in July 2026?,2026-06-15T08:00:00Z,0.4952,70000,12000,2026-06-21T00:00:00Z
opec-cut-jul,Will OPEC+ announce a production cut in July 2026?,2026-06-15T09:00:00Z,0.4878,70000,12000,2026-06-21T00:00:00Z
opec-cut-jul,Will OPEC+ announce a production cut in July 2026?,2026-06-15T10:00:00Z,0.4903,70000,12000,2026-06-21T00:00:00Z
opec-cut-jul,Will OPEC+ announce a production cut in July 2026?,2026-06-15T11:00:00Z,0.4843,70000,12000,2026-06-21T00:00:00Z
opec-cut-jul,Will OPEC+ announce a production cut in July 2026?,2026-06-15T12:00:00Z,0.4819,70000,12000,2026-06-21T00:00:00Z
opec-cut-jul,Will OPEC+ announce a production cut in July 2026?,2026-06-15T13:00:00Z,0.4832,70000,12000,2026-06-21T00:00:00Z
opec-cut-jul,Will OPEC+ announce a production cut in July 2026?,2026-06-15T14:00:00Z,0.4771,70000,12000,2026-06-21T00:00:00Z
opec-cut-jul,Will OPEC+ announce a production cut in July 2026?,2026-06-15T15:00:00Z,0.4815,70000,12000,2026-06-21T00:00:00Z
opec-cut-jul,Will OPEC+ announce a production cut in July 2026?,2026-06-15T16:00:00Z,0.4802,70000,12000,2026-06-21T00:00:00Z
opec-cut-jul,Will OPEC+ announce a production cut in July 2026?,2026-06-15T17:00:00Z,0.4799,70000,12000,2026-06-21T00:00:00Z
opec-cut-jul,Will OPEC+ announce a production cut in July 2026?,2026-06-15T18:00:00Z,0.4816,70000,12000,2026-06-21T00:00:00Z
opec-cut-jul,Will OPEC+ announce a production cut in July 2026?,2026-06-15T19:00:00Z,0.4809,70000,12000,2026-06-21T00:00:00Z
opec-cut-jul,Will OPEC+ announce a production cut in July 2026?,2026-06-15T20:00:00Z,0.4757,70000,12000,2026-06-21T00:00:00Z
opec-cut-jul,Will OPEC+ announce a production cut in July 2026?,2026-06-15T21:00:00Z,0.4769,70000,12000,2026-06-21T00:00:00Z
opec-cut-jul,Will OPEC+ announce a production cut in July 2026?,2026-06-15T22:00:00Z,0.4743,70000,12000,2026-06-21T00:00:00Z
opec-cut-jul,Will OPEC+ announce a production cut in July 2026?,2026-06-15T23:00:00Z,0.4763,70000,12000,2026-06-21T00:00:00Z
opec-cut-jul,Will OPEC+ announce a production cut in July 2026?,2026-06-16T00:00:00Z,0.4799,70000,12000,2026-06-21T00:00:00Z
opec-cut-jul,Will OPEC+ announce a production cut in July 2026?,2026-06-16T01:00:00Z,0.4822,70000,12000,2026-06-21T00:00:00Z
opec-cut-jul,Will OPEC+ announce a production cut in July 2026?,2026-06-16T02:00:00Z,0.4822,70000,12000,2026-06-21T00:00:00Z
opec-cut-jul,Will OPEC+ announce a production cut in July 2026?,2026-06-16T03:00:00Z,0.4806,70000,12000,2026-06-21T00:00:00Z
opec-cut-jul,Will OPEC+ announce a production cut in July 2026?,2026-06-16T04:00:00Z,0.4749,70000,12000,2026-06-21T00:00:00Z
opec-cut-jul,Will OPEC+ announce a production cut in July 2026?,2026-06-16T05:00:00Z,0.472,70000,12000,2026-06-21T00:00:00Z
opec-cut-jul,Will OPEC+ announce a production cut in July 2026?,2026-06-16T06:00:00Z,0.4728,70000,12000,2026-06-21T00:00:00Z
opec-cut-jul,Will OPEC+ announce a production cut in July 2026?,2026-06-16T07:00:00Z,0.4715,70000,12000,2026-06-21T00:00:00Z
opec-cut-jul,Will OPEC+ announce a production cut in July 2026?,2026-06-16T08:00:00Z,0.4667,70000,12000,2026-06-21T00:00:00Z
opec-cut-jul,Will OPEC+ announce a production cut in July 2026?,2026-06-16T09:00:00Z,0.463,70000,12000,2026-06-21T00:00:00Z
opec-cut-jul,Will OPEC+ announce a production cut in July 2026?,2026-06-16T10:00:00Z,0.4614,70000,12000,2026-06-21T00:00:00Z
opec-cut-jul,Will OPEC+ announce a production cut in July 2026?,2026-06-16T11:00:00Z,0.4657,70000,12000,2026-06-21T00:00:00Z
opec-cut-jul,Will OPEC+ announce a production cut in July 2026?,2026-06-16T12:00:00Z,0.4652,70000,12000,2026-06-21T00:00:00Z
opec-cut-jul,Will OPEC+ announce a production cut in July 2026?,2026-06-16T13:00:00Z,0.4651,70000,12000,2026-06-21T00:00:00Z
opec-cut-jul,Will OPEC+ announce a production cut in July 2026?,2026-06-16T14:00:00Z,0.459,70000,12000,2026-06-21T00:00:00Z
opec-cut-jul,Will OPEC+ announce a production cut in July 2026?,2026-06-16T15:00:00Z,0.4578,70000,12000,2026-06-21T00:00:00Z
opec-cut-jul,Will OPEC+ announce a production cut in July 2026?,2026-06-16T16:00:00Z,0.4583,70000,12000,2026-06-21T00:00:00Z
opec-cut-jul,Will OPEC+ announce a production cut in July 2026?,2026-06-16T17:00:00Z,0.4577,70000,12000,2026-06-21T00:00:00Z
opec-cut-jul,Will OPEC+ announce a production cut in July 2026?,2026-06-16T18:00:00Z,0.4598,70000,12000,2026-06-21T00:00:00Z
opec-cut-jul,Will OPEC+ announce a production cut in July 2026?,2026-06-16T19:00:00Z,0.4578,70000,12000,2026-06-21T00:00:00Z
opec-cut-jul,Will OPEC+ announce a production cut in July 2026?,2026-06-16T20:00:00Z,0.4623,70000,12000,2026-06-21T00:00:00Z
opec-cut-jul,Will OPEC+ announce a production cut in July 2026?,2026-06-16T21:00:00Z,0.4595,70000,12000,2026-06-21T00:00:00Z
opec-cut-jul,Will OPEC+ announce a production cut in July 2026?,2026-06-16T22:00:00Z,0.458,70000,12000,2026-06-21T00:00:00Z
opec-cut-jul,Will OPEC+ announce a production cut in July 2026?,2026-06-16T23:00:00Z,0.4619,70000,12000,2026-06-21T00:00:00Z
opec-cut-jul,Will OPEC+ announce a production cut in July 2026?,2026-06-17T00:00:00Z,0.46,70000,12000,2026-06-21T00:00:00Z
opec-cut-jul,Will OPEC+ announce a production cut in July 2026?,2026-06-17T01:00:00Z,0.4577,70000,12000,2026-06-21T00:00:00Z
opec-cut-jul,Will OPEC+ announce a production cut in July 2026?,2026-06-17T02:00:00Z,0.4585,70000,12000,2026-06-21T00:00:00Z
opec-cut-jul,Will OPEC+ announce a production cut in July 2026?,2026-06-17T03:00:00Z,0.4584,70000,12000,2026-06-21T00:00:00Z
opec-cut-jul,Will OPEC+ announce a production cut in July 2026?,2026-06-17T04:00:00Z,0.4598,70000,12000,2026-06-21T00:00:00Z
opec-cut-jul,Will OPEC+ announce a production cut in July 2026?,2026-06-17T05:00:00Z,0.4585,70000,12000,2026-06-21T00:00:00Z
opec-cut-jul,Will OPEC+ announce a production cut in July 2026?,2026-06-17T06:00:00Z,0.4592,70000,12000,2026-06-21T00:00:00Z
opec-cut-jul,Will OPEC+ announce a production cut in July 2026?,2026-06-17T07:00:00Z,0.4574,70000,12000,2026-06-21T00:00:00Z
opec-cut-jul,Will OPEC+ announce a production cut in July 2026?,2026-06-17T08:00:00Z,0.4579,70000,12000,2026-06-21T00:00:00Z
opec-cut-jul,Will OPEC+ announce a production cut in July 2026?,2026-06-17T09:00:00Z,0.4628,70000,12000,2026-06-21T00:00:00Z
opec-cut-jul,Will OPEC+ announce a production cut in July 2026?,2026-06-17T10:00:00Z,0.4615,70000,12000,2026-06-21T00:00:00Z
opec-cut-jul,Will OPEC+ announce a production cut in July 2026?,2026-06-17T11:00:00Z,0.4618,70000,12000,2026-06-21T00:00:00Z
opec-cut-jul,Will OPEC+ announce a production cut in July 2026?,2026-06-17T12:00:00Z,0.4619,70000,12000,2026-06-21T00:00:00Z
opec-cut-jul,Will OPEC+ announce a production cut in July 2026?,2026-06-17T13:00:00Z,0.4639,70000,12000,2026-06-21T00:00:00Z
opec-cut-jul,Will OPEC+ announce a production cut in July 2026?,2026-06-17T14:00:00Z,0.4636,70000,12000,2026-06-21T00:00:00Z
opec-cut-jul,Will OPEC+ announce a production cut in July 2026?,2026-06-17T15:00:00Z,0.4665,70000,12000,2026-06-21T00:00:00Z
opec-cut-jul,Will OPEC+ announce a production cut in July 2026?,2026-06-17T16:00:00Z,0.4633,70000,12000,2026-06-21T00:00:00Z
opec-cut-jul,Will OPEC+ announce a production cut in July 2026?,2026-06-17T17:00:00Z,0.4627,70000,12000,2026-06-21T00:00:00Z
opec-cut-jul,Will OPEC+ announce a production cut in July 2026?,2026-06-17T18:00:00Z,0.4605,70000,12000,2026-06-21T00:00:00Z
opec-cut-jul,Will OPEC+ announce a production cut in July 2026?,2026-06-17T19:00:00Z,0.4589,70000,12000,2026-06-21T00:00:00Z
opec-cut-jul,Will OPEC+ announce a production cut in July 2026?,2026-06-17T20:00:00Z,0.4572,70000,12000,2026-06-21T00:00:00Z
opec-cut-jul,Will OPEC+ announce a production cut in July 2026?,2026-06-17T21:00:00Z,0.4541,70000,12000,2026-06-21T00:00:00Z
opec-cut-jul,Will OPEC+ announce a production cut in July 2026?,2026-06-17T22:00:00Z,0.4512,70000,12000,2026-06-21T00:00:00Z
opec-cut-jul,Will OPEC+ announce a production cut in July 2026?,2026-06-17T23:00:00Z,0.4495,70000,12000,2026-06-21T00:00:00Z
opec-cut-jul,Will OPEC+ announce a production cut in July 2026?,2026-06-18T00:00:00Z,0.4501,70000,12000,2026-06-21T00:00:00Z
opec-cut-jul,Will OPEC+ announce a production cut in July 2026?,2026-06-18T01:00:00Z,0.4517,70000,12000,2026-06-21T00:00:00Z
opec-cut-jul,Will OPEC+ announce a production cut in July 2026?,2026-06-18T02:00:00Z,0.4517,70000,12000,2026-06-21T00:00:00Z
opec-cut-jul,Will OPEC+ announce a production cut in July 2026?,2026-06-18T03:00:00Z,0.4542,70000,12000,2026-06-21T00:00:00Z
opec-cut-jul,Will OPEC+ announce a production cut in July 2026?,2026-06-18T04:00:00Z,0.4574,70000,12000,2026-06-21T00:00:00Z
opec-cut-jul,Will OPEC+ announce a production cut in July 2026?,2026-06-18T05:00:00Z,0.4559,70000,12000,2026-06-21T00:00:00Z
opec-cut-jul,Will OPEC+ announce a production cut in July 2026?,2026-06-18T06:00:00Z,0.4547,70000,12000,2026-06-21T00:00:00Z
opec-cut-jul,Will OPEC+ announce a production cut in July 2026?,2026-06-18T07:00:00Z,0.4566,70000,12000,2026-06-21T00:00:00Z
opec-cut-jul,Will OPEC+ announce a production cut in July 2026?,2026-06-18T08:00:00Z,0.4558,70000,12000,2026-06-21T00:00:00Z
opec-cut-jul,Will OPEC+ announce a production cut in July 2026?,2026-06-18T09:00:00Z,0.4571,70000,12000,2026-06-21T00:00:00Z
opec-cut-jul,Will OPEC+ announce a production cut in July 2026?,2026-06-18T10:00:00Z,0.463,70000,12000,2026-06-21T00:00:00Z
opec-cut-jul,Will OPEC+ announce a production cut in July 2026?,2026-06-18T11:00:00Z,0.4644,70000,12000,2026-06-21T00:00:00Z
opec-cut-jul,Will OPEC+ announce a production cut in July 2026?,2026-06-18T12:00:00Z,0.465,70000,12000,2026-06-21T00:00:00Z
opec-cut-jul,Will OPEC+ announce a production cut in July 2026?,2026-06-18T13:00:00Z,0.4631,70000,12000,2026-06-21T00:00:00Z
opec-cut-jul,Will OPEC+ announce a production cut in July 2026?,2026-06-18T14:00:00Z,0.465,70000,12000,2026-06-21T00:00:00Z
opec-cut-jul,Will OPEC+ announce a production cut in July 2026?,2026-06-18T15:00:00Z,0.4683,70000,12000,2026-06-21T00:00:00Z
opec-cut-jul,Will OPEC+ announce a production cut in July 2026?,2026-06-18T16:00:00Z,0.4671,70000,12000,2026-06-21T00:00:00Z
opec-cut-jul,Will OPEC+ announce a production cut in July 2026?,2026-06-18T17:00:00Z,0.4661,70000,12000,2026-06-21T00:00:00Z
opec-cut-jul,Will OPEC+ announce a production cut in July 2026?,2026-06-18T18:00:00Z,0.4673,70000,12000,2026-06-21T00:00:00Z
opec-cut-jul,Will OPEC+ announce a production cut in July 2026?,2026-06-18T19:00:00Z,0.4669,70000,12000,2026-06-21T00:00:00Z
opec-cut-jul,Will OPEC+ announce a production cut in July 2026?,2026-06-18T20:00:00Z,0.4609,70000,12000,2026-06-21T00:00:00Z
opec-cut-jul,Will OPEC+ announce a production cut in July 2026?,2026-06-18T21:00:00Z,0.4596,70000,12000,2026-06-21T00:00:00Z
opec-cut-jul,Will OPEC+ announce a production cut in July 2026?,2026-06-18T22:00:00Z,0.4591,70000,12000,2026-06-21T00:00:00Z
opec-cut-jul,Will OPEC+ announce a production cut in July 2026?,2026-06-18T23:00:00Z,0.4582,70000,12000,2026-06-21T00:00:00Z
opec-cut-jul,Will OPEC+ announce a production cut in July 2026?,2026-06-19T00:00:00Z,0.4581,70000,12000,2026-06-21T00:00:00Z
opec-cut-jul,Will OPEC+ announce a production cut in July 2026?,2026-06-19T01:00:00Z,0.4585,70000,12000,2026-06-21T00:00:00Z
opec-cut-jul,Will OPEC+ announce a production cut in July 2026?,2026-06-19T02:00:00Z,0.4549,70000,12000,2026-06-21T00:00:00Z
opec-cut-jul,Will OPEC+ announce a production cut in July 2026?,2026-06-19T03:00:00Z,0.4575,70000,12000,2026-06-21T00:00:00Z
opec-cut-jul,Will OPEC+ announce a production cut in July 2026?,2026-06-19T04:00:00Z,0.4565,70000,12000,2026-06-21T00:00:00Z
opec-cut-jul,Will OPEC+ announce a production cut in July 2026?,2026-06-19T05:00:00Z,0.4573,70000,12000,2026-06-21T00:00:00Z
opec-cut-jul,Will OPEC+ announce a production cut in July 2026?,2026-06-19T06:00:00Z,0.4539,70000,12000,2026-06-21T00:00:00Z
opec-cut-jul,Will OPEC+ announce a production cut in July 2026?,2026-06-19T07:00:00Z,0.4558,70000,12000,2026-06-21T00:00:00Z
opec-cut-jul,Will OPEC+ announce a production cut in July 2026?,2026-06-19T08:00:00Z,0.4537,70000,12000,2026-06-21T00:00:00Z
opec-cut-jul,Will OPEC+ announce a production cut in July 2026?,2026-06-19T09:00:00Z,0.4556,70000,12000,2026-06-21T00:00:00Z
opec-cut-jul,Will OPEC+ announce a production cut in July 2026?,2026-06-19T10:00:00Z,0.4578,70000,12000,2026-06-21T00:00:00Z
opec-cut-jul,Will OPEC+ announce a production cut in July 2026?,2026-06-19T11:00:00Z,0.4585,70000,12000,2026-06-21T00:00:00Z
opec-cut-jul,Will OPEC+ announce a production cut in July 2026?,2026-06-19T12:00:00Z,0.4585,70000,12000,2026-06-21T00:00:00Z
opec-cut-jul,Will OPEC+ announce a production cut in July 2026?,2026-06-19T13:00:00Z,0.4611,70000,12000,2026-06-21T00:00:00Z
opec-cut-jul,Will OPEC+ announce a production cut in July 2026?,2026-06-19T14:00:00Z,0.4618,70000,12000,2026-06-21T00:00:00Z
opec-cut-jul,Will OPEC+ announce a production cut in July 2026?,2026-06-19T15:00:00Z,0.4618,70000,12000,2026-06-21T00:00:00Z
opec-cut-jul,Will OPEC+ announce a production cut in July 2026?,2026-06-19T16:00:00Z,0.4594,70000,12000,2026-06-21T00:00:00Z
opec-cut-jul,Will OPEC+ announce a production cut in July 2026?,2026-06-19T17:00:00Z,0.4607,70000,12000,2026-06-21T00:00:00Z
opec-cut-jul,Will OPEC+ announce a production cut in July 2026?,2026-06-19T18:00:00Z,0.4582,70000,12000,2026-06-21T00:00:00Z
opec-cut-jul,Will OPEC+ announce a production cut in July 2026?,2026-06-19T19:00:00Z,0.4575,70000,12000,2026-06-21T00:00:00Z
opec-cut-jul,Will OPEC+ announce a production cut in July 2026?,2026-06-19T20:00:00Z,0.4566,70000,12000,2026-06-21T00:00:00Z
opec-cut-jul,Will OPEC+ announce a production cut in July 2026?,2026-06-19T21:00:00Z,0.4556,70000,12000,2026-06-21T00:00:00Z
opec-cut-jul,Will OPEC+ announce a production cut in July 2026?,2026-06-19T22:00:00Z,0.454,70000,12000,2026-06-21T00:00:00Z
opec-cut-jul,Will OPEC+ announce a production cut in July 2026?,2026-06-19T23:00:00Z,0.4573,70000,12000,2026-06-21T00:00:00Z
opec-cut-jul,Will OPEC+ announce a production cut in July 2026?,2026-06-20T00:00:00Z,0.4571,70000,12000,2026-06-21T00:00:00Z
france-snap-election,Will there be a snap parliamentary election in France in 2026?,2026-06-06T00:00:00Z,0.4928,60000,9000,2026-06-21T00:00:00Z
france-snap-election,Will there be a snap parliamentary election in France in 2026?,2026-06-06T01:00:00Z,0.4975,60000,9000,2026-06-21T00:00:00Z
france-snap-election,Will there be a snap parliamentary election in France in 2026?,2026-06-06T02:00:00Z,0.4987,60000,9000,2026-06-21T00:00:00Z
france-snap-election,Will there be a snap parliamentary election in France in 2026?,2026-06-06T03:00:00Z,0.5051,60000,9000,2026-06-21T00:00:00Z
france-snap-election,Will there be a snap parliamentary election in France in 2026?,2026-06-06T04:00:00Z,0.5085,60000,9000,2026-06-21T00:00:00Z
france-snap-election,Will there be a snap parliamentary election in France in 2026?,2026-06-06T05:00:00Z,0.4981,60000,9000,2026-06-21T00:00:00Z
france-snap-election,Will there be a snap parliamentary election in France in 2026?,2026-06-06T06:00:00Z,0.5047,60000,9000,2026-06-21T00:00:00Z
france-snap-election,Will there be a snap parliamentary election in France in 2026?,2026-06-06T07:00:00Z,0.505,60000,9000,2026-06-21T00:00:00Z
france-snap-election,Will there be a snap parliamentary election in France in 2026?,2026-06-06T08:00:00Z,0.5158,60000,9000,2026-06-21T00:00:00Z
france-snap-election,Will there be a snap parliamentary election in France in 2026?,2026-06-06T09:00:00Z,0.5077,60000,9000,2026-06-21T00:00:00Z
france-snap-election,Will there be a snap parliamentary election in France in 2026?,2026-06-06T10:00:00Z,0.4951,60000,9000,2026-06-21T00:00:00Z
france-snap-election,Will there be a snap parliamentary election in France in 2026?,2026-06-06T11:00:00Z,0.5093,60000,9000,2026-06-21T00:00:00Z
france-snap-election,Will there be a snap parliamentary election in France in 2026?,2026-06-06T12:00:00Z,0.5055,60000,9000,2026-06-21T00:00:00Z
france-snap-election,Will there be a snap parliamentary election in France in 2026?,2026-06-06T13:00:00Z,0.5002,60000,9000,2026-06-21T00:00:00Z
france-snap-election,Will there be a snap parliamentary election in France in 2026?,2026-06-06T14:00:00Z,0.5115,60000,9000,2026-06-21T00:00:00Z
france-snap-election,Will there be a snap parliamentary election in France in 2026?,2026-06-06T15:00:00Z,0.516,60000,9000,2026-06-21T00:00:00Z
france-snap-election,Will there be a snap parliamentary election in France in 2026?,2026-06-06T16:00:00Z,0.5199,60000,9000,2026-06-21T00:00:00Z
france-snap-election,Will there be a snap parliamentary election in France in 2026?,2026-06-06T17:00:00Z,0.5197,60000,9000,2026-06-21T00:00:00Z
france-snap-election,Will there be a snap parliamentary election in France in 2026?,2026-06-06T18:00:00Z,0.5089,60000,9000,2026-06-21T00:00:00Z
france-snap-election,Will there be a snap parliamentary election in France in 2026?,2026-06-06T19:00:00Z,0.4983,60000,9000,2026-06-21T00:00:00Z
france-snap-election,Will there be a snap parliamentary election in France in 2026?,2026-06-06T20:00:00Z,0.5099,60000,9000,2026-06-21T00:00:00Z
france-snap-election,Will there be a snap parliamentary election in France in 2026?,2026-06-06T21:00:00Z,0.515,60000,9000,2026-06-21T00:00:00Z
france-snap-election,Will there be a snap parliamentary election in France in 2026?,2026-06-06T22:00:00Z,0.5155,60000,9000,2026-06-21T00:00:00Z
france-snap-election,Will there be a snap parliamentary election in France in 2026?,2026-06-06T23:00:00Z,0.5158,60000,9000,2026-06-21T00:00:00Z
france-snap-election,Will there be a snap parliamentary election in France in 2026?,2026-06-07T00:00:00Z,0.5167,60000,9000,2026-06-21T00:00:00Z
france-snap-election,Will there be a snap parliamentary election in France in 2026?,2026-06-07T01:00:00Z,0.5218,60000,9000,2026-06-21T00:00:00Z
france-snap-election,Will there be a snap parliamentary election in France in 2026?,2026-06-07T02:00:00Z,0.5149,60000,9000,2026-06-21T00:00:00Z
france-snap-election,Will there be a snap parliamentary election in France in 2026?,2026-06-07T03:00:00Z,0.5173,60000,9000,2026-06-21T00:00:00Z
france-snap-election,Will there be a snap parliamentary election in France in 2026?,2026-06-07T04:00:00Z,0.5056,60000,9000,2026-06-21T00:00:00Z
france-snap-election,Will there be a snap parliamentary election in France in 2026?,2026-06-07T05:00:00Z,0.5058,60000,9000,2026-06-21T00:00:00Z
france-snap-election,Will there be a snap parliamentary election in France in 2026?,2026-06-07T06:00:00Z,0.5025,60000,9000,2026-06-21T00:00:00Z
france-snap-election,Will there be a snap parliamentary election in France in 2026?,2026-06-07T07:00:00Z,0.4932,60000,9000,2026-06-21T00:00:00Z
france-snap-election,Will there be a snap parliamentary election in France in 2026?,2026-06-07T08:00:00Z,0.4976,60000,9000,2026-06-21T00:00:00Z
france-snap-election,Will there be a snap parliamentary election in France in 2026?,2026-06-07T09:00:00Z,0.4922,60000,9000,2026-06-21T00:00:00Z
france-snap-election,Will there be a snap parliamentary election in France in 2026?,2026-06-07T10:00:00Z,0.4985,60000,9000,2026-06-21T00:00:00Z
france-snap-election,Will there be a snap parliamentary election in France in 2026?,2026-06-07T11:00:00Z,0.4982,60000,9000,2026-06-21T00:00:00Z
france-snap-election,Will there be a snap parliamentary election in France in 2026?,2026-06-07T12:00:00Z,0.5005,60000,9000,2026-06-21T00:00:00Z
france-snap-election,Will there be a snap parliamentary election in France in 2026?,2026-06-07T13:00:00Z,0.5069,60000,9000,2026-06-21T00:00:00Z
france-snap-election,Will there be a snap parliamentary election in France in 2026?,2026-06-07T14:00:00Z,0.5079,60000,9000,2026-06-21T00:00:00Z
france-snap-election,Will there be a snap parliamentary election in France in 2026?,2026-06-07T15:00:00Z,0.5055,60000,9000,2026-06-21T00:00:00Z
france-snap-election,Will there be a snap parliamentary election in France in 2026?,2026-06-07T16:00:00Z,0.4996,60000,9000,2026-06-21T00:00:00Z
france-snap-election,Will there be a snap parliamentary election in France in 2026?,2026-06-07T17:00:00Z,0.5014,60000,9000,2026-06-21T00:00:00Z
france-snap-election,Will there be a snap parliamentary election in France in 2026?,2026-06-07T18:00:00Z,0.51,60000,9000,2026-06-21T00:00:00Z
france-snap-election,Will there be a snap parliamentary election in France in 2026?,2026-06-07T19:00:00Z,0.5132,60000,9000,2026-06-21T00:00:00Z
france-snap-election,Will there be a snap parliamentary election in France in 2026?,2026-06-07T20:00:00Z,0.5212,60000,9000,2026-06-21T00:00:00Z
france-snap-election,Will there be a snap parliamentary election in France in 2026?,2026-06-07T21:00:00Z,0.524,60000,9000,2026-06-21T00:00:00Z
france-snap-election,Will there be a snap parliamentary election in France in 2026?,2026-06-07T22:00:00Z,0.5233,60000,9000,2026-06-21T00:00:00Z
france-snap-election,Will there be a snap parliamentary election in France in 2026?,2026-06-07T23:00:00Z,0.5197,60000,9000,2026-06-21T00:00:00Z
france-snap-election,Will there be a snap parliamentary election in France in 2026?,2026-06-08T00:00:00Z,0.5122,60000,9000,2026-06-21T00:00:00Z
france-snap-election,Will there be a snap parliamentary election in France in 2026?,2026-06-08T01:00:00Z,0.5145,60000,9000,2026-06-21T00:00:00Z
france-snap-election,Will there be a snap parliamentary election in France in 2026?,2026-06-08T02:00:00Z,0.5203,60000,9000,2026-06-21T00:00:00Z
france-snap-election,Will there be a snap parliamentary election in France in 2026?,2026-06-08T03:00:00Z,0.5104,60000,9000,2026-06-21T00:00:00Z
france-snap-election,Will there be a snap parliamentary election in France in 2026?,2026-06-08T04:00:00Z,0.5171,60000,9000,2026-06-21T00:00:00Z
france-snap-election,Will there be a snap parliamentary election in France in 2026?,2026-06-08T05:00:00Z,0.5291,60000,9000,2026-06-21T00:00:00Z
france-snap-election,Will there be a snap parliamentary election in France in 2026?,2026-06-08T06:00:00Z,0.523,60000,9000,2026-06-21T00:00:00Z
france-snap-election,Will there be a snap parliamentary election in France in 2026?,2026-06-08T07:00:00Z,0.5273,60000,9000,2026-06-21T00:00:00Z
france-snap-election,Will there be a snap parliamentary election in France in 2026?,2026-06-08T08:00:00Z,0.5413,60000,9000,2026-06-21T00:00:00Z
france-snap-election,Will there be a snap parliamentary election in France in 2026?,2026-06-08T09:00:00Z,0.5425,60000,9000,2026-06-21T00:00:00Z
france-snap-election,Will there be a snap parliamentary election in France in 2026?,2026-06-08T10:00:00Z,0.5454,60000,9000,2026-06-21T00:00:00Z
france-snap-election,Will there be a snap parliamentary election in France in 2026?,2026-06-08T11:00:00Z,0.548,60000,9000,2026-06-21T00:00:00Z
france-snap-election,Will there be a snap parliamentary election in France in 2026?,2026-06-08T12:00:00Z,0.5487,60000,9000,2026-06-21T00:00:00Z
france-snap-election,Will there be a snap parliamentary election in France in 2026?,2026-06-08T13:00:00Z,0.5507,60000,9000,2026-06-21T00:00:00Z
france-snap-election,Will there be a snap parliamentary election in France in 2026?,2026-06-08T14:00:00Z,0.5538,60000,9000,2026-06-21T00:00:00Z
france-snap-election,Will there be a snap parliamentary election in France in 2026?,2026-06-08T15:00:00Z,0.5587,60000,9000,2026-06-21T00:00:00Z
france-snap-election,Will there be a snap parliamentary election in France in 2026?,2026-06-08T16:00:00Z,0.5623,60000,9000,2026-06-21T00:00:00Z
france-snap-election,Will there be a snap parliamentary election in France in 2026?,2026-06-08T17:00:00Z,0.5599,60000,9000,2026-06-21T00:00:00Z
france-snap-election,Will there be a snap parliamentary election in France in 2026?,2026-06-08T18:00:00Z,0.549,60000,9000,2026-06-21T00:00:00Z
france-snap-election,Will there be a snap parliamentary election in France in 2026?,2026-06-08T19:00:00Z,0.5418,60000,9000,2026-06-21T00:00:00Z
france-snap-election,Will there be a snap parliamentary election in France in 2026?,2026-06-08T20:00:00Z,0.5389,60000,9000,2026-06-21T00:00:00Z
france-snap-election,Will there be a snap parliamentary election in France in 2026?,2026-06-08T21:00:00Z,0.5367,60000,9000,2026-06-21T00:00:00Z
france-snap-election,Will there be a snap parliamentary election in France in 2026?,2026-06-08T22:00:00Z,0.5331,60000,9000,2026-06-21T00:00:00Z
france-snap-election,Will there be a snap parliamentary election in France in 2026?,2026-06-08T23:00:00Z,0.5318,60000,9000,2026-06-21T00:00:00Z
france-snap-election,Will there be a snap parliamentary election in France in 2026?,2026-06-09T00:00:00Z,0.5258,60000,9000,2026-06-21T00:00:00Z
france-snap-election,Will there be a snap parliamentary election in France in 2026?,2026-06-09T01:00:00Z,0.5305,60000,9000,2026-06-21T00:00:00Z
france-snap-election,Will there be a snap parliamentary election in France in 2026?,2026-06-09T02:00:00Z,0.5302,60000,9000,2026-06-21T00:00:00Z
france-snap-election,Will there be a snap parliamentary election in France in 2026?,2026-06-09T03:00:00Z,0.5284,60000,9000,2026-06-21T00:00:00Z
france-snap-election,Will there be a snap parliamentary election in France in 2026?,2026-06-09T04:00:00Z,0.5191,60000,9000,2026-06-21T00:00:00Z
france-snap-election,Will there be a snap parliamentary election in France in 2026?,2026-06-09T05:00:00Z,0.5143,60000,9000,2026-06-21T00:00:00Z
france-snap-election,Will there be a snap parliamentary election in France in 2026?,2026-06-09T06:00:00Z,0.5049,60000,9000,2026-06-21T00:00:00Z
france-snap-election,Will there be a snap parliamentary election in France in 2026?,2026-06-09T07:00:00Z,0.4967,60000,9000,2026-06-21T00:00:00Z
france-snap-election,Will there be a snap parliamentary election in France in 2026?,2026-06-09T08:00:00Z,0.4997,60000,9000,2026-06-21T00:00:00Z
france-snap-election,Will there be a snap parliamentary election in France in 2026?,2026-06-09T09:00:00Z,0.507,60000,9000,2026-06-21T00:00:00Z
france-snap-election,Will there be a snap parliamentary election in France in 2026?,2026-06-09T10:00:00Z,0.4947,60000,9000,2026-06-21T00:00:00Z
france-snap-election,Will there be a snap parliamentary election in France in 2026?,2026-06-09T11:00:00Z,0.5012,60000,9000,2026-06-21T00:00:00Z
france-snap-election,Will there be a snap parliamentary election in France in 2026?,2026-06-09T12:00:00Z,0.4935,60000,9000,2026-06-21T00:00:00Z
france-snap-election,Will there be a snap parliamentary election in France in 2026?,2026-06-09T13:00:00Z,0.5005,60000,9000,2026-06-21T00:00:00Z
france-snap-election,Will there be a snap parliamentary election in France in 2026?,2026-06-09T14:00:00Z,0.4975,60000,9000,2026-06-21T00:00:00Z
france-snap-election,Will there be a snap parliamentary election in France in 2026?,2026-06-09T15:00:00Z,0.4996,60000,9000,2026-06-21T00:00:00Z
france-snap-election,Will there be a snap parliamentary election in France in 2026?,2026-06-09T16:00:00Z,0.502,60000,9000,2026-06-21T00:00:00Z
france-snap-election,Will there be a snap parliamentary election in France in 2026?,2026-06-09T17:00:00Z,0.492,60000,9000,2026-06-21T00:00:00Z
france-snap-election,Will there be a snap parliamentary election in France in 2026?,2026-06-09T18:00:00Z,0.4876,60000,9000,2026-06-21T00:00:00Z
france-snap-election,Will there be a snap parliamentary election in France in 2026?,2026-06-09T19:00:00Z,0.4839,60000,9000,2026-06-21T00:00:00Z
france-snap-election,Will there be a snap parliamentary election in France in 2026?,2026-06-09T20:00:00Z,0.4871,60000,9000,2026-06-21T00:00:00Z
france-snap-election,Will there be a snap parliamentary election in France in 2026?,2026-06-09T21:00:00Z,0.4864,60000,9000,2026-06-21T00:00:00Z
france-snap-election,Will there be a snap parliamentary election in France in 2026?,2026-06-09T22:00:00Z,0.4925,60000,9000,2026-06-21T00:00:00Z
france-snap-election,Will there be a snap parliamentary election in France in 2026?,2026-06-09T23:00:00Z,0.4932,60000,9000,2026-06-21T00:00:00Z
france-snap-election,Will there be a snap parliamentary election in France in 2026?,2026-06-10T00:00:00Z,0.4975,60000,9000,2026-06-21T00:00:00Z
france-snap-election,Will there be a snap parliamentary election in France in 2026?,2026-06-10T01:00:00Z,0.4975,60000,9000,2026-06-21T00:00:00Z
france-snap-election,Will there be a snap parliamentary election in France in 2026?,2026-06-10T02:00:00Z,0.4998,60000,9000,2026-06-21T00:00:00Z
france-snap-election,Will there be a snap parliamentary election in France in 2026?,2026-06-10T03:00:00Z,0.4972,60000,9000,2026-06-21T00:00:00Z
france-snap-election,Will there be a snap parliamentary election in France in 2026?,2026-06-10T04:00:00Z,0.4904,60000,9000,2026-06-21T00:00:00Z
france-snap-election,Will there be a snap parliamentary election in France in 2026?,2026-06-10T05:00:00Z,0.4789,60000,9000,2026-06-21T00:00:00Z
france-snap-election,Will there be a snap parliamentary election in France in 2026?,2026-06-10T06:00:00Z,0.4705,60000,9000,2026-06-21T00:00:00Z
france-snap-election,Will there be a snap parliamentary election in France in 2026?,2026-06-10T07:00:00Z,0.4737,60000,9000,2026-06-21T00:00:00Z
france-snap-election,Will there be a snap parliamentary election in France in 2026?,2026-06-10T08:00:00Z,0.4789,60000,9000,2026-06-21T00:00:00Z
france-snap-election,Will there be a snap parliamentary election in France in 2026?,2026-06-10T09:00:00Z,0.4813,60000,9000,2026-06-21T00:00:00Z
france-snap-election,Will there be a snap parliamentary election in France in 2026?,2026-06-10T10:00:00Z,0.478,60000,9000,2026-06-21T00:00:00Z
france-snap-election,Will there be a snap parliamentary election in France in 2026?,2026-06-10T11:00:00Z,0.4776,60000,9000,2026-06-21T00:00:00Z
france-snap-election,Will there be a snap parliamentary election in France in 2026?,2026-06-10T12:00:00Z,0.4812,60000,9000,2026-06-21T00:00:00Z
france-snap-election,Will there be a snap parliamentary election in France in 2026?,2026-06-10T13:00:00Z,0.4807,60000,9000,2026-06-21T00:00:00Z
france-snap-election,Will there be a snap parliamentary election in France in 2026?,2026-06-10T14:00:00Z,0.4791,60000,9000,2026-06-21T00:00:00Z
france-snap-election,Will there be a snap parliamentary election in France in 2026?,2026-06-10T15:00:00Z,0.4658,60000,9000,2026-06-21T00:00:00Z
france-snap-election,Will there be a snap parliamentary election in France in 2026?,2026-06-10T16:00:00Z,0.4655,60000,9000,2026-06-21T00:00:00Z
france-snap-election,Will there be a snap parliamentary election in France in 2026?,2026-06-10T17:00:00Z,0.4656,60000,9000,2026-06-21T00:00:00Z
france-snap-election,Will there be a snap parliamentary election in France in 2026?,2026-06-10T18:00:00Z,0.4671,60000,9000,2026-06-21T00:00:00Z
france-snap-election,Will there be a snap parliamentary election in France in 2026?,2026-06-10T19:00:00Z,0.4654,60000,9000,2026-06-21T00:00:00Z
france-snap-election,Will there be a snap parliamentary election in France in 2026?,2026-06-10T20:00:00Z,0.4604,60000,9000,2026-06-21T00:00:00Z
france-snap-election,Will there be a snap parliamentary election in France in 2026?,2026-06-10T21:00:00Z,0.4562,60000,9000,2026-06-21T00:00:00Z
france-snap-election,Will there be a snap parliamentary election in France in 2026?,2026-06-10T22:00:00Z,0.4641,60000,9000,2026-06-21T00:00:00Z
france-snap-election,Will there be a snap parliamentary election in France in 2026?,2026-06-10T23:00:00Z,0.4707,60000,9000,2026-06-21T00:00:00Z
france-snap-election,Will there be a snap parliamentary election in France in 2026?,2026-06-11T00:00:00Z,0.4744,60000,9000,2026-06-21T00:00:00Z
france-snap-election,Will there be a snap parliamentary election in France in 2026?,2026-06-11T01:00:00Z,0.4708,60000,9000,2026-06-21T00:00:00Z
france-snap-election,Will there be a snap parliamentary election in France in 2026?,2026-06-11T02:00:00Z,0.4814,60000,9000,2026-06-21T00:00:00Z
france-snap-election,Will there be a snap parliamentary election in France in 2026?,2026-06-11T03:00:00Z,0.4783,60000,9000,2026-06-21T00:00:00Z
france-snap-election,Will there be a snap parliamentary election in France in 2026?,2026-06-11T04:00:00Z,0.4803,60000,9000,2026-06-21T00:00:00Z
france-snap-election,Will there be a snap parliamentary election in France in 2026?,2026-06-11T05:00:00Z,0.4873,60000,9000,2026-06-21T00:00:00Z
france-snap-election,Will there be a snap parliamentary election in France in 2026?,2026-06-11T06:00:00Z,0.4817,60000,9000,2026-06-21T00:00:00Z
france-snap-election,Will there be a snap parliamentary election in France in 2026?,2026-06-11T07:00:00Z,0.4833,60000,9000,2026-06-21T00:00:00Z
france-snap-election,Will there be a snap parliamentary election in France in 2026?,2026-06-11T08:00:00Z,0.4831,60000,9000,2026-06-21T00:00:00Z
france-snap-election,Will there be a snap parliamentary election in France in 2026?,2026-06-11T09:00:00Z,0.4797,60000,9000,2026-06-21T00:00:00Z
france-snap-election,Will there be a snap parliamentary election in France in 2026?,2026-06-11T10:00:00Z,0.4874,60000,9000,2026-06-21T00:00:00Z
france-snap-election,Will there be a snap parliamentary election in France in 2026?,2026-06-11T11:00:00Z,0.4864,60000,9000,2026-06-21T00:00:00Z
france-snap-election,Will there be a snap parliamentary election in France in 2026?,2026-06-11T12:00:00Z,0.4792,60000,9000,2026-06-21T00:00:00Z
france-snap-election,Will there be a snap parliamentary election in France in 2026?,2026-06-11T13:00:00Z,0.4762,60000,9000,2026-06-21T00:00:00Z
france-snap-election,Will there be a snap parliamentary election in France in 2026?,2026-06-11T14:00:00Z,0.4754,60000,9000,2026-06-21T00:00:00Z
france-snap-election,Will there be a snap parliamentary election in France in 2026?,2026-06-11T15:00:00Z,0.4751,60000,9000,2026-06-21T00:00:00Z
france-snap-election,Will there be a snap parliamentary election in France in 2026?,2026-06-11T16:00:00Z,0.4765,60000,9000,2026-06-21T00:00:00Z
france-snap-election,Will there be a snap parliamentary election in France in 2026?,2026-06-11T17:00:00Z,0.4713,60000,9000,2026-06-21T00:00:00Z
france-snap-election,Will there be a snap parliamentary election in France in 2026?,2026-06-11T18:00:00Z,0.4764,60000,9000,2026-06-21T00:00:00Z
france-snap-election,Will there be a snap parliamentary election in France in 2026?,2026-06-11T19:00:00Z,0.4799,60000,9000,2026-06-21T00:00:00Z
france-snap-election,Will there be a snap parliamentary election in France in 2026?,2026-06-11T20:00:00Z,0.4846,60000,9000,2026-06-21T00:00:00Z
france-snap-election,Will there be a snap parliamentary election in France in 2026?,2026-06-11T21:00:00Z,0.4796,60000,9000,2026-06-21T00:00:00Z
france-snap-election,Will there be a snap parliamentary election in France in 2026?,2026-06-11T22:00:00Z,0.4878,60000,9000,2026-06-21T00:00:00Z
france-snap-election,Will there be a snap parliamentary election in France in 2026?,2026-06-11T23:00:00Z,0.488,60000,9000,2026-06-21T00:00:00Z
france-snap-election,Will there be a snap parliamentary election in France in 2026?,2026-06-12T00:00:00Z,0.4848,60000,9000,2026-06-21T00:00:00Z
france-snap-election,Will there be a snap parliamentary election in France in 2026?,2026-06-12T01:00:00Z,0.4821,60000,9000,2026-06-21T00:00:00Z
france-snap-election,Will there be a snap parliamentary election in France in 2026?,2026-06-12T02:00:00Z,0.4835,60000,9000,2026-06-21T00:00:00Z
france-snap-election,Will there be a snap parliamentary election in France in 2026?,2026-06-12T03:00:00Z,0.4806,60000,9000,2026-06-21T00:00:00Z
france-snap-election,Will there be a snap parliamentary election in France in 2026?,2026-06-12T04:00:00Z,0.4786,60000,9000,2026-06-21T00:00:00Z
france-snap-election,Will there be a snap parliamentary election in France in 2026?,2026-06-12T05:00:00Z,0.4775,60000,9000,2026-06-21T00:00:00Z
france-snap-election,Will there be a snap parliamentary election in France in 2026?,2026-06-12T06:00:00Z,0.4741,60000,9000,2026-06-21T00:00:00Z
france-snap-election,Will there be a snap parliamentary election in France in 2026?,2026-06-12T07:00:00Z,0.4794,60000,9000,2026-06-21T00:00:00Z
france-snap-election,Will there be a snap parliamentary election in France in 2026?,2026-06-12T08:00:00Z,0.4792,60000,9000,2026-06-21T00:00:00Z
france-snap-election,Will there be a snap parliamentary election in France in 2026?,2026-06-12T09:00:00Z,0.4791,60000,9000,2026-06-21T00:00:00Z
france-snap-election,Will there be a snap parliamentary election in France in 2026?,2026-06-12T10:00:00Z,0.4839,60000,9000,2026-06-21T00:00:00Z
france-snap-election,Will there be a snap parliamentary election in France in 2026?,2026-06-12T11:00:00Z,0.4778,60000,9000,2026-06-21T00:00:00Z
france-snap-election,Will there be a snap parliamentary election in France in 2026?,2026-06-12T12:00:00Z,0.4751,60000,9000,2026-06-21T00:00:00Z
france-snap-election,Will there be a snap parliamentary election in France in 2026?,2026-06-12T13:00:00Z,0.4776,60000,9000,2026-06-21T00:00:00Z
france-snap-election,Will there be a snap parliamentary election in France in 2026?,2026-06-12T14:00:00Z,0.4728,60000,9000,2026-06-21T00:00:00Z
france-snap-election,Will there be a snap parliamentary election in France in 2026?,2026-06-12T15:00:00Z,0.4708,60000,9000,2026-06-21T00:00:00Z
france-snap-election,Will there be a snap parliamentary election in France in 2026?,2026-06-12T16:00:00Z,0.4625,60000,9000,2026-06-21T00:00:00Z
france-snap-election,Will there be a snap parliamentary election in France in 2026?,2026-06-12T17:00:00Z,0.4696,60000,9000,2026-06-21T00:00:00Z
france-snap-election,Will there be a snap parliamentary election in France in 2026?,2026-06-12T18:00:00Z,0.4774,60000,9000,2026-06-21T00:00:00Z
france-snap-election,Will there be a snap parliamentary election in France in 2026?,2026-06-12T19:00:00Z,0.4832,60000,9000,2026-06-21T00:00:00Z
france-snap-election,Will there be a snap parliamentary election in France in 2026?,2026-06-12T20:00:00Z,0.4857,60000,9000,2026-06-21T00:00:00Z
france-snap-election,Will there be a snap parliamentary election in France in 2026?,2026-06-12T21:00:00Z,0.4835,60000,9000,2026-06-21T00:00:00Z
france-snap-election,Will there be a snap parliamentary election in France in 2026?,2026-06-12T22:00:00Z,0.4854,60000,9000,2026-06-21T00:00:00Z
france-snap-election,Will there be a snap parliamentary election in France in 2026?,2026-06-12T23:00:00Z,0.489,60000,9000,2026-06-21T00:00:00Z
france-snap-election,Will there be a snap parliamentary election in France in 2026?,2026-06-13T00:00:00Z,0.4931,60000,9000,2026-06-21T00:00:00Z
france-snap-election,Will there be a snap parliamentary election in France in 2026?,2026-06-13T01:00:00Z,0.4949,60000,9000,2026-06-21T00:00:00Z
france-snap-election,Will there be a snap parliamentary election in France in 2026?,2026-06-13T02:00:00Z,0.4935,60000,9000,2026-06-21T00:00:00Z
france-snap-election,Will there be a snap parliamentary election in France in 2026?,2026-06-13T03:00:00Z,0.4908,60000,9000,2026-06-21T00:00:00Z
france-snap-election,Will there be a snap parliamentary election in France in 2026?,2026-06-13T04:00:00Z,0.4898,60000,9000,2026-06-21T00:00:00Z
france-snap-election,Will there be a snap parliamentary election in France in 2026?,2026-06-13T05:00:00Z,0.4934,60000,9000,2026-06-21T00:00:00Z
france-snap-election,Will there be a snap parliamentary election in France in 2026?,2026-06-13T06:00:00Z,0.4951,60000,9000,2026-06-21T00:00:00Z
france-snap-election,Will there be a snap parliamentary election in France in 2026?,2026-06-13T07:00:00Z,0.4994,60000,9000,2026-06-21T00:00:00Z
france-snap-election,Will there be a snap parliamentary election in France in 2026?,2026-06-13T08:00:00Z,0.4953,60000,9000,2026-06-21T00:00:00Z
france-snap-election,Will there be a snap parliamentary election in France in 2026?,2026-06-13T09:00:00Z,0.4879,60000,9000,2026-06-21T00:00:00Z
france-snap-election,Will there be a snap parliamentary election in France in 2026?,2026-06-13T10:00:00Z,0.4834,60000,9000,2026-06-21T00:00:00Z
france-snap-election,Will there be a snap parliamentary election in France in 2026?,2026-06-13T11:00:00Z,0.4813,60000,9000,2026-06-21T00:00:00Z
france-snap-election,Will there be a snap parliamentary election in France in 2026?,2026-06-13T12:00:00Z,0.473,60000,9000,2026-06-21T00:00:00Z
france-snap-election,Will there be a snap parliamentary election in France in 2026?,2026-06-13T13:00:00Z,0.4768,60000,9000,2026-06-21T00:00:00Z
france-snap-election,Will there be a snap parliamentary election in France in 2026?,2026-06-13T14:00:00Z,0.4765,60000,9000,2026-06-21T00:00:00Z
france-snap-election,Will there be a snap parliamentary election in France in 2026?,2026-06-13T15:00:00Z,0.4744,60000,9000,2026-06-21T00:00:00Z
france-snap-election,Will there be a snap parliamentary election in France in 2026?,2026-06-13T16:00:00Z,0.4718,60000,9000,2026-06-21T00:00:00Z
france-snap-election,Will there be a snap parliamentary election in France in 2026?,2026-06-13T17:00:00Z,0.4769,60000,9000,2026-06-21T00:00:00Z
france-snap-election,Will there be a snap parliamentary election in France in 2026?,2026-06-13T18:00:00Z,0.4738,60000,9000,2026-06-21T00:00:00Z
france-snap-election,Will there be a snap parliamentary election in France in 2026?,2026-06-13T19:00:00Z,0.474,60000,9000,2026-06-21T00:00:00Z
france-snap-election,Will there be a snap parliamentary election in France in 2026?,2026-06-13T20:00:00Z,0.4779,60000,9000,2026-06-21T00:00:00Z
france-snap-election,Will there be a snap parliamentary election in France in 2026?,2026-06-13T21:00:00Z,0.4718,60000,9000,2026-06-21T00:00:00Z
france-snap-election,Will there be a snap parliamentary election in France in 2026?,2026-06-13T22:00:00Z,0.4715,60000,9000,2026-06-21T00:00:00Z
france-snap-election,Will there be a snap parliamentary election in France in 2026?,2026-06-13T23:00:00Z,0.4698,60000,9000,2026-06-21T00:00:00Z
france-snap-election,Will there be a snap parliamentary election in France in 2026?,2026-06-14T00:00:00Z,0.4663,60000,9000,2026-06-21T00:00:00Z
france-snap-election,Will there be a snap parliamentary election in France in 2026?,2026-06-14T01:00:00Z,0.4601,60000,9000,2026-06-21T00:00:00Z
france-snap-election,Will there be a snap parliamentary election in France in 2026?,2026-06-14T02:00:00Z,0.4594,60000,9000,2026-06-21T00:00:00Z
france-snap-election,Will there be a snap parliamentary election in France in 2026?,2026-06-14T03:00:00Z,0.4645,60000,9000,2026-06-21T00:00:00Z
france-snap-election,Will there be a snap parliamentary election in France in 2026?,2026-06-14T04:00:00Z,0.4701,60000,9000,2026-06-21T00:00:00Z
france-snap-election,Will there be a snap parliamentary election in France in 2026?,2026-06-14T05:00:00Z,0.4687,60000,9000,2026-06-21T00:00:00Z
france-snap-election,Will there be a snap parliamentary election in France in 2026?,2026-06-14T06:00:00Z,0.4687,60000,9000,2026-06-21T00:00:00Z
france-snap-election,Will there be a snap parliamentary election in France in 2026?,2026-06-14T07:00:00Z,0.4712,60000,9000,2026-06-21T00:00:00Z
france-snap-election,Will there be a snap parliamentary election in France in 2026?,2026-06-14T08:00:00Z,0.467,60000,9000,2026-06-21T00:00:00Z
france-snap-election,Will there be a snap parliamentary election in France in 2026?,2026-06-14T09:00:00Z,0.4714,60000,9000,2026-06-21T00:00:00Z
france-snap-election,Will there be a snap parliamentary election in France in 2026?,2026-06-14T10:00:00Z,0.4704,60000,9000,2026-06-21T00:00:00Z
france-snap-election,Will there be a snap parliamentary election in France in 2026?,2026-06-14T11:00:00Z,0.4707,60000,9000,2026-06-21T00:00:00Z
france-snap-election,Will there be a snap parliamentary election in France in 2026?,2026-06-14T12:00:00Z,0.4716,60000,9000,2026-06-21T00:00:00Z
france-snap-election,Will there be a snap parliamentary election in France in 2026?,2026-06-14T13:00:00Z,0.4753,60000,9000,2026-06-21T00:00:00Z
france-snap-election,Will there be a snap parliamentary election in France in 2026?,2026-06-14T14:00:00Z,0.4713,60000,9000,2026-06-21T00:00:00Z
france-snap-election,Will there be a snap parliamentary election in France in 2026?,2026-06-14T15:00:00Z,0.4708,60000,9000,2026-06-21T00:00:00Z
france-snap-election,Will there be a snap parliamentary election in France in 2026?,2026-06-14T16:00:00Z,0.4626,60000,9000,2026-06-21T00:00:00Z
france-snap-election,Will there be a snap parliamentary election in France in 2026?,2026-06-14T17:00:00Z,0.4608,60000,9000,2026-06-21T00:00:00Z
france-snap-election,Will there be a snap parliamentary election in France in 2026?,2026-06-14T18:00:00Z,0.4623,60000,9000,2026-06-21T00:00:00Z
france-snap-election,Will there be a snap parliamentary election in France in 2026?,2026-06-14T19:00:00Z,0.466,60000,9000,2026-06-21T00:00:00Z
france-snap-election,Will there be a snap parliamentary election in France in 2026?,2026-06-14T20:00:00Z,0.4665,60000,9000,2026-06-21T00:00:00Z
france-snap-election,Will there be a snap parliamentary election in France in 2026?,2026-06-14T21:00:00Z,0.4696,60000,9000,2026-06-21T00:00:00Z
france-snap-election,Will there be a snap parliamentary election in France in 2026?,2026-06-14T22:00:00Z,0.4713,60000,9000,2026-06-21T00:00:00Z
france-snap-election,Will there be a snap parliamentary election in France in 2026?,2026-06-14T23:00:00Z,0.4728,60000,9000,2026-06-21T00:00:00Z
france-snap-election,Will there be a snap parliamentary election in France in 2026?,2026-06-15T00:00:00Z,0.4729,60000,9000,2026-06-21T00:00:00Z
france-snap-election,Will there be a snap parliamentary election in France in 2026?,2026-06-15T01:00:00Z,0.4761,60000,9000,2026-06-21T00:00:00Z
france-snap-election,Will there be a snap parliamentary election in France in 2026?,2026-06-15T02:00:00Z,0.48,60000,9000,2026-06-21T00:00:00Z
france-snap-election,Will there be a snap parliamentary election in France in 2026?,2026-06-15T03:00:00Z,0.4858,60000,9000,2026-06-21T00:00:00Z
france-snap-election,Will there be a snap parliamentary election in France in 2026?,2026-06-15T04:00:00Z,0.4822,60000,9000,2026-06-21T00:00:00Z
france-snap-election,Will there be a snap parliamentary election in France in 2026?,2026-06-15T05:00:00Z,0.4822,60000,9000,2026-06-21T00:00:00Z
france-snap-election,Will there be a snap parliamentary election in France in 2026?,2026-06-15T06:00:00Z,0.4853,60000,9000,2026-06-21T00:00:00Z
france-snap-election,Will there be a snap parliamentary election in France in 2026?,2026-06-15T07:00:00Z,0.4868,60000,9000,2026-06-21T00:00:00Z
france-snap-election,Will there be a snap parliamentary election in France in 2026?,2026-06-15T08:00:00Z,0.4855,60000,9000,2026-06-21T00:00:00Z
france-snap-election,Will there be a snap parliamentary election in France in 2026?,2026-06-15T09:00:00Z,0.4873,60000,9000,2026-06-21T00:00:00Z
france-snap-election,Will there be a snap parliamentary election in France in 2026?,2026-06-15T10:00:00Z,0.4875,60000,9000,2026-06-21T00:00:00Z
france-snap-election,Will there be a snap parliamentary election in France in 2026?,2026-06-15T11:00:00Z,0.4845,60000,9000,2026-06-21T00:00:00Z
france-snap-election,Will there be a snap parliamentary election in France in 2026?,2026-06-15T12:00:00Z,0.4834,60000,9000,2026-06-21T00:00:00Z
france-snap-election,Will there be a snap parliamentary election in France in 2026?,2026-06-15T13:00:00Z,0.4872,60000,9000,2026-06-21T00:00:00Z
france-snap-election,Will there be a snap parliamentary election in France in 2026?,2026-06-15T14:00:00Z,0.4855,60000,9000,2026-06-21T00:00:00Z
france-snap-election,Will there be a snap parliamentary election in France in 2026?,2026-06-15T15:00:00Z,0.4848,60000,9000,2026-06-21T00:00:00Z
france-snap-election,Will there be a snap parliamentary election in France in 2026?,2026-06-15T16:00:00Z,0.4793,60000,9000,2026-06-21T00:00:00Z
france-snap-election,Will there be a snap parliamentary election in France in 2026?,2026-06-15T17:00:00Z,0.4723,60000,9000,2026-06-21T00:00:00Z
france-snap-election,Will there be a snap parliamentary election in France in 2026?,2026-06-15T18:00:00Z,0.4722,60000,9000,2026-06-21T00:00:00Z
france-snap-election,Will there be a snap parliamentary election in France in 2026?,2026-06-15T19:00:00Z,0.4713,60000,9000,2026-06-21T00:00:00Z
france-snap-election,Will there be a snap parliamentary election in France in 2026?,2026-06-15T20:00:00Z,0.4671,60000,9000,2026-06-21T00:00:00Z
france-snap-election,Will there be a snap parliamentary election in France in 2026?,2026-06-15T21:00:00Z,0.4679,60000,9000,2026-06-21T00:00:00Z
france-snap-election,Will there be a snap parliamentary election in France in 2026?,2026-06-15T22:00:00Z,0.471,60000,9000,2026-06-21T00:00:00Z
france-snap-election,Will there be a snap parliamentary election in France in 2026?,2026-06-15T23:00:00Z,0.4707,60000,9000,2026-06-21T00:00:00Z
france-snap-election,Will there be a snap parliamentary election in France in 2026?,2026-06-16T00:00:00Z,0.473,60000,9000,2026-06-21T00:00:00Z
france-snap-election,Will there be a snap parliamentary election in France in 2026?,2026-06-16T01:00:00Z,0.4754,60000,9000,2026-06-21T00:00:00Z
france-snap-election,Will there be a snap parliamentary election in France in 2026?,2026-06-16T02:00:00Z,0.4791,60000,9000,2026-06-21T00:00:00Z
france-snap-election,Will there be a snap parliamentary election in France in 2026?,2026-06-16T03:00:00Z,0.4791,60000,9000,2026-06-21T00:00:00Z
france-snap-election,Will there be a snap parliamentary election in France in 2026?,2026-06-16T04:00:00Z,0.4824,60000,9000,2026-06-21T00:00:00Z
france-snap-election,Will there be a snap parliamentary election in France in 2026?,2026-06-16T05:00:00Z,0.4837,60000,9000,2026-06-21T00:00:00Z
france-snap-election,Will there be a snap parliamentary election in France in 2026?,2026-06-16T06:00:00Z,0.4822,60000,9000,2026-06-21T00:00:00Z
france-snap-election,Will there be a snap parliamentary election in France in 2026?,2026-06-16T07:00:00Z,0.48,60000,9000,2026-06-21T00:00:00Z
france-snap-election,Will there be a snap parliamentary election in France in 2026?,2026-06-16T08:00:00Z,0.4758,60000,9000,2026-06-21T00:00:00Z
france-snap-election,Will there be a snap parliamentary election in France in 2026?,2026-06-16T09:00:00Z,0.4737,60000,9000,2026-06-21T00:00:00Z
france-snap-election,Will there be a snap parliamentary election in France in 2026?,2026-06-16T10:00:00Z,0.4722,60000,9000,2026-06-21T00:00:00Z
france-snap-election,Will there be a snap parliamentary election in France in 2026?,2026-06-16T11:00:00Z,0.4738,60000,9000,2026-06-21T00:00:00Z
france-snap-election,Will there be a snap parliamentary election in France in 2026?,2026-06-16T12:00:00Z,0.4721,60000,9000,2026-06-21T00:00:00Z
france-snap-election,Will there be a snap parliamentary election in France in 2026?,2026-06-16T13:00:00Z,0.4744,60000,9000,2026-06-21T00:00:00Z
france-snap-election,Will there be a snap parliamentary election in France in 2026?,2026-06-16T14:00:00Z,0.4715,60000,9000,2026-06-21T00:00:00Z
france-snap-election,Will there be a snap parliamentary election in France in 2026?,2026-06-16T15:00:00Z,0.4732,60000,9000,2026-06-21T00:00:00Z
france-snap-election,Will there be a snap parliamentary election in France in 2026?,2026-06-16T16:00:00Z,0.4717,60000,9000,2026-06-21T00:00:00Z
france-snap-election,Will there be a snap parliamentary election in France in 2026?,2026-06-16T17:00:00Z,0.4734,60000,9000,2026-06-21T00:00:00Z
france-snap-election,Will there be a snap parliamentary election in France in 2026?,2026-06-16T18:00:00Z,0.4738,60000,9000,2026-06-21T00:00:00Z
france-snap-election,Will there be a snap parliamentary election in France in 2026?,2026-06-16T19:00:00Z,0.4739,60000,9000,2026-06-21T00:00:00Z
france-snap-election,Will there be a snap parliamentary election in France in 2026?,2026-06-16T20:00:00Z,0.4748,60000,9000,2026-06-21T00:00:00Z
france-snap-election,Will there be a snap parliamentary election in France in 2026?,2026-06-16T21:00:00Z,0.4726,60000,9000,2026-06-21T00:00:00Z
france-snap-election,Will there be a snap parliamentary election in France in 2026?,2026-06-16T22:00:00Z,0.4714,60000,9000,2026-06-21T00:00:00Z
france-snap-election,Will there be a snap parliamentary election in France in 2026?,2026-06-16T23:00:00Z,0.4741,60000,9000,2026-06-21T00:00:00Z
france-snap-election,Will there be a snap parliamentary election in France in 2026?,2026-06-17T00:00:00Z,0.4725,60000,9000,2026-06-21T00:00:00Z
france-snap-election,Will there be a snap parliamentary election in France in 2026?,2026-06-17T01:00:00Z,0.4724,60000,9000,2026-06-21T00:00:00Z
france-snap-election,Will there be a snap parliamentary election in France in 2026?,2026-06-17T02:00:00Z,0.4779,60000,9000,2026-06-21T00:00:00Z
france-snap-election,Will there be a snap parliamentary election in France in 2026?,2026-06-17T03:00:00Z,0.4747,60000,9000,2026-06-21T00:00:00Z
france-snap-election,Will there be a snap parliamentary election in France in 2026?,2026-06-17T04:00:00Z,0.4736,60000,9000,2026-06-21T00:00:00Z
france-snap-election,Will there be a snap parliamentary election in France in 2026?,2026-06-17T05:00:00Z,0.4737,60000,9000,2026-06-21T00:00:00Z
france-snap-election,Will there be a snap parliamentary election in France in 2026?,2026-06-17T06:00:00Z,0.4754,60000,9000,2026-06-21T00:00:00Z
france-snap-election,Will there be a snap parliamentary election in France in 2026?,2026-06-17T07:00:00Z,0.479,60000,9000,2026-06-21T00:00:00Z
france-snap-election,Will there be a snap parliamentary election in France in 2026?,2026-06-17T08:00:00Z,0.478,60000,9000,2026-06-21T00:00:00Z
france-snap-election,Will there be a snap parliamentary election in France in 2026?,2026-06-17T09:00:00Z,0.4804,60000,9000,2026-06-21T00:00:00Z
france-snap-election,Will there be a snap parliamentary election in France in 2026?,2026-06-17T10:00:00Z,0.4811,60000,9000,2026-06-21T00:00:00Z
france-snap-election,Will there be a snap parliamentary election in France in 2026?,2026-06-17T11:00:00Z,0.4828,60000,9000,2026-06-21T00:00:00Z
france-snap-election,Will there be a snap parliamentary election in France in 2026?,2026-06-17T12:00:00Z,0.4839,60000,9000,2026-06-21T00:00:00Z
france-snap-election,Will there be a snap parliamentary election in France in 2026?,2026-06-17T13:00:00Z,0.4862,60000,9000,2026-06-21T00:00:00Z
france-snap-election,Will there be a snap parliamentary election in France in 2026?,2026-06-17T14:00:00Z,0.4824,60000,9000,2026-06-21T00:00:00Z
france-snap-election,Will there be a snap parliamentary election in France in 2026?,2026-06-17T15:00:00Z,0.483,60000,9000,2026-06-21T00:00:00Z
france-snap-election,Will there be a snap parliamentary election in France in 2026?,2026-06-17T16:00:00Z,0.4872,60000,9000,2026-06-21T00:00:00Z
france-snap-election,Will there be a snap parliamentary election in France in 2026?,2026-06-17T17:00:00Z,0.4912,60000,9000,2026-06-21T00:00:00Z
france-snap-election,Will there be a snap parliamentary election in France in 2026?,2026-06-17T18:00:00Z,0.4912,60000,9000,2026-06-21T00:00:00Z
france-snap-election,Will there be a snap parliamentary election in France in 2026?,2026-06-17T19:00:00Z,0.4902,60000,9000,2026-06-21T00:00:00Z
france-snap-election,Will there be a snap parliamentary election in France in 2026?,2026-06-17T20:00:00Z,0.4908,60000,9000,2026-06-21T00:00:00Z
france-snap-election,Will there be a snap parliamentary election in France in 2026?,2026-06-17T21:00:00Z,0.4879,60000,9000,2026-06-21T00:00:00Z
france-snap-election,Will there be a snap parliamentary election in France in 2026?,2026-06-17T22:00:00Z,0.4844,60000,9000,2026-06-21T00:00:00Z
france-snap-election,Will there be a snap parliamentary election in France in 2026?,2026-06-17T23:00:00Z,0.4845,60000,9000,2026-06-21T00:00:00Z
france-snap-election,Will there be a snap parliamentary election in France in 2026?,2026-06-18T00:00:00Z,0.482,60000,9000,2026-06-21T00:00:00Z
france-snap-election,Will there be a snap parliamentary election in France in 2026?,2026-06-18T01:00:00Z,0.4804,60000,9000,2026-06-21T00:00:00Z
france-snap-election,Will there be a snap parliamentary election in France in 2026?,2026-06-18T02:00:00Z,0.4834,60000,9000,2026-06-21T00:00:00Z
france-snap-election,Will there be a snap parliamentary election in France in 2026?,2026-06-18T03:00:00Z,0.4833,60000,9000,2026-06-21T00:00:00Z
france-snap-election,Will there be a snap parliamentary election in France in 2026?,2026-06-18T04:00:00Z,0.4763,60000,9000,2026-06-21T00:00:00Z
france-snap-election,Will there be a snap parliamentary election in France in 2026?,2026-06-18T05:00:00Z,0.4761,60000,9000,2026-06-21T00:00:00Z
france-snap-election,Will there be a snap parliamentary election in France in 2026?,2026-06-18T06:00:00Z,0.4772,60000,9000,2026-06-21T00:00:00Z
france-snap-election,Will there be a snap parliamentary election in France in 2026?,2026-06-18T07:00:00Z,0.4772,60000,9000,2026-06-21T00:00:00Z
france-snap-election,Will there be a snap parliamentary election in France in 2026?,2026-06-18T08:00:00Z,0.4785,60000,9000,2026-06-21T00:00:00Z
france-snap-election,Will there be a snap parliamentary election in France in 2026?,2026-06-18T09:00:00Z,0.4813,60000,9000,2026-06-21T00:00:00Z
france-snap-election,Will there be a snap parliamentary election in France in 2026?,2026-06-18T10:00:00Z,0.4778,60000,9000,2026-06-21T00:00:00Z
france-snap-election,Will there be a snap parliamentary election in France in 2026?,2026-06-18T11:00:00Z,0.4799,60000,9000,2026-06-21T00:00:00Z
france-snap-election,Will there be a snap parliamentary election in France in 2026?,2026-06-18T12:00:00Z,0.4761,60000,9000,2026-06-21T00:00:00Z
france-snap-election,Will there be a snap parliamentary election in France in 2026?,2026-06-18T13:00:00Z,0.4788,60000,9000,2026-06-21T00:00:00Z
france-snap-election,Will there be a snap parliamentary election in France in 2026?,2026-06-18T14:00:00Z,0.4755,60000,9000,2026-06-21T00:00:00Z
france-snap-election,Will there be a snap parliamentary election in France in 2026?,2026-06-18T15:00:00Z,0.4743,60000,9000,2026-06-21T00:00:00Z
france-snap-election,Will there be a snap parliamentary election in France in 2026?,2026-06-18T16:00:00Z,0.4726,60000,9000,2026-06-21T00:00:00Z
france-snap-election,Will there be a snap parliamentary election in France in 2026?,2026-06-18T17:00:00Z,0.4741,60000,9000,2026-06-21T00:00:00Z
france-snap-election,Will there be a snap parliamentary election in France in 2026?,2026-06-18T18:00:00Z,0.4762,60000,9000,2026-06-21T00:00:00Z
france-snap-election,Will there be a snap parliamentary election in France in 2026?,2026-06-18T19:00:00Z,0.4767,60000,9000,2026-06-21T00:00:00Z
france-snap-election,Will there be a snap parliamentary election in France in 2026?,2026-06-18T20:00:00Z,0.4758,60000,9000,2026-06-21T00:00:00Z
france-snap-election,Will there be a snap parliamentary election in France in 2026?,2026-06-18T21:00:00Z,0.4766,60000,9000,2026-06-21T00:00:00Z
france-snap-election,Will there be a snap parliamentary election in France in 2026?,2026-06-18T22:00:00Z,0.4742,60000,9000,2026-06-21T00:00:00Z
france-snap-election,Will there be a snap parliamentary election in France in 2026?,2026-06-18T23:00:00Z,0.4743,60000,9000,2026-06-21T00:00:00Z
france-snap-election,Will there be a snap parliamentary election in France in 2026?,2026-06-19T00:00:00Z,0.4739,60000,9000,2026-06-21T00:00:00Z
france-snap-election,Will there be a snap parliamentary election in France in 2026?,2026-06-19T01:00:00Z,0.4741,60000,9000,2026-06-21T00:00:00Z
france-snap-election,Will there be a snap parliamentary election in France in 2026?,2026-06-19T02:00:00Z,0.4735,60000,9000,2026-06-21T00:00:00Z
france-snap-election,Will there be a snap parliamentary election in France in 2026?,2026-06-19T03:00:00Z,0.4735,60000,9000,2026-06-21T00:00:00Z
france-snap-election,Will there be a snap parliamentary election in France in 2026?,2026-06-19T04:00:00Z,0.4728,60000,9000,2026-06-21T00:00:00Z
france-snap-election,Will there be a snap parliamentary election in France in 2026?,2026-06-19T05:00:00Z,0.471,60000,9000,2026-06-21T00:00:00Z
france-snap-election,Will there be a snap parliamentary election in France in 2026?,2026-06-19T06:00:00Z,0.4773,60000,9000,2026-06-21T00:00:00Z
france-snap-election,Will there be a snap parliamentary election in France in 2026?,2026-06-19T07:00:00Z,0.4761,60000,9000,2026-06-21T00:00:00Z
france-snap-election,Will there be a snap parliamentary election in France in 2026?,2026-06-19T08:00:00Z,0.4794,60000,9000,2026-06-21T00:00:00Z
france-snap-election,Will there be a snap parliamentary election in France in 2026?,2026-06-19T09:00:00Z,0.4802,60000,9000,2026-06-21T00:00:00Z
france-snap-election,Will there be a snap parliamentary election in France in 2026?,2026-06-19T10:00:00Z,0.4759,60000,9000,2026-06-21T00:00:00Z
france-snap-election,Will there be a snap parliamentary election in France in 2026?,2026-06-19T11:00:00Z,0.4736,60000,9000,2026-06-21T00:00:00Z
france-snap-election,Will there be a snap parliamentary election in France in 2026?,2026-06-19T12:00:00Z,0.4709,60000,9000,2026-06-21T00:00:00Z
france-snap-election,Will there be a snap parliamentary election in France in 2026?,2026-06-19T13:00:00Z,0.4685,60000,9000,2026-06-21T00:00:00Z
france-snap-election,Will there be a snap parliamentary election in France in 2026?,2026-06-19T14:00:00Z,0.4701,60000,9000,2026-06-21T00:00:00Z
france-snap-election,Will there be a snap parliamentary election in France in 2026?,2026-06-19T15:00:00Z,0.4751,60000,9000,2026-06-21T00:00:00Z
france-snap-election,Will there be a snap parliamentary election in France in 2026?,2026-06-19T16:00:00Z,0.4751,60000,9000,2026-06-21T00:00:00Z
france-snap-election,Will there be a snap parliamentary election in France in 2026?,2026-06-19T17:00:00Z,0.4751,60000,9000,2026-06-21T00:00:00Z
france-snap-election,Will there be a snap parliamentary election in France in 2026?,2026-06-19T18:00:00Z,0.4764,60000,9000,2026-06-21T00:00:00Z
france-snap-election,Will there be a snap parliamentary election in France in 2026?,2026-06-19T19:00:00Z,0.4769,60000,9000,2026-06-21T00:00:00Z
france-snap-election,Will there be a snap parliamentary election in France in 2026?,2026-06-19T20:00:00Z,0.4768,60000,9000,2026-06-21T00:00:00Z
france-snap-election,Will there be a snap parliamentary election in France in 2026?,2026-06-19T21:00:00Z,0.4781,60000,9000,2026-06-21T00:00:00Z
france-snap-election,Will there be a snap parliamentary election in France in 2026?,2026-06-19T22:00:00Z,0.4757,60000,9000,2026-06-21T00:00:00Z
france-snap-election,Will there be a snap parliamentary election in France in 2026?,2026-06-19T23:00:00Z,0.4783,60000,9000,2026-06-21T00:00:00Z
france-snap-election,Will there be a snap parliamentary election in France in 2026?,2026-06-20T00:00:00Z,0.4805,60000,9000,2026-06-21T00:00:00Z
